1784244764.0309941769 -1.0336108642 0.5041774023 -0.7494069265 0.9562665789 -1.6129604442 -12.9813245278 -2.3956439940 -3.9095650549
1784244764.0389478207 -1.0335743409 0.5041774023 -0.7494069265 0.9561813578 -0.0000000000 -15.5585077145 -1.4718136770 -4.1904416450
1784244764.0486700535 -1.0335743409 0.5040959520 -0.7493613144 0.9560961366 -0.0898987981 -15.2605523182 -1.5666881138 -4.1658241063
1784244764.0567712784 -1.0335012942 0.5038516011 -0.7488595812 0.9561813578 4.9087943984 -6.1854232392 0.7581245634 -1.8794933994
1784244764.0648159981 -1.0334647708 0.5037973009 -0.7484946843 0.9564370212 9.0069110813 2.2111084442 5.2132667350 2.1941866567
1784244764.0728180408 -1.0326612571 0.5050733557 -0.7469894848 0.9588232136 8.3454707982 2.1334217332 6.3179585043 2.9597580081
1784244764.0808784962 -1.0313098930 0.5064580109 -0.7437510252 0.9628286079 8.1988710127 3.1177962873 6.6091970551 2.8897963498
1784244764.0907847881 -1.0302872392 0.5066752117 -0.7397371597 0.9684532041 8.3645465290 4.0730731263 6.1281602138 1.4355826146
1784244764.0988590717 -1.0290819686 0.5061593598 -0.7326672830 0.9791910696 7.8563739050 4.2266542680 5.0386259473 -0.3664413429
1784244764.1069655418 -1.0275479878 0.5064037107 -0.7243202674 0.9907811467 7.1863148664 4.2099304132 3.7481915083 -2.0869783706
1784244764.1168086529 -1.0258313902 0.5065937614 -0.7154259064 1.0027121083 7.0169502134 3.6520727670 2.5814682880 -3.5977927221
1784244764.1248800755 -1.0239686993 0.5072182138 -0.7046158369 1.0167735989 6.9440853481 1.7605247828 2.0370138722 -3.9970893785
1784244764.1329979897 -1.0222886251 0.5089558203 -0.6958583123 1.0269149163 6.5677211293 -0.8649723016 1.7595960549 -3.8772732867
1784244764.1410069466 -1.0198780838 0.5123495832 -0.6859604849 1.0379936665 6.4872098063 -3.2516457594 1.9521105498 -3.2128924707
1784244764.1489152908 -1.0181249629 0.5158790965 -0.6790274446 1.0454931281 6.5218409537 -4.5949428665 2.1124637996 -2.8193626987
1784244764.1569643021 -1.0166275055 0.5190285084 -0.6740101128 1.0513733878 6.4764945003 -7.2954751077 2.7009379570 -1.7639446369
1784244764.1666636467 -1.0146917678 0.5234539751 -0.6672139088 1.0582763013 6.0303806162 -8.3335417222 2.7895783872 -1.3623703117
1784244764.1748306751 -1.0119890398 0.5286667947 -0.6585476083 1.0672245226 5.7299396186 -9.1844646027 2.6731407699 -1.2395880420
1784244764.1828277111 -1.0097245919 0.5333909125 -0.6505198774 1.0754057535 5.5596508024 -9.9479568171 2.3427367689 -1.5115376084
1784244764.1908948421 -1.0073505741 0.5381421805 -0.6420816375 1.0846096382 5.3435994057 -10.5063079281 1.9847684026 -2.0176954708
1784244764.1989028454 -1.0048669861 0.5431106492 -0.6330960523 1.0943248498 5.1771731307 -11.2244916566 1.7078609216 -2.3643235115
1784244764.2068631649 -1.0024564449 0.5481062681 -0.6242473035 1.1044661673 5.1796637673 -11.7044336873 1.3888075645 -3.1478771825
1784244764.2147731781 -1.0000093803 0.5530204366 -0.6155353909 1.1149483693 4.9343568841 -12.0980057833 1.2738079329 -3.6166400471
1784244764.2227272987 -0.9973431756 0.5579617553 -0.6070515389 1.1254305714 4.7398459580 -12.6687023130 1.2580146401 -3.8435344282
1784244764.2308669090 -0.9946404475 0.5631474248 -0.5986132990 1.1356571100 4.5776368910 -13.4337326462 1.2487098837 -3.8693082169
1784244764.2406840324 -0.9917916261 0.5685774453 -0.5900382228 1.1457984274 4.5936835632 -14.4572423726 1.1108478583 -3.7417475215
1784244764.2488608360 -0.9884680010 0.5757179222 -0.5787720323 1.1576441679 4.8104523901 -14.9516201596 0.9771691550 -3.5472271161
1784244764.2568428516 -0.9858383197 0.5814465939 -0.5695127745 1.1671037161 5.0138832029 -15.5344248625 0.7599526215 -3.4010882513
1784244764.2648711205 -0.9832816850 0.5872838659 -0.5597973955 1.1765632643 5.1343992504 -15.8266200651 0.5524229250 -3.3369241883
1784244764.2729742527 -0.9807615737 0.5928767870 -0.5503100772 1.1862784760 5.1520767936 -16.1370296890 0.3884277163 -3.2820149851
1784244764.2827377319 -0.9781318924 0.5986054586 -0.5406859225 1.1957380242 4.8384317999 -16.2608369941 0.3383108228 -3.3510579746
1784244764.2908365726 -0.9747352206 0.6053929842 -0.5293741198 1.2078394282 4.6001811442 -16.3748092152 0.4043413586 -3.5004126618
1784244764.2989404202 -0.9718133525 0.6109044550 -0.5202973104 1.2180659667 4.4947118330 -16.6653305971 0.4496829517 -3.6726265880
1784244764.3069648743 -0.9689645310 0.6165788264 -0.5109468284 1.2283777265 4.4626416206 -16.9174271787 0.4835255802 -3.7425587406
1784244764.3167738914 -0.9660791862 0.6220902972 -0.5017787948 1.2381781593 4.4518913135 -17.2190497468 0.4752615561 -3.8727358068
1784244764.3248593807 -0.9626094678 0.6289049729 -0.4903301558 1.2507056691 4.5319457853 -17.4232939635 0.4983095739 -3.8105992985
1784244764.3328354359 -0.9597606463 0.6343621435 -0.4811621222 1.2605061019 4.4722234456 -17.6116328185 0.5252169201 -3.7330779350
1784244764.3408181667 -0.9568387781 0.6397921640 -0.4720397007 1.2704769770 4.4493125483 -17.9551288117 0.5336280733 -3.6236088122
1784244764.3488547802 -0.9539534333 0.6453579350 -0.4626892186 1.2801921886 4.3271215372 -18.1109113875 0.5678905478 -3.5558472412
1784244764.3569347858 -0.9509585184 0.6507336553 -0.4535667971 1.2899926215 4.3909614502 -18.4130536996 0.5301443265 -3.4828145858
1784244764.3667764664 -0.9480731736 0.6561908259 -0.4442163151 1.2996226120 4.3192296116 -18.6875799955 0.5383323448 -3.4812248535
1784244764.3748118877 -0.9443843151 0.6627611507 -0.4330869609 1.3116387948 4.1535085379 -18.7231629008 0.6451098745 -3.4623649036
1784244764.3829205036 -0.9412798301 0.6680011204 -0.4242838241 1.3216096699 4.0045365256 -18.9139157859 0.7413998256 -3.5308623941
1784244764.3908522129 -0.9381753452 0.6734039908 -0.4152070147 1.3316657662 4.0075590706 -19.2546165202 0.7357935395 -3.5267094963
1784244764.3988111019 -0.9351804303 0.6786439606 -0.4063126538 1.3411253144 4.0385221465 -19.6309583314 0.6978767837 -3.5878026882
1784244764.4068582058 -0.9321855155 0.6840468310 -0.3970533959 1.3510109684 3.8620193518 -20.0375947367 0.6159745607 -3.7014835540
1784244764.4147777557 -0.9292271239 0.6892325006 -0.3882502592 1.3607261800 4.1479462575 -19.9225664511 0.7722415204 -3.5923985434
1784244764.4228274822 -0.9261956857 0.6943638699 -0.3795383466 1.3706118340 4.1617890807 -20.0455717958 0.8443059645 -3.5564792160
1784244764.4307899475 -0.9232007708 0.6994952393 -0.3708264341 1.3804122668 4.0989620303 -20.2516278097 0.9304920826 -3.5176423929
1784244764.4387791157 -0.9201693326 0.7047352090 -0.3620232974 1.3901274784 4.0642221533 -20.3227422382 1.0660828525 -3.4863381682
1784244764.4468083382 -0.9171744177 0.7097036778 -0.3536762817 1.3998426901 4.0667552590 -20.3181288464 1.2130039066 -3.4832914309
1784244764.4549112320 -0.9140699328 0.7145906962 -0.3454661023 1.4098987864 3.9833078337 -20.3681116270 1.3249111699 -3.5595394998
1784244764.4647712708 -0.9109654479 0.7195320149 -0.3369822503 1.4200401038 3.9028992458 -20.5970596822 1.3736584220 -3.6161973464
1784244764.4727835655 -0.9071670193 0.7255050374 -0.3266739140 1.4320562866 4.0477713885 -20.7794605677 1.4167176462 -3.5293749397
1784244764.4807415009 -0.9042451511 0.7303920559 -0.3182812862 1.4416862771 4.1201270426 -20.8831240251 1.4854469200 -3.4176862159
1784244764.4888174534 -0.9012502362 0.7351433238 -0.3100254948 1.4513162676 4.0711855240 -21.1315751504 1.4827775932 -3.3192887148
1784244764.4968390465 -0.8981822747 0.7400303422 -0.3014504186 1.4610314793 3.9915930554 -21.2822401438 1.4903628498 -3.2743167100
1784244764.5048639774 -0.8951873598 0.7446730097 -0.2931946271 1.4705762487 4.0061480513 -21.4116143803 1.5234389146 -3.2691186967
1784244764.5129170418 -0.8921924449 0.7493156773 -0.2850300599 1.4802914603 4.1278350882 -21.6095732467 1.5251336147 -3.2738402730
1784244764.5209238529 -0.8893071001 0.7540397951 -0.2765462079 1.4899214508 4.0779233084 -21.6764247330 1.5574381273 -3.3111296773
1784244764.5288705826 -0.8863121852 0.7586010123 -0.2683360285 1.4997218836 4.0449106443 -21.8295196377 1.5337232270 -3.2990162497
1784244764.5369167328 -0.8833537937 0.7630807792 -0.2599890128 1.5092666530 4.0242850377 -21.8149623103 1.5770915676 -3.3363970644
1784244764.5449135303 -0.8804319255 0.7674519457 -0.2519156698 1.5188966435 3.9401827095 -21.9931759334 1.5667409251 -3.3110320446
1784244764.5529193878 -0.8774370107 0.7717959621 -0.2437054905 1.5286118551 3.7948082414 -22.1988810005 1.5259960437 -3.3101643780
1784244764.5627779961 -0.8744786192 0.7761671286 -0.2353584748 1.5381566245 3.7823912319 -22.2946021716 1.5072561427 -3.2363620907
1784244764.5707972050 -0.8708628073 0.7814885486 -0.2252325869 1.5497467015 3.8957782188 -22.2664398511 1.5863973469 -3.1207013123
1784244764.5787460804 -0.8679044158 0.7856696644 -0.2171136318 1.5592062497 3.7626966288 -22.3314982493 1.6529984802 -3.0726828892
1784244764.5867938995 -0.8647999308 0.7898507802 -0.2089946766 1.5689214614 3.7851358214 -22.3966687716 1.6960557028 -2.9857500035
1784244764.5947837830 -0.8618780627 0.7940318960 -0.2006932731 1.5783810096 3.8299694397 -22.4602900707 1.7148267238 -2.9203574642
1784244764.6028223038 -0.8589561945 0.7980501111 -0.1925743179 1.5876701155 3.8278346526 -22.5642473213 1.6869738554 -2.9416622799
1784244764.6107833385 -0.8559612796 0.8021226265 -0.1840904659 1.5976409906 3.8699775857 -22.6414753971 1.6518272795 -2.9926816303
1784244764.6187758446 -0.8530759348 0.8060050911 -0.1759258987 1.6071857599 3.9972614990 -22.5727898702 1.6810722522 -2.9911037943
1784244764.6267745495 -0.8503001601 0.8097518053 -0.1678069436 1.6167305293 3.8670940966 -22.4822797282 1.7477652351 -2.9844073723
1784244764.6347742081 -0.8473417685 0.8134170691 -0.1598248247 1.6264457409 3.8106551146 -22.5546121298 1.8028769942 -2.9403804212
1784244764.6427707672 -0.8444199004 0.8171094830 -0.1517058696 1.6359905103 3.7404468477 -22.3462578931 1.9003030314 -2.8866828970
1784244764.6507797241 -0.8414980322 0.8204760958 -0.1438605871 1.6453648373 3.6401763438 -22.2985600142 1.9834075190 -2.8738757745
1784244764.6587803364 -0.8385031173 0.8238970087 -0.1361065288 1.6549948278 3.5824442577 -22.3839141749 2.0356772450 -2.7840213302
1784244764.6669068336 -0.8355812492 0.8272907715 -0.1282156342 1.6641987125 3.3463374145 -22.4980409561 2.0044351308 -2.8383556434
1784244764.6749353409 -0.8325498109 0.8305216337 -0.1203247396 1.6736582607 3.4200605526 -22.5809252289 2.0217436945 -2.6774423626
1784244764.6829638481 -0.8296644661 0.8338339462 -0.1122970087 1.6828621455 3.3619623935 -22.6223290468 1.9489439129 -2.6982738772
1784244764.6909637451 -0.8267425980 0.8369290578 -0.1044517262 1.6921512513 3.3785058115 -22.6622454057 1.8571597031 -2.6755001190
1784244764.6989562511 -0.8238937765 0.8400513196 -0.0961959348 1.7010994726 3.3644413002 -22.7112085980 1.7848378285 -2.7155015852
1784244764.7069194317 -0.8210814784 0.8430378309 -0.0882594280 1.7103885785 3.2914512908 -22.6728099509 1.7505615194 -2.6513952740
1784244764.7149150372 -0.8181961336 0.8459157417 -0.0803229213 1.7192515786 3.2784144931 -22.7982417212 1.7539285623 -2.5608755118
1784244764.7229011059 -0.8153838355 0.8488751029 -0.0724320267 1.7280293576 3.2039906585 -22.7026090143 1.8375172142 -2.5278340845
1784244764.7309200764 -0.8125715374 0.8515901131 -0.0647691927 1.7369775788 3.0197004294 -22.5384989253 1.9010497814 -2.4587645405
1784244764.7388772964 -0.8096131458 0.8541693729 -0.0571519707 1.7459258001 2.9239935229 -22.5260602335 1.9931222440 -2.3920528455
1784244764.7468752861 -0.8066912777 0.8567757827 -0.0496715851 1.7546183579 2.9084236305 -22.5465772951 2.1378097943 -2.3695698086
1784244764.7549304962 -0.8038424562 0.8593007422 -0.0422368116 1.7634813580 2.7748697876 -22.3788713584 2.2669785447 -2.3096199364
1784244764.7628684044 -0.8008840647 0.8616356511 -0.0350300986 1.7724295792 2.6832755937 -22.3504766651 2.3291549364 -2.2342439474
1784244764.7709145546 -0.7979621965 0.8639434098 -0.0276865493 1.7810369159 2.6655406222 -22.5040199169 2.3967314530 -2.2392890986
1784244764.7789099216 -0.7950768517 0.8663326188 -0.0202973878 1.7898146948 2.6735441629 -22.3781507931 2.4147378237 -2.2045806816
1784244764.7869293690 -0.7921915069 0.8683688765 -0.0130450627 1.7985924738 2.7330157201 -22.3991810437 2.3749365284 -2.1409369709
1784244764.7967877388 -0.7894157321 0.8705408847 -0.0054734529 1.8071145893 2.7995044853 -22.5064944960 2.3492021527 -2.1142394403
1784244764.8047797680 -0.7860190604 0.8731201444 0.0036033565 1.8177672336 2.9784451417 -22.3095447782 2.3990994911 -1.9833757607
1784244764.8127822876 -0.7833893790 0.8749663513 0.0109925179 1.8261189068 2.8558192552 -22.4411657559 2.4800928513 -1.9183426186
1784244764.8208229542 -0.7805770809 0.8769754589 0.0181992309 1.8348966858 2.8811219377 -22.4214387803 2.5368743904 -1.8480705702
1784244764.8287391663 -0.7779108762 0.8788216659 0.0254971681 1.8434188013 2.8232548458 -22.3417384011 2.6207405133 -1.7880931045
1784244764.8367440701 -0.7752446715 0.8805321223 0.0324758206 1.8517704744 2.7860415759 -22.3803016524 2.6944849594 -1.8011442085
1784244764.8448131084 -0.7725054201 0.8822425788 0.0394544730 1.8606334746 2.8414730660 -22.2361422639 2.7858295498 -1.7773073291
1784244764.8528714180 -0.7699122621 0.8838172847 0.0464787376 1.8691555900 2.7365141518 -22.2910000151 2.8446299706 -1.8406467766
1784244764.8608758450 -0.7672460574 0.8853919907 0.0533205537 1.8779333690 2.6928362139 -22.4190222457 2.8737213043 -1.8526018975
1784244764.8687438965 -0.7646528994 0.8869395465 0.0602079819 1.8865407056 2.6738904541 -22.2811477838 2.9539148178 -1.8359234017
1784244764.8769168854 -0.7620962648 0.8882427514 0.0667761254 1.8948071577 2.5341705195 -22.3053193238 2.9996522635 -1.8295971492
1784244764.8866889477 -0.7593570134 0.8896274067 0.0736635536 1.9035849366 2.3857961557 -22.2835978308 3.0530770196 -1.9536264082
1784244764.8948471546 -0.7562160051 0.8910392120 0.0815088361 1.9141523598 2.2830161869 -22.2114706237 3.0771385100 -2.0164162692
1784244764.9027392864 -0.7537689405 0.8921252161 0.0878945312 1.9225040330 2.5299840415 -22.1832343941 3.3142678150 -1.7398572629
1784244764.9088249207 -0.7512123058 0.8932655204 0.0942802262 1.9306000427 2.4472180326 -22.1720254591 3.2934250606 -1.7180177223
1784244764.9168813229 -0.7493496149 0.8940257233 0.0993887823 1.9367359659 2.5281464953 -22.0944680560 3.3134398706 -1.6716073847
1784244764.9249722958 -0.7469755970 0.8949488267 0.1057744773 1.9450024179 2.7108530433 -22.0658881906 3.3029383548 -1.6064356285
1784244764.9348194599 -0.7447476725 0.8958176300 0.1121601724 1.9528427641 2.7271663605 -22.0696128624 3.3155070041 -1.4778085733
1784244764.9428310394 -0.7419353744 0.8968764840 0.1201422912 1.9625579758 2.7006039998 -22.0053907767 3.2526565700 -1.4250520917
1784244764.9508306980 -0.7397074499 0.8975009364 0.1265735984 1.9704835432 2.9149841823 -22.0134038311 3.2961448086 -1.3101942571
1784244764.9588639736 -0.7376256189 0.8982068390 0.1328680692 1.9781534471 2.8535899949 -21.7913532336 3.3223188081 -1.2819354606
1784244764.9668200016 -0.7354342177 0.8986412407 0.1392537642 1.9859937934 2.7110499318 -21.7160606828 3.2768528716 -1.2684997110
1784244764.9749178886 -0.7332793400 0.8991027924 0.1455938472 1.9936636973 2.7431880183 -21.7685490878 3.2689280596 -1.2403375826
1784244764.9847776890 -0.7311975089 0.8995643442 0.1519339301 2.0012483801 2.8702023719 -21.6480849749 3.2530701681 -1.1775468772
1784244764.9928147793 -0.7287504443 0.8998629953 0.1596423763 2.0106227071 2.6759527247 -21.6403739440 3.2358547721 -1.1728921171
1784244765.0009143353 -0.7265955665 0.9001616464 0.1660736835 2.0183778322 2.4085077229 -21.6912969810 3.1460790345 -1.2883805344
1784244765.0106639862 -0.7245137355 0.9001344963 0.1723225422 2.0262181785 2.5150262261 -21.3241736684 3.2337835117 -1.2714623889
1784244765.0187489986 -0.7221397176 0.9001073462 0.1798485399 2.0351663997 2.5878248124 -21.3633974754 3.3101492996 -1.1011017910
1784244765.0267372131 -0.7201309332 0.9001344963 0.1860973987 2.0428363037 2.4711134281 -21.1939676094 3.2687681325 -1.0652110630
1784244765.0347490311 -0.7181221488 0.8998358452 0.1924374816 2.0500801019 2.5302828763 -21.1127098180 3.2997603272 -1.0078941880
1784244765.0427794456 -0.7162229345 0.8995643442 0.1984582798 2.0575795635 2.6067346705 -21.1244662591 3.3046786035 -0.9905841152
1784244765.0507824421 -0.7143967669 0.8992928431 0.2046615264 2.0649938040 2.5655986767 -20.9055773656 3.2764422948 -0.9556678338
1784244765.0588157177 -0.7125705993 0.8987226910 0.2109103852 2.0722376021 2.4947090567 -20.8620539193 3.2520001643 -0.9250396349
1784244765.0667722225 -0.7107079084 0.8982882893 0.2171136318 2.0795666214 2.5485978373 -20.8542867089 3.2749512747 -0.9515571036
1784244765.0747499466 -0.7089913108 0.8977181372 0.2229975936 2.0867251985 2.5131837276 -20.6811844368 3.2665032781 -0.9687069478
1784244765.0827498436 -0.7072381899 0.8969850844 0.2292464524 2.0938837755 2.4508502730 -20.6200703023 3.2648142831 -0.9420224008
1784244765.0907833576 -0.7054850690 0.8962791818 0.2351760264 2.1010423525 2.4651034882 -20.7178313706 3.2973341477 -0.9107395029
1784244765.0988612175 -0.7038415182 0.8955732791 0.2411056003 2.1080304872 2.4172727340 -20.5650117072 3.3195024397 -0.9228462485
1784244765.1069748402 -0.7021979673 0.8946501756 0.2471263985 2.1151890642 2.2319423821 -20.5382639181 3.2146502616 -1.0363915731
1784244765.1167893410 -0.7005909398 0.8938356725 0.2532384209 2.1220919777 2.4289842267 -20.5854746344 3.2252236955 -0.9049526798
1784244765.1248276234 -0.6987282489 0.8927225183 0.2603995218 2.1301879874 2.3972306349 -20.6834469436 3.2758407584 -0.7980400184
1784244765.1329505444 -0.6971577447 0.8918265650 0.2661922595 2.1368352375 2.2571133160 -20.6527066016 3.3159043232 -0.7394613907
1784244765.1428458691 -0.6956237640 0.8907677110 0.2718937729 2.1434824876 2.2799378415 -20.6128140634 3.3682969853 -0.6824453051
1784244765.1508200169 -0.6938706431 0.8895188063 0.2786443648 2.1513228339 2.2773659531 -20.6285482948 3.4538248753 -0.5777967317
1784244765.1588289738 -0.6924097090 0.8884328022 0.2841178177 2.1575439782 2.1578970749 -20.7022269442 3.5647934489 -0.5402492897
1784244765.1668255329 -0.6909852982 0.8873467981 0.2893175980 2.1640207859 2.1297532390 -20.7371509948 3.6113193478 -0.4945135967
1784244765.1748006344 -0.6896339342 0.8862336439 0.2946542146 2.1702419302 2.1362262743 -20.7184118676 3.6490453115 -0.4935811443
1784244765.1827867031 -0.6883190935 0.8849575890 0.2999908311 2.1764630745 2.0502633576 -20.6743804163 3.6367318253 -0.5572930032
1784244765.1907472610 -0.6870772996 0.8837086843 0.3051906114 2.1826842189 2.1556249064 -20.6458651753 3.6785200819 -0.4819701519
1784244765.1987819672 -0.6857989822 0.8823783293 0.3104360038 2.1890758055 2.2362890808 -20.4930764822 3.6577896703 -0.4868382001
1784244765.2068183422 -0.6846667583 0.8808850737 0.3157726203 2.1952117286 2.1177254263 -20.3354823340 3.5783851635 -0.5850922105
1784244765.2148211002 -0.6835710578 0.8793918180 0.3209267885 2.2016033152 2.2188235211 -20.3075012755 3.5961978509 -0.6442823970
1784244765.2228744030 -0.6824753572 0.8778985624 0.3261721809 2.2078244595 2.1060813654 -20.2508967267 3.6018502232 -0.6610723105
1784244765.2327442169 -0.6813431333 0.8761881060 0.3314175732 2.2138751615 2.2139678323 -20.0216394925 3.6238742314 -0.6560244705
1784244765.2408134937 -0.6801743860 0.8740160978 0.3376208198 2.2212894020 2.2184339473 -19.8700486220 3.6300325913 -0.6058424137
1784244765.2488195896 -0.6791882555 0.8721427407 0.3427749880 2.2270844405 2.1361727106 -19.8395175649 3.6307903849 -0.5661913259
1784244765.2568864822 -0.6782386484 0.8702150834 0.3478379319 2.2328794791 2.1392671067 -19.7004823788 3.6324809271 -0.5210341754
1784244765.2648756504 -0.6773620879 0.8681788257 0.3528096516 2.2385892965 2.2018838631 -19.5324042248 3.6258747618 -0.4932882890
1784244765.2728548050 -0.6765950975 0.8660611177 0.3577357593 2.2440434504 2.1774811375 -19.4678229506 3.6380660414 -0.4514202743
1784244765.2808842659 -0.6757915838 0.8639434098 0.3625706426 2.2495828254 2.1222898506 -19.3717501048 3.6783891326 -0.4138960811
1784244765.2889082432 -0.6749880700 0.8617442515 0.3671774655 2.2551222005 2.0145867967 -19.3600864474 3.7886353494 -0.4130576121
1784244765.2969214916 -0.6742210796 0.8594636429 0.3717386763 2.2606615756 1.9281646894 -19.2653724744 3.8804731174 -0.4221178974
1784244765.3049616814 -0.6734540892 0.8572101844 0.3759806023 2.2659452872 1.8448997846 -19.2505724598 3.9941088657 -0.4491524714
1784244765.3147878647 -0.6727236222 0.8549024256 0.3802225283 2.2713142199 1.9423374941 -19.1699444557 4.1071587680 -0.4513725943
1784244765.3228983879 -0.6719931552 0.8520245148 0.3851486359 2.2777058065 1.9312426355 -19.3410649902 4.2192692160 -0.4009445531
1784244765.3309330940 -0.6713722582 0.8497710563 0.3891168892 2.2827338547 1.8669715583 -19.3902562068 4.2669185347 -0.4197715951
1784244765.3407824039 -0.6707878845 0.8473546972 0.3931763668 2.2881027874 1.9323747057 -19.3867783461 4.2757226085 -0.4171639977
1784244765.3488061428 -0.6702400342 0.8444496362 0.3981480865 2.2942387106 2.0572849461 -19.4314001302 4.2840543627 -0.3635309707
1784244765.3568010330 -0.6699113241 0.8420875773 0.4021163399 2.2990963164 2.0534356832 -19.4859739546 4.2476690128 -0.3739447624
1784244765.3649330139 -0.6695460906 0.8396983683 0.4061302053 2.3041243646 2.1410075313 -19.4115874754 4.1883572482 -0.3698071887
1784244765.3729405403 -0.6693269504 0.8371734088 0.4102809071 2.3088967492 2.1507662803 -19.4212017284 4.1161403569 -0.3711187003
1784244765.3809382915 -0.6691078103 0.8347298995 0.4143859968 2.3137543551 2.1821887521 -19.3035259163 3.9892706790 -0.3905080313
1784244765.3888831139 -0.6689617169 0.8321777899 0.4186735349 2.3183562974 2.1267209103 -19.0737667883 3.9003595257 -0.4709675142
1784244765.3968818188 -0.6688521469 0.8296256803 0.4228698488 2.3227877975 2.1319434326 -19.0607539409 3.8041426199 -0.4232070761
1784244765.4049296379 -0.6687425768 0.8270192704 0.4271573869 2.3274749610 2.0684850811 -18.9857597141 3.7059630636 -0.4276749083
1784244765.4147500992 -0.6686695301 0.8243042602 0.4316273734 2.3318212399 1.9953637212 -19.0216538134 3.5481453766 -0.3095469008
1784244765.4227569103 -0.6685964834 0.8209376475 0.4370096021 2.3371901727 1.9288160452 -19.0479596536 3.4962511742 -0.2571877915
1784244765.4307525158 -0.6685599601 0.8182226372 0.4413883644 2.3413660092 1.7657536926 -19.0759247023 3.4434542877 -0.2871509264
1784244765.4387814999 -0.6684869133 0.8154533268 0.4457671268 2.3458827305 1.6625465186 -18.9853454854 3.3731055787 -0.2734407742
1784244765.4467842579 -0.6684503900 0.8125754159 0.4502371133 2.3498881247 1.5850678570 -18.9576619728 3.3051084980 -0.3033852460
1784244765.4547815323 -0.6684503900 0.8097246552 0.4547527119 2.3542344036 1.5479901115 -19.0421747556 3.2259904883 -0.3328655964
1784244765.4629397392 -0.6684503900 0.8069281946 0.4592683106 2.3583250191 1.4500511561 -19.0345346406 3.1707784240 -0.3463586862
1784244765.4707922935 -0.6684503900 0.8039959836 0.4638295213 2.3624156345 1.2731581186 -18.9879766421 3.0798470308 -0.3782079349
1784244765.4787955284 -0.6684138666 0.8011995230 0.4682538958 2.3664210288 1.1954657271 -19.1203206335 3.0629038851 -0.4054582598
1784244765.4868626595 -0.6684503900 0.7984573627 0.4724958218 2.3704264231 1.0710202581 -19.1647501274 3.0639824595 -0.4014314688
1784244765.4947891235 -0.6684503900 0.7955523017 0.4769201962 2.3742613750 0.9422441032 -19.3282826577 3.0869715857 -0.4206961825
1784244765.5027906895 -0.6684503900 0.7928372915 0.4811165101 2.3781815482 0.8153174074 -19.4551693581 3.1257106856 -0.4267423912
1784244765.5107841492 -0.6684503900 0.7900951311 0.4851759877 2.3819312790 0.7328074785 -19.5226971691 3.1220613893 -0.3973905186
1784244765.5187523365 -0.6684869133 0.7873258207 0.4894635258 2.3854253463 0.6508050025 -19.6623972487 3.1152661604 -0.4014654723
1784244765.5267505646 -0.6685234367 0.7846651106 0.4935686154 2.3891750771 0.4973659593 -19.7057090731 3.1035510052 -0.3642156260
1784244765.5348253250 -0.6685234367 0.7819501004 0.4976737051 2.3924987022 0.3720769125 -19.7374758045 3.0663604899 -0.3402053646
1784244765.5429348946 -0.6685599601 0.7792079400 0.5019156311 2.3959075484 0.2542521937 -19.7660395404 3.0414116792 -0.3513357423
1784244765.5508830547 -0.6685964834 0.7764929298 0.5060207208 2.3993163946 0.1270453329 -19.6532512830 2.9759709591 -0.3591044139
1784244765.5589115620 -0.6685964834 0.7736693191 0.5103082589 2.4025547984 -0.0286292223 -19.6322709070 2.9178282555 -0.3636772537
1784244765.5669243336 -0.6685964834 0.7709000087 0.5145045728 2.4057932023 -0.1237013384 -19.5304831876 2.8350895451 -0.3519927134
1784244765.5749433041 -0.6686330068 0.7680492479 0.5187464988 2.4087759428 -0.2452594946 -19.4613786813 2.7568885432 -0.3562312407
1784244765.5829834938 -0.6686695301 0.7651984872 0.5230796490 2.4118439043 -0.3969031057 -19.2989254180 2.6662744114 -0.3433469103
1784244765.5909845829 -0.6687060535 0.7616689739 0.5282794293 2.4153379717 -0.4783295042 -19.3045836913 2.6099325118 -0.2933248383
1784244765.5989303589 -0.6687060535 0.7586553125 0.5327950279 2.4181502698 -0.6150479353 -19.2858907591 2.5739410439 -0.2898654106
1784244765.6087927818 -0.6687425768 0.7562932536 0.5361247117 2.4204512410 -0.7238825842 -18.9815670447 2.4736888450 -0.3255792929
1784244765.6167998314 -0.6688156235 0.7524650891 0.5414613283 2.4238600872 -0.8252973352 -18.9917608360 2.4824250820 -0.3318109556
1784244765.6247973442 -0.6688521469 0.7494785779 0.5455664180 2.4265871641 -1.0129957026 -18.9549575448 2.5078914372 -0.3426515978
1784244765.6328330040 -0.6688521469 0.7463291660 0.5496715077 2.4292290199 -1.1264507048 -18.9521950610 2.5631512488 -0.3787620360
1784244765.6407761574 -0.6688886702 0.7432883545 0.5535029247 2.4318708757 -1.2351383657 -19.0093778289 2.6242289425 -0.3895015410
1784244765.6487891674 -0.6689251936 0.7402746931 0.5572887296 2.4343422892 -1.3205255408 -18.9940591920 2.6977898091 -0.4281458187
1784244765.6568334103 -0.6689982403 0.7371524314 0.5610745346 2.4368989239 -1.3721303665 -19.0054991132 2.7447605731 -0.4781156046
1784244765.6648869514 -0.6690712870 0.7341930702 0.5646778911 2.4394555585 -1.4734722749 -19.1525485401 2.7815754108 -0.5144599138
1784244765.6728546619 -0.6691443337 0.7312608591 0.5682356354 2.4419269720 -1.4628783212 -19.2597187223 2.8149318964 -0.5368491378
1784244765.6808295250 -0.6693269504 0.7282743479 0.5718846040 2.4442279432 -1.5591193357 -19.3189481461 2.8402981551 -0.5666272093
1784244765.6889259815 -0.6694365205 0.7253692869 0.5753967363 2.4465289144 -1.6837363532 -19.3026954287 2.8449329153 -0.6034551061
1784244765.6986927986 -0.6695826139 0.7223827756 0.5789544807 2.4488298855 -1.7177567076 -18.9603932597 2.7814849491 -0.6480235499
1784244765.7067997456 -0.6698017540 0.7187175118 0.5833788551 2.4513865202 -1.7974651353 -19.3492782239 2.8113938808 -0.5558299468
1784244765.7148792744 -0.6699843708 0.7158396009 0.5869365995 2.4534318279 -1.8987304406 -19.2823844174 2.7459146591 -0.5670358365
1784244765.7229290009 -0.6702035109 0.7127987895 0.5906767923 2.4554771356 -2.0067151201 -19.0957208981 2.6482769742 -0.5867568079
1784244765.7326502800 -0.6703861277 0.7097851281 0.5943713730 2.4573520010 -2.0893239491 -18.9668640910 2.5580394240 -0.5806692032
1784244765.7406995296 -0.6706783145 0.7060927142 0.5988413596 2.4595677511 -2.1966931577 -18.8688963282 2.5347930249 -0.5503741583
1784244765.7488381863 -0.6708974546 0.7028890021 0.6025815524 2.4612721742 -2.3618192131 -18.7703923902 2.4675723789 -0.5505034932
1784244765.7567682266 -0.6710800713 0.6997667403 0.6063673573 2.4629765973 -2.4791855289 -18.5317518388 2.3963351418 -0.5790606457
1784244765.7647535801 -0.6712992115 0.6964544278 0.6101075501 2.4646810204 -2.5334155562 -18.4770968016 2.3789061173 -0.6253317660
1784244765.7728707790 -0.6715548749 0.6932507157 0.6137565187 2.4663854435 -2.6749562385 -18.2408983713 2.3307598936 -0.6583971033
1784244765.7809810638 -0.6717374917 0.6898298028 0.6174967116 2.4679194242 -2.8027153804 -17.9787131453 2.2906947047 -0.7071743701
1784244765.7889366150 -0.6720296785 0.6857572874 0.6216930254 2.4699647320 -2.8631648667 -17.9735788696 2.3343134882 -0.7741013946
1784244765.7988235950 -0.6722122953 0.6830965774 0.6245209761 2.4712430493 -2.8990741692 -17.5366456971 2.2682720161 -0.8274379199
1784244765.8067977428 -0.6724679587 0.6789426117 0.6286716779 2.4732031358 -3.0853580305 -17.7094937555 2.3605122599 -0.9356363632
1784244765.8148341179 -0.6727236222 0.6755759990 0.6317733012 2.4748223378 -3.1934253578 -17.8188579519 2.5402178963 -0.9902423840
1784244765.8228707314 -0.6729792857 0.6722365364 0.6347380882 2.4762710974 -3.2692773898 -17.6875612800 2.5796146884 -1.0226750503
1784244765.8327605724 -0.6732714725 0.6688156235 0.6379309357 2.4777198571 -3.3028904717 -17.8126340710 2.6527790954 -1.0434158051
1784244765.8407618999 -0.6736732293 0.6647702583 0.6415342922 2.4794242802 -3.3017981243 -17.7951543418 2.7217700083 -1.0402342114
1784244765.8488273621 -0.6740019395 0.6613764954 0.6444078550 2.4806173763 -3.2860435490 -17.4754394937 2.6895349771 -1.0578411453
1784244765.8569822311 -0.6743306497 0.6581727834 0.6472358057 2.4818104725 -3.4014949607 -17.8237412979 2.7649654516 -1.0619485115
1784244765.8649775982 -0.6747689299 0.6548333208 0.6502005926 2.4829183475 -3.3423997741 -17.6826676547 2.7354141192 -1.0122090062
1784244765.8729782104 -0.6752437335 0.6515753085 0.6529373191 2.4836853379 -3.3379332546 -17.6004084761 2.6736494960 -1.0083648529
1784244765.8809893131 -0.6757550604 0.6482901461 0.6559933303 2.4846227706 -3.3292120518 -17.5832606410 2.6218502064 -0.9787925409
1784244765.8890006542 -0.6763759574 0.6443533812 0.6595054626 2.4854749821 -3.3945219427 -17.5840712760 2.5914317040 -0.9430557935
1784244765.8970263004 -0.6769603310 0.6410953689 0.6624246375 2.4861567514 -3.4122648258 -17.5991311646 2.5721672239 -0.9275882285
1784244765.9049420357 -0.6775447047 0.6377830564 0.6654350366 2.4867532995 -3.4402114247 -17.5247588837 2.5637081389 -0.9469677046
1784244765.9127213955 -0.6780560316 0.6351494965 0.6676700298 2.4872646264 -3.5022307541 -17.3131108640 2.5472861673 -0.9788346786
1784244765.9208540916 -0.6786404052 0.6319457844 0.6703155321 2.4877759533 -3.5470249468 -17.1828992594 2.5443271105 -1.0086611614
1784244765.9288964272 -0.6792978256 0.6284977214 0.6731890948 2.4883725014 -3.5576383082 -17.0102255301 2.4910524550 -1.0467481106
1784244765.9368574619 -0.6800282926 0.6250225083 0.6761994939 2.4888838283 -3.5715079106 -17.0518869423 2.4767788159 -1.0706226101
1784244765.9449324608 -0.6807587597 0.6216558956 0.6790274446 2.4893099341 -3.6455681483 -16.7321907740 2.4162963740 -1.1157804911
1784244765.9548757076 -0.6814527033 0.6181263823 0.6819466195 2.4897360399 -3.7208491401 -16.6397827956 2.4072034394 -1.1457907500
1784244765.9629061222 -0.6823292638 0.6138909663 0.6853219154 2.4901621457 -3.7546740721 -16.6125906151 2.4534521627 -1.1600825827
1784244765.9708030224 -0.6830962542 0.6104972035 0.6878305813 2.4904178091 -3.8232080258 -16.5132289769 2.5085358968 -1.2161034882
1784244765.9788370132 -0.6838632446 0.6070762906 0.6902024109 2.4907586938 -3.9271868912 -16.5300504960 2.5491636942 -1.2325714100
1784244765.9867892265 -0.6845937116 0.6036553777 0.6927566890 2.4908439149 -3.9838475087 -16.5212756971 2.5996536615 -1.2674173614
1784244765.9947955608 -0.6853607020 0.6003159151 0.6950829064 2.4910143572 -4.0427604468 -16.6046654567 2.6655607994 -1.3119455063
1784244766.0027942657 -0.6861642158 0.5970579028 0.6972722876 2.4911847995 -4.0840081854 -16.5661866283 2.6714803354 -1.3605672635
1784244766.0107953548 -0.6869677295 0.5937184402 0.6996897293 2.4913552418 -4.0313671476 -16.7139493337 2.6999450754 -1.3744936967
1784244766.0187959671 -0.6878808133 0.5905418782 0.7019247226 2.4913552418 -3.8843354733 -16.7965584371 2.7207814576 -1.3954578977
1784244766.0268332958 -0.6889034672 0.5874196164 0.7040684916 2.4913552418 -3.9472101973 -16.6556651073 2.6970842182 -1.4616120639
1784244766.0348303318 -0.6898165510 0.5841344540 0.7063947091 2.4914404630 -3.9495501981 -16.7680538593 2.7054342992 -1.4961086467
1784244766.0428335667 -0.6908757282 0.5810936425 0.7085840903 2.4913552418 -3.8734622401 -16.6492495540 2.7269899428 -1.5402068211
1784244766.0507872105 -0.6919714287 0.5779170805 0.7106366351 2.4913552418 -3.8719881509 -16.6084659694 2.6991184777 -1.6034285506
1784244766.0587952137 -0.6930306060 0.5747948188 0.7129628526 2.4913552418 -3.8904821587 -16.6373554142 2.6562485438 -1.6732903196
1784244766.0668022633 -0.6941628299 0.5717268572 0.7151978459 2.4913552418 -3.7777340469 -16.4894119751 2.6174411060 -1.7404178113
1784244766.0747885704 -0.6954046238 0.5686045954 0.7173416149 2.4912700207 -3.7054190006 -16.3507942337 2.5692063305 -1.8146845452
1784244766.0828368664 -0.6966464178 0.5654280334 0.7196678324 2.4912700207 -3.7961028336 -16.3498880668 2.5257983058 -1.8922844671
1784244766.0908160210 -0.6978882118 0.5623329217 0.7219484378 2.4912700207 -3.8161335927 -16.0686678512 2.4766719746 -1.9311414817
1784244766.0987963676 -0.6991665291 0.5591020596 0.7241834310 2.4910995784 -3.7944281907 -15.9150917609 2.4476277769 -2.0016356468
1784244766.1067929268 -0.7004448464 0.5558983475 0.7263728122 2.4910995784 -3.8315659343 -15.8530855162 2.4154851355 -2.0619184375
1784244766.1147937775 -0.7017596871 0.5527217855 0.7286990297 2.4910143572 -3.9053076164 -15.6685312437 2.3308446393 -2.1059073868
1784244766.1228051186 -0.7030745278 0.5494909233 0.7311164714 2.4908439149 -3.8066670632 -15.4706154936 2.2870661107 -2.1736635186
1784244766.1308021545 -0.7044989385 0.5462057609 0.7333514646 2.4907586938 -3.7602659601 -15.4504900033 2.2907748159 -2.2541469876
1784244766.1387948990 -0.7059233492 0.5430020488 0.7356320700 2.4906734726 -3.8640938852 -15.2858733776 2.2151772904 -2.3067650900
1784244766.1469888687 -0.7073112366 0.5397440365 0.7380038996 2.4905030303 -3.9221147597 -15.1388586222 2.2289448605 -2.3294901448
1784244766.1567008495 -0.7091008809 0.5357258214 0.7404669534 2.4902473668 -3.9401708923 -15.1030940535 2.3016835303 -2.3884822401
1784244766.1647958755 -0.7105252916 0.5323863588 0.7425194983 2.4899917034 -4.0537206584 -14.9254595503 2.3342050693 -2.4364313138
1784244766.1728322506 -0.7119862257 0.5290740463 0.7446176552 2.4897360399 -3.9630530389 -14.8582652635 2.3874368921 -2.4858218918
1784244766.1808881760 -0.7135567298 0.5258703342 0.7464421395 2.4895655976 -3.8883910323 -14.7649317893 2.4389554896 -2.5364803511
1784244766.1889150143 -0.7150907106 0.5226394720 0.7482210117 2.4893099341 -3.7344588710 -14.3952622791 2.4073575212 -2.5451174013
1784244766.1969683170 -0.7166977381 0.5195443603 0.7501367202 2.4889690495 -3.6931588244 -14.3247126252 2.3881982740 -2.5895753379
1784244766.2067904472 -0.7183412890 0.5163134981 0.7520980408 2.4886281649 -3.7945712948 -14.5946016760 2.4043793829 -2.6864696106
1784244766.2147982121 -0.7203865967 0.5125939341 0.7542418099 2.4882872803 -3.7797877565 -14.7314043354 2.4510770059 -2.7324442934
1784244766.2227714062 -0.7220666709 0.5096074228 0.7558838458 2.4879463956 -3.8081639308 -14.6887647449 2.4688811027 -2.7803077508
1784244766.2308051586 -0.7237102217 0.5065937614 0.7576627180 2.4875202899 -3.8139728432 -14.7439133332 2.4884672307 -2.8277940176
1784244766.2387595177 -0.7254268193 0.5036615504 0.7593047538 2.4871794052 -3.7496570007 -14.8049963381 2.5398263903 -2.8636735812
1784244766.2468364239 -0.7272164635 0.5008107896 0.7608099534 2.4866680783 -3.7153615996 -14.7143104770 2.5504923828 -2.9089974340
1784244766.2549304962 -0.7290426311 0.4979057287 0.7624063771 2.4862419725 -3.6419447691 -14.6698958789 2.4961906643 -2.9437942852
1784244766.2629425526 -0.7309053221 0.4950549679 0.7642764735 2.4857306456 -3.5737086317 -14.5455662035 2.4382024341 -2.9573103479
1784244766.2728633881 -0.7328045364 0.4922042071 0.7660553457 2.4851340975 -3.5660293807 -14.4938024287 2.3773392514 -2.9709718571
1784244766.2808988094 -0.7351055076 0.4887561441 0.7681991148 2.4843671071 -3.6329420478 -14.5319625271 2.3343267362 -2.9366730559
1784244766.2889947891 -0.7370047219 0.4860139838 0.7699779870 2.4835148956 -3.6747382388 -14.2845457490 2.3084344792 -2.9792365330
1784244766.2988047600 -0.7393422164 0.4825659208 0.7719393076 2.4827479052 -3.7070615511 -14.2768728692 2.3625766021 -2.9888246847
1784244766.3069422245 -0.7413510008 0.4796608598 0.7735357314 2.4818956936 -3.7140764848 -14.1385272433 2.3627707204 -3.0042883746
1784244766.3168663979 -0.7433232618 0.4767829490 0.7752689915 2.4810434821 -3.6792048079 -13.9524795204 2.3401665220 -3.0469793128
1784244766.3267526627 -0.7458068497 0.4733620360 0.7771847000 2.4800208282 -3.6387753393 -13.9174120063 2.3255610361 -3.0463954301
1784244766.3348662853 -0.7483634844 0.4699411231 0.7791916327 2.4788277321 -3.6632917422 -13.8391100276 2.2702916544 -3.0684691557
1784244766.3429951668 -0.7504087921 0.4671446626 0.7809705049 2.4778902994 -3.4874858870 -13.6300773689 2.2235458064 -3.0896840727
1784244766.3509378433 -0.7530749968 0.4637508998 0.7830230497 2.4767824244 -3.3816645421 -13.6371178653 2.2166824248 -3.1331815387
1784244766.3589410782 -0.7549011644 0.4616060417 0.7842545766 2.4760154340 -3.3022326750 -13.4121432899 2.1902962890 -3.1511391977
1784244766.3669118881 -0.7570560422 0.4588367312 0.7858966125 2.4749927801 -3.2863103668 -13.2660411792 2.1629134847 -3.1952964833
1784244766.3748548031 -0.7592109199 0.4560945709 0.7874930363 2.4740553474 -3.4609326084 -13.2711606728 2.1712199341 -3.2067240438
1784244766.3828179836 -0.7612927510 0.4534610110 0.7889982358 2.4729474724 -3.6012406679 -13.2997646260 2.2237568852 -3.2333653511
1784244766.3909826279 -0.7634476288 0.4508546011 0.7903665990 2.4718395974 -3.6010338522 -13.2252126236 2.2620183621 -3.2776300748
1784244766.4006998539 -0.7656390299 0.4481938911 0.7917349623 2.4708169435 -3.4850185685 -13.0394283415 2.2951994063 -3.3169520032
1784244766.4069502354 -0.7682687113 0.4450716293 0.7933313860 2.4695386262 -3.5709333884 -13.1633838880 2.3212289558 -3.3510086620
1784244766.4149317741 -0.7699853088 0.4431168219 0.7944260766 2.4686864146 -3.4549587068 -13.1438764407 2.3119530159 -3.3908843960
1784244766.4247610569 -0.7722497566 0.4407276129 0.7957032156 2.4675785396 -3.4759447111 -13.2564866220 2.2886666335 -3.3832902938
1784244766.4327685833 -0.7749524847 0.4378497021 0.7973452515 2.4660445588 -3.6076072687 -13.3580464610 2.2595909130 -3.3938018413
1784244766.4408323765 -0.7771073625 0.4355419433 0.7987592268 2.4647662415 -3.6382236736 -13.3427264403 2.2591891545 -3.3812017657
1784244766.4489324093 -0.7792987636 0.4332341846 0.7999907537 2.4634027030 -3.5549387384 -13.3239737850 2.2948724397 -3.3972206898
1784244766.4588627815 -0.7816727815 0.4310350263 0.8011310564 2.4621243857 -3.4457621618 -13.2787213980 2.3323493047 -3.4026542399
1784244766.4669196606 -0.7844850796 0.4283200161 0.8025906439 2.4604199626 -3.5141170732 -13.2993333808 2.3697457023 -3.3960135077
1784244766.4749925137 -0.7867495274 0.4262023081 0.8036853344 2.4589712030 -3.6114309820 -13.2880294923 2.4023385082 -3.3904368413
1784244766.4828989506 -0.7894522555 0.4236773486 0.8049168613 2.4571815587 -3.6653665373 -13.4017573887 2.4521452385 -3.4111064575
1784244766.4908900261 -0.7912784231 0.4221026426 0.8057378793 2.4559884626 -3.5528355853 -13.2786510835 2.4137976986 -3.4341941145
1784244766.4988877773 -0.7935793943 0.4200663850 0.8068781820 2.4545397029 -3.4338983352 -13.2228066783 2.3677019653 -3.4563851783
1784244766.5068924427 -0.7959168888 0.4181115776 0.8080640968 2.4530057221 -3.3106757851 -13.2833481974 2.3302926516 -3.4829892996
1784244766.5149476528 -0.7983639534 0.4162653706 0.8092500116 2.4515569625 -3.3828469557 -13.1592251966 2.2756719782 -3.5279591646
1784244766.5229988098 -0.8006649246 0.4143105632 0.8105271506 2.4500229817 -3.4130587816 -13.1747292404 2.2484503322 -3.5468609850
1784244766.5326669216 -0.8035502694 0.4120842548 0.8119867380 2.4482333375 -3.5042041477 -13.1611857361 2.2233972523 -3.5904320766
1784244766.5408418179 -0.8058512406 0.4102380479 0.8131726528 2.4466993567 -3.6043630707 -13.1675699899 2.2017718380 -3.6483931422
1784244766.5489227772 -0.8082617818 0.4084461411 0.8143585676 2.4450801547 -3.5143421419 -13.0173995666 2.1433124419 -3.6415699103
1784244766.5588645935 -0.8106723230 0.4066270843 0.8156813187 2.4433757316 -3.4709336246 -12.9392089096 2.1310709665 -3.6323348425
1784244766.5668511391 -0.8135576679 0.4044279260 0.8170952940 2.4413304239 -3.5720107943 -12.8523214239 2.1082361298 -3.6312324058
1784244766.5748910904 -0.8158586390 0.4026631693 0.8183268210 2.4396260008 -3.6436799191 -12.8433004051 2.1175998548 -3.6484876333
1784244766.5830044746 -0.8181961336 0.4009798629 0.8194215115 2.4379215777 -3.6739176788 -12.6338263158 2.1097059365 -3.6534493237
1784244766.5927677155 -0.8204971048 0.3991336560 0.8206074263 2.4361319335 -3.6968868716 -12.5967876101 2.1166617819 -3.6835334153
1784244766.6008019447 -0.8233459262 0.3970702482 0.8218845653 2.4340866258 -3.6807541617 -12.5597017501 2.1447645678 -3.7071142052
1784244766.6088361740 -0.8257199441 0.3953869418 0.8228880317 2.4322117603 -3.4281475651 -12.3203559759 2.1261098347 -3.6868394823
1784244766.6169569492 -0.8281304853 0.3936764854 0.8241195586 2.4304221161 -3.4691496516 -12.3909303174 2.0894016779 -3.7346013136
1784244766.6250011921 -0.8305410266 0.3921017794 0.8252142492 2.4286324718 -3.3896196496 -12.2213981162 2.0545006392 -3.7271271820
1784244766.6329066753 -0.8334628948 0.3900926719 0.8266738366 2.4263315007 -3.4590433703 -12.2830070973 2.0086529630 -3.7663578447
1784244766.6409804821 -0.8353255857 0.3888980674 0.8276773030 2.4249679622 -3.4643711551 -12.2347426547 1.9657461873 -3.7590973176
1784244766.6489448547 -0.8376630802 0.3873776616 0.8288632178 2.4230078756 -3.3974671971 -12.1660737650 1.9297146140 -3.7266738768
1784244766.6587996483 -0.8400736215 0.3858844060 0.8300035205 2.4209625679 -3.1504962082 -11.9968358326 1.9039875151 -3.7025824115
1784244766.6668417454 -0.8429589663 0.3841196493 0.8314174958 2.4186615967 -3.6086305156 -12.1489380978 1.9170227270 -3.7678372416
1784244766.6747620106 -0.8452234141 0.3826535438 0.8326034106 2.4166162890 -3.7052653270 -12.0799866375 1.9296763091 -3.7818781561
1784244766.6828055382 -0.8474878620 0.3812417385 0.8336068770 2.4146562024 -3.6908497215 -12.1240681175 1.9430630777 -3.7869449020
1784244766.6907730103 -0.8498253565 0.3799656837 0.8346559554 2.4125256736 -3.7125294941 -12.0772267472 1.9487381775 -3.7898431792
1784244766.6988151073 -0.8520898043 0.3786353286 0.8357050339 2.4104803659 -3.6581151375 -12.0344669554 1.8958159208 -3.7886583656
1784244766.7068376541 -0.8544272989 0.3773592738 0.8369365608 2.4084350581 -3.4858599250 -12.1043812252 1.8622815524 -3.8005325352
1784244766.7148427963 -0.8568743634 0.3761918194 0.8380768635 2.4063897504 -3.4247265063 -12.0878596010 1.8716471940 -3.8336075413
1784244766.7229876518 -0.8592483813 0.3749972149 0.8390803299 2.4043444427 -3.2031972494 -11.9056734101 1.8581004415 -3.8006721236
1784244766.7310063839 -0.8621337261 0.3734768092 0.8404486931 2.4017025869 -3.5477488142 -11.9776031193 1.8842095354 -3.8711986393
1784244766.7407121658 -0.8644712207 0.3723636550 0.8413153231 2.3996572792 -3.4186394617 -11.9803132849 1.9593445021 -3.9094924106
1784244766.7489409447 -0.8669548086 0.3712776509 0.8421363411 2.3975267503 -3.4595026843 -11.9003747200 1.9614032682 -3.9233110456
1784244766.7587144375 -0.8693653499 0.3701373466 0.8432310317 2.3953110003 -3.3279236130 -11.9009191472 1.9405162164 -3.9543043904
1784244766.7667887211 -0.8722872180 0.3689155920 0.8443713343 2.3928395868 -3.2822560511 -11.9552341682 1.9683172984 -3.9673439645
1784244766.7748587132 -0.8746977593 0.3679653384 0.8452379644 2.3907090579 -3.3242805336 -11.8879099137 1.9623104687 -3.9441820193
1784244766.7829651833 -0.8770717771 0.3669879347 0.8461502065 2.3883228656 -3.3301369978 -11.8702350857 1.9167803837 -3.9635560481
1784244766.7909567356 -0.8794457950 0.3660919813 0.8471992850 2.3861923367 -3.1692241707 -11.8540637997 1.8866536902 -3.9593019703
1784244766.7989456654 -0.8823676632 0.3650602774 0.8483851998 2.3835504809 -3.1874643966 -11.8995661498 1.8792179487 -3.9333366011
1784244766.8069512844 -0.8842303542 0.3644358251 0.8491606056 2.3815903943 -3.2232656443 -11.8593637975 1.8377540847 -3.9284170176
1784244766.8148479462 -0.8870426523 0.3635127216 0.8504377446 2.3790337597 -3.3823238839 -11.8379221112 1.8248956384 -3.9611620792
1784244766.8228137493 -0.8887957732 0.3629154193 0.8510763141 2.3772441154 -3.2978976828 -11.8444362640 1.8378876456 -3.9809570725
1784244766.8308289051 -0.8911332677 0.3622366668 0.8519429442 2.3751135866 -3.2799058316 -11.8178493036 1.8623809057 -3.9999316884
1784244766.8388192654 -0.8933977155 0.3615307641 0.8527639621 2.3728978365 -3.2193748893 -11.8309506475 1.8634975502 -4.0167923963
1784244766.8468053341 -0.8957352101 0.3609063117 0.8536305922 2.3706820865 -3.2495833710 -11.8779545473 1.9093523321 -4.0678432698
1784244766.8548378944 -0.8980361813 0.3603633097 0.8542691617 2.3685515577 -3.2434316406 -11.7871897472 1.9379915708 -4.0900304977
1784244766.8628127575 -0.9003006291 0.3597388573 0.8550445675 2.3663358076 -3.2236834998 -11.7019619139 1.9267183949 -4.0963071296
1784244766.8708057404 -0.9026016003 0.3591687052 0.8558199733 2.3641200576 -3.2484933023 -11.7022726843 1.9340646500 -4.0951651900
1784244766.8788428307 -0.9048660481 0.3586528532 0.8565041549 2.3618190864 -2.9696129599 -11.6802022328 1.9280293294 -4.0777626144
1784244766.8868017197 -0.9072765893 0.3581913015 0.8571883366 2.3596033364 -2.9684254696 -11.8120820752 1.9527578174 -4.1020909274
1784244766.8948037624 -0.9095775605 0.3577840500 0.8578725182 2.3572171441 -3.1298394871 -11.7747594130 1.9434092279 -4.0848145309
1784244766.9028012753 -0.9117324383 0.3573767984 0.8585566998 2.3549161729 -3.2482508591 -11.7176098404 1.9620776228 -4.0814612278
1784244766.9088425636 -0.9138873161 0.3569695469 0.8591496572 2.3526152017 -3.1563285745 -11.6766299910 1.9771522713 -4.0691497893
1784244766.9168136120 -0.9156039136 0.3566708958 0.8595601661 2.3508255574 -3.1721161838 -11.6594776241 1.9687081387 -4.0812590237
1784244766.9250030518 -0.9177587914 0.3563450945 0.8601987357 2.3485245863 -3.1669842841 -11.6769797403 1.9769261530 -4.0953732352
1784244766.9348094463 -0.9203884727 0.3559378430 0.8608829173 2.3456270670 -3.2809361957 -11.7262796307 2.0425213884 -4.0697835879
1784244766.9428238869 -0.9225798739 0.3557206422 0.8612478141 2.3430704323 -3.3553738252 -11.6872633874 2.0824278634 -4.1164241493
1784244766.9508168697 -0.9246251816 0.3554762913 0.8616583231 2.3409399035 -3.3899512016 -11.5908354241 2.0898259297 -4.1322207596
1784244766.9588043690 -0.9266704893 0.3552319403 0.8620688321 2.3384684900 -3.2425507524 -11.5951823777 2.1237917056 -4.1282534349
1784244766.9668424129 -0.9288253671 0.3550418896 0.8623881168 2.3360822976 -3.2600035518 -11.6001084775 2.1480618710 -4.1546610934
1784244766.9748444557 -0.9308706748 0.3549061391 0.8627074016 2.3337813265 -3.2366114193 -11.6023691940 2.1576164203 -4.1705354469
1784244766.9828100204 -0.9329159825 0.3547975387 0.8629810742 2.3314803553 -3.2094256411 -11.5959015239 2.1983662693 -4.1955662844
1784244766.9908061028 -0.9349978136 0.3546889383 0.8631635226 2.3290941629 -3.2023157427 -11.5577508879 2.2607352603 -4.1629423147
1784244766.9988443851 -0.9369700746 0.3546074880 0.8632091347 2.3267079706 -3.2866305915 -11.6138173882 2.3078168379 -4.1413584165
1784244767.0068156719 -0.9389423356 0.3546074880 0.8633003590 2.3242365571 -3.2478289360 -11.6201160387 2.3537199159 -4.1422356210
1784244767.0148119926 -0.9409145966 0.3546074880 0.8633003590 2.3218503648 -3.2568055915 -11.6151155243 2.3747189303 -4.1584720614
1784244767.0228574276 -0.9428138109 0.3546346381 0.8633459711 2.3194641724 -3.2396718970 -11.5466285107 2.3866564440 -4.1544803118
1784244767.0308532715 -0.9447860719 0.3546346381 0.8633459711 2.3169927589 -3.1062787261 -11.4693357521 2.4031614979 -4.1686668649
1784244767.0388066769 -0.9467948563 0.3546617882 0.8633003590 2.3146917878 -3.2014370807 -11.4386781973 2.3967017412 -4.1989569442
1784244767.0467717648 -0.9486210239 0.3546889383 0.8633459711 2.3123908166 -3.2043496474 -11.3863810351 2.3912949836 -4.1912383975
1784244767.0548422337 -0.9504837149 0.3547432385 0.8633459711 2.3099194031 -3.2206108822 -11.3448759436 2.3905651679 -4.1749888256
1784244767.0627689362 -0.9523464058 0.3548246888 0.8633003590 2.3074479896 -3.1477843800 -11.2475823071 2.3726342352 -4.2093924977
1784244767.0708239079 -0.9542090968 0.3548246888 0.8633003590 2.3051470184 -3.0951396644 -11.1032571786 2.3471328331 -4.2600444066
1784244767.0788052082 -0.9560717877 0.3548246888 0.8633003590 2.3029312684 -3.0157518678 -10.9951898770 2.3203697641 -4.2656332411
1784244767.0868046284 -0.9579710020 0.3548246888 0.8633003590 2.3004598549 -3.0983618307 -10.9030396012 2.2947301632 -4.2722221814
1784244767.0948197842 -0.9597241229 0.3548246888 0.8633003590 2.2981588837 -3.2040562053 -10.8600554390 2.2804232741 -4.2911399900
1784244767.1028494835 -0.9614041971 0.3548518389 0.8632547469 2.2958579125 -3.2198415698 -10.7971983453 2.2536589991 -4.2904075977
1784244767.1108191013 -0.9631573180 0.3548789890 0.8633003590 2.2934717202 -3.2364523225 -10.7510390010 2.2411263828 -4.3015904296
1784244767.1189055443 -0.9648373922 0.3549061391 0.8632547469 2.2911707490 -3.0523297872 -10.7045178794 2.2312074678 -4.2599608365
1784244767.1268620491 -0.9666270365 0.3548789890 0.8633003590 2.2886141144 -3.0082755703 -10.5964043142 2.1824910718 -4.2508460801
1784244767.1348505020 -0.9683071107 0.3549332892 0.8633003590 2.2863131432 -3.0311952763 -10.5155109961 2.1569053871 -4.2572776674
1784244767.1446683407 -0.9699506615 0.3549332892 0.8633003590 2.2839269509 -2.8440305699 -10.5094197381 2.1440946394 -4.2049527042
1784244767.1527676582 -0.9719229225 0.3549875894 0.8633003590 2.2809442104 -3.1272217752 -10.4509258989 2.1193188482 -4.2565391847
1784244767.1607704163 -0.9735664734 0.3550147395 0.8632547469 2.2785580181 -3.1571246323 -10.3769963507 2.0853868711 -4.2786723586
1784244767.1688723564 -0.9751369775 0.3550418896 0.8633003590 2.2762570469 -3.0798314224 -10.3053325366 2.0852828539 -4.2815611597
1784244767.1768107414 -0.9767440050 0.3550690397 0.8631635226 2.2738708546 -2.9749067362 -10.2694889311 2.0871947780 -4.2686509336
1784244767.1848642826 -0.9783145092 0.3551504900 0.8631179105 2.2716551045 -2.9430579652 -10.2688564378 2.0429071158 -4.3240604335
1784244767.1929457188 -0.9798850133 0.3552047902 0.8631179105 2.2692689122 -2.7615046212 -10.2373866094 2.0318497114 -4.2884388492
1784244767.2027719021 -0.9814189941 0.3552590904 0.8631179105 2.2668827199 -2.7651216754 -10.1770923881 1.9908224564 -4.2746231976
1784244767.2107777596 -0.9832086383 0.3553405407 0.8630722984 2.2640704218 -3.0642775203 -10.1202465164 1.9685349314 -4.3017411254
1784244767.2188124657 -0.9846330491 0.3554219910 0.8629354621 2.2615990083 -3.0784033584 -10.0040399295 1.9746891849 -4.2977159979
1784244767.2268068790 -0.9860209364 0.3554491412 0.8627986258 2.2592128159 -2.9453524117 -9.9793377125 1.9752183193 -4.2757689139
1784244767.2348632812 -0.9874088238 0.3555848917 0.8626617895 2.2569970659 -3.0462790254 -9.9440118986 1.9423088628 -4.3122102545
1784244767.2446732521 -0.9887236645 0.3556391919 0.8625705652 2.2546108736 -3.0481764815 -9.8955073154 1.9106515235 -4.3421450895
1784244767.2527728081 -0.9903306920 0.3557477923 0.8624793410 2.2518837966 -3.1058768316 -9.9026112066 1.8987484317 -4.3399987516
1784244767.2607681751 -0.9915724860 0.3558563927 0.8622968926 2.2494976043 -2.9855022846 -9.9063525468 1.8903875444 -4.2980383424
1784244767.2688369751 -0.9928142799 0.3559921432 0.8623425047 2.2471114119 -2.9714107709 -9.9024135110 1.8227535976 -4.2730916073
1784244767.2769851685 -0.9940195505 0.3561007436 0.8622512805 2.2446399985 -2.9519410030 -9.8322854493 1.7905878009 -4.2433845127
1784244767.2867147923 -0.9952613445 0.3562364941 0.8621144442 2.2423390273 -2.9634129878 -9.6821742546 1.7499041696 -4.2790322596
1784244767.2948865891 -0.9966857553 0.3563179444 0.8619776078 2.2395267292 -2.9816406716 -9.6360387032 1.7445119586 -4.3007653355
1784244767.3028595448 -0.9978910259 0.3564265448 0.8617951594 2.2371405368 -3.0006590968 -9.5803939447 1.7326405365 -4.3186094483
1784244767.3109879494 -0.9989502031 0.3565351452 0.8616127110 2.2349247868 -3.0632908448 -9.5810037966 1.7071983638 -4.3173026178
1784244767.3189637661 -1.0002285204 0.3566708958 0.8614758747 2.2321124887 -3.0543720731 -9.4964731132 1.6768527934 -4.3560570500
1784244767.3269195557 -1.0012876976 0.3567794962 0.8612934262 2.2298115175 -2.9570304756 -9.4851266220 1.6521608195 -4.3494348494
1784244767.3349061012 -1.0021642581 0.3568880966 0.8612022020 2.2279366521 -2.8229143919 -9.4363936103 1.6157518092 -4.3190582513
1784244767.3428630829 -1.0032234353 0.3569695469 0.8610653657 2.2257209021 -2.7270593654 -9.4071648092 1.5592717923 -4.3345242982
1784244767.3508255482 -1.0042826125 0.3571052974 0.8610197536 2.2235903732 -2.6903765264 -9.3264989808 1.5163151519 -4.3765546927
1784244767.3588125706 -1.0053052663 0.3571867477 0.8608829173 2.2215450655 -2.7430820586 -9.3115668257 1.4794488549 -4.4223298378
1784244767.3667745590 -1.0062548735 0.3573224982 0.8607460809 2.2193293155 -2.7866215390 -9.3195123753 1.4712659770 -4.4479642359
1784244767.3750057220 -1.0071679573 0.3574582487 0.8605180204 2.2171987866 -2.8945901883 -9.2708532547 1.4726793590 -4.4872722286
1784244767.3829648495 -1.0081906112 0.3576211493 0.8601531235 2.2146421519 -2.9656173632 -9.2937116581 1.4912177933 -4.5306751348
1784244767.3909099102 -1.0088115081 0.3577568999 0.8599250630 2.2131081711 -2.8780566817 -9.2954540050 1.4840765608 -4.4972374463
1784244767.3988656998 -1.0096150219 0.3579198005 0.8596513904 2.2109776423 -2.8642843990 -9.3201270109 1.4572147487 -4.4657861726
1784244767.4069986343 -1.0103454889 0.3581098512 0.8594233298 2.2088471134 -2.7880817948 -9.3423553922 1.4543979537 -4.4225295799
1784244767.4167380333 -1.0112220494 0.3584085023 0.8590128209 2.2062904788 -3.0259333874 -9.3705665888 1.4312920631 -4.4943794184
1784244767.4248716831 -1.0118794697 0.3586257031 0.8586479240 2.2042451710 -3.0840545277 -9.3684551274 1.4199124798 -4.5144806310
1784244767.4328160286 -1.0124638434 0.3588972042 0.8582830271 2.2021998633 -3.0066936722 -9.4126159872 1.4224034300 -4.5081331566
1784244767.4407742023 -1.0130847403 0.3591687052 0.8578269061 2.2000693344 -2.9011556145 -9.3999125800 1.4149435526 -4.4922037325
1784244767.4488089085 -1.0137056373 0.3594130561 0.8574163971 2.1980240267 -2.8549998376 -9.3288532377 1.3859189278 -4.5135100092
1784244767.4567749500 -1.0142900110 0.3596574070 0.8570058881 2.1960639402 -2.7479073796 -9.3391663587 1.3481685653 -4.5360584307
1784244767.4647731781 -1.0149109079 0.3599289081 0.8566409913 2.1941038536 -2.7485121612 -9.3449000814 1.3115004752 -4.5386088075
1784244767.4729046822 -1.0154587582 0.3602004091 0.8562760944 2.1920585459 -2.7573225940 -9.3173990578 1.2715214130 -4.5290276263
1784244767.4810101986 -1.0161161786 0.3604990602 0.8557743612 2.1895871324 -2.6923840992 -9.3395931142 1.2577510702 -4.5178262899
1784244767.4908800125 -1.0166275055 0.3608248614 0.8552270159 2.1874566035 -2.6384727993 -9.3401765822 1.2374826166 -4.5432100866
1784244767.4989564419 -1.0172118791 0.3611506627 0.8546796706 2.1850704112 -2.7004006600 -9.3415127997 1.2143900486 -4.5306492763
1784244767.5087676048 -1.0175405893 0.3613950136 0.8542691617 2.1833659881 -2.6626376968 -9.3660292747 1.2275707360 -4.4762570194
1784244767.5169689655 -1.0180519162 0.3617751150 0.8534481437 2.1808093534 -2.7239568673 -9.4347712470 1.2026608226 -4.4485421777
1784244767.5250058174 -1.0184536731 0.3622366668 0.8528551863 2.1783379400 -2.7121878213 -9.4319832039 1.1558522026 -4.4507019065
1784244767.5330138206 -1.0187823833 0.3625896181 0.8522622289 2.1762926322 -2.6817733507 -9.4655365610 1.1364298481 -4.4692546867
1784244767.5427815914 -1.0190745701 0.3629425694 0.8516692715 2.1743325457 -2.6075669417 -9.4824894304 1.1074965166 -4.5024218304
1784244767.5509161949 -1.0193667569 0.3633226709 0.8510307020 2.1723724591 -2.5812434224 -9.5046565755 1.0860412955 -4.4919281027
1784244767.5589480400 -1.0196224204 0.3637027723 0.8503921325 2.1703271514 -2.5570954216 -9.5581073535 1.0744755861 -4.5052049053
1784244767.5688197613 -1.0198415605 0.3641100238 0.8497079509 2.1685375071 -2.5592356892 -9.5819733431 1.0853101673 -4.5286319752
1784244767.5768523216 -1.0200607006 0.3645987257 0.8487957088 2.1662365360 -2.5441014925 -9.5696172125 1.0569680196 -4.5279346103
1784244767.5849487782 -1.0202433174 0.3649788271 0.8481571393 2.1643616706 -2.5242837063 -9.5774079672 1.0094212946 -4.5428582371
1784244767.5947299004 -1.0203528874 0.3653860786 0.8474729577 2.1624868051 -2.4302383722 -9.6684437133 0.9738656501 -4.5633282522
1784244767.6029069424 -1.0205355042 0.3659290807 0.8466519397 2.1603562763 -2.3836591658 -9.6820623568 0.9179628389 -4.6039189951
1784244767.6109936237 -1.0206815976 0.3663634823 0.8459221460 2.1585666320 -2.3522484366 -9.6566189571 0.8694278379 -4.6164461197
1784244767.6207160950 -1.0207911676 0.3668793343 0.8450555160 2.1564361031 -2.3655108297 -9.7102344787 0.8587485550 -4.6529502580
1784244767.6288042068 -1.0207911676 0.3673680361 0.8441432738 2.1547316801 -2.3209827270 -9.7623847200 0.8368733924 -4.6488526433
1784244767.6368770599 -1.0208276910 0.3678295879 0.8433678680 2.1529420358 -2.2834321042 -9.8245814578 0.8015256413 -4.6287730868
1784244767.6467230320 -1.0208276910 0.3684268901 0.8423644016 2.1507262858 -2.2013212444 -9.8114320213 0.7558065588 -4.6051888591
1784244767.6547832489 -1.0208642143 0.3688884419 0.8415889958 2.1488514204 -2.1121724679 -9.8522007821 0.7154925816 -4.5799828643
1784244767.6628155708 -1.0208642143 0.3693771437 0.8407679779 2.1470617761 -2.0052429434 -9.9055129186 0.6988992638 -4.5802302070
1784244767.6708528996 -1.0209007377 0.3698658455 0.8398557357 2.1453573530 -1.9726907161 -9.9800362376 0.7017212162 -4.5572525354
1784244767.6788485050 -1.0209007377 0.3703816975 0.8389891057 2.1435677088 -1.8894662111 -10.0465684467 0.6994376284 -4.5503360769
1784244767.6869015694 -1.0208642143 0.3709246995 0.8379856393 2.1419485068 -1.7583813034 -10.0586951113 0.6677505582 -4.5682781206
1784244767.6967570782 -1.0208642143 0.3714405515 0.8370277850 2.1401588626 -1.6190009800 -10.0014817410 0.5846986572 -4.5971353532
1784244767.7048501968 -1.0209007377 0.3720107036 0.8360699308 2.1381987760 -1.5895058834 -10.0827942467 0.5741896751 -4.5863975233
1784244767.7128760815 -1.0209007377 0.3725808558 0.8352033007 2.1366647952 -1.4448404339 -10.1738820613 0.4913187256 -4.6698725462
1784244767.7209165096 -1.0209007377 0.3731238578 0.8341998344 2.1350455933 -1.4126059900 -10.2419624369 0.4875376814 -4.6513612705
1784244767.7289557457 -1.0208642143 0.3736940100 0.8331507559 2.1333411702 -1.3113119220 -10.3176215780 0.4691688872 -4.6244159251
1784244767.7369065285 -1.0208276910 0.3742913122 0.8321472895 2.1317219682 -1.2259211361 -10.2386836128 0.4348288107 -4.6144147014
1784244767.7449545860 -1.0208276910 0.3747800141 0.8311438232 2.1301027663 -1.1158354270 -10.2847869907 0.3638909453 -4.6097955716
1784244767.7529635429 -1.0208276910 0.3753501662 0.8302771931 2.1284835643 -1.0014382111 -10.3601324165 0.3148249084 -4.5892487835
1784244767.7627348900 -1.0208276910 0.3759203184 0.8292281146 2.1267791412 -0.9039732977 -10.4934401374 0.2801436842 -4.6075129781
1784244767.7707822323 -1.0208276910 0.3766533712 0.8279965877 2.1249042758 -0.8063806567 -10.5341425006 0.2608847562 -4.6119373818
1784244767.7789154053 -1.0208276910 0.3772778235 0.8268562851 2.1232850739 -0.7756319340 -10.6112768481 0.2667671424 -4.5907338547
1784244767.7887294292 -1.0207911676 0.3779022759 0.8257159824 2.1217510931 -0.6060479277 -10.5380642047 0.2028543489 -4.6127990945
1784244767.7967596054 -1.0207911676 0.3786081785 0.8244388434 2.1199614489 -0.5032418925 -10.6347850306 0.1515549300 -4.6687319383
1784244767.8048737049 -1.0207911676 0.3792597810 0.8232529286 2.1184274681 -0.4386631387 -10.7366025103 0.1107933803 -4.6667044110
1784244767.8127777576 -1.0207546443 0.3799113834 0.8220670138 2.1168934873 -0.3255176068 -10.8034826178 0.0507024240 -4.6787917941
1784244767.8208143711 -1.0207546443 0.3805629859 0.8209723232 2.1154447276 -0.2198302419 -10.8847357100 0.0107080865 -4.6879026117
1784244767.8287794590 -1.0207546443 0.3812417385 0.8197407963 2.1139959680 -0.1549411541 -10.9367125421 -0.0304256518 -4.6734147426
1784244767.8368873596 -1.0207181209 0.3818933409 0.8185548815 2.1124619872 -0.0774530193 -11.0023640585 -0.0568217757 -4.6537954541
1784244767.8448228836 -1.0207181209 0.3825720935 0.8173233546 2.1109280064 -0.0587948559 -11.1035543367 -0.0789224550 -4.6340689806
1784244767.8528192043 -1.0206450742 0.3832779962 0.8160462156 2.1093940257 0.0691626770 -11.1745758075 -0.0935965431 -4.6390446548
1784244767.8608589172 -1.0206450742 0.3839567487 0.8147234645 2.1079452660 0.2006694388 -11.2119996480 -0.1245544980 -4.6538352798
1784244767.8688220978 -1.0206450742 0.3846626514 0.8134463254 2.1065817275 0.1693897281 -11.2309883048 -0.1614321876 -4.6302530289
1784244767.8768153191 -1.0205355042 0.3853142538 0.8121691864 2.1050477468 0.2789669395 -11.2886043093 -0.1966452214 -4.6494193436
1784244767.8847856522 -1.0204989808 0.3860201565 0.8108008232 2.1036842083 0.4000046285 -11.3879529853 -0.2217110071 -4.6568138928
1784244767.8928823471 -1.0204624575 0.3867532093 0.8093868479 2.1023206698 0.4312549292 -11.4881912966 -0.2332357613 -4.6704475126
1784244767.9008719921 -1.0203894108 0.3875134121 0.8079272604 2.1009571313 0.4795536225 -11.5451027189 -0.2667991453 -4.6975506140
1784244767.9108276367 -1.0203163641 0.3882464649 0.8065132851 2.0995935928 0.5510750136 -11.5954615026 -0.2898954652 -4.7201190568
1784244767.9188165665 -1.0202433174 0.3891424183 0.8046431887 2.0980596121 0.6383483282 -11.7224546090 -0.3203376445 -4.7682061197
1784244767.9267725945 -1.0201337473 0.3899297712 0.8031379891 2.0968665159 0.7278984325 -11.7543762935 -0.3484269417 -4.7464824393
1784244767.9348151684 -1.0200607006 0.3906356739 0.8015871775 2.0954177563 0.7993194945 -11.8265260008 -0.3840469684 -4.7437116215
1784244767.9428169727 -1.0199511305 0.3914230269 0.7999907537 2.0941394389 0.8306824678 -11.9989934980 -0.3897861730 -4.7346549773
1784244767.9508144855 -1.0198415605 0.3922646801 0.7983031058 2.0928611216 0.9137773896 -11.9273568727 -0.4163059169 -4.6980808023
1784244767.9588167667 -1.0197319904 0.3929162825 0.7966610699 2.0914123620 1.0226824933 -11.9556691968 -0.4345930769 -4.6690362176
1784244767.9668226242 -1.0196589437 0.3937036355 0.7948821977 2.0900488235 1.1285869759 -12.0738345752 -0.4282317729 -4.6569637316
1784244767.9748320580 -1.0195493737 0.3944638384 0.7929664892 2.0886000639 1.2214884964 -12.0226991544 -0.3922671221 -4.6263808548
1784244767.9827821255 -1.0194763270 0.3951154408 0.7910507807 2.0872365254 1.2476372528 -12.0358783489 -0.4037830305 -4.6173417261
1784244767.9907736778 -1.0193302336 0.3958213435 0.7891350721 2.0858729869 1.3089425875 -12.1956622841 -0.3685626805 -4.6396747871
1784244767.9987199306 -1.0192206635 0.3966086965 0.7869913031 2.0846798907 1.4284308788 -12.1669107657 -0.3654222984 -4.6647110277
1784244768.0068156719 -1.0191476168 0.3972602989 0.7849843704 2.0834015734 1.4802743048 -12.1265559627 -0.4267776243 -4.6718753003
1784244768.0147876740 -1.0190015234 0.3979119014 0.7829774376 2.0822084772 1.5948472936 -12.3385094843 -0.4220859508 -4.6961972891
1784244768.0229198933 -1.0189284767 0.3986992543 0.7807424444 2.0809301599 1.6986244312 -12.3790887061 -0.4018379546 -4.7116728832
1784244768.0328192711 -1.0188554300 0.3993780069 0.7785074511 2.0797370638 1.6563719258 -12.4404152703 -0.3646330298 -4.6840560889
1784244768.0409078598 -1.0185997665 0.4002196601 0.7758163367 2.0781178618 1.6781853909 -12.5761074254 -0.3715712520 -4.7079076124
1784244768.0488185883 -1.0184536731 0.4010070130 0.7732164466 2.0770099868 1.7563318777 -12.4794018194 -0.3421546709 -4.6815398289
1784244768.0568556786 -1.0182710563 0.4015500151 0.7708446170 2.0757316695 1.7145698559 -12.5708725748 -0.3675702400 -4.6685732174
1784244768.0649185181 -1.0180153929 0.4022830679 0.7684271753 2.0744533522 1.8016561618 -12.7536182544 -0.3316050568 -4.6813119863
1784244768.0747315884 -1.0178692995 0.4030161206 0.7656448368 2.0732602560 1.9242075629 -12.6418213455 -0.3073697018 -4.6201176029
1784244768.0828399658 -1.0176501594 0.4037220233 0.7624519892 2.0714706117 1.9126686318 -12.6957275217 -0.3104901001 -4.6093799521
1784244768.0908391476 -1.0173944959 0.4044279260 0.7596240386 2.0702775156 2.0093299835 -12.7277679614 -0.2986264909 -4.6274172867
1784244768.0988306999 -1.0172118791 0.4050252282 0.7567960879 2.0689991982 2.1131360364 -12.6938247570 -0.3194181854 -4.5852412786
1784244768.1068334579 -1.0170292624 0.4055953804 0.7540137494 2.0676356598 2.2035939426 -12.9146429823 -0.3210818984 -4.6245936482
1784244768.1150138378 -1.0168466456 0.4063284331 0.7510489624 2.0666130059 2.1929156940 -12.9018928110 -0.3496731150 -4.6457736578
1784244768.1248953342 -1.0165544588 0.4070343358 0.7474912180 2.0649938040 2.2637028387 -12.9032547918 -0.3701862339 -4.6336061909
1784244768.1328394413 -1.0163353187 0.4076044879 0.7444352068 2.0638859289 2.2959104901 -13.0418894358 -0.3272325942 -4.6842388505
1784244768.1408419609 -1.0160796552 0.4082289403 0.7411967471 2.0627780539 2.3070001845 -12.9930878338 -0.3365719411 -4.6835776005
1784244768.1488168240 -1.0158239917 0.4086633419 0.7381863480 2.0615849578 2.3815228538 -13.0209902908 -0.3558655719 -4.6937436147
1784244768.1568667889 -1.0155683283 0.4092334941 0.7350391126 2.0605623039 2.4404232554 -13.1298859232 -0.3490748870 -4.7136881281
1784244768.1649529934 -1.0153126648 0.4098307963 0.7316638167 2.0594544289 2.4652098669 -13.0612274752 -0.3596591230 -4.6964716742
1784244768.1730067730 -1.0149839547 0.4102651980 0.7283797449 2.0582613327 2.4026913513 -13.0531918941 -0.3912610954 -4.7392306532
1784244768.1827290058 -1.0145456744 0.4108625002 0.7244571037 2.0570682366 2.5344136862 -13.0753677639 -0.4569684073 -4.7613483467
1784244768.1907112598 -1.0142900110 0.4112969019 0.7210818077 2.0559603615 2.6575744548 -13.1142396512 -0.5061402780 -4.7694710265
1784244768.1970152855 -1.0140343475 0.4117041534 0.7177521239 2.0549377077 2.6776714500 -13.1816523411 -0.5406289502 -4.7600185860
1784244768.2049870491 -1.0137056373 0.4121385550 0.7144680521 2.0537446115 2.6682928810 -13.2422395699 -0.5868367421 -4.7315954903
1784244768.2129676342 -1.0133404038 0.4125458066 0.7109559199 2.0526367365 2.7036075944 -13.2573563806 -0.6055860952 -4.7192793983
1784244768.2226824760 -1.0130847403 0.4128716078 0.7081279692 2.0516993038 2.6346395472 -13.2908680523 -0.5380554787 -4.6982038368
1784244768.2306866646 -1.0125003667 0.4131974090 0.7038404311 2.0502505442 2.5435230161 -13.1822449443 -0.5798791528 -4.6661091930
1784244768.2388360500 -1.0120620865 0.4135503604 0.7001458504 2.0490574480 2.6136039291 -13.2021083554 -0.5606957385 -4.7031842712
1784244768.2468905449 -1.0116603296 0.4138218614 0.6963144333 2.0480347941 2.6250674211 -13.1741020067 -0.5479535924 -4.7046659866
1784244768.2548882961 -1.0111855260 0.4140662123 0.6924374042 2.0469269191 2.5921784233 -13.1863788500 -0.5749213294 -4.7338688436
1784244768.2629115582 -1.0106741991 0.4143105632 0.6886515993 2.0459042653 2.6280143123 -13.1508477058 -0.5997955343 -4.7523355807
1784244768.2727334499 -1.0101993955 0.4144734639 0.6848201823 2.0447963903 2.7179528869 -13.2542033774 -0.6175703037 -4.7884528214
1784244768.2808287144 -1.0096150219 0.4147178148 0.6800309110 2.0436032941 2.6661033206 -13.2942753184 -0.5912133171 -4.7750554535
1784244768.2889215946 -1.0090671716 0.4147992651 0.6762451060 2.0424954191 2.7458193647 -13.1994610222 -0.7416276238 -4.7836743930
1784244768.2969789505 -1.0085558447 0.4149350156 0.6722768527 2.0414727652 2.7361025932 -13.2912946145 -0.7201526766 -4.7761890907
1784244768.3049192429 -1.0078619010 0.4150436160 0.6673507451 2.0401092267 2.6766488977 -13.1585953607 -0.7897840946 -4.7673321156
1784244768.3128809929 -1.0073870974 0.4150707661 0.6642035097 2.0392570152 2.6683411544 -13.2594270977 -0.8120815189 -4.7676513518
1784244768.3209710121 -1.0067662004 0.4151522164 0.6600528079 2.0381491402 2.6457732632 -13.2387739749 -0.8004947442 -4.7285184273
1784244768.3289613724 -1.0061453034 0.4151522164 0.6558564940 2.0369560440 2.7106866993 -13.3027276536 -0.7761336570 -4.7134692468
1784244768.3388206959 -1.0055609298 0.4152065166 0.6516601801 2.0359333901 2.7375607322 -13.3299089825 -0.8272295487 -4.6923701926
1784244768.3468887806 -1.0047939394 0.4152065166 0.6466428483 2.0344846305 2.8768226737 -13.2794744112 -0.8948872191 -4.6612461688
1784244768.3549258709 -1.0042460891 0.4151522164 0.6424465344 2.0332915343 2.9368713239 -13.4348609599 -0.9797123516 -4.6480794320
1784244768.3630247116 -1.0036617155 0.4152065166 0.6383414447 2.0320984382 2.9014649976 -13.5242098093 -1.0340088512 -4.6703241362
1784244768.3727257252 -1.0028582018 0.4151250663 0.6331872765 2.0308201209 2.9941696394 -13.4776646596 -1.1388861312 -4.7046527452
1784244768.3807377815 -1.0023103515 0.4150707661 0.6288997384 2.0297122458 3.0529635378 -13.5545668975 -1.1796434328 -4.7388368497
1784244768.3888251781 -1.0016894545 0.4150164659 0.6244297519 2.0286895920 3.0595599144 -13.4840072810 -1.2112473094 -4.7878325259
1784244768.3968315125 -1.0010685575 0.4148535653 0.6199597654 2.0277521593 2.9750750754 -13.4955831407 -1.1809577814 -4.7971465994
1784244768.4048647881 -1.0004111372 0.4147992651 0.6153985546 2.0268999477 2.8944617958 -13.5508157267 -1.1496348232 -4.8686518057
1784244768.4128363132 -0.9996441468 0.4146092144 0.6107005075 2.0259625150 2.8033126458 -13.6734013863 -1.0944821206 -4.9078531635
1784244768.4207952023 -0.9988771564 0.4145549142 0.6058656241 2.0251103035 2.7720155472 -13.6146366809 -1.0790548288 -4.8911081515
1784244768.4288270473 -0.9981101660 0.4143377133 0.6011219650 2.0240024285 2.7475945897 -13.6749241867 -1.0566710447 -4.8808288207
1784244768.4367909431 -0.9973066522 0.4142019628 0.5962414695 2.0230649958 2.7722796817 -13.6839189125 -1.0787755612 -4.8560295563
1784244768.4447870255 -0.9965396618 0.4139847620 0.5913153618 2.0219571207 2.8247366002 -13.7879882005 -1.0966278236 -4.8179247910
1784244768.4528248310 -0.9957726715 0.4138761616 0.5862980300 2.0208492457 2.8355105942 -13.8822034091 -1.1588676892 -4.7870911422
1784244768.4607844353 -0.9949691577 0.4137404111 0.5815087587 2.0196561496 2.8616264829 -13.8458246339 -1.2231079518 -4.7849536306
1784244768.4688327312 -0.9942021673 0.4134960602 0.5765370390 2.0185482745 2.8979410061 -13.9790934204 -1.2510703742 -4.7620402511
1784244768.4768679142 -0.9934351769 0.4133603097 0.5714740951 2.0174403995 2.8861025470 -13.9751518218 -1.3053550967 -4.7491971189
1784244768.4848222733 -0.9925951398 0.4131431088 0.5665479875 2.0162473034 2.8872722806 -14.0450814288 -1.3224012922 -4.7432556963
1784244768.4928245544 -0.9917916261 0.4129259080 0.5614394314 2.0151394284 2.8973937570 -14.0337489953 -1.3602418833 -4.7241928871
1784244768.5008282661 -0.9909881123 0.4127087072 0.5563308754 2.0138611110 2.8868049260 -14.0423512087 -1.3605730837 -4.7371633345
1784244768.5088777542 -0.9901480752 0.4124372062 0.5510398709 2.0127532360 2.8602992517 -13.9236045575 -1.3757434044 -4.7520374786
1784244768.5168328285 -0.9892715148 0.4120299546 0.5457944785 2.0115601398 2.8916653613 -13.9949814383 -1.3727238887 -4.7847574143
1784244768.5248241425 -0.9884314777 0.4117584536 0.5404122499 2.0105374860 2.8249737860 -13.9683949273 -1.3659338283 -4.8019927364
1784244768.5328309536 -0.9875183939 0.4113512021 0.5348931848 2.0094296110 2.7457069972 -13.9152109521 -1.2949878475 -4.7877373511
1784244768.5408308506 -0.9866418334 0.4108896503 0.5293741198 2.0084921783 2.8609415605 -13.9174048990 -1.3578096050 -4.8966943187
1784244768.5488297939 -0.9857652730 0.4104552487 0.5238094427 2.0074695244 2.8732363437 -13.9154526055 -1.3814392747 -4.9400678958
1784244768.5567257404 -0.9848521892 0.4100208471 0.5182447656 2.0065320917 2.8775584778 -13.8773948313 -1.4020081240 -4.9556842039
1784244768.5647363663 -0.9839756287 0.4094778450 0.5126800885 2.0055094379 2.8601731177 -13.8171162941 -1.4330274087 -4.9563208075
1784244768.5728297234 -0.9830260216 0.4089076929 0.5067961266 2.0044015628 2.8001755077 -13.8169452826 -1.4613673517 -4.9268783290
1784244768.5808289051 -0.9820398911 0.4083375407 0.5010946132 2.0032084667 2.7399842191 -13.7300579184 -1.4523500998 -4.9114156318
1784244768.5889205933 -0.9810537606 0.4076859382 0.4951650392 2.0021005917 2.6654372271 -13.6902359243 -1.4274931484 -4.9012792027
1784244768.5969746113 -0.9800311067 0.4070343358 0.4891442410 2.0009074955 2.6448728647 -13.7236092731 -1.4178029588 -4.8875643703
1784244768.6067526340 -0.9790449762 0.4064098834 0.4831690549 1.9997143993 2.5297264252 -13.6660388263 -1.3012616836 -4.8588625967
1784244768.6147887707 -0.9779492756 0.4055682303 0.4759167298 1.9983508608 2.8416290088 -13.6602759080 -1.5049120563 -4.8517423551
1784244768.6227927208 -0.9770361918 0.4048623276 0.4702608285 1.9970725435 2.8999850132 -13.6743050917 -1.6023577725 -4.8578804175
1784244768.6308343410 -0.9761231080 0.4041021247 0.4643312545 1.9958794473 2.9848752557 -13.6666199293 -1.7092180251 -4.8415536727
1784244768.6388628483 -0.9752465476 0.4033690720 0.4585385169 1.9946011300 2.9706141864 -13.6206530576 -1.7744689913 -4.7984097550
1784244768.6468420029 -0.9742969404 0.4025817190 0.4525633308 1.9932375915 2.8914473571 -13.7042024549 -1.7973735070 -4.8049613634
1784244768.6548185349 -0.9733473333 0.4018215161 0.4465425326 1.9921297165 2.7721548104 -13.7480201084 -1.7971252273 -4.7968918121
1784244768.6628272533 -0.9723246794 0.4010884634 0.4403848981 1.9906809569 2.7089489291 -13.7439233131 -1.7616137973 -4.8279410487
1784244768.6708621979 -0.9713020255 0.4002739603 0.4340904272 1.9895730819 2.6442543635 -13.7661676081 -1.7358782747 -4.8392648587
1784244768.6788628101 -0.9702428483 0.3994594572 0.4276135080 1.9882947646 2.5591323484 -13.7712248487 -1.7407336447 -4.8574370703
1784244768.6868762970 -0.9691471478 0.3986178040 0.4213646492 1.9871016684 2.5996065725 -13.7758889359 -1.7421948452 -4.8785426885
1784244768.6949503422 -0.9681610173 0.3977761509 0.4149333421 1.9859085722 2.6756584648 -13.8470365812 -1.7709481602 -4.8989627239
1784244768.7047696114 -0.9671748868 0.3969887979 0.4086844833 1.9847154761 2.7619226486 -13.8886460035 -1.8678774511 -4.9331127327
1784244768.7127926350 -0.9660061395 0.3959570940 0.4011128735 1.9832667164 2.9019433429 -13.8890761515 -1.9685854235 -4.9439972852
1784244768.7207911015 -0.9651295790 0.3950882907 0.3948184027 1.9819883991 2.9143304431 -14.0369043489 -2.0419809082 -4.9506507028
1784244768.7288286686 -0.9641799719 0.3943280878 0.3884327076 1.9807953029 2.8619870843 -14.0654436468 -2.0713884322 -4.9966719388
1784244768.7368361950 -0.9632303647 0.3935135848 0.3819557883 1.9796874279 2.7834997322 -14.0569061585 -2.0840717738 -4.9956571793
1784244768.7448759079 -0.9622442342 0.3926447815 0.3752964206 1.9784091106 2.6450646779 -14.1184776681 -2.0584419971 -5.0135197221
1784244768.7528831959 -0.9611485337 0.3918845786 0.3685458287 1.9772160144 2.5601726160 -14.1019068685 -1.9664421897 -4.9859419326
1784244768.7610218525 -0.9601258798 0.3910700756 0.3617040126 1.9758524760 2.5282988335 -14.2041231275 -1.9277271213 -4.9427143812
1784244768.7689726353 -0.9588475625 0.3900655218 0.3531745485 1.9742332740 2.5956723748 -14.2212745016 -1.9646691168 -4.9745336150
1784244768.7768714428 -0.9578614320 0.3891695684 0.3462871203 1.9730401778 2.6132868483 -14.1828016962 -2.0158349786 -5.0015974186
1784244768.7850191593 -0.9570579182 0.3884636657 0.3407224431 1.9720175240 2.6395590910 -14.2719965931 -1.9876097273 -4.9870327005
1784244768.7948887348 -0.9559256943 0.3874862620 0.3321473669 1.9703983220 2.7284260229 -14.2182717723 -2.0332085502 -5.0439101200
1784244768.8048844337 -0.9549395638 0.3865088583 0.3250318782 1.9692052259 2.8405537234 -14.2487943784 -2.0732535971 -5.0645321704
1784244768.8130159378 -0.9538438632 0.3854500043 0.3162287414 1.9675008028 2.8978293378 -14.1672969142 -2.0685572854 -5.0426531432
1784244768.8228342533 -0.9529673028 0.3844997508 0.3090676405 1.9661372643 2.9446102736 -14.2099881812 -2.1161622725 -5.0625892985
1784244768.8308711052 -0.9519811723 0.3833594465 0.3004925643 1.9646032835 2.9789627340 -14.1146536142 -2.1857490317 -5.1034087398
1784244768.8389260769 -0.9511411352 0.3823548927 0.2935139119 1.9634101873 3.0603579814 -14.0821212253 -2.2714080233 -5.0763173757
1784244768.8470311165 -0.9504106682 0.3814046391 0.2865352594 1.9619614277 3.0172992858 -14.1414783089 -2.2926260594 -5.0880795673
1784244768.8567876816 -0.9494610610 0.3802643348 0.2780514074 1.9604274469 2.9572190719 -14.1842756236 -2.4754560570 -5.0923108383
1784244768.8649249077 -0.9485845005 0.3792869311 0.2712095913 1.9589786873 2.8970639615 -14.1820911951 -2.5097447031 -5.0570519310
1784244768.8730309010 -0.9475618467 0.3780651765 0.2624976788 1.9571890430 2.8724439813 -14.1429630666 -2.5933957235 -5.0426167868
1784244768.8827309608 -0.9466852862 0.3769791724 0.2551997416 1.9555698411 2.7453985597 -13.9753625839 -2.6760852195 -5.0296927643
1784244768.8908653259 -0.9457722024 0.3758117180 0.2480386407 1.9542063026 2.6900397350 -13.9539055029 -2.6871959758 -5.0368338843
1784244768.8990006447 -0.9448956420 0.3747257139 0.2406494793 1.9526723218 2.6500585026 -13.9644300775 -2.6326330893 -4.9776775338
1784244768.9070270061 -0.9437999414 0.3733953589 0.2317551183 1.9506270141 2.5698508369 -13.8322746005 -2.6334863565 -5.0022351394
1784244768.9188783169 -0.9426677175 0.3719292533 0.2224502484 1.9488373699 2.5482893912 -13.7077974606 -2.6542695432 -5.0481399523
1784244768.9269113541 -0.9417546337 0.3706803486 0.2149698627 1.9473033891 2.5465149586 -13.4968388166 -2.5960894766 -5.0548448054
1784244768.9350216389 -0.9409145966 0.3693499936 0.2074438650 1.9457694083 2.5929940100 -13.5453272375 -2.5834280382 -5.0610774435
1784244768.9429674149 -0.9399284661 0.3679924885 0.1985038919 1.9439797640 2.7097667461 -13.5366631819 -2.6740157218 -5.0760270250
1784244768.9527921677 -0.9393806158 0.3668793343 0.1926199300 1.9427014467 2.8304625054 -13.5354860982 -2.7403579661 -5.0651362496
1784244768.9608924389 -0.9385405787 0.3653860786 0.1835431206 1.9407413601 2.8263320313 -13.4287505659 -2.7365726925 -5.0765095146
1784244768.9690656662 -0.9378101117 0.3640828737 0.1758802866 1.9392073794 2.7083846872 -13.3676986010 -2.7070314975 -5.0944733051
1784244768.9788970947 -0.9368239812 0.3624267175 0.1665298045 1.9372472928 2.6970478799 -13.3441383741 -2.7183745259 -5.0761004756
1784244768.9870240688 -0.9361300375 0.3610963625 0.1585476857 1.9355428697 2.5913223891 -13.4457095584 -2.6732891869 -5.0915027870
1784244768.9967391491 -0.9351804303 0.3596031068 0.1490147553 1.9336680043 2.5978440462 -13.5301653067 -2.7561921455 -5.0907948953
1784244769.0048992634 -0.9344499633 0.3583270520 0.1413063091 1.9318783600 2.5382317865 -13.5400918361 -2.7376161507 -5.0753349722
1784244769.0147762299 -0.9336829729 0.3570238471 0.1331873539 1.9301739369 2.5688011956 -13.5239308667 -2.7156285851 -5.1120772345
1784244769.0230774879 -0.9328064124 0.3554491412 0.1233351387 1.9282138504 2.5626646484 -13.5585221989 -2.7366122812 -5.1043434112
1784244769.0328869820 -0.9319298520 0.3539830356 0.1136653719 1.9260833215 2.5921556260 -13.6362674764 -2.8141709922 -5.1459361154
1784244769.0409679413 -0.9311263382 0.3525169301 0.1038131567 1.9241232349 2.6572543901 -13.7149787373 -2.8507040284 -5.1646852302
1784244769.0507898331 -0.9306880580 0.3516752769 0.0974730738 1.9227596965 2.6422423766 -13.5483795311 -2.8146677331 -5.1709043205
1784244769.0589008331 -0.9299575910 0.3501277211 0.0878489191 1.9207996099 2.6466915510 -13.5851874433 -2.8703429034 -5.1937915518
1784244769.0668852329 -0.9293732173 0.3490145669 0.0799580245 1.9190951868 2.7055101891 -13.5247981828 -2.9043627724 -5.2161012045
1784244769.0768368244 -0.9287523204 0.3476027615 0.0701970335 1.9169646579 2.7571202338 -13.6417956048 -3.0226829382 -5.2132900429
1784244769.0849308968 -0.9282409934 0.3463810069 0.0621236904 1.9152602348 2.7302412550 -13.5938422239 -3.0443461200 -5.2380988127
1784244769.0947477818 -0.9276200964 0.3449692016 0.0523626994 1.9132149271 2.7145789784 -13.4609619788 -3.0946441252 -5.2337998030
1784244769.1028964520 -0.9271452929 0.3436659967 0.0440612959 1.9114252829 2.7177588031 -13.3140214767 -3.0717697035 -5.2570671988
1784244769.1109731197 -0.9267070126 0.3423627918 0.0358511165 1.9097208598 2.6157652914 -13.2059818839 -3.0485425491 -5.2510978168
1784244769.1208429337 -0.9261956857 0.3410595869 0.0275497129 1.9078459944 2.5894233947 -13.1017781033 -2.9613878343 -5.2197484370
1784244769.1289668083 -0.9256843588 0.3395120310 0.0174694372 1.9056302443 2.6282212919 -13.1657767664 -2.9267263080 -5.2111529563
1784244769.1370480061 -0.9252826019 0.3382631263 0.0090768094 1.9037553789 2.5623252687 -13.0393780825 -2.8291412993 -5.1724546311
1784244769.1450061798 -0.9248077983 0.3367155705 -0.0006385695 1.9013691866 2.6330988194 -12.9941059306 -3.1055620048 -5.1388615179
1784244769.1529769897 -0.9245156115 0.3356838666 -0.0069330403 1.8998352058 2.6565242122 -12.8739365864 -3.0281242379 -5.1235793809
1784244769.1628327370 -0.9242234247 0.3343806617 -0.0153256681 1.8979603404 2.5952725749 -12.8572904133 -3.0063571381 -5.0850524817
1784244769.1709053516 -0.9237851445 0.3328059557 -0.0250866591 1.8954889269 2.5316008562 -12.9741806006 -3.1146401238 -5.0873714170
1784244769.1790163517 -0.9234564343 0.3316113512 -0.0331143901 1.8935288403 2.5327078278 -12.9028417833 -3.1422504045 -5.0950735338
1784244769.1887397766 -0.9231642475 0.3302809962 -0.0413701815 1.8915687538 2.4688169806 -12.7801814830 -3.2223918169 -5.1330073723
1784244769.1968302727 -0.9227624906 0.3286248399 -0.0510855604 1.8893530037 2.3973169279 -12.7810680507 -3.3520083881 -5.1958328601
1784244769.2049670219 -0.9224337804 0.3273759352 -0.0591132913 1.8874781383 2.4108115862 -12.8008305927 -3.4023105518 -5.2418728647
1784244769.2146868706 -0.9221781170 0.3260998804 -0.0674603070 1.8856032729 2.4008212165 -12.6597587505 -3.3451020298 -5.2654623151
1784244769.2226488590 -0.9218859302 0.3245523246 -0.0775405828 1.8833875229 2.3644383323 -12.6810652485 -3.4009510024 -5.2960361073
1784244769.2289767265 -0.9215937434 0.3232491197 -0.0857507621 1.8815126575 2.3107596946 -12.6167889485 -3.4387210245 -5.3086008057
1784244769.2389025688 -0.9214111266 0.3222445659 -0.0922732935 1.8798934556 2.2662059694 -12.6445407649 -3.3936057714 -5.2914250589
1784244769.2469599247 -0.9210824164 0.3203983589 -0.1046797868 1.8770811574 2.2136344722 -12.6079851067 -3.3382989679 -5.2969748034
1784244769.2548999786 -0.9208632763 0.3194752554 -0.1113391544 1.8754619555 2.1576693377 -12.5951785032 -3.2250699785 -5.2648219418
1784244769.2629113197 -0.9206806595 0.3182535008 -0.1198686186 1.8734166478 2.1418930517 -12.6120692350 -3.1347901652 -5.2520103485
1784244769.2709045410 -0.9204980428 0.3170588963 -0.1285349190 1.8713713401 2.1635396075 -12.5581375255 -3.0904979228 -5.2362107695
1784244769.2790107727 -0.9203519494 0.3158914419 -0.1372468315 1.8693260323 2.1875440167 -12.4797706651 -3.0779355037 -5.2107054314
1784244769.2888317108 -0.9202423793 0.3146968374 -0.1458219077 1.8671955035 2.2214431135 -12.5008814843 -3.1282975655 -5.2789579828
1784244769.2968730927 -0.9201693326 0.3133393323 -0.1564039167 1.8648093111 2.2201058872 -12.5647448224 -3.1395577878 -5.2542384220
1784244769.3050248623 -0.9200962859 0.3123347785 -0.1650246050 1.8625935611 2.1522556336 -12.6216907820 -3.0841675790 -5.2376298216
1784244769.3147256374 -0.9200232392 0.3111401740 -0.1754241655 1.8602925899 2.1585668653 -12.6434687094 -3.2701788475 -5.3395197936
1784244769.3228352070 -0.9199867159 0.3100270198 -0.1840448538 1.8582472822 2.0828650137 -12.6114929737 -3.3174947639 -5.3571342742
1784244769.3309698105 -0.9199501925 0.3090767662 -0.1926655421 1.8562019745 1.9495383838 -12.7145030534 -3.3347295851 -5.3664282811
1784244769.3407039642 -0.9198771458 0.3081808128 -0.2011950063 1.8541566668 1.8986758858 -12.5602166013 -3.2766318916 -5.3640045151
1784244769.3470222950 -0.9198406224 0.3069590582 -0.2116401789 1.8516852533 1.8980720733 -12.6298118572 -3.3626466787 -5.3899852140
1784244769.3567245007 -0.9198040991 0.3060902549 -0.2200328067 1.8496399456 1.8485366966 -12.6167662387 -3.3370076393 -5.3808762980
1784244769.3630218506 -0.9198040991 0.3051128512 -0.2285166587 1.8476798590 1.7643132705 -12.4372749925 -3.5263508260 -5.4321350005
1784244769.3709843159 -0.9198040991 0.3041354475 -0.2369092864 1.8456345513 1.6711840563 -12.3170874947 -3.5453750989 -5.4263803545
1784244769.3789327145 -0.9197675757 0.3031851940 -0.2453475263 1.8435040224 1.6032358564 -12.2164036848 -3.5593017784 -5.4010025952
1784244769.3868892193 -0.9197675757 0.3023706909 -0.2521893425 1.8417995993 1.5557775659 -12.1277933292 -3.4053863393 -5.3431831227
1784244769.3949563503 -0.9197675757 0.3013661371 -0.2606275823 1.8396690704 1.4734734999 -12.0731836631 -3.3851462665 -5.3189319378
1784244769.4030232430 -0.9197675757 0.3005244839 -0.2691570465 1.8374533204 1.4462667971 -11.9243845890 -3.2262708937 -5.2710911349
1784244769.4128012657 -0.9197675757 0.2992212790 -0.2792829343 1.8348114646 1.3530530297 -11.7219635968 -3.4928899855 -5.2811736572
1784244769.4208335876 -0.9198040991 0.2981624250 -0.2878123984 1.8325957146 1.3336695062 -11.6034932752 -3.3845315552 -5.2615299413
1784244769.4289348125 -0.9198040991 0.2971307211 -0.2962050262 1.8304651857 1.1693634888 -11.6601018563 -3.5332022008 -5.3524779152
1784244769.4369266033 -0.9198040991 0.2962076176 -0.3047801024 1.8282494357 1.0728632234 -11.6310298986 -3.4832063118 -5.3530644103
1784244769.4450304508 -0.9198040991 0.2952845141 -0.3133551786 1.8260336857 1.0400325793 -11.4848874230 -3.3240729740 -5.3168304924
1784244769.4548645020 -0.9198040991 0.2941713599 -0.3234354544 1.8235622722 0.9455434408 -11.4062874671 -3.3980003675 -5.3960325838
1784244769.4630303383 -0.9198040991 0.2931939563 -0.3319193064 1.8213465221 0.8165745934 -11.4169502677 -3.6208754563 -5.4261036876
1784244769.4727456570 -0.9198040991 0.2921351023 -0.3421820306 1.8187898875 0.6735426364 -11.5698230683 -3.7261146450 -5.4806318124
1784244769.4808380604 -0.9198040991 0.2913205992 -0.3506658826 1.8165741375 0.6240278475 -11.5358673905 -3.7608124908 -5.4692774191
1784244769.4889333248 -0.9198406224 0.2905060961 -0.3591497346 1.8142731663 0.5600075003 -11.5191166106 -3.7541911701 -5.4515919327
1784244769.4970314503 -0.9198406224 0.2897458932 -0.3674511382 1.8121426374 0.4595559309 -11.4611548014 -3.6449501269 -5.4389278034
1784244769.5050053596 -0.9198406224 0.2888499399 -0.3779875350 1.8095860028 0.3906611465 -11.4078002873 -3.5948816145 -5.4606633789
1784244769.5148003101 -0.9198771458 0.2880897370 -0.3865626112 1.8073702527 0.3420677062 -11.2989771875 -3.5628777960 -5.4651896929
1784244769.5229299068 -0.9198771458 0.2874652846 -0.3950920753 1.8051545027 0.2567586305 -11.3125771315 -3.5365493879 -5.4534135402
1784244769.5310332775 -0.9199136692 0.2867322319 -0.4036215394 1.8029387527 0.2041898580 -11.2220513053 -3.4963381671 -5.4291871876
1784244769.5408937931 -0.9199501925 0.2859177288 -0.4139298757 1.8002968969 0.0879033106 -11.0667526596 -3.5727218875 -5.4803171896
1784244769.5506377220 -0.9199867159 0.2851575259 -0.4225049519 1.7980811469 0.0182076826 -10.8344236679 -3.5720667181 -5.4893099154
1784244769.5569965839 -0.9200232392 0.2842072723 -0.4326764519 1.7954392911 -0.0661091193 -10.8244037887 -3.6711364241 -5.5074273933
1784244769.5649399757 -0.9200597626 0.2837457206 -0.4391989833 1.7938200891 -0.2036624272 -10.6686672469 -3.6772418597 -5.5221504321
1784244769.5729866028 -0.9200962859 0.2830398179 -0.4473179384 1.7916895603 -0.2801003125 -10.6523256866 -3.6248174671 -5.5005058339
1784244769.5828473568 -0.9201328093 0.2823610654 -0.4556649541 1.7894738102 -0.2931150808 -10.5538894140 -3.4651865568 -5.4579333446
1784244769.5908417702 -0.9201693326 0.2815737124 -0.4655627814 1.7869171756 -0.3822619253 -10.4803160664 -3.7467009991 -5.5049561458
1784244769.5989112854 -0.9202789027 0.2808678097 -0.4733168397 1.7847014256 -0.4342122799 -10.3492354007 -3.8445360349 -5.4838883321
1784244769.6069519520 -0.9203519494 0.2802162073 -0.4810708980 1.7824856755 -0.4924120104 -10.3741037186 -3.9354115540 -5.5008780235
1784244769.6149511337 -0.9204249961 0.2796460551 -0.4889617926 1.7803551467 -0.6426190494 -10.3841045874 -3.9783553649 -5.4873954242
1784244769.6230034828 -0.9204615194 0.2791030531 -0.4968070751 1.7780541755 -0.6747759297 -10.2563611713 -3.8420418313 -5.4370754047
1784244769.6328988075 -0.9204980428 0.2784514506 -0.5064768419 1.7753270985 -0.9151029291 -10.2979154211 -4.0241908192 -5.4762819757
1784244769.6426591873 -0.9205345661 0.2779355987 -0.5144589607 1.7731113485 -1.0322627673 -10.1784319692 -4.0099200243 -5.4431756088
1784244769.6506502628 -0.9205345661 0.2773925966 -0.5240375033 1.7702990504 -1.0876207326 -10.2468044352 -4.0484642978 -5.4767518559
1784244769.6569411755 -0.9206076128 0.2770396453 -0.5318371736 1.7681685215 -1.1870950263 -10.2554588031 -4.0929254075 -5.5134606581
1784244769.6649889946 -0.9206441362 0.2767409942 -0.5381772566 1.7664640984 -1.2371143649 -10.1579226116 -3.9266120343 -5.4777335157
1784244769.6748032570 -0.9206806595 0.2764694932 -0.5462049875 1.7641631272 -1.3550029187 -10.2511814263 -3.7670730164 -5.4268450197
1784244769.6829969883 -0.9207537063 0.2762522923 -0.5562396512 1.7615212714 -1.3830078490 -10.3946434423 -3.6703472922 -5.4938666897
1784244769.6910581589 -0.9208267530 0.2760622416 -0.5644954426 1.7593055214 -1.4110623612 -10.2108397110 -3.6182368404 -5.5015228445
1784244769.7009329796 -0.9209363230 0.2758178907 -0.5725687857 1.7571749925 -1.4100824715 -10.3177882972 -3.6407974559 -5.5622018653
1784244769.7090287209 -0.9211189398 0.2757907406 -0.5821929403 1.7547035790 -1.4145416946 -10.3673159124 -3.6298878125 -5.5653697059
1784244769.7169680595 -0.9213746032 0.2757635905 -0.5919995435 1.7520617232 -1.4665621199 -10.3917530063 -3.6769875653 -5.6162874025
1784244769.7268445492 -0.9215572200 0.2756821402 -0.6000728865 1.7501016367 -1.5027907560 -10.2895301630 -3.6112420960 -5.6213686665
1784244769.7349398136 -0.9217763601 0.2757364404 -0.6082830658 1.7478858866 -1.5716217023 -10.2337087410 -3.6563211201 -5.5998284995
1784244769.7446777821 -0.9219955002 0.2757907406 -0.6161283483 1.7456701366 -1.6655031968 -10.2593777497 -3.6091905358 -5.5504173173
1784244769.7529225349 -0.9222146403 0.2759264911 -0.6258437272 1.7430282808 -1.7851756873 -10.1517635196 -3.6951763733 -5.5294878910
1784244769.7626678944 -0.9224337804 0.2760079414 -0.6337346218 1.7406420885 -1.8807999506 -10.0010180561 -3.6448606422 -5.5081433407
1784244769.7706661224 -0.9226894439 0.2760893917 -0.6432675523 1.7380854538 -1.8982598087 -9.8188948950 -3.7085093666 -5.5222197917
1784244769.7788972855 -0.9229451074 0.2761708420 -0.6507935500 1.7359549250 -1.9429152892 -9.7516903711 -3.8543102912 -5.5502942852
1784244769.7886629105 -0.9232007708 0.2763337426 -0.6584563841 1.7338243961 -2.0174492963 -9.6004024595 -3.8469294378 -5.5644730719
1784244769.7967994213 -0.9235294810 0.2764423430 -0.6677612540 1.7312677614 -2.1033666611 -9.5544900159 -3.9322228439 -5.6134237213
1784244769.8049328327 -0.9237851445 0.2766052437 -0.6753328639 1.7292224537 -2.2471374204 -9.4188511591 -3.9024219799 -5.6192049284
1784244769.8129508495 -0.9240042846 0.2767409942 -0.6829500858 1.7271771460 -2.3311743510 -9.3016157400 -3.8963250450 -5.5933628803
1784244769.8210248947 -0.9242599481 0.2768767447 -0.6902936352 1.7248761748 -2.3368344375 -9.2885358193 -3.8253562942 -5.5419529720
1784244769.8289892673 -0.9246251816 0.2771210956 -0.6992792203 1.7223195402 -2.3329227506 -9.2712959146 -3.8607061129 -5.5338604851
1784244769.8388335705 -0.9248808450 0.2772839962 -0.7051175701 1.7206151171 -2.2946805966 -9.2821719272 -3.6907931901 -5.4635289524
1784244769.8469417095 -0.9253191253 0.2776369476 -0.7139207068 1.7178028190 -2.3034063736 -9.1391345806 -3.8072597718 -5.4178323942
1784244769.8550105095 -0.9257574055 0.2779627488 -0.7212186441 1.7156722901 -2.3060556548 -9.1032991662 -3.7729100543 -5.4227690542
1784244769.8647651672 -0.9261956857 0.2782613999 -0.7284709691 1.7136269824 -2.3820989517 -8.9964576516 -3.8387542821 -5.4536054512
1784244769.8727989197 -0.9267070126 0.2786686514 -0.7370004333 1.7110703477 -2.4376022153 -9.0324608593 -3.9009123542 -5.5112937036
1784244769.8807404041 -0.9271818162 0.2791573533 -0.7442071462 1.7091102612 -2.3968698120 -8.9572799675 -3.9213331615 -5.5552694551
1784244769.8887510300 -0.9277296665 0.2795646048 -0.7511857987 1.7071501746 -2.4059453521 -8.8471991196 -3.9255529043 -5.5627652911
1784244769.8967037201 -0.9282775168 0.2799718564 -0.7582556754 1.7051048669 -2.4590377948 -8.9462363813 -3.9181751573 -5.6030395731
1784244769.9029877186 -0.9287888437 0.2806506089 -0.7653255520 1.7033152226 -2.4583677531 -8.9356296610 -3.8925365399 -5.6094511230
1784244769.9088828564 -0.9292636473 0.2810850106 -0.7707990049 1.7016960207 -2.4347549918 -8.9761638826 -3.7798225697 -5.5612743840
1784244769.9168508053 -0.9297019275 0.2815465623 -0.7758619489 1.7001620399 -2.4721034560 -8.9781359759 -3.7371934935 -5.5352281407
1784244769.9248116016 -0.9302863011 0.2821981648 -0.7827949892 1.6982019533 -2.5753912808 -8.9363002184 -3.7539034311 -5.5626838364
1784244769.9328830242 -0.9308341514 0.2828769173 -0.7896824174 1.6963270879 -2.5319494652 -8.7652710147 -3.7919768459 -5.5594449808
1784244769.9408826828 -0.9315280951 0.2835285198 -0.7964330093 1.6943670014 -2.5215508861 -8.6303569299 -3.8068162972 -5.5723147539
1784244769.9488494396 -0.9321855155 0.2841801222 -0.8030923770 1.6924921360 -2.6048783538 -8.6764241194 -3.8519289756 -5.5627094376
1784244769.9568412304 -0.9328429358 0.2849946253 -0.8096605205 1.6905320494 -2.6262040905 -8.6021834914 -3.8830924080 -5.5601454575
1784244769.9648461342 -0.9335368795 0.2857005280 -0.8161374398 1.6887424052 -2.5899363790 -8.5423920805 -3.9417027111 -5.5551595598
1784244769.9728052616 -0.9343038699 0.2864878810 -0.8224775227 1.6867823186 -2.7336317386 -8.5025351619 -3.9711120890 -5.5482773267
1784244769.9808785915 -0.9349612902 0.2873023840 -0.8289544420 1.6849074532 -2.7177908886 -8.5441373910 -3.8858034542 -5.5118008688
1784244769.9888143539 -0.9356917573 0.2880625869 -0.8351576886 1.6829473666 -2.7587364455 -8.3335857699 -4.0445758900 -5.5034002206
1784244769.9968450069 -0.9364587477 0.2889042401 -0.8413153231 1.6811577224 -2.8357812011 -8.3582222973 -4.0618098398 -5.5153068787
1784244770.0048081875 -0.9371526913 0.2898001934 -0.8475641819 1.6792828570 -2.8469588907 -8.3139730508 -4.0967074058 -5.4917208551
1784244770.0128450394 -0.9379562051 0.2907232969 -0.8536762043 1.6773227704 -2.9362737234 -8.2302103868 -4.1009139254 -5.4933879033
1784244770.0208389759 -0.9386866721 0.2916192503 -0.8597426146 1.6755331261 -2.8878952335 -8.3380250718 -4.0180427935 -5.4668570435
1784244770.0289683342 -0.9394536625 0.2927324045 -0.8659002491 1.6737434819 -2.9408208745 -8.3952039573 -3.9835031725 -5.4739566854
1784244770.0388069153 -0.9402571763 0.2937098082 -0.8720122715 1.6719538376 -2.9726969808 -8.3771652936 -3.9156810196 -5.4676828806
1784244770.0468678474 -0.9413163535 0.2951216135 -0.8794926571 1.6696528665 -2.9297601410 -8.3208877955 -4.0118989083 -5.4598434043
1784244770.0549058914 -0.9422294373 0.2963162180 -0.8853310069 1.6677780011 -2.9317635335 -8.3851057739 -4.0361429914 -5.4185546309
1784244770.0629351139 -0.9431790444 0.2975379726 -0.8911237445 1.6659031356 -2.9400825244 -8.5126366151 -4.0149595750 -5.3821081525
1784244770.0708949566 -0.9441286516 0.2989497780 -0.8971445427 1.6640282702 -2.8947623118 -8.5133573323 -3.9759983248 -5.3688541561
1784244770.0789406300 -0.9451513055 0.3003072831 -0.9029828925 1.6622386260 -2.8736839881 -8.6059276410 -3.9362349657 -5.3141033370
1784244770.0887894630 -0.9461739593 0.3018005387 -0.9088668544 1.6602785394 -2.8850718033 -8.5804014325 -3.9106969232 -5.3730525428
1784244770.0968992710 -0.9474522766 0.3035924455 -0.9158911189 1.6583184529 -2.9004296945 -8.6369907600 -3.9533849374 -5.4074804097
1784244770.1066629887 -0.9485479772 0.3051400013 -0.9215014082 1.6566140298 -3.0336619171 -8.6097336645 -3.9515196315 -5.4289792822
1784244770.1148498058 -0.9497897712 0.3070948087 -0.9283432243 1.6547391644 -3.0098387778 -8.6205864710 -4.0375393701 -5.4959330404
1784244770.1229026318 -0.9509585184 0.3087509650 -0.9339535135 1.6531199624 -2.9654997911 -8.5581252976 -4.0863133005 -5.5374466472
1784244770.1309103966 -0.9521272657 0.3104071212 -0.9392901301 1.6516712028 -2.8325609733 -8.4867017560 -4.1234761539 -5.5523037303
1784244770.1390070915 -0.9533690597 0.3120361273 -0.9444899103 1.6502224431 -2.8397288483 -8.5830314675 -4.1447228254 -5.5306274160
1784244770.1489005089 -0.9545378069 0.3138280341 -0.9496896906 1.6486884624 -2.8424834348 -8.5229853798 -4.1704619094 -5.4916579812
1784244770.1586635113 -0.9560717877 0.3159457421 -0.9559841614 1.6468135970 -2.8735346843 -8.4910434740 -4.1929729145 -5.4716935139
1784244770.1668596268 -0.9575692452 0.3181449004 -0.9621417960 1.6450239527 -3.0729164254 -8.4406117847 -4.2462509353 -5.4737360699
1784244770.1748995781 -0.9588110391 0.3199639573 -0.9672047399 1.6435751931 -3.0875866379 -8.3402285199 -4.2391754187 -5.4435081227
1784244770.1846585274 -0.9600528331 0.3217558640 -0.9721308475 1.6420412123 -3.0750741388 -8.3244244301 -4.2275838258 -5.4530382523
1784244770.1926553249 -0.9615868139 0.3240907728 -0.9781516457 1.6403367892 -3.1818196889 -8.3646530510 -4.2495131416 -5.4620195268
1784244770.2008051872 -0.9627920845 0.3259912800 -0.9829865291 1.6388880295 -3.2995288415 -8.2179489656 -4.2891485053 -5.4323453997
1784244770.2088487148 -0.9640704018 0.3279460874 -0.9878214125 1.6374392699 -3.1613252665 -8.3230458614 -4.2210597900 -5.4188509844
1784244770.2168483734 -0.9654582892 0.3299823451 -0.9927931322 1.6360757314 -3.1770997379 -8.4592641201 -4.1290989825 -5.4068008259
1784244770.2249951363 -0.9667366065 0.3321000531 -0.9976280156 1.6347121930 -3.0222157763 -8.6971148659 -4.0380160638 -5.3651490377
1784244770.2329401970 -0.9684532041 0.3345707124 -1.0031470806 1.6330077699 -2.9950874416 -8.5321416603 -4.1041329222 -5.3476887391
1784244770.2427244186 -0.9695854280 0.3362268686 -1.0066592129 1.6321555583 -2.8534757224 -8.5998990266 -4.1044517942 -5.3718996662
1784244770.2490086555 -0.9714481190 0.3388604286 -1.0121782779 1.6305363564 -2.8882546774 -8.5589533229 -4.1412882863 -5.3912772405
1784244770.2589018345 -0.9729090530 0.3410595869 -1.0166026523 1.6294284814 -2.9026490768 -8.4809422940 -4.1754472187 -5.4277085576
1784244770.2686648369 -0.9744430338 0.3433673456 -1.0210270268 1.6282353852 -2.8820665828 -8.6085701522 -4.1587753342 -5.3973241805
1784244770.2767536640 -0.9763422481 0.3462452564 -1.0264092554 1.6267866256 -2.9611544524 -8.5986838065 -4.1866600891 -5.4126772195
1784244770.2849037647 -0.9778762289 0.3486344654 -1.0306967935 1.6256787505 -2.9170387741 -8.7048050972 -4.1838528639 -5.4157642191
1784244770.2946748734 -0.9795197798 0.3511865751 -1.0349843317 1.6245708755 -2.8134778552 -8.6682849982 -4.1988174448 -5.4040159932
1784244770.3026690483 -0.9816016108 0.3540373358 -1.0396823787 1.6232073370 -2.7921510901 -8.5666079043 -4.2767824071 -5.4152118917
1784244770.3107719421 -0.9832086383 0.3565079951 -1.0437418563 1.6223551255 -2.7131923302 -8.7536296585 -4.2541312390 -5.4189747402
1784244770.3188159466 -0.9848887125 0.3589786545 -1.0477101097 1.6214176928 -2.9868771209 -8.5537999917 -4.2485041998 -5.4723954341
1784244770.3269054890 -0.9864592167 0.3614764639 -1.0517239751 1.6205654812 -3.0394084666 -8.5522469091 -4.1817328054 -5.4708010629
1784244770.3366892338 -0.9880662442 0.3640014234 -1.0556922285 1.6196280485 -3.0893230776 -8.6906437996 -4.0444632174 -5.4956262234
1784244770.3449187279 -0.9899289351 0.3671236852 -1.0606639482 1.6188610581 -3.1712725605 -8.5232895117 -3.9733575054 -5.4938709468
1784244770.3546686172 -0.9915724860 0.3695943445 -1.0646322015 1.6180088466 -3.1774788734 -8.4121780198 -3.9313093749 -5.4887662528
1784244770.3610014915 -0.9935082236 0.3725537057 -1.0691478002 1.6171566351 -3.2189080919 -8.2529856019 -3.9880252229 -5.4961447648
1784244770.3706815243 -0.9951152511 0.3750786652 -1.0729336051 1.6163896447 -3.1073574473 -8.3539609286 -3.9544259491 -5.4666763859
1784244770.3769547939 -0.9967588020 0.3774950243 -1.0766281858 1.6157078754 -3.2207012886 -8.0635782298 -3.9603380455 -5.4570324091
1784244770.3867135048 -0.9980005959 0.3794769818 -1.0795929728 1.6151965485 -3.0599379535 -8.3765101391 -3.8678765769 -5.4369976946
1784244770.3930361271 -0.9999363336 0.3824363430 -1.0841085715 1.6143443369 -3.1035686283 -8.1844093335 -3.7893944615 -5.3976460792
1784244770.4028964043 -1.0015433611 0.3848527021 -1.0878031522 1.6137477889 -3.1197121069 -8.0839945437 -3.7384669797 -5.4067763658
1784244770.4109375477 -1.0032234353 0.3874319618 -1.0914977329 1.6131512408 -3.1566702155 -7.9939707160 -3.6956125341 -5.3598817186
1784244770.4189791679 -1.0049400328 0.3900112216 -1.0951923136 1.6124694715 -3.1082366147 -8.0646450792 -3.6204171848 -5.3086205413
1784244770.4270014763 -1.0070218639 0.3930791831 -1.0994342396 1.6117877023 -3.0911322513 -8.0156960878 -3.6274810524 -5.2909650067
1784244770.4350123405 -1.0087384614 0.3957127431 -1.1030375961 1.6111059331 -3.0934188101 -7.8839958533 -3.6266590084 -5.2391873714
1784244770.4430105686 -1.0105281057 0.3982648527 -1.1065041162 1.6103389427 -3.0839257009 -7.8716823260 -3.5969490849 -5.1781261666
1784244770.4509556293 -1.0123177499 0.4008712625 -1.1098794122 1.6096571734 -3.0095845635 -7.9271885131 -3.5831878094 -5.1428632559
1784244770.4589564800 -1.0137421607 0.4030161206 -1.1126617508 1.6092310676 -2.8581560271 -8.0227629881 -3.5208548603 -5.0996269531
1784244770.4669995308 -1.0156413750 0.4057582810 -1.1160826588 1.6086345196 -2.7533687392 -8.2037088512 -3.4566623229 -5.0838918288
1784244770.4767014980 -1.0178692995 0.4091520438 -1.1201421364 1.6080379715 -2.7388953870 -8.1685431274 -3.4662859932 -5.1002763307
1784244770.4849367142 -1.0198050371 0.4118127538 -1.1232437597 1.6076118657 -2.9202810772 -7.9794640501 -3.5087733584 -5.1446326061
1784244770.4947175980 -1.0216677281 0.4145820643 -1.1263453830 1.6072709811 -3.0498313779 -7.9836699484 -3.5611228175 -5.1570100820
1784244770.5028493404 -1.0238591292 0.4179758271 -1.1299487395 1.6069300965 -2.9130355232 -8.2224591324 -3.5272957915 -5.1608173782
1784244770.5108559132 -1.0256852968 0.4207722876 -1.1330047507 1.6067596542 -3.0889250996 -7.9982399160 -3.5221096622 -5.2431829084
1784244770.5188565254 -1.0274384177 0.4235144480 -1.1358783135 1.6066744330 -3.1176124619 -7.9893834417 -3.5221963988 -5.2747766028
1784244770.5268521309 -1.0292280620 0.4262837584 -1.1386150399 1.6066744330 -3.1009228799 -7.9915379457 -3.5663916405 -5.3013253360
1784244770.5348541737 -1.0310542296 0.4290802190 -1.1412149301 1.6066744330 -3.1279344396 -7.9017016639 -3.6135852628 -5.2845925954
1784244770.5429558754 -1.0328073505 0.4318223793 -1.1436323718 1.6065892118 -3.1224420730 -7.8680321936 -3.6613260432 -5.2514912795
1784244770.5527584553 -1.0345969947 0.4345916898 -1.1460042014 1.6065039907 -3.3086934970 -7.9141647542 -3.7220242799 -5.2333792578
1784244770.5609130859 -1.0366423024 0.4379854526 -1.1487865399 1.6065039907 -3.3179181144 -7.8237089903 -3.7528801508 -5.1904361351
1784244770.5690004826 -1.0384319467 0.4408090632 -1.1510671453 1.6064187695 -3.2388830237 -7.9340088980 -3.7599962317 -5.1583438050
1784244770.5786182880 -1.0406598712 0.4442299761 -1.1536214233 1.6064187695 -3.2184990909 -7.9054597118 -3.7702861543 -5.1280765300
1784244770.5849993229 -1.0424129921 0.4471350371 -1.1557651924 1.6064187695 -3.2111822952 -7.9146103249 -3.7611773769 -5.0762890604
1784244770.5947177410 -1.0442756830 0.4500129480 -1.1578633493 1.6063335484 -3.2177324196 -7.9441322221 -3.7215744618 -5.0293293301
1784244770.6028425694 -1.0460653273 0.4529994592 -1.1600527305 1.6064187695 -3.0669592607 -8.2473867812 -3.6790563129 -5.0166396573
1784244770.6108994484 -1.0478184482 0.4560402707 -1.1621508874 1.6063335484 -3.1388098704 -8.4226486907 -3.6413617722 -4.9628860566
1784244770.6188969612 -1.0496446158 0.4589724818 -1.1640665959 1.6064187695 -3.0885858311 -8.2792291287 -3.5841296975 -4.8873512493
1784244770.6269469261 -1.0514707834 0.4620132932 -1.1660735287 1.6064187695 -2.9316389377 -8.3798726222 -3.6008761041 -4.8515935398
1784244770.6349115372 -1.0534065211 0.4650812548 -1.1677611766 1.6065039907 -2.8334942037 -8.5183218897 -3.6237387765 -4.8015378878
1784244770.6430330276 -1.0553057354 0.4681492164 -1.1694488246 1.6065039907 -2.7442092458 -8.5256280336 -3.6084257775 -4.7480122034
1784244770.6526763439 -1.0575701832 0.4718687804 -1.1715013695 1.6065892118 -2.9675469158 -8.5777313986 -3.6374712715 -4.7135317620
1784244770.6608147621 -1.0593963508 0.4750181923 -1.1730521811 1.6065892118 -3.0992763825 -8.4917579546 -3.6461201534 -4.6538757637
1784244770.6689453125 -1.0611859950 0.4781947543 -1.1746486049 1.6066744330 -3.0584007152 -8.6133201370 -3.6065079657 -4.6076343677
1784244770.6770334244 -1.0630486860 0.4814256165 -1.1762450286 1.6066744330 -3.0014598281 -8.8684597453 -3.6174313727 -4.5638649704
1784244770.6850402355 -1.0652035638 0.4853352312 -1.1777046161 1.6067596542 -2.9437967698 -8.8846413925 -3.6625921739 -4.5168515706
1784244770.6947557926 -1.0671027781 0.4885389433 -1.1789817551 1.6067596542 -2.7988566703 -8.9995373725 -3.6787404505 -4.4731536279
1784244770.7029397488 -1.0689654690 0.4917969556 -1.1800764457 1.6068448753 -2.9982121136 -8.8341761058 -3.7975640758 -4.3903373070
1784244770.7110269070 -1.0707551133 0.4950006677 -1.1808974636 1.6068448753 -3.0118646619 -8.8449890373 -3.7982208121 -4.3400098270
1784244770.7206757069 -1.0728734677 0.4989102824 -1.1821746026 1.6069300965 -3.0707024704 -8.8667061688 -3.8012805311 -4.2945552628
1784244770.7287597656 -1.0745535419 0.5021682947 -1.1829956205 1.6070153176 -3.0664818555 -8.8764934438 -3.8038331940 -4.2760097185
1784244770.7368659973 -1.0763797095 0.5054806072 -1.1839078627 1.6072709811 -2.9880195151 -8.9804216001 -3.7746088916 -4.2192357859
1784244770.7448554039 -1.0781693538 0.5088200698 -1.1847744927 1.6073562022 -2.7721495594 -9.3522307336 -3.7630615964 -4.2132873570
1784244770.7529366016 -1.0799589980 0.5121323823 -1.1855042865 1.6075266445 -2.6822203736 -9.5139856897 -3.7694830161 -4.1685714565
1784244770.7609992027 -1.0817121189 0.5154175447 -1.1860972439 1.6076118657 -2.9074088892 -9.2739746848 -3.7597451349 -4.0625505491
1784244770.7708480358 -1.0833556698 0.5187298572 -1.1867358134 1.6077823080 -2.6878129791 -9.7024774479 -3.7349118231 -4.0581780772
1784244770.7789926529 -1.0853279308 0.5227209223 -1.1873287708 1.6079527503 -3.0917889129 -9.2636221450 -3.7693667213 -3.9874416976
1784244770.7870039940 -1.0873732385 0.5266848372 -1.1877848918 1.6082084138 -3.0383793756 -9.1525052042 -3.7832928104 -3.9428099365
1784244770.7968173027 -1.0887246025 0.5292640970 -1.1881954008 1.6083788561 -3.0175363792 -9.2769840717 -3.7639744181 -3.8629432550
1784244770.8049111366 -1.0907333869 0.5332551620 -1.1885146856 1.6085492984 -3.0397662137 -9.2229014176 -3.7737199791 -3.8350648951
1784244770.8146798611 -1.0923769377 0.5364860242 -1.1887427461 1.6088049619 -3.0715358184 -9.2335195088 -3.7922421654 -3.7858170994
1784244770.8227949142 -1.0943126754 0.5403956390 -1.1890164187 1.6090606253 -3.1448622462 -9.1899599512 -3.7714291824 -3.7478866206
1784244770.8309381008 -1.0958466562 0.5437351016 -1.1892444793 1.6094015100 -3.1373001625 -9.3760564070 -3.7278346927 -3.7082916252
1784244770.8407664299 -1.0974536837 0.5471017143 -1.1893357035 1.6096571734 -3.0554013471 -9.5785879507 -3.6909312215 -3.7046313290
1784244770.8487966061 -1.0993163746 0.5511742296 -1.1895181519 1.6101685004 -3.0400654884 -9.5917388335 -3.6612689518 -3.6703408852
1784244770.8569130898 -1.1008868788 0.5544865421 -1.1895181519 1.6105093850 -2.9631774686 -9.6381989594 -3.5915693772 -3.6933339689
1784244770.8649110794 -1.1024208596 0.5577988546 -1.1897006004 1.6111911542 -2.9510077831 -9.7995589518 -3.5710621631 -3.6791589370
1784244770.8729820251 -1.1039183170 0.5611926174 -1.1895637640 1.6116172600 -3.0316708572 -9.9034370678 -3.5711064118 -3.6538810499
1784244770.8827631474 -1.1053427277 0.5645320800 -1.1895181519 1.6122138081 -3.0629833733 -10.0593835709 -3.5216823555 -3.6613528468
1784244770.8908543587 -1.1070958486 0.5686588956 -1.1894269277 1.6129807985 -3.1384396763 -10.1079181478 -3.5012259547 -3.6400674435
1784244770.8989744186 -1.1084837360 0.5721069586 -1.1892900914 1.6135773465 -3.1128217979 -10.1638571415 -3.4723900361 -3.6538964147
1784244770.9108409882 -1.1098716234 0.5754735713 -1.1891076430 1.6144295581 -3.0966660640 -10.2360929064 -3.4342699298 -3.6633278729
1784244770.9189174175 -1.1119169311 0.5805506405 -1.1887883582 1.6156226543 -3.1243585966 -10.3860305749 -3.4364603919 -3.6842472079
1784244770.9269144535 -1.1132317718 0.5839987035 -1.1883778492 1.6165600870 -3.1108963109 -10.4931079105 -3.3918325494 -3.6449356325
1784244770.9349591732 -1.1145100891 0.5874196164 -1.1881954008 1.6174122985 -3.0443252479 -10.5860429756 -3.3828695915 -3.6378356279
1784244770.9429745674 -1.1158249298 0.5908133792 -1.1877848918 1.6183497312 -3.0564996938 -10.7366736149 -3.3656716062 -3.6345037878
1784244770.9527039528 -1.1173223872 0.5950216451 -1.1871919344 1.6195428274 -3.1080977293 -10.5590728009 -3.3581936736 -3.5780217606
1784244770.9607846737 -1.1185641812 0.5983611077 -1.1866902013 1.6205654812 -3.0667160372 -10.7687441780 -3.3469100153 -3.5670294672
1784244770.9689097404 -1.1198059752 0.6018906210 -1.1861428560 1.6215881351 -2.9774091133 -10.9159237588 -3.3356975294 -3.5306377396
1784244770.9769530296 -1.1210842925 0.6053929842 -1.1855498986 1.6226107890 -2.9596551833 -10.9443690542 -3.3326450054 -3.5039525177
1784244770.9866237640 -1.1222895631 0.6087595969 -1.1849113291 1.6237186640 -2.9522854423 -11.1105396189 -3.3240820136 -3.5390426364
1784244770.9929106236 -1.1236409271 0.6129678628 -1.1841359232 1.6252526448 -2.9777460261 -11.2827846593 -3.3149967233 -3.5481892193
1784244771.0027625561 -1.1245540109 0.6156014227 -1.1835429658 1.6261900775 -2.9536027442 -11.1505048008 -3.2599565887 -3.5199658712
1784244771.0108556747 -1.1259053750 0.6197553884 -1.1826763358 1.6276388371 -2.8128236839 -11.4936150138 -3.2756182457 -3.5246988218
1784244771.0189771652 -1.1270010755 0.6232306015 -1.1815816452 1.6289171544 -2.8457224278 -11.2944623609 -3.3303301430 -3.4615466087
1784244771.0269589424 -1.1283524395 0.6272488167 -1.1803957304 1.6304511352 -2.8031339902 -11.1422667922 -3.3274968989 -3.4287327849
1784244771.0368607044 -1.1292655233 0.6298823766 -1.1796203246 1.6315590102 -2.6763913864 -11.6336132969 -3.3450790684 -3.4405646456
1784244771.0450696945 -1.1304707940 0.6339548920 -1.1782519614 1.6332634333 -2.8723293781 -11.4435565092 -3.3507193879 -3.3724517349
1784244771.0549366474 -1.1314569245 0.6372943546 -1.1772028829 1.6346269718 -2.8221857759 -11.4424493009 -3.3273828141 -3.3804318723
1784244771.0629410744 -1.1326256717 0.6412854196 -1.1757889076 1.6365018372 -2.8669493209 -11.5663028064 -3.3363393301 -3.3812295563
1784244771.0709531307 -1.1335022322 0.6445977321 -1.1745117685 1.6380358180 -2.8075734369 -11.5141778779 -3.3261709657 -3.3624904042
1784244771.0790042877 -1.1344153160 0.6477471440 -1.1733258538 1.6395697988 -2.8287590863 -11.6989813875 -3.2989911208 -3.3519667088
1784244771.0887229443 -1.1354379699 0.6516839089 -1.1719118784 1.6415298853 -2.9320638486 -11.7022706181 -3.2631664156 -3.3379526826
1784244771.0968196392 -1.1361684369 0.6549419212 -1.1705435152 1.6432343084 -2.8572614127 -12.0176578183 -3.2685251577 -3.3455931387
1784244771.1049904823 -1.1368623806 0.6581184832 -1.1694944367 1.6447682892 -2.8733918045 -12.1274923080 -3.1833327479 -3.2884754980
1784244771.1147964001 -1.1375928476 0.6614036456 -1.1681716856 1.6465579335 -2.9342453377 -11.9699716878 -3.1339950217 -3.2183190832
1784244771.1228692532 -1.1383963614 0.6653132603 -1.1664384255 1.6486032412 -2.8971931333 -12.0168400355 -3.1046131358 -3.1827517431
1784244771.1309375763 -1.1390903051 0.6684898223 -1.1651156744 1.6503928855 -2.8054468878 -12.1257330233 -3.0814387728 -3.2168548870
1784244771.1407635212 -1.1398572955 0.6723451368 -1.1633824143 1.6526938566 -2.8816019186 -12.2107816400 -3.0497415087 -3.1689417951
1784244771.1488888264 -1.1404051457 0.6755759990 -1.1618772148 1.6544835009 -2.7861671278 -12.5666839982 -3.0692471756 -3.1806696558
1784244771.1568491459 -1.1410260427 0.6787797111 -1.1604176273 1.6565288086 -2.7645995743 -12.6072526856 -3.0303755007 -3.1315933448
1784244771.1649823189 -1.1415008463 0.6819834232 -1.1588668157 1.6584036740 -2.6865633255 -12.9760997171 -3.0453114008 -3.1544391384
1784244771.1749777794 -1.1420121732 0.6851871353 -1.1572247798 1.6603637606 -2.6626525043 -12.7139441301 -2.9862275419 -3.1258528563
1784244771.1849234104 -1.1426330702 0.6889881496 -1.1553090713 1.6630056164 -2.6386373722 -12.8627689626 -3.0258613717 -3.1059078945
1784244771.1946842670 -1.1431809205 0.6929249145 -1.1530740780 1.6655622510 -2.6122114289 -13.0042039895 -3.0543787332 -3.0971118868
1784244771.2026884556 -1.1436557241 0.6966987787 -1.1508390847 1.6682041068 -2.5309064705 -13.0270506202 -3.0407652553 -3.0856504564
1784244771.2107696533 -1.1440940043 0.6998210405 -1.1491514368 1.6705050780 -2.5347659534 -13.0710029842 -2.9723376996 -3.0830324436
1784244771.2189474106 -1.1443861911 0.7028890021 -1.1473725646 1.6728060492 -2.5723128719 -13.2161035677 -2.9021802820 -3.0958204383
1784244771.2269246578 -1.1446783779 0.7060655641 -1.1456849166 1.6751922415 -2.5044005316 -13.3700987975 -2.8696471358 -3.1168539233
1784244771.2349715233 -1.1449340414 0.7090792254 -1.1439060444 1.6775784339 -2.4356491874 -13.4903949435 -2.8550771392 -3.1515294903
1784244771.2429618835 -1.1452627516 0.7127444893 -1.1417622754 1.6806463954 -2.4020126388 -13.5147310459 -2.8062620574 -3.1249015759
1784244771.2509968281 -1.1454088450 0.7151879985 -1.1403026879 1.6826064820 -2.3639198108 -13.7671519987 -2.8150671324 -3.1294282668
1784244771.2589514256 -1.1455914617 0.7187989621 -1.1380676946 1.6857596647 -2.3483282472 -13.8180573268 -2.7893816644 -3.1476074773
1784244771.2688214779 -1.1457375551 0.7211881711 -1.1365168830 1.6877197513 -2.2718107836 -14.1043689030 -2.7975270580 -3.1577005879
1784244771.2769060135 -1.1458836486 0.7247448345 -1.1341906655 1.6910433763 -2.2083657868 -14.1277216067 -2.8070202635 -3.1553169167
1784244771.2866792679 -1.1459932186 0.7275412951 -1.1321381207 1.6936852321 -2.1009351581 -13.8994202001 -2.8485984427 -3.1090766411
1784244771.2948219776 -1.1461027887 0.7309622080 -1.1294926184 1.6970088572 -2.0399484449 -13.8177084550 -2.8657739227 -3.0832125178
1784244771.3029267788 -1.1461758354 0.7338129688 -1.1271664009 1.6997359341 -1.9581973388 -13.8902673272 -2.8804180109 -2.9937810834
1784244771.3126785755 -1.1462123587 0.7365551291 -1.1248401835 1.7023777899 -1.8065195013 -14.0424455181 -2.9316275022 -3.0125735707
1784244771.3190572262 -1.1462854054 0.7397859913 -1.1220578449 1.7057014150 -1.7557318379 -13.9497971483 -2.9280767380 -2.9713245602
1784244771.3288235664 -1.1462854054 0.7419036993 -1.1201421364 1.7079171650 -1.6355094703 -14.1529733825 -2.9781059502 -2.9151387264
1784244771.3369579315 -1.1462854054 0.7451345615 -1.1170861252 1.7112407900 -1.5497538844 -14.1229517750 -2.9806849855 -2.8673048959
1784244771.3466773033 -1.1462854054 0.7477138212 -1.1146686835 1.7140530882 -1.4396539671 -14.2884816421 -3.0031395547 -2.8781716026
1784244771.3547208309 -1.1462488821 0.7508632331 -1.1115670602 1.7175471555 -1.2876866440 -14.2765082069 -3.0122403660 -2.8427562744
1784244771.3627765179 -1.1462854054 0.7533338924 -1.1088759458 1.7205298959 -1.1403752062 -14.1750454591 -3.0287035666 -2.8302695156
1784244771.3709163666 -1.1462488821 0.7558317018 -1.1060479952 1.7235978575 -0.9792847339 -14.3220899423 -3.0975590873 -2.8318260839
1784244771.3789603710 -1.1462488821 0.7583295113 -1.1031288203 1.7266658191 -0.8251850802 -14.5369889793 -3.1477335049 -2.8583759535
1784244771.3870608807 -1.1462488821 0.7608001706 -1.1002552575 1.7297337807 -0.7244969798 -14.5583692270 -3.1615612965 -2.8957556386
1784244771.3966906071 -1.1462488821 0.7636509313 -1.0968343494 1.7336539538 -0.5722572722 -14.7236481396 -3.1734759713 -2.8910700254
1784244771.4047696590 -1.1462123587 0.7660129903 -1.0939607867 1.7368071365 -0.4147284658 -14.7674248258 -3.1349165937 -2.8528660804
1784244771.4128084183 -1.1461758354 0.7684021993 -1.0909503876 1.7401307615 -0.2375948261 -14.9114032809 -3.1345048693 -2.8399409702
1784244771.4209628105 -1.1461758354 0.7707642582 -1.0879856006 1.7433691654 -0.1766116189 -15.1749411345 -3.1752191794 -2.8757753191
1784244771.4289572239 -1.1461393120 0.7729905666 -1.0850664257 1.7466927905 0.0142273239 -15.0609236519 -3.1641603088 -2.8328323371
1784244771.4369626045 -1.1461027887 0.7752711752 -1.0818735782 1.7501016367 0.1152778719 -15.3031253572 -3.2209868607 -2.8851278108
1784244771.4449899197 -1.1461027887 0.7774974836 -1.0786807307 1.7535957040 0.3346011191 -15.2988047035 -3.2790218370 -2.8883498617
1784244771.4548203945 -1.1460662653 0.7795608914 -1.0755791073 1.7570045502 0.4539298082 -15.3767094001 -3.3096922068 -2.8818996794
1784244771.4628272057 -1.1459932186 0.7821401511 -1.0717020782 1.7612656080 0.5669636768 -15.3186056473 -3.2598463611 -2.8530253537
1784244771.4710114002 -1.1459566953 0.7841221086 -1.0686460670 1.7646744542 0.7169034744 -15.4025212151 -3.2137127478 -2.8032500598
1784244771.4789993763 -1.1458471252 0.7865927679 -1.0648602621 1.7687650696 0.8126942223 -15.4170428271 -3.1376588056 -2.7399204621
1784244771.4886252880 -1.1457375551 0.7885475753 -1.0617586388 1.7722591369 0.9505354288 -15.4280890437 -3.0587503000 -2.6434737185
1784244771.4950077534 -1.1456645084 0.7904752326 -1.0587026276 1.7755827620 1.0457068862 -15.5811233867 -3.0451092358 -2.6140182854
1784244771.5048005581 -1.1455549384 0.7919141880 -1.0562851859 1.7786507236 1.1417952646 -15.7138125203 -3.0291434948 -2.6542363956
1784244771.5128679276 -1.1454088450 0.7941676465 -1.0524081567 1.7829117813 1.3277164958 -15.7117089041 -2.9624889226 -2.5612922919
1784244771.5208568573 -1.1452627516 0.7959867033 -1.0493521455 1.7864910698 1.4703960937 -15.9261730202 -2.9412460239 -2.6224016901
1784244771.5288822651 -1.1451166582 0.7977786101 -1.0463417464 1.7904112429 1.6404604987 -16.0110381076 -2.8907981038 -2.6046949219
1784244771.5368795395 -1.1449705647 0.7995162167 -1.0433313473 1.7939905314 1.7483187345 -16.1533094029 -2.8277427138 -2.6069433673
1784244771.5448637009 -1.1447879480 0.8012538232 -1.0404121725 1.7977402622 1.8731604049 -16.2173576716 -2.7580768764 -2.6229786307
1784244771.5528607368 -1.1446053312 0.8029371296 -1.0374929976 1.8015752142 1.9727842487 -16.3831694629 -2.6927661377 -2.6113832616
1784244771.5609102249 -1.1443861911 0.8046475860 -1.0346194348 1.8053249450 2.1222814457 -16.5017469228 -2.6573670026 -2.5998776690
1784244771.5689101219 -1.1442035744 0.8063308924 -1.0316090357 1.8091598970 2.2298916092 -16.6636934466 -2.6458459334 -2.5793736314
1784244771.5768685341 -1.1439479109 0.8079598985 -1.0286898608 1.8129948490 2.3989725444 -16.7669154225 -2.6280521680 -2.5590249814
1784244771.5848827362 -1.1437287708 0.8095346045 -1.0257706859 1.8167445798 2.5312017430 -16.8474114262 -2.5797213603 -2.5503337426
1784244771.5928654671 -1.1434731073 0.8111364605 -1.0228971232 1.8206647529 2.6567012446 -16.9919802816 -2.5346697064 -2.5213796408
1784244771.6008663177 -1.1432174438 0.8127111665 -1.0199779483 1.8245849260 2.7561583316 -17.1882996492 -2.4883352251 -2.4861741910
1784244771.6088602543 -1.1428887337 0.8142858724 -1.0171499976 1.8283346568 2.8262896689 -17.3577979405 -2.4299193850 -2.4415006328
1784244771.6169905663 -1.1425235002 0.8158334282 -1.0143676591 1.8321696088 2.8575289962 -17.5111876081 -2.3668450246 -2.4015052873
1784244771.6249506474 -1.1420486966 0.8176524851 -1.0111291994 1.8369419935 2.9118221917 -17.5297233921 -2.2698259746 -2.3574669369
1784244771.6328701973 -1.1416834631 0.8188199395 -1.0089854304 1.8400951762 3.0619305361 -17.6786197870 -2.2363653519 -2.3485422429
1784244771.6409225464 -1.1412451828 0.8202588949 -1.0062030918 1.8440153493 3.1464754252 -17.8247184832 -2.2396487607 -2.3564709251
1784244771.6509504318 -1.1407703793 0.8216707003 -1.0033751411 1.8481911859 3.1378007103 -17.9881768142 -2.2745081149 -2.4329934541
1784244771.6607933044 -1.1400033889 0.8235712074 -0.9993612757 1.8539862245 3.2300371899 -17.7977485271 -2.1739235239 -2.3053154135
1784244771.6689214706 -1.1393824919 0.8248472622 -0.9964877129 1.8582472822 3.3906556268 -17.9198862077 -2.1678478989 -2.3010951365
1784244771.6769285202 -1.1387981182 0.8260690169 -0.9936141501 1.8625083400 3.5165060668 -17.9478223295 -2.1452711281 -2.3400580893
1784244771.6849102974 -1.1381772213 0.8271278708 -0.9909230358 1.8668546189 3.5082890305 -18.1354492788 -2.0890046032 -2.3238663132
1784244771.6929202080 -1.1374102309 0.8283224754 -0.9882775336 1.8709452343 3.4822090616 -18.3494076530 -2.0595257417 -2.3269813983
1784244771.7008662224 -1.1366067171 0.8294899298 -0.9855864192 1.8752062920 3.5480088730 -18.4332444975 -1.9542076939 -2.3577483102
1784244771.7089214325 -1.1358032034 0.8305216337 -0.9832145896 1.8795525709 3.6027466143 -18.5643834251 -1.8419883059 -2.3272870448
1784244771.7168700695 -1.1349631663 0.8315804876 -0.9808883721 1.8837284075 3.5972279531 -18.7304034105 -1.8202748211 -2.3565487770
1784244771.7249627113 -1.1340135591 0.8326664917 -0.9785165426 1.8879894653 3.5702300720 -18.7867173064 -1.6760236363 -2.2680654998
1784244771.7346999645 -1.1329543819 0.8336438954 -0.9761447130 1.8922505230 3.4984548080 -18.9165573604 -1.7034888075 -2.3332903721
1784244771.7428607941 -1.1317491113 0.8346484492 -0.9732711502 1.8975342346 3.8104263496 -18.6940425355 -1.6378508259 -2.1803482900
1784244771.7509365082 -1.1307264574 0.8354358022 -0.9706712601 1.9017100712 3.9647627839 -18.7616084478 -1.7153867664 -2.1642987958
1784244771.7589476109 -1.1296672802 0.8361688550 -0.9679801457 1.9060563501 4.1163978788 -18.7598670459 -1.7733866534 -2.1000359397
1784244771.7669644356 -1.1286081030 0.8367661572 -0.9653346435 1.9101469655 4.2113421949 -18.7668267108 -1.7918802001 -2.0815048234
1784244771.7748713493 -1.1274758791 0.8373091593 -0.9626891412 1.9145784656 4.2192068666 -18.8957591560 -1.8001119980 -2.0757069307
1784244771.7846896648 -1.1262706085 0.8378793114 -0.9601804753 1.9188395233 4.1640804813 -18.8812611997 -1.7028759638 -2.0515694351
1784244771.7927908897 -1.1246635810 0.8384223135 -0.9572613004 1.9242084561 4.1970589785 -18.9734341926 -1.6206845198 -1.9841506622
1784244771.8009252548 -1.1233122170 0.8388567151 -0.9547982466 1.9285547350 4.2555590254 -19.0808145515 -1.5905429510 -1.9816338967
1784244771.8106870651 -1.1215590961 0.8392639666 -0.9517422354 1.9340941101 4.2903458793 -19.0884997193 -1.5687420567 -2.0009397296
1784244771.8188295364 -1.1200981620 0.8395083176 -0.9494160180 1.9386960524 4.3761553132 -19.1315436012 -1.5271700181 -2.0184730153
1784244771.8269228935 -1.1185276578 0.8397255184 -0.9469529641 1.9433832159 4.4125799695 -19.2196467464 -1.5019406711 -2.0342241495
1784244771.8349640369 -1.1169206303 0.8398884190 -0.9445811346 1.9479851583 4.3086544346 -19.2430909127 -1.4932876004 -2.0636834563
1784244771.8429753780 -1.1152040328 0.8399427192 -0.9422093050 1.9526723218 4.3025521452 -19.2552638236 -1.5168436773 -2.1026014841
1784244771.8526890278 -1.1134874352 0.8399427192 -0.9397462512 1.9573594853 4.1344696304 -19.2824818669 -1.5696477569 -2.1982073811
1784244771.8608300686 -1.1114056042 0.8398612689 -0.9367814642 1.9628988604 4.2215308372 -19.2940721385 -1.5800859433 -2.1289076024
1784244771.8690071106 -1.1094333432 0.8397526685 -0.9344096346 1.9672451393 4.1578029774 -19.3818577061 -1.5699949711 -2.0475462589
1784244771.8789224625 -1.1074610821 0.8396440681 -0.9320378050 1.9720175240 4.3635318203 -19.4147571633 -1.4730914082 -1.9667162225
1784244771.8869650364 -1.1049774942 0.8392368165 -0.9293466906 1.9776421202 4.2975405199 -19.4265334200 -1.4284821108 -1.9756654579
1784244771.8967058659 -1.1028226164 0.8389110153 -0.9270660853 1.9823292837 4.4306152681 -19.6007704958 -1.4446010065 -1.8866683211
1784244771.9047265053 -1.1002659818 0.8384766137 -0.9241469104 1.9876129953 4.4398963149 -19.6088295395 -1.4245018292 -1.8105449727
1784244771.9090363979 -1.0980015340 0.8380150619 -0.9219119171 1.9922149377 4.2804083003 -19.6104904076 -1.4439057999 -1.8564768045
1784244771.9170098305 -1.0962484131 0.8376621106 -0.9202242691 1.9957090050 4.3995263091 -19.7131627360 -1.4168351685 -1.8517003541
1784244771.9267172813 -1.0938743952 0.8370376582 -0.9179892759 2.0003109474 4.3469012664 -19.6743419737 -1.3852102722 -1.8172075488
1784244771.9346737862 -1.0913177605 0.8363317556 -0.9157998947 2.0049981109 4.2394186488 -19.6018360714 -1.3671032277 -1.8130512887
1784244771.9410138130 -1.0888706959 0.8355987028 -0.9135649014 2.0096000533 4.3109175648 -19.5996393439 -1.3651644103 -1.8222986061
1784244771.9508743286 -1.0869349583 0.8349471004 -0.9116491929 2.0133497841 4.2546498658 -19.5703378768 -1.4178045038 -1.8817061969
1784244771.9589176178 -1.0837209033 0.8338339462 -0.9088668544 2.0190596015 4.4747848106 -19.5432434105 -1.4493555934 -1.8683615012
1784244771.9670200348 -1.0810546986 0.8328022423 -0.9064950248 2.0238319862 4.5034627571 -19.5577556235 -1.4656015753 -1.8627528846
1784244771.9768068790 -1.0777310735 0.8314718872 -0.9038039104 2.0294565824 4.5612430181 -19.4412200763 -1.4325211803 -1.7940759292
1784244771.9849188328 -1.0748092054 0.8301958324 -0.9014776930 2.0342289670 4.6324220145 -19.5191429221 -1.4323503893 -1.7534884555
1784244771.9929604530 -1.0718873372 0.8289469277 -0.8991970876 2.0390013517 4.6975443044 -19.4825137339 -1.4492063462 -1.7188706418
1784244772.0027930737 -1.0683810954 0.8272636214 -0.8963691369 2.0446259479 4.6928763332 -19.5737553401 -1.4350927146 -1.6440708047
1784244772.0108773708 -1.0652766105 0.8258789661 -0.8941341436 2.0493131115 4.6358312648 -19.5670002908 -1.4526766351 -1.6327735202
1784244772.0190038681 -1.0620625555 0.8243042602 -0.8917623141 2.0540854961 4.5597873641 -19.5311923596 -1.5097790861 -1.6772070342
1784244772.0270094872 -1.0581910802 0.8224037530 -0.8888431392 2.0599657558 4.5157482375 -19.5378778608 -1.5514386484 -1.6756536392
1784244772.0367794037 -1.0548674551 0.8206118463 -0.8862888612 2.0647381405 4.7441289831 -19.6691487139 -1.6468892101 -1.6723942999
1784244772.0447678566 -1.0516168768 0.8189556900 -0.8836889710 2.0695957463 4.7784145415 -19.7628594566 -1.7775607253 -1.7006179945
1784244772.0528142452 -1.0483297751 0.8171637833 -0.8808610204 2.0743681310 4.7513806540 -19.6708648402 -1.8695008887 -1.7251995493
1784244772.0609588623 -1.0448965800 0.8152361260 -0.8780786818 2.0791405157 4.9292043789 -19.7611524874 -1.9995246234 -1.7271539118
1784244772.0689191818 -1.0414268616 0.8133627689 -0.8751138948 2.0839981215 4.9611828823 -19.8181098293 -2.0953277273 -1.7544122268
1784244772.0786919594 -1.0380301898 0.8114079615 -0.8722859441 2.0887705062 4.9231836797 -19.8955614318 -2.1465923720 -1.6963876924
1784244772.0867893696 -1.0336108642 0.8089644523 -0.8688194240 2.0944803235 4.9264458229 -19.9771059718 -2.1683138545 -1.6397962919
1784244772.0949246883 -1.0299950524 0.8069281946 -0.8660370854 2.0991674871 4.8709706741 -20.2361094721 -2.1338266588 -1.6301249668
1784244772.1047322750 -1.0261235770 0.8049462372 -0.8634371953 2.1040250929 4.6007094417 -20.3611455104 -2.0688078999 -1.5622780127
1784244772.1127831936 -1.0212294479 0.8024212776 -0.8602899599 2.1097349103 4.4892177520 -20.5062490364 -2.0392278017 -1.5563682673
1784244772.1209537983 -1.0171023091 0.8003035696 -0.8576444576 2.1145925161 4.6328155986 -20.6055452352 -2.0319353422 -1.5461199931
1784244772.1290695667 -1.0129751703 0.7981044113 -0.8550445675 2.1193649008 4.4208269824 -20.6645681653 -2.0567264179 -1.5425770020
1784244772.1389646530 -1.0086654147 0.7959324031 -0.8523990653 2.1240520643 4.5595590660 -20.7005963153 -2.0929403327 -1.5690740544
1784244772.1470658779 -1.0034425754 0.7931630927 -0.8491149935 2.1299323240 4.5993018204 -20.6770062731 -2.1282347923 -1.5759196309
1784244772.1569297314 -0.9992789133 0.7908281839 -0.8464694913 2.1345342663 4.5386400829 -20.9052711837 -2.1467321866 -1.5275295348
1784244772.1649770737 -0.9936543170 0.7879774231 -0.8432310317 2.1403293049 4.3133218441 -20.9629013186 -2.1564624915 -1.5383093353
1784244772.1730687618 -0.9892715148 0.7856696644 -0.8407223657 2.1450164684 4.2588971440 -21.0688722875 -2.1427344615 -1.5604905519
1784244772.1828453541 -0.9846695724 0.7832533053 -0.8382136998 2.1497036319 4.1503316569 -21.1107184923 -2.1596130279 -1.5431570795
1784244772.1908876896 -0.9788988828 0.7802396439 -0.8351576886 2.1554134493 4.3003035966 -21.3348028248 -2.1292909296 -1.5202484217
1784244772.1990208626 -0.9742604171 0.7778232848 -0.8327402469 2.1600153917 4.4309854023 -21.3186457191 -2.1092508738 -1.4542648283
1784244772.2086884975 -0.9685262508 0.7746195727 -0.8297298478 2.1654695456 4.5296390854 -21.3754807378 -2.1171843539 -1.4102110961
1784244772.2149722576 -0.9636686450 0.7720131629 -0.8272667940 2.1700714879 4.6872092141 -21.4979321282 -2.1297619357 -1.3876681999
1784244772.2229273319 -0.9598702163 0.7698411547 -0.8251686371 2.1738212187 4.4327225550 -21.3578913826 -2.1781871733 -1.4308135821
1784244772.2309768200 -0.9548299938 0.7670718443 -0.8227055833 2.1784231611 4.4538291044 -21.2962442584 -2.1990655147 -1.4452415660
1784244772.2390115261 -0.9487305940 0.7636237812 -0.8197407963 2.1839625362 4.4048665109 -21.3173106218 -2.2284705113 -1.4199228320
1784244772.2486875057 -0.9434712313 0.7605829698 -0.8170040698 2.1886496997 4.4106796800 -21.2576028817 -2.2563089191 -1.3921894394
1784244772.2550139427 -0.9382849153 0.7574878581 -0.8145410160 2.1931664209 4.4375245425 -21.1420134981 -2.2976698993 -1.4295058740
1784244772.2630105019 -0.9329890292 0.7541755456 -0.8118042896 2.1978535844 4.3146999914 -21.0947929142 -2.3549986757 -1.4208743946
1784244772.2729372978 -0.9286427503 0.7515962859 -0.8097517447 2.2015180941 4.2244906873 -20.8256496490 -2.4738327282 -1.4960227354
1784244772.2809436321 -0.9220685469 0.7474151701 -0.8064676730 2.2073131326 4.3774380550 -20.6766956141 -2.4852526797 -1.4855457030
1784244772.2889807224 -0.9166996142 0.7439399570 -0.8040046192 2.2117446327 4.2809440028 -20.5095659428 -2.5337563532 -1.4958281223
1784244772.2989373207 -0.9110750179 0.7402203929 -0.8012222806 2.2164317962 4.0300305550 -20.4971426719 -2.5391880948 -1.5039276666
1784244772.3086867332 -0.9041355811 0.7357134759 -0.7981206573 2.2219711713 4.3379929287 -20.5482239468 -2.4492030554 -1.4551802324
1784244772.3150258064 -0.8972691909 0.7310708084 -0.7952470945 2.2275105463 4.3030654361 -20.5709562758 -2.4032036697 -1.4268367643
1784244772.3247311115 -0.8914254545 0.7271883438 -0.7929208771 2.2319420464 3.9837854807 -20.3359191302 -2.4028348659 -1.4528742127
1784244772.3328394890 -0.8856912882 0.7232787290 -0.7908227201 2.2363735464 4.0716837585 -20.3353978933 -2.3319316661 -1.4072984334
1784244772.3409745693 -0.8797379819 0.7192605139 -0.7886333390 2.2407198253 3.8082188407 -20.2037019731 -2.2766424075 -1.3965977017
1784244772.3490078449 -0.8737116288 0.7151336983 -0.7867176304 2.2452365465 4.1642616214 -20.3545277846 -2.1369361032 -1.3772336564
1784244772.3568990231 -0.8663704350 0.7102466798 -0.7844370251 2.2503498158 4.2525864100 -20.5548036180 -2.0653848361 -1.3273251566
1784244772.3649754524 -0.8616223992 0.7069615174 -0.7830230497 2.2537586620 3.5532981464 -20.1108776626 -2.0734248832 -1.4010118519
1784244772.3748431206 -0.8553403827 0.7026989514 -0.7811529533 2.2581049409 3.2340614707 -19.9119280319 -2.0346425785 -1.4475669573
1784244772.3829782009 -0.8477800488 0.6974046814 -0.7790091843 2.2635590948 3.9694123268 -20.3195005526 -1.9473265599 -1.4277693288
1784244772.3927242756 -0.8413884622 0.6930063648 -0.7771847000 2.2678201526 3.9947830173 -19.9947359392 -2.0003228341 -1.4167100418
1784244772.4008631706 -0.8337550816 0.6874948940 -0.7749497067 2.2729334219 4.2114762783 -20.3966731415 -1.9990379640 -1.3649574536
1784244772.4088807106 -0.8272174015 0.6831237275 -0.7731708345 2.2772797008 4.3591779593 -20.2970220877 -2.0348620293 -1.3365359836
1784244772.4167873859 -0.8206431982 0.6783181594 -0.7713007381 2.2815407585 4.4328927262 -20.1204781306 -2.0682831290 -1.3265441814
1784244772.4248785973 -0.8142516116 0.6736211917 -0.7695218659 2.2856313739 3.7611980835 -19.6642439237 -2.1076897903 -1.4008245729
1784244772.4330215454 -0.8076774082 0.6687341732 -0.7676061574 2.2899776528 4.0452827510 -19.7697123773 -2.1131319578 -1.3483615407
1784244772.4409575462 -0.7993866072 0.6627883008 -0.7656448368 2.2948352587 3.5925362906 -19.5057721966 -2.1126088118 -1.3581296313
1784244772.4507305622 -0.7940176745 0.6588786860 -0.7643676978 2.2979884414 3.5574829748 -19.5704097320 -2.1207487885 -1.3379365661
1784244772.4587211609 -0.7854712101 0.6527156128 -0.7622239287 2.3030164895 3.7950683750 -19.4042087060 -2.1288796293 -1.3078272685
1784244772.4667353630 -0.7785317732 0.6473398925 -0.7604906686 2.3070218838 3.9649502142 -19.4343120567 -2.1264159124 -1.2939950159
1784244772.4748044014 -0.7714462429 0.6421813730 -0.7588486328 2.3111124993 4.1710345268 -19.4730679629 -2.1377953204 -1.2624411905
1784244772.4828817844 -0.7645068060 0.6369142532 -0.7572065969 2.3151178935 4.2107259679 -19.4990713732 -2.0947145931 -1.2780354277
1784244772.4908812046 -0.7572386589 0.6314299325 -0.7557470094 2.3192085090 4.0807109507 -19.4210377259 -1.9885772450 -1.2933833223
1784244772.4988753796 -0.7501166053 0.6260542122 -0.7546523189 2.3231286821 3.9008237164 -19.3522438731 -1.9238402840 -1.3794750510
1784244772.5068438053 -0.7428119349 0.6205970416 -0.7533295677 2.3273045187 4.2858885414 -19.4433468665 -1.8492463851 -1.4014681086
1784244772.5148785114 -0.7358724980 0.6152484714 -0.7522804893 2.3313099130 4.3580109434 -19.3246909876 -1.7406649716 -1.4308740630
1784244772.5228831768 -0.7287139209 0.6097098505 -0.7515506955 2.3352300861 3.9950228022 -19.3413404234 -1.6547629834 -1.4474253755
1784244772.5308930874 -0.7211901104 0.6041440795 -0.7505928413 2.3392354804 3.9431950813 -19.4034663801 -1.5734535296 -1.4509946387
1784244772.5388886929 -0.7138123933 0.5986597588 -0.7497718234 2.3430704323 4.0470331931 -19.3353326704 -1.5260564288 -1.4291727076
1784244772.5468833447 -0.7065442462 0.5929582373 -0.7490420296 2.3468201632 4.0387050937 -19.1655988137 -1.5814604562 -1.4255039768
1784244772.5549302101 -0.6990204357 0.5871752655 -0.7479017269 2.3507403363 4.3827180487 -18.9818569635 -1.6066729862 -1.4062196510
1784244772.5628826618 -0.6917157653 0.5812836933 -0.7470350969 2.3544048459 4.4522885315 -18.7803576228 -1.7191762728 -1.3829479118
1784244772.5709338188 -0.6843380482 0.5754192711 -0.7458491821 2.3580693556 4.1912767312 -18.5243920892 -1.8545167327 -1.4089644106
1784244772.5788786411 -0.6765950975 0.5692018977 -0.7444352068 2.3618190864 4.2126534003 -18.2078736719 -1.9758139102 -1.3849377771
1784244772.5868864059 -0.6690347636 0.5630388244 -0.7432036799 2.3653983749 4.3091334697 -18.0720477364 -2.0554606117 -1.3731837859
1784244772.5949199200 -0.6615109531 0.5567400006 -0.7420177651 2.3688924423 4.1182150615 -17.8983344951 -2.1470563711 -1.3885621236
1784244772.6028921604 -0.6535488623 0.5502511262 -0.7406037897 2.3725569519 3.8733795999 -17.6830950481 -2.1680421530 -1.3894224120
1784244772.6108798981 -0.6456232949 0.5438437020 -0.7395090992 2.3760510193 3.2848410278 -17.2609867474 -2.1825039752 -1.4476393248
1784244772.6188817024 -0.6376977275 0.5373276774 -0.7386880812 2.3796303078 3.5365926689 -17.4855148749 -2.0943596843 -1.4307546796
1784244772.6268792152 -0.6294799733 0.5306759023 -0.7376390028 2.3832095963 3.8351246764 -17.4553862074 -2.0388341257 -1.4714979291
1784244772.6348803043 -0.6215178826 0.5241598777 -0.7369092090 2.3867888848 3.4100212833 -17.1019633087 -2.0226596263 -1.5522287618
1784244772.6428780556 -0.6135923152 0.5176167030 -0.7364987001 2.3902829521 3.7944797002 -17.4829849110 -1.8425548117 -1.5416581731
1784244772.6509220600 -0.6053015142 0.5109377778 -0.7358601306 2.3938622407 3.9958660823 -17.4182170998 -1.6908426388 -1.5929198328
1784244772.6590185165 -0.5972298534 0.5043131528 -0.7356776821 2.3974415292 4.0349580046 -17.4146453318 -1.6130133495 -1.6422466704
1784244772.6688780785 -0.5890851459 0.4977428280 -0.7353127853 2.4009355965 4.1330192318 -17.2400941075 -1.5743187106 -1.6582671479
1784244772.6769237518 -0.5792603642 0.4893805965 -0.7350391126 2.4051114331 4.2718624945 -17.0191485779 -1.5263103593 -1.6564327163
1784244772.6849801540 -0.5711887034 0.4824844705 -0.7347654400 2.4084350581 4.2956527330 -16.8003560602 -1.4742494655 -1.6458618609
1784244772.6929821968 -0.5627518090 0.4755068941 -0.7347198279 2.4118439043 3.8854412218 -16.5338589570 -1.4610095881 -1.6463161147
1784244772.7009806633 -0.5544975315 0.4685293178 -0.7344005431 2.4149970871 3.8959263141 -16.4062194489 -1.5289148581 -1.6349628730
1784244772.7089691162 -0.5443805629 0.4598955852 -0.7338531978 2.4188320390 4.3577765945 -16.3708638670 -1.6027926738 -1.6063955643
1784244772.7187991142 -0.5378794063 0.4541669136 -0.7334426889 2.4213886737 4.0290870962 -16.0280321538 -1.6840142637 -1.6255786667
1784244772.7268865108 -0.5272511108 0.4450987794 -0.7329865678 2.4252236256 3.8893620438 -15.8085677162 -1.7560678284 -1.6673508432
1784244772.7348873615 -0.5185950764 0.4375782010 -0.7325760588 2.4285472507 3.8726434445 -15.6464141264 -1.7655564421 -1.6627993417
1784244772.7428855896 -0.5099755653 0.4301390730 -0.7323936104 2.4315299911 3.7244207633 -15.6029997027 -1.6763209200 -1.6858444411
1784244772.7509706020 -0.5012830075 0.4226999449 -0.7325760588 2.4346831738 3.1318313452 -15.5721036419 -1.6503331718 -1.7697664403
1784244772.7589864731 -0.4920791227 0.4152879669 -0.7324392225 2.4379215777 3.0102172812 -15.4606187202 -1.5021788034 -1.8166475087
1784244772.7670145035 -0.4813047339 0.4063012830 -0.7328497315 2.4416713085 3.4270236351 -15.7564913224 -1.4416135177 -1.8454619088
1784244772.7750267982 -0.4725026060 0.3989707554 -0.7329409557 2.4449097124 4.1400360863 -16.0214753361 -1.4255240550 -1.8660135408
1784244772.7828941345 -0.4635178614 0.3916130776 -0.7330777920 2.4478924528 4.0818561069 -16.0020038022 -1.4154143974 -1.8896215983
1784244772.7909286022 -0.4565053778 0.3857215054 -0.7333970768 2.4503638663 3.8653054133 -15.6163314059 -1.4213751902 -1.9482763915
1784244772.7989196777 -0.4477762967 0.3782009270 -0.7334426889 2.4534318279 3.9349338950 -15.3946701336 -1.4126030927 -1.9803885003
1784244772.8069686890 -0.4388645987 0.3707617989 -0.7336251373 2.4564145683 4.1464960670 -15.3114726329 -1.4589119840 -2.0042111988
1784244772.8150312901 -0.4301355176 0.3632140704 -0.7337163615 2.4593120876 3.7502340250 -14.8486562174 -1.5359822560 -2.0168408163
1784244772.8247995377 -0.4190689419 0.3536029342 -0.7338075857 2.4628913761 4.1347019496 -14.4526031152 -1.6050066758 -2.0210094926
1784244772.8329801559 -0.4100111506 0.3454579035 -0.7338075857 2.4658741165 3.9191763208 -14.0358520188 -1.6603691106 -2.0378987025
1784244772.8427050114 -0.3987619581 0.3355209660 -0.7338988099 2.4691977416 3.9684453688 -13.8948750887 -1.6844677756 -2.0132655194
1784244772.8509833813 -0.3893024100 0.3274030853 -0.7338531978 2.4720100397 3.8440963383 -13.7129029598 -1.7418315613 -2.0353665506
1784244772.8590145111 -0.3795871983 0.3187965029 -0.7339900342 2.4749075589 2.7865146779 -12.9833273636 -1.6513171968 -2.1133039033
1784244772.8687129021 -0.3679362490 0.3089410157 -0.7344917673 2.4782311840 3.3809257453 -13.2769872237 -1.6123543280 -2.1008489465
1784244772.8767852783 -0.3585497475 0.3005516340 -0.7348110521 2.4809582609 3.3514010832 -13.2780920836 -1.5383987710 -2.1070837092
1784244772.8849372864 -0.3489075825 0.2923251530 -0.7354040095 2.4836001167 3.0587259972 -13.4281080274 -1.5037696713 -2.1575152182
1784244772.8947024345 -0.3390097541 0.2841801222 -0.7357689063 2.4864124149 3.0977931163 -13.2659424397 -1.4936894270 -2.2304525302
1784244772.9027929306 -0.3272127114 0.2740531340 -0.7364530880 2.4897360399 3.7834201130 -13.0261726715 -1.5410886297 -2.2460045217
1784244772.9107890129 -0.3180088267 0.2657180526 -0.7367723727 2.4922926745 3.7352345126 -12.9494301916 -1.5588204919 -2.3004388311
1784244772.9189331532 -0.3084762318 0.2575187216 -0.7372284938 2.4950197515 4.0905320944 -12.6864253336 -1.5378378244 -2.3664285157
1784244772.9269478321 -0.2989436369 0.2489664394 -0.7379126754 2.4976616073 4.2403816989 -12.2696958728 -1.5611780582 -2.3764922101
1784244772.9349484444 -0.2897762755 0.2405227575 -0.7383231844 2.5001330208 4.3366593367 -11.6672710831 -1.5857443421 -2.4208363275
1784244772.9429483414 -0.2806454375 0.2318347247 -0.7388705297 2.5026896554 3.8313360145 -11.4245472026 -1.5962497516 -2.4534158664
1784244772.9509432316 -0.2709667492 0.2233095926 -0.7394178749 2.5051610689 3.5468890285 -11.1051991186 -1.5984639538 -2.4724084308
1784244772.9589395523 -0.2613976309 0.2145944097 -0.7399196081 2.5075472613 3.2798160343 -10.9394859151 -1.6397663864 -2.5176658310
1784244772.9670174122 -0.2517554660 0.2059335270 -0.7402388929 2.5099334536 3.6445157948 -10.7177980590 -1.6183085103 -2.5458940937
1784244772.9750182629 -0.2405793202 0.1954807376 -0.7411967471 2.5127457517 4.0749179686 -10.9999177396 -1.6194599306 -2.5416067579
1784244772.9829685688 -0.2311197720 0.1869284553 -0.7415160319 2.5152171652 4.1689906867 -11.1818152513 -1.5897384293 -2.5562841139
1784244772.9928843975 -0.2234498681 0.1803309804 -0.7421089893 2.5170068095 3.8171500867 -11.0036710348 -1.5126669005 -2.6006372684
1784244773.0027058125 -0.2116528254 0.1699596413 -0.7432036799 2.5197338864 3.7651129810 -11.2716696919 -1.3758902053 -2.6019923392
1784244773.0108020306 -0.1998192593 0.1597512028 -0.7444808189 2.5223757422 3.9784713561 -11.1164667721 -1.3252748497 -2.5991935588
1784244773.0188505650 -0.1902136177 0.1511717704 -0.7455755095 2.5245914922 4.0082008385 -11.1412784415 -1.2668750478 -2.6252397628
1784244773.0269351006 -0.1804253593 0.1428366889 -0.7467158122 2.5267220211 4.1335616476 -10.7432097424 -1.2878270853 -2.6329665386
1784244773.0349915028 -0.1707831944 0.1341486562 -0.7477192785 2.5287673288 4.1911236411 -10.2875819303 -1.3169764608 -2.6328162079
1784244773.0430319309 -0.1593513852 0.1236415665 -0.7489508054 2.5310683000 4.4060607373 -10.0974593770 -1.4162863910 -2.6121152860
1784244773.0510644913 -0.1496361735 0.1148720834 -0.7493613144 2.5331136077 4.7138954753 -9.6869295326 -1.5259977227 -2.6315502113
1784244773.0608890057 -0.1423315031 0.1078402069 -0.7498630476 2.5345623674 4.6054782632 -8.9875371400 -1.6206568574 -2.6777095421
1784244773.0689296722 -0.1306075071 0.0968715655 -0.7505928413 2.5368633385 3.8911311861 -8.5774688664 -1.7247663346 -2.7171385639
1784244773.0769472122 -0.1206366320 0.0878848816 -0.7510033503 2.5387382040 3.7826614965 -8.4091963725 -1.7120736525 -2.7379274076
1784244773.0849511623 -0.1110309904 0.0790339482 -0.7519155924 2.5405278482 3.9012582127 -8.1790201409 -1.6223957408 -2.7806455510
1784244773.0929393768 -0.1014253488 0.0700201142 -0.7531015072 2.5424027136 3.6369341055 -8.1893387781 -1.4947971104 -2.8246956401
1784244773.1009881496 -0.0915275203 0.0613320814 -0.7543786462 2.5441923579 3.6784291363 -8.0425542094 -1.3074521105 -2.8687066144
1784244773.1108129025 -0.0819218787 0.0525354482 -0.7561119063 2.5459820021 4.2546053070 -8.2365963026 -1.0394890251 -2.9250590327
1784244773.1189026833 -0.0701613594 0.0418111578 -0.7582556754 2.5481977521 4.4724026199 -8.1713617904 -0.8957431617 -2.9311087382
1784244773.1268913746 -0.0604826711 0.0329330743 -0.7598520991 2.5499021752 4.6159760762 -7.7178522385 -0.8361640759 -2.9528594450
1784244773.1350159645 -0.0509135528 0.0239735405 -0.7614941350 2.5515213772 4.1787343812 -7.2654329440 -0.7569080329 -2.9668534999
1784244773.1429927349 -0.0390434634 0.0133578504 -0.7634554556 2.5534814637 4.4922174220 -7.3114068539 -0.8001747377 -2.9336519319
1784244773.1509904861 -0.0296934853 0.0043983166 -0.7651887157 2.5549302234 4.9286635501 -7.1417545618 -0.8800103251 -2.9223684100
1784244773.1589806080 -0.0202704604 -0.0046426675 -0.7662377942 2.5563789830 4.9529869053 -6.9245006617 -1.0012979029 -2.9175331567
1784244773.1670329571 -0.0105187254 -0.0136022013 -0.7672412605 2.5577425215 4.7507574348 -6.5591860147 -1.1463546019 -2.9310330745
1784244773.1768293381 -0.0006939437 -0.0229146865 -0.7683815632 2.5591060600 4.5851102882 -6.0916538473 -1.3092399652 -2.9733355271
1784244773.1849122047 0.0090577913 -0.0322543217 -0.7692938054 2.5605548196 4.5170945455 -5.5314730243 -1.3280319699 -2.9984530164
1784244773.1930291653 0.0184077695 -0.0413767561 -0.7706621686 2.5618331369 4.1589465737 -5.4988657066 -1.2647852020 -3.0265233681
1784244773.2009928226 0.0303874289 -0.0522910973 -0.7720305318 2.5634523389 4.1798632137 -5.6414708618 -1.2104906121 -3.0778359775
1784244773.2089998722 0.0398835005 -0.0611420307 -0.7737637919 2.5647306562 4.5403172254 -5.5312235821 -1.0342082349 -3.0936520788
1784244773.2169117928 0.0493065253 -0.0701558647 -0.7758619489 2.5659237524 4.5733095943 -5.5076424101 -0.8696512048 -3.1295806282
1784244773.2248508930 0.0569399059 -0.0772420414 -0.7773671484 2.5669464062 3.6050954189 -4.4212582427 -0.7618318911 -3.1719756562
1784244773.2328884602 0.0665455475 -0.0859572243 -0.7795109175 2.5682247235 3.0286110178 -4.1369141392 -0.6154123501 -3.2245603386
1784244773.2409758568 0.0759320490 -0.0947538575 -0.7817002986 2.5692473774 3.2690237177 -4.1075382040 -0.4868480046 -3.2296692224
1784244773.2489857674 0.0854646439 -0.1034690404 -0.7833879466 2.5702700313 3.2413851974 -3.8001195203 -0.4960535197 -3.2198399973
1784244773.2570173740 0.0947415753 -0.1122928237 -0.7854404914 2.5712074640 3.4963380075 -3.2527698762 -0.5227531057 -3.1881609986
1784244773.2668461800 0.1062464312 -0.1230442643 -0.7870825273 2.5721448967 3.7187020164 -3.3541791832 -0.6931524663 -3.1353619705
1784244773.2749433517 0.1157425028 -0.1320309482 -0.7885877269 2.5730823294 4.7136390713 -3.4474250247 -0.8574381152 -3.1148623778
1784244773.2830181122 0.1250924809 -0.1411805327 -0.7900929264 2.5738493198 3.8588000927 -2.1590255895 -0.8427687004 -3.1323594459
1784244773.2928500175 0.1341502722 -0.1501672166 -0.7917805744 2.5745310890 3.7652365921 -1.4010015005 -0.8361107892 -3.1438024598
1784244773.3027040958 0.1455090347 -0.1609729574 -0.7934226102 2.5755537429 5.1594731328 -2.7347058191 -0.8432995384 -3.2055639352
1784244773.3107933998 0.1566121338 -0.1718872986 -0.7957944398 2.5764911756 5.4437263471 -2.5812801308 -0.7110614985 -3.2364243772
1784244773.3189780712 0.1657794951 -0.1810368831 -0.7980294331 2.5772581660 5.5348407786 -2.4449886422 -0.5120087345 -3.2974579112
1784244773.3269922733 0.1748738098 -0.1898335163 -0.8004924869 2.5780251564 4.7141498386 -2.4139884427 -0.3516516250 -3.2884506521
1784244773.3349471092 0.1865978058 -0.2003677560 -0.8033204376 2.5787069256 4.7237766081 -2.6529169857 -0.2426532355 -3.3101334670
1784244773.3428583145 0.1939024763 -0.2070466812 -0.8050536977 2.5792182525 4.5934405120 -2.3046375602 -0.1520200029 -3.3119013439
1784244773.3510334492 0.2030698376 -0.2157618641 -0.8075623636 2.5796443583 4.4833679535 -1.9989959993 -0.0867631969 -3.3130682851
1784244773.3589816093 0.2145746935 -0.2261060531 -0.8104359264 2.5802409064 4.5973317320 -1.9918532804 -0.1477195633 -3.3209942273
1784244773.3687565327 0.2219158873 -0.2329478789 -0.8118042896 2.5805817910 5.1181541560 -1.7386107257 -0.2074979102 -3.3109585906
1784244773.3750302792 0.2331285564 -0.2433735183 -0.8143585676 2.5810078968 5.1558758131 -1.5083081968 -0.3063360750 -3.2966397442
1784244773.3847134113 0.2421498244 -0.2519529506 -0.8159093793 2.5812635602 4.9980274518 -1.2449458510 -0.4078770014 -3.2937008989
1784244773.3909351826 0.2516093726 -0.2605052329 -0.8176882514 2.5815192237 4.6177756683 -0.7679698561 -0.4503213064 -3.2889338858
1784244773.3990309238 0.2589870897 -0.2672927585 -0.8190566147 2.5816896660 3.3013732016 0.4577441309 -0.4521496312 -3.3065519148
1784244773.4087541103 0.2699440953 -0.2780713492 -0.8212003837 2.5821157718 3.8744700013 1.0089616424 -0.5140910941 -3.3597542914
1784244773.4167814255 0.2790018866 -0.2867050818 -0.8231160922 2.5823714353 4.3160893272 0.9325044861 -0.5488135766 -3.3873997204
1784244773.4248969555 0.2878040145 -0.2952302139 -0.8247581281 2.5826270987 5.3482420976 0.1167034277 -0.4415204224 -3.4569954238
1784244773.4329376221 0.2967887591 -0.3035652954 -0.8270843456 2.5828827622 5.2408040950 0.3726830582 -0.2464477112 -3.5037698653
1784244773.4410171509 0.3057004570 -0.3120089772 -0.8295930115 2.5831384256 5.5320100993 0.3285827695 0.0323479223 -3.5048122743
1784244773.4489326477 0.3161461357 -0.3218373143 -0.8327858590 2.5833088680 5.3684153193 0.3242432585 0.2100140163 -3.5227584754
1784244773.4569914341 0.3230125259 -0.3284076391 -0.8350664644 2.5834793103 4.9877676418 0.6789830647 0.4033655538 -3.5147614835
1784244773.4648978710 0.3337869148 -0.3381002257 -0.8383961483 2.5834793103 4.9582110015 0.4829795143 0.5312565387 -3.4986318782
1784244773.4729840755 0.3408724451 -0.3443718994 -0.8405399173 2.5834793103 4.7890293469 0.9590867328 0.5813547980 -3.5037823818
1784244773.4809377193 0.3513911705 -0.3542545366 -0.8437327648 2.5834793103 5.1118595638 1.0061943523 0.5371639455 -3.4953102275
1784244773.4890263081 0.3582210373 -0.3606891109 -0.8456940855 2.5833940891 4.7055210105 1.7297357770 0.5158696950 -3.5220942925
1784244773.4988000393 0.3690319495 -0.3706260484 -0.8487044846 2.5833940891 4.8916837944 1.7504741531 0.3702320982 -3.5615649965
1784244773.5068075657 0.3780166942 -0.3788253794 -0.8506201931 2.5833940891 5.0788515508 2.1027636667 0.2913423252 -3.6131330666
1784244773.5149581432 0.3866362053 -0.3870247103 -0.8529007985 2.5833940891 4.9155907999 2.2618036756 0.1255141520 -3.6409144118
1784244773.5229752064 0.3974105941 -0.3969887979 -0.8551357917 2.5833940891 4.8313266326 2.4280195299 -0.0086072813 -3.7030904691
1784244773.5309712887 0.4064318621 -0.4050795284 -0.8568690518 2.5834793103 4.7755484182 2.7061539749 -0.0868629870 -3.7535297664
1784244773.5407392979 0.4132982523 -0.4113783522 -0.8582374150 2.5834793103 4.2843201704 3.1928427014 -0.0752900062 -3.7793645151
1784244773.5487203598 0.4240361178 -0.4210980889 -0.8607004688 2.5833940891 4.8076368822 2.9364477338 -0.0138751635 -3.7995024421
1784244773.5566670895 0.4323269187 -0.4287544177 -0.8628898500 2.5833940891 4.9212927721 2.9887455379 0.0224518439 -3.8141149166
1784244773.5630311966 0.4406542430 -0.4363564464 -0.8651704554 2.5832236468 4.9490531981 3.0418943132 0.1738562321 -3.8133676361
1784244773.5729472637 0.4492007074 -0.4441756759 -0.8679071818 2.5831384256 5.3684601025 3.2258295105 0.4653271324 -3.8544740037
1784244773.5826749802 0.4575645550 -0.4519134551 -0.8706895204 2.5830532045 5.3620313136 3.8308412991 0.7607996626 -3.9010886597
1784244773.5889911652 0.4674258601 -0.4610358895 -0.8744297132 2.5829679833 5.3790164973 3.5191452829 0.9329676008 -3.9565818096
1784244773.5986983776 0.4758627544 -0.4683121170 -0.8770752154 2.5829679833 5.3660433046 3.4806087808 1.0244096560 -4.0137725369
1784244773.6069493294 0.4842266020 -0.4755611943 -0.8797663298 2.5829679833 4.9420360999 3.7493415659 1.0427934453 -4.0711383260
1784244773.6167104244 0.4927730664 -0.4832446733 -0.8825486683 2.5828827622 4.7674246801 4.1388446494 1.0278424007 -4.0915560666
1784244773.6248118877 0.5028535116 -0.4920684566 -0.8856959038 2.5827975410 4.6584720075 4.2643753785 0.9302643660 -4.0964077106
1784244773.6329479218 0.5112538826 -0.4992360837 -0.8877940607 2.5826270987 4.5413280857 4.5427824539 0.8185313365 -4.1190489051
1784244773.6408967972 0.5195812069 -0.5065666113 -0.8899834419 2.5825418776 4.6044276769 4.7815295128 0.7455156407 -4.1451467407
1784244773.6489191055 0.5274337276 -0.5134898875 -0.8920359867 2.5824566564 4.6319704442 5.1296505948 0.6663580901 -4.1652830300
1784244773.6568679810 0.5355053884 -0.5206846646 -0.8940885315 2.5822862141 4.7501685056 5.4788872136 0.7033770718 -4.1710880710
1784244773.6648664474 0.5433213857 -0.5276079407 -0.8963235248 2.5821157718 4.6156281812 5.5486856834 0.7515073806 -4.1926499457
1784244773.6729352474 0.5510643364 -0.5343954663 -0.8986041302 2.5820305506 3.8008219393 6.3376832154 0.8291666237 -4.2090655661
1784244773.6809818745 0.5590264271 -0.5412915924 -0.9009759598 2.5819453295 3.6832634869 6.5968137015 0.9110993352 -4.2422506141
1784244773.6907482147 0.5666232844 -0.5480519679 -0.9036670741 2.5818601083 5.1312472845 5.9097853828 1.1381769303 -4.3397778934
1784244773.6987988949 0.5756810757 -0.5560069479 -0.9066318611 2.5817748872 5.7361266494 5.7344885135 1.2065898646 -4.3656619102
1784244773.7069602013 0.5829857461 -0.5625501226 -0.9092317512 2.5816896660 5.5442770080 5.7789263831 1.3002712662 -4.3757975828
1784244773.7148625851 0.5922261542 -0.5704236523 -0.9126070472 2.5815192237 5.4765947034 5.8551836312 1.3328759100 -4.4002361364
1784244773.7228600979 0.5980698905 -0.5754192711 -0.9144315315 2.5814340025 5.1860241585 6.1905123515 1.3596681084 -4.4003864944
1784244773.7308635712 0.6055937010 -0.5816366446 -0.9167577490 2.5811783391 5.3256081534 6.2912044335 1.3363074671 -4.4248165105
1784244773.7388558388 0.6127522781 -0.5876911174 -0.9189015180 2.5810931179 5.2551889007 6.4234295969 1.2472769507 -4.4760507404
1784244773.7468566895 0.6200934718 -0.5938813408 -0.9209996750 2.5810078968 4.7134610811 6.5367387971 1.1928598436 -4.4687640047
1784244773.7548947334 0.6277268524 -0.5998000631 -0.9230066077 2.5807522333 3.8009635939 7.2492074247 1.2253549766 -4.4668905515
1784244773.7629349232 0.6350315228 -0.6057187854 -0.9252872131 2.5804965698 3.7561099865 7.5519829551 1.2636947999 -4.4760621630
1784244773.7709820271 0.6425188100 -0.6115289074 -0.9274765942 2.5802409064 3.4643913826 7.6256265732 1.3154946470 -4.4757743942
1784244773.7789301872 0.6511383211 -0.6183164330 -0.9303045449 2.5799000218 4.9069399252 6.7016183389 1.3765801474 -4.4589699971
1784244773.7887628078 0.6566168239 -0.6226604494 -0.9319465808 2.5797295794 4.0938810486 7.4102302104 1.4355238008 -4.4511412352
1784244773.7967462540 0.6653459051 -0.6292850744 -0.9349569799 2.5792182525 4.6800467136 6.8680716039 1.5406424131 -4.4082758084
1784244773.8047966957 0.6723218653 -0.6346336445 -0.9371919731 2.5787921467 4.9621243686 6.9770734033 1.6323847232 -4.3759735302
1784244773.8128564358 0.6794439190 -0.6400093648 -0.9396550269 2.5782808198 4.6559139369 7.1784797770 1.6202974059 -4.3345428510
1784244773.8210384846 0.6865294493 -0.6453036348 -0.9417075718 2.5777694929 4.4512571404 7.4466635741 1.6132480271 -4.3130219482
1784244773.8289904594 0.6948202502 -0.6516567588 -0.9443530740 2.5771729448 4.5721087095 7.5279624628 1.6150469906 -4.3131388430
1784244773.8387947083 0.7004083231 -0.6557021240 -0.9459494978 2.5767468390 4.0544490593 7.8821929694 1.6323846604 -4.3081821761
1784244773.8469026089 0.7089913108 -0.6618651973 -0.9484581637 2.5761502909 4.4208654303 7.9488655375 1.6341636761 -4.3388969437
1784244773.8550181389 0.7155289908 -0.6668879662 -0.9505107085 2.5757241852 4.5908090655 8.1745952017 1.6675999057 -4.3534129224
1784244773.8647482395 0.7235641283 -0.6728066886 -0.9530649866 2.5751276371 4.9133066402 7.8565832821 1.6998779823 -4.4010773204
1784244773.8729324341 0.7301748550 -0.6774493561 -0.9550263072 2.5747015313 5.0125088944 7.9429222628 1.7220783587 -4.4442052551
1784244773.8809056282 0.7367125351 -0.6821734739 -0.9571244641 2.5743606467 4.6442953184 8.3106445856 1.8220457658 -4.4776055132
1784244773.8889324665 0.7431406450 -0.6867618412 -0.9593594574 2.5739345409 4.3996082507 8.3588478008 1.8730942685 -4.5223061192
1784244773.8970191479 0.7495322316 -0.6911330077 -0.9613207780 2.5735936563 4.6246798227 8.6626829079 1.9022749151 -4.5626246817
1784244773.9068191051 0.7555585847 -0.6956127746 -0.9631908744 2.5733379928 4.9969673484 8.7640856368 1.9590053472 -4.6095923474
1784244773.9109032154 0.7629363019 -0.7007441440 -0.9656995403 2.5729118871 5.0236681696 8.6675159023 1.9730927380 -4.6294831712
1784244773.9189507961 0.7660407868 -0.7028347019 -0.9666573946 2.5727414447 4.1982924456 9.2165516152 2.0219533854 -4.6257191216
1784244773.9287123680 0.7723228033 -0.7069886675 -0.9686187152 2.5723153390 3.6237536277 9.4253829276 2.0757439107 -4.6251895697
1784244773.9350278378 0.7796274738 -0.7118485359 -0.9711273811 2.5718892332 4.2290461776 9.0290450181 2.1486320980 -4.6524729945
1784244773.9429938793 0.7857633969 -0.7157310005 -0.9729974775 2.5715483486 4.4836011171 8.9874523391 2.1476841364 -4.6634688399
1784244773.9509415627 0.7915340865 -0.7194777147 -0.9748219618 2.5711222428 4.7552999834 9.0893700995 2.1406464372 -4.6494972837
1784244773.9607031345 0.7959899355 -0.7224642259 -0.9763727735 2.5707813582 4.3799583316 9.2319832511 2.1420653359 -4.6204664536
1784244773.9687149525 0.8031119892 -0.7268353924 -0.9784253183 2.5701848101 4.4261250654 9.2889732367 2.1550752923 -4.5916501703
1784244773.9768576622 0.8088826788 -0.7304463561 -0.9802954147 2.5695882620 3.8510865405 9.6456822300 2.1733635105 -4.5706413520
1784244773.9849505424 0.8146898918 -0.7339215692 -0.9818462264 2.5689917139 3.6060863712 9.8364205995 2.1854266516 -4.5310495616
1784244773.9946520329 0.8204605814 -0.7373424821 -0.9833970381 2.5683099447 4.1819501767 9.7424357259 2.1222227845 -4.4724097795
1784244774.0009994507 0.8270347848 -0.7413335471 -0.9851759102 2.5674577331 3.9683286813 9.9172603059 2.1164086784 -4.4518904800
1784244774.0108397007 0.8325498109 -0.7444558089 -0.9864986614 2.5666907428 4.5623069893 9.7826914651 2.0598341416 -4.3982015961
1784244774.0206487179 0.8379552671 -0.7475780707 -0.9879126367 2.5659237524 4.1720121971 9.8865073766 2.0734990965 -4.3618748434
1784244774.0288004875 0.8446025171 -0.7511890343 -0.9895090605 2.5649863197 4.1464707589 9.9008637981 2.0627965612 -4.3791601685
1784244774.0368809700 0.8501540667 -0.7540940953 -0.9908318116 2.5643045504 3.6582713504 10.0113453703 2.0646024307 -4.4168223953
1784244774.0448634624 0.8556690928 -0.7568091055 -0.9920177264 2.5637080023 3.7415461720 10.2787483310 2.0500016122 -4.4561751775
1784244774.0529093742 0.8607458388 -0.7595241158 -0.9931124170 2.5631114542 3.6813380623 10.2704321442 2.0825921269 -4.5155453349
1784244774.0609059334 0.8660052015 -0.7619947751 -0.9942527196 2.5626001273 3.7378482791 10.3372922584 2.1264179790 -4.5564147403
1784244774.0689084530 0.8709723774 -0.7644111342 -0.9953930223 2.5620888004 3.8789614802 10.4021873543 2.1475583877 -4.5693237136
1784244774.0769643784 0.8757934598 -0.7667188929 -0.9964421008 2.5614922523 3.8556387935 10.4250304780 2.1894250521 -4.5858119429
1784244774.0850033760 0.8807241124 -0.7688909011 -0.9975367914 2.5608957042 3.9970313872 10.5411233658 2.2396460894 -4.5592492926
1784244774.0929563046 0.8863852319 -0.7714701608 -0.9988595425 2.5601287138 4.0918324533 10.4859541667 2.2468513000 -4.5686695009
1784244774.1009569168 0.8901106138 -0.7730720169 -0.9995437241 2.5596173869 4.0706163155 10.7372896426 2.2657224784 -4.5301237867
1784244774.1088671684 0.8945664628 -0.7749996742 -1.0005015784 2.5588503965 4.0622729623 10.8473735120 2.2933568073 -4.4764491018
1784244774.1169090271 0.8989857884 -0.7768730312 -1.0014594326 2.5579981850 4.1440397173 10.9696206140 2.3226992521 -4.4211737518
1784244774.1249957085 0.9032590206 -0.7786920881 -1.0023260627 2.5571459734 4.0785247661 11.0085220379 2.3749978526 -4.3893160867
1784244774.1348159313 0.9085183833 -0.7806740456 -1.0034663654 2.5560380984 4.2214451087 10.9783327650 2.4120731630 -4.3619785179
1784244774.1429054737 0.9127916155 -0.7822759016 -1.0043329954 2.5552711080 4.0972827554 11.2005484974 2.4647840913 -4.3696637449
1784244774.1509063244 0.9170283243 -0.7838234575 -1.0051996254 2.5544188964 3.8947208244 11.3537986871 2.5110430913 -4.3922509470
1784244774.1588628292 0.9210824164 -0.7852352628 -1.0060206434 2.5537371272 3.4524233985 11.4597911470 2.5239595710 -4.4131907437
1784244774.1669499874 0.9251365085 -0.7865113176 -1.0067048250 2.5531405791 3.2140046117 11.6287027831 2.5586822567 -4.4349418149
1784244774.1767351627 0.9292271239 -0.7876787720 -1.0074802308 2.5523735887 3.6313911947 11.3972457268 2.6206779999 -4.5112734437
1784244774.1848709583 0.9340116831 -0.7889548268 -1.0083468609 2.5516918195 3.7836871240 11.4480541161 2.6303934243 -4.5510351060
1784244774.1948046684 0.9378831584 -0.7899593806 -1.0089398183 2.5510952714 3.8311756468 11.4933597619 2.6445194379 -4.5702513053
1784244774.2027750015 0.9423755307 -0.7909639344 -1.0096239999 2.5503282810 3.8653885234 11.5405551122 2.6337237738 -4.5688447039
1784244774.2108094692 0.9458452491 -0.7916969872 -1.0100345088 2.5496465118 3.9577128135 11.6279645890 2.6140283970 -4.5726596323
1784244774.2189483643 0.9493514909 -0.7923214395 -1.0103537936 2.5489647425 3.8581440105 11.6190982813 2.6107375353 -4.5474754700
1784244774.2286467552 0.9529307794 -0.7927829913 -1.0106730783 2.5481977521 3.6084588029 11.7029474146 2.6308837506 -4.5171370026
1784244774.2368092537 0.9569483482 -0.7932716931 -1.0111291994 2.5472603194 3.6915062596 11.6596362502 2.6679542921 -4.4695045924
1784244774.2449510098 0.9603450199 -0.7935160440 -1.0113572600 2.5464081079 3.4562073916 11.7100571164 2.6999843648 -4.4559247939
1784244774.2529549599 0.9636321216 -0.7936517945 -1.0115853205 2.5456411175 3.5283553194 11.7541081769 2.7134570270 -4.4358359238
1784244774.2609558105 0.9666270365 -0.7936789446 -1.0117221568 2.5448741271 3.5289333908 11.7899723296 2.7117613080 -4.4230742247
1784244774.2689568996 0.9696219514 -0.7936246444 -1.0117221568 2.5440219156 3.3815854062 11.9457289740 2.6921350032 -4.4085859322
1784244774.2769553661 0.9726533896 -0.7935431941 -1.0116765447 2.5431697040 3.4095533980 12.0959073714 2.7024401619 -4.4147478828
1784244774.2867193222 0.9754291643 -0.7933802935 -1.0116765447 2.5424879348 3.4955914152 12.3070718922 2.7005775355 -4.3976217137
1784244774.2948198318 0.9788258361 -0.7931630927 -1.0114940963 2.5413800598 3.4934868020 12.4578335655 2.6981006414 -4.3997389965
1784244774.3029966354 0.9815650875 -0.7929187418 -1.0112660357 2.5406982905 3.4716537460 12.7325992622 2.7477828100 -4.4049724037
1784244774.3128361702 0.9841582455 -0.7926472407 -1.0111748115 2.5398460790 3.1508610381 12.8075337528 2.7591943923 -4.3918824749
1784244774.3210012913 0.9871896837 -0.7922942894 -1.0109467510 2.5389086463 3.2392629968 13.2311374561 2.8570074322 -4.3891830368
1784244774.3306214809 0.9901480752 -0.7918598878 -1.0107643026 2.5378859924 3.3345233638 13.4648953716 2.9256317023 -4.4145540830
1784244774.3388109207 0.9925220931 -0.7915340865 -1.0105818541 2.5372042232 3.2351179937 13.7843252349 2.9815834440 -4.4254616730
1784244774.3469047546 0.9948595876 -0.7911539851 -1.0103081815 2.5363520116 3.1298412179 14.0078771253 3.0055647336 -4.4198448959
1784244774.3549044132 0.9971240355 -0.7907195835 -1.0099432846 2.5355850212 3.0556086737 14.2353184381 3.0509986221 -4.4229888300
1784244774.3629996777 0.9992058665 -0.7902851818 -1.0096696120 2.5348180308 2.7960823556 14.2862788405 3.0519124240 -4.4167000404
1784244774.3728654385 1.0012876976 -0.7897964800 -1.0092134909 2.5340510404 2.6403080304 14.4129758873 3.0752999394 -4.4159581945
1784244774.3809885979 1.0035521454 -0.7890362771 -1.0086661456 2.5331988289 2.8123067048 14.5108494414 3.1091811611 -4.4358800010
1784244774.3907110691 1.0053052663 -0.7883846747 -1.0083012488 2.5324318385 2.8571366274 14.6537481154 3.1717242372 -4.4323858747
1784244774.3988664150 1.0072775274 -0.7874072710 -1.0077539035 2.5315796269 3.2515969057 14.7638712634 3.2995519887 -4.4422726809
1784244774.4070644379 1.0087749848 -0.7865113176 -1.0073433945 2.5308126365 3.2555392309 14.8620815945 3.3939948025 -4.4469365485
1784244774.4168508053 1.0104550590 -0.7852895630 -1.0069328855 2.5299604250 3.3438296868 14.8946627767 3.4825971169 -4.4556793916
1784244774.4248623848 1.0117698997 -0.7842035589 -1.0064767645 2.5292786558 3.3094710302 15.0604029657 3.4996434220 -4.4699116888
1784244774.4329760075 1.0129386469 -0.7830632546 -1.0058381950 2.5285968865 3.2794229617 15.1310146144 3.5116863745 -4.5036877120
1784244774.4410054684 1.0142900110 -0.7815428489 -1.0050171770 2.5277446750 3.2045464303 15.2478569115 3.5335531711 -4.5003462645
1784244774.4490053654 1.0153857115 -0.7802396439 -1.0042873833 2.5269776846 3.1339117081 15.3666872738 3.5335183658 -4.4924185560
1784244774.4570171833 1.0162987953 -0.7788006885 -1.0034207533 2.5263811365 3.0927997843 15.3656984975 3.5540509527 -4.5042862004
1784244774.4649040699 1.0171388324 -0.7772259826 -1.0026909595 2.5256993673 3.1062231021 15.3723761774 3.6153482852 -4.4909431115
1784244774.4729130268 1.0177232061 -0.7759499277 -1.0020980021 2.5251028192 3.0495714342 15.3905920157 3.6135934247 -4.4780799068
1784244774.4809138775 1.0183806264 -0.7742666214 -1.0010945358 2.5245062711 3.1230349733 15.2668279012 3.5902197062 -4.4802557368
1784244774.4889259338 1.0188919533 -0.7724204144 -0.9999998452 2.5238245018 3.1277351456 15.3704823206 3.6028125329 -4.4959125146
1784244774.4970076084 1.0193667569 -0.7706013576 -0.9990419909 2.5232279538 3.0693598339 15.3074943922 3.5987333773 -4.5090815527
1784244774.5049660206 1.0198415605 -0.7681306982 -0.9976280156 2.5223757422 2.9724457653 15.2910785568 3.5991481026 -4.5254860077
1784244774.5129964352 1.0202067940 -0.7659858402 -0.9963964887 2.5218644153 2.8780422878 15.3961962261 3.6351826467 -4.5214276844
1784244774.5209584236 1.0204259341 -0.7637595318 -0.9952105739 2.5212678672 2.8338779753 15.3979261887 3.6658828497 -4.5300283076
1784244774.5289125443 1.0205720275 -0.7619404749 -0.9942527196 2.5208417614 2.6821012166 15.3139700189 3.6648430464 -4.5463715191
1784244774.5369441509 1.0207181209 -0.7595241158 -0.9928387443 2.5203304345 2.6142614505 15.2652953791 3.6804097779 -4.5558637976
1784244774.5449018478 1.0208276910 -0.7570263063 -0.9915616053 2.5198191076 2.4859354451 15.2085470834 3.7008712292 -4.5660848519
1784244774.5529513359 1.0208642143 -0.7543927464 -0.9901476300 2.5193077806 2.2521764138 15.1532267002 3.7328302466 -4.5689526232
1784244774.5609130859 1.0209372610 -0.7516505861 -0.9887336546 2.5187964537 2.1358705808 15.0427980272 3.7480992315 -4.5536369100
1784244774.5689120293 1.0209007377 -0.7488269754 -0.9872740672 2.5181999056 1.9198668464 15.0242826179 3.7223464181 -4.5604500054
1784244774.5769281387 1.0209007377 -0.7459490646 -0.9856320313 2.5176885787 1.7187477335 15.1013210167 3.6932685379 -4.5684049361
1784244774.5849621296 1.0208642143 -0.7430168535 -0.9838987712 2.5171772518 1.5517123361 15.0118700739 3.6982298408 -4.5717482631
1784244774.5929543972 1.0208276910 -0.7399217418 -0.9822567354 2.5166659248 1.2065143491 15.1429713971 3.7074336922 -4.5872242823
1784244774.6008739471 1.0208276910 -0.7368266301 -0.9804322511 2.5162398191 1.0367764408 14.9189087798 3.6966368415 -4.5860960118
1784244774.6089193821 1.0207911676 -0.7335414677 -0.9785621547 2.5158137133 0.7191831750 14.9985410292 3.7580177389 -4.6338218027
1784244774.6169092655 1.0207546443 -0.7301748550 -0.9768288946 2.5154728287 0.4583355921 15.0326796288 3.7636656860 -4.6422270931
1784244774.6249070168 1.0207181209 -0.7268353924 -0.9748675739 2.5150467229 0.1686035715 14.9363780110 3.7567093450 -4.6485464577
1784244774.6329822540 1.0206815976 -0.7232515789 -0.9728606412 2.5147058383 -0.1050146993 14.8917562663 3.8258484134 -4.6886569154
1784244774.6410107613 1.0205720275 -0.7188804124 -0.9706256479 2.5144501748 -0.2701878428 14.9998281947 3.8633504173 -4.7206470083
1784244774.6506795883 1.0205355042 -0.7151608484 -0.9685731031 2.5141945113 -0.5694834896 15.0077336173 3.8953302576 -4.7492886563
1784244774.6569950581 1.0204259341 -0.7112512336 -0.9664749462 2.5140240690 -0.7762500070 14.9706499182 3.9098933482 -4.7909176325
1784244774.6650013924 1.0202798407 -0.7073416189 -0.9643767892 2.5137684056 -0.8699029098 14.7500556974 3.9264440402 -4.7838103512
1784244774.6714537144 1.0201702706 -0.7041650569 -0.9625979170 2.5135979633 -1.0675569153 14.5129933299 3.9320742601 -4.7775097286
1784244774.6828198433 1.0199511305 -0.6991694380 -0.9599524148 2.5134275210 -1.3286172102 14.6575004245 3.9839224836 -4.8001791524
1784244774.6909630299 1.0197319904 -0.6949340221 -0.9575805852 2.5131718575 -1.5248395814 14.6153901393 3.9469346717 -4.8022195230
1784244774.6990256310 1.0194398036 -0.6896126020 -0.9544789619 2.5130014152 -1.7444514655 14.5859579591 3.9070732893 -4.8190404784
1784244774.7087726593 1.0191476168 -0.6852142854 -0.9520159081 2.5128309729 -1.9945835966 14.5448495244 3.8271844592 -4.8221345465
1784244774.7167551517 1.0188189066 -0.6806259181 -0.9490511211 2.5126605306 -2.2139391820 14.4945584231 3.7811026073 -4.8106228474
1784244774.7247509956 1.0184901965 -0.6760375508 -0.9463600068 2.5124900882 -2.3342515797 14.2930272876 3.7241361064 -4.8038299672
1784244774.7327265739 1.0180884396 -0.6712319826 -0.9433039955 2.5124048671 -2.3871160177 14.3245357138 3.7117654605 -4.8066654474
1784244774.7406597137 1.0175405893 -0.6664535646 -0.9404760449 2.5122344248 -2.5263742598 14.1148544465 3.6680302935 -4.7917088855
1784244774.7469511032 1.0170292624 -0.6614850959 -0.9373288095 2.5120639825 -2.6890799486 14.0246590816 3.6291921990 -4.7949926068
1784244774.7567708492 1.0166275055 -0.6575483310 -0.9347289193 2.5119787613 -2.6738764708 13.3940063341 3.5591832226 -4.7889776764
1784244774.7648808956 1.0158239917 -0.6512223571 -0.9307606660 2.5118083190 -2.7218638547 13.1464927232 3.5203032850 -4.7899604915
1784244774.7728681564 1.0151665714 -0.6458737870 -0.9273397579 2.5117230979 -2.8916272133 12.8490076490 3.4495017345 -4.7988552271
1784244774.7810208797 1.0144361044 -0.6406338172 -0.9239188499 2.5115526555 -3.1462874768 13.2637688201 3.4390532682 -4.7507658726
1784244774.7907381058 1.0135230206 -0.6340634924 -0.9196313117 2.5113822132 -3.3485491101 13.4575120531 3.4439892115 -4.7638249402
1784244774.7988388538 1.0126829835 -0.6286063218 -0.9162104037 2.5112969921 -3.4641512638 13.3424463446 3.4755250812 -4.7747664057
1784244774.8069579601 1.0117333763 -0.6228776502 -0.9126070472 2.5112117709 -3.5570774604 13.1839773509 3.4871462934 -4.7742119240
1784244774.8150122166 1.0107472458 -0.6170946784 -0.9090036907 2.5111265498 -3.6319178200 13.0341948527 3.4829467443 -4.7819197966
1784244774.8247480392 1.0095054518 -0.6101985523 -0.9047161526 2.5111265498 -3.7504105737 13.0857610663 3.5326659760 -4.7777403496
1784244774.8328704834 1.0084097513 -0.6042526799 -0.9008391234 2.5110413286 -3.8506740332 12.8091008301 3.4754470028 -4.7862298680
1784244774.8409655094 1.0072044807 -0.5980896067 -0.8967796459 2.5110413286 -3.8952521086 12.4885301015 3.3475647450 -4.7913164255
1784244774.8507404327 1.0059261633 -0.5920079837 -0.8925833320 2.5110413286 -3.7864063782 12.3563328426 3.2202111648 -4.7913144509
1784244774.8588135242 1.0041365191 -0.5845145554 -0.8876572244 2.5110413286 -3.8128875323 12.2693928888 3.1871066835 -4.7875552329
1784244774.8669710159 1.0026390616 -0.5781342814 -0.8832328499 2.5110413286 -4.0549549531 12.0994027279 3.1384457418 -4.7640033720
1784244774.8767352104 1.0011781276 -0.5716454069 -0.8788084755 2.5109561075 -4.0216643637 11.8035928153 3.0612041016 -4.7504490591
1784244774.8847367764 0.9990962965 -0.5637175770 -0.8732437984 2.5109561075 -4.0518540206 11.7785294126 3.0756084861 -4.7424928918
1784244774.8930034637 0.9973431756 -0.5571201021 -0.8690018724 2.5109561075 -4.1074523232 11.6994892513 3.0571051182 -4.7313282668
1784244774.9010610580 0.9950056811 -0.5490293716 -0.8634371953 2.5109561075 -4.0806782621 11.7427511882 3.0904515544 -4.7204057544
1784244774.9090087414 0.9934717003 -0.5436536513 -0.8596970025 2.5109561075 -3.9929140681 11.4200801597 3.0887338097 -4.7038772897
1784244774.9170227051 0.9909515890 -0.5355900708 -0.8542691617 2.5109561075 -4.0669277306 11.4508542188 3.0715629783 -4.6908274042
1784244774.9267647266 0.9887601878 -0.5287753951 -0.8495711146 2.5109561075 -4.0094447408 11.4303857707 3.1005887100 -4.6921447950
1784244774.9348163605 0.9864226933 -0.5218249689 -0.8449186796 2.5110413286 -4.0054160306 11.1887147773 3.0680136254 -4.6734830244
1784244774.9428303242 0.9840851988 -0.5148202425 -0.8399925720 2.5110413286 -3.9179394170 11.0700657403 3.0545880458 -4.6659448405
1784244774.9528632164 0.9815285641 -0.5078155160 -0.8352489128 2.5110413286 -3.8661344805 10.8113967785 2.8856518527 -4.6485647978
1784244774.9609665871 0.9782779858 -0.4988831323 -0.8286351573 2.5110413286 -3.8352363500 10.4932122331 2.7866150188 -4.6250536538
1784244774.9707405567 0.9749178374 -0.4899778987 -0.8220670138 2.5110413286 -3.8105647944 10.6068001043 2.7283524174 -4.5958836778
1784244774.9789750576 0.9719959692 -0.4826745212 -0.8167303972 2.5110413286 -3.9289422000 10.1468231879 2.6230345366 -4.5715349134
1784244774.9870610237 0.9684166807 -0.4734434864 -0.8097973568 2.5110413286 -3.8948253771 10.1473227026 2.5948621150 -4.5500150469
1784244774.9967253208 0.9652756725 -0.4660586585 -0.8044151282 2.5110413286 -3.8737800851 10.0357432557 2.5861735980 -4.5436910538
1784244775.0048205853 0.9621346642 -0.4585380801 -0.7987136147 2.5111265498 -3.7661496761 9.9679065344 2.5538432996 -4.5076424333
1784244775.0129661560 0.9587379924 -0.4510446518 -0.7931489376 2.5110413286 -3.6930067566 9.5946932002 2.4809166443 -4.5045188478
1784244775.0209636688 0.9545378069 -0.4416235663 -0.7859878367 2.5111265498 -3.7030156081 9.3967979417 2.4816465072 -4.5019183370
1784244775.0289523602 0.9510680885 -0.4337228865 -0.7798302022 2.5111265498 -3.8411222730 9.2209333806 2.3943978084 -4.4505713207
1784244775.0370066166 0.9481827437 -0.4275326631 -0.7751777672 2.5111265498 -3.6617149286 8.5493471735 2.1993462495 -4.4443431914
1784244775.0449750423 0.9437634181 -0.4178943768 -0.7675605453 2.5112117709 -3.6708141210 8.4818217349 2.1482044663 -4.4204102759
1784244775.0528793335 0.9400380362 -0.4100479972 -0.7614029108 2.5112117709 -3.6573685617 8.5051202869 2.1287157482 -4.3916581191
1784244775.0608763695 0.9368970279 -0.4036677231 -0.7565224153 2.5112117709 -3.5814815322 8.1394535632 2.0382507499 -4.3616236866
1784244775.0688748360 0.9329525059 -0.3956855930 -0.7503191686 2.5112117709 -3.4523413676 7.8535219430 2.0050990236 -4.3352679391
1784244775.0768756866 0.9288984138 -0.3875948624 -0.7441159220 2.5112117709 -3.4548888459 7.8137613164 2.1115324465 -4.3404610603
1784244775.0849146843 0.9248443217 -0.3795584321 -0.7382775723 2.5112969921 -3.5097215865 7.7548734789 2.1865092255 -4.3204982826
1784244775.0929744244 0.9206441362 -0.3715491519 -0.7323023862 2.5112969921 -3.5584909506 7.5274072858 2.2885049848 -4.2872057384
1784244775.1026437283 0.9163343806 -0.3631597702 -0.7262359759 2.5112969921 -3.6635730587 7.0604177176 2.1990599500 -4.2657967685
1784244775.1089589596 0.9112941581 -0.3533042831 -0.7188012024 2.5113822132 -3.9407286597 7.1597639870 2.2283696228 -4.2511871517
1784244775.1169202328 0.9079705330 -0.3465982078 -0.7134645858 2.5113822132 -3.9545414655 6.7937025288 2.1716243147 -4.2148917454
1784244775.1250097752 0.9036607775 -0.3382631263 -0.7072157270 2.5113822132 -3.5054814950 5.7096508873 2.0289021827 -4.2158532923
1784244775.1348176003 0.8981457513 -0.3282447385 -0.6992336082 2.5114674344 -3.8607819309 6.7080466787 2.0159228829 -4.1649885621
1784244775.1446757317 0.8934342389 -0.3196924562 -0.6924374042 2.5114674344 -3.7447744386 6.5026138299 1.9444616496 -4.1496193222
1784244775.1526615620 0.8875174558 -0.3092939670 -0.6840903885 2.5115526555 -3.7088571599 6.4423443511 1.9023004097 -4.1137539234
1784244775.1589505672 0.8825868033 -0.3007416847 -0.6770205119 2.5115526555 -3.7961250518 6.5273429897 1.9011904966 -4.0926543341
1784244775.1670391560 0.8786788046 -0.2939813092 -0.6715926711 2.5116378767 -3.5012301017 5.8594928827 1.6976246365 -4.0935507083
1784244775.1750082970 0.8723967881 -0.2836371202 -0.6628807585 2.5117230979 -3.5582109543 5.6272774860 1.6053917642 -4.0640346515
1784244775.1830070019 0.8672835188 -0.2748404870 -0.6552179245 2.5118083190 -3.5753075466 5.4160424734 1.4778485763 -4.0314597673
1784244775.1926867962 0.8621337261 -0.2660167037 -0.6478743752 2.5118083190 -3.8202987483 5.4847245413 1.4097245835 -3.9940116154
1784244775.2006604671 0.8567282700 -0.2573829711 -0.6403939895 2.5119787613 -3.7613997230 5.0628349442 1.3584113154 -3.9681155471
1784244775.2088148594 0.8513958606 -0.2483962872 -0.6325943191 2.5119787613 -3.8564771301 5.0223631675 1.3930417964 -3.9459260470
1784244775.2169847488 0.8458077878 -0.2395725039 -0.6253419941 2.5121492036 -3.8667376203 4.9250103620 1.4091972791 -3.9156557425
1784244775.2249763012 0.8390509676 -0.2289568139 -0.6163564089 2.5121492036 -4.0446943357 4.8155404979 1.4254345667 -3.8666051394
1784244775.2329900265 0.8336820349 -0.2199701300 -0.6085567385 2.5122344248 -4.2048761733 4.6342791564 1.4688509252 -3.8418131472
1784244775.2410058975 0.8279843919 -0.2111191966 -0.6012588013 2.5123196459 -4.2255910944 4.3505836032 1.4742053145 -3.8116793978
1784244775.2490079403 0.8223232724 -0.2021596628 -0.5935047430 2.5124048671 -4.0207865493 3.9750841945 1.4109545724 -3.7800177428
1784244775.2570111752 0.8164064893 -0.1930372284 -0.5857506847 2.5124900882 -3.9936800612 3.7399278788 1.3524319254 -3.7596569946
1784244775.2649829388 0.8105262296 -0.1840776945 -0.5779966264 2.5125753094 -4.0011967365 3.6315015062 1.3246730633 -3.7271002616
1784244775.2729847431 0.8044998765 -0.1750910106 -0.5701057318 2.5126605306 -3.9914956111 3.2750848384 1.2485534192 -3.7111242916
1784244775.2810220718 0.7985465702 -0.1658599758 -0.5618955525 2.5128309729 -4.0092926388 3.1148290345 1.2333911345 -3.6952512084
1784244775.2906661034 0.7924106470 -0.1567103913 -0.5540958821 2.5129161940 -4.2129424094 2.6853340039 1.2288569352 -3.6493501050
1784244775.2986686230 0.7862747238 -0.1472893057 -0.5457488664 2.5130014152 -4.0987084764 2.2224666939 1.1179859636 -3.6112131073
1784244775.3067743778 0.7798466139 -0.1379496705 -0.5376299113 2.5131718575 -4.1130171287 1.7542419794 0.9301240103 -3.5651244987
1784244775.3148236275 0.7736011207 -0.1284199845 -0.5289179988 2.5131718575 -4.0880155757 1.4122980099 0.8382450422 -3.5244188727
1784244775.3230109215 0.7671730107 -0.1190260491 -0.5207078194 2.5132570786 -4.2393167746 1.1403883982 0.7592065520 -3.4853854814
1784244775.3310625553 0.7595031068 -0.1074872556 -0.5104450952 2.5133422998 -4.6817776376 1.0086087780 0.7423726352 -3.4450480884
1784244775.3409142494 0.7533306603 -0.0979032694 -0.5017331827 2.5135127421 -4.7690332635 0.9347302824 0.7918365288 -3.3911204579
1784244775.3490190506 0.7468295036 -0.0883735834 -0.4933861670 2.5135127421 -4.3229241957 0.6008822123 0.8101715811 -3.3496727724
1784244775.3587753773 0.7387578428 -0.0772148913 -0.4835795639 2.5135979633 -4.3486687510 1.0957240524 0.9345121528 -3.3314671446
1784244775.3668422699 0.7319279759 -0.0677938058 -0.4748676514 2.5137684056 -4.4819808564 0.7480975515 0.8480682514 -3.3009606814
1784244775.3749742508 0.7252076791 -0.0583727202 -0.4660645146 2.5138536267 -4.3143419984 0.4027934246 0.7096545476 -3.2753219862
1784244775.3830599785 0.7168438315 -0.0469153770 -0.4551176088 2.5140240690 -4.1278332254 0.2619324809 0.6211307476 -3.2344084447
1784244775.3928213120 0.7097583012 -0.0376028919 -0.4463144720 2.5140240690 -3.8542927332 -0.0905601578 0.5396066653 -3.1870884240
1784244775.4009861946 0.7024901541 -0.0280189057 -0.4369639900 2.5141945113 -3.9566496301 -0.2362460642 0.4226213571 -3.1445964096
1784244775.4090580940 0.6938341197 -0.0167244631 -0.4258346358 2.5143649537 -4.3488594875 -0.3184072015 0.3609005154 -3.0935496545
1784244775.4186465740 0.6869312062 -0.0073033776 -0.4163929295 2.5143649537 -4.6389383934 -0.5475327940 0.3411776568 -3.0730834157
1784244775.4267683029 0.6798821992 0.0019819575 -0.4073617322 2.5145353960 -5.0332915429 -0.9119697016 0.2447110395 -3.0200524884
1784244775.4347646236 0.6730523324 0.0114844933 -0.3978744139 2.5146206171 -4.8438429394 -1.2965763093 0.1863155446 -2.9805898182
1784244775.4428241253 0.6657841853 0.0209055789 -0.3886151560 2.5147058383 -4.8105601017 -1.6838376248 0.0817195663 -2.9550333916
1784244775.4509100914 0.6586256083 0.0305167151 -0.3788541650 2.5148762806 -4.5455317353 -1.7926208016 0.0885971945 -2.9356053962
1784244775.4589512348 0.6513209379 0.0398020502 -0.3698229677 2.5150467229 -4.6131376803 -2.3366390749 0.0974021790 -2.8769164711
1784244775.4670090675 0.6442354076 0.0493317361 -0.3605637099 2.5150467229 -4.5520353996 -2.5104662977 0.1470917287 -2.8617731718
1784244775.4749200344 0.6355428498 0.0604089779 -0.3499817010 2.5153023864 -5.0968244559 -2.3174692674 0.3702613699 -2.8350537600
1784244775.4829874039 0.6299913002 0.0677123555 -0.3430030485 2.5153876075 -5.1210377271 -2.6990996188 0.5272532074 -2.7728179519
1784244775.4910011292 0.6213352658 0.0788710476 -0.3325578759 2.5154728287 -5.4659709285 -2.5155800565 0.7326824516 -2.7283555284
1784244775.4989552498 0.6140305954 0.0880477822 -0.3239827997 2.5157284921 -5.6438603074 -2.7794032075 0.8223831660 -2.7305925409
1784244775.5087437630 0.6083694758 0.0955683606 -0.3166392504 2.5158989344 -5.1107956475 -3.2615560324 0.7470079783 -2.7176896927
1784244775.5169334412 0.5991290677 0.1068085030 -0.3056923446 2.5161545979 -4.7613530781 -3.3262779266 0.5841671749 -2.6906395653
1784244775.5249743462 0.5912400237 0.1161481382 -0.2960225778 2.5163250402 -4.1276219047 -3.7923051111 0.4196551315 -2.6637521603
1784244775.5330154896 0.5832414096 0.1255149236 -0.2864896473 2.5165807037 -3.0811626720 -5.0736078921 0.2187053140 -2.6418250538
1784244775.5427203178 0.5756810757 0.1348274087 -0.2767742684 2.5167511460 -3.3491206672 -5.4330412323 0.0465956651 -2.5999947407
1784244775.5509722233 0.5664406676 0.1458503503 -0.2655536900 2.5169215883 -5.2611968548 -4.3485315435 0.3044707793 -2.5087939793
1784244775.5608501434 0.5586977170 0.1552442858 -0.2561575958 2.5171772518 -5.4038560163 -4.7145635643 0.3557404788 -2.4394267890
1784244775.5690562725 0.5492746921 0.1665930286 -0.2446633447 2.5172624729 -5.5728639068 -4.7133751355 0.3934917202 -2.3894237742
1784244775.5786941051 0.5399247140 0.1777517207 -0.2332147057 2.5175181364 -6.0285727256 -4.7728219571 0.4758507487 -2.3523859221
1784244775.5869982243 0.5323643801 0.1870099056 -0.2235905510 2.5176885787 -5.7031230002 -4.6777609325 0.5456365409 -2.3201805797
1784244775.5967459679 0.5225395984 0.1978699466 -0.2121875242 2.5179442422 -5.8313766535 -4.4796911751 0.5786134910 -2.2783344142
1784244775.6049730778 0.5145044609 0.2069380808 -0.2022440847 2.5181146845 -5.0869055247 -5.0125386473 0.4710576932 -2.2700475411
1784244775.6147522926 0.5042413990 0.2179881725 -0.1902481005 2.5184555691 -5.2855429711 -5.1347584242 0.3256650379 -2.2558226138
1784244775.6246480942 0.4961332148 0.2270020065 -0.1798485399 2.5187964537 -5.0368947639 -5.5405828933 0.1826912576 -2.2540846101
1784244775.6327085495 0.4857240595 0.2379977980 -0.1675788830 2.5191373383 -5.3702414738 -5.5372252804 0.1791849297 -2.2194502578
1784244775.6408629417 0.4775428286 0.2470116320 -0.1571793225 2.5194782229 -5.3242207749 -6.0788630530 0.1395765440 -2.1755058182
1784244775.6490225792 0.4691059343 0.2561069163 -0.1470078225 2.5197338864 -5.2412055686 -6.4818298316 0.1146832739 -2.1385895201
1784244775.6587460041 0.4592081059 0.2666411561 -0.1355135714 2.5199895499 -5.9447088962 -6.3364291663 0.3359262454 -2.0824299327
1784244775.6668250561 0.4510268750 0.2756821402 -0.1255245199 2.5202452133 -6.1516091287 -6.8475635277 0.2959548185 -2.0431391253
1784244775.6749746799 0.4428456441 0.2846416740 -0.1152161836 2.5204156557 -5.6465134304 -7.1676488495 0.2326570782 -1.9833361552
1784244775.6848359108 0.4342626564 0.2936012078 -0.1050902957 2.5205860980 -5.5035808194 -7.5099584192 0.1620661787 -1.9341203357
1784244775.6929728985 0.4238900244 0.3044883989 -0.0926381904 2.5209269826 -5.3776992116 -7.5673769665 0.1736775337 -1.8580360265
1784244775.7011461258 0.4153070366 0.3132850321 -0.0824210783 2.5209269826 -5.0514348305 -7.8743905603 0.1971042905 -1.7795602939
1784244775.7110254765 0.4047883112 0.3238192718 -0.0705619303 2.5210974249 -5.1690702000 -7.7664258510 0.4435542901 -1.7222702462
1784244775.7190253735 0.3943426325 0.3341363107 -0.0589764550 2.5211826460 -5.5169963208 -7.5848873601 0.6651393852 -1.6906416542
1784244775.7288470268 0.3858326915 0.3424442421 -0.0498540335 2.5212678672 -5.9105097476 -7.6908897381 0.9493793248 -1.6628078001
1784244775.7370238304 0.3771766571 0.3510236745 -0.0402754909 2.5215235307 -5.7870171083 -8.0660649472 0.9532915307 -1.6310662095
1784244775.7467217445 0.3665483616 0.3612592631 -0.0284619551 2.5216087518 -5.9084666222 -8.1403331160 0.9314867393 -1.6087540507
1784244775.7548344135 0.3579653739 0.3697843952 -0.0183360672 2.5217791941 -5.5618082315 -8.4067445529 0.8639436965 -1.6096558117
1784244775.7629849911 0.3489806292 0.3780380264 -0.0085750762 2.5220348576 -5.2005691737 -8.7633054020 0.8051429119 -1.5878289391
1784244775.7726876736 0.3382427637 0.3881650146 0.0034209081 2.5221200787 -5.5598667439 -8.5906372251 0.9007304351 -1.5433170993
1784244775.7808852196 0.3292580191 0.3965815463 0.0135467959 2.5222905211 -5.5730883013 -9.1445427837 0.9229598441 -1.4948041172
1784244775.7907400131 0.3202002278 0.4051338286 0.0234446233 2.5223757422 -5.5981919866 -9.3995234732 0.9680704771 -1.4456359997
1784244775.8007040024 0.3093893156 0.4151793665 0.0353949954 2.5224609634 -5.7473271873 -10.0503762559 0.8947076464 -1.3999644876
1784244775.8088288307 0.2987610201 0.4256593061 0.0477102645 2.5226314057 -5.7281842743 -10.1122250325 1.0243256310 -1.3598187952
1784244775.8186388016 0.2897032288 0.4338043368 0.0571063586 2.5226314057 -5.3890264818 -10.5075644015 1.0710182976 -1.3374709246
1784244775.8267586231 0.2788192699 0.4438770248 0.0688286702 2.5226314057 -5.7758042944 -10.3444484678 1.3257203679 -1.2602469497
1784244775.8349745274 0.2698710486 0.4521035058 0.0782703765 2.5226314057 -5.5189814075 -10.6412169296 1.4036125264 -1.2206990892
1784244775.8430624008 0.2588775196 0.4618775427 0.0894909549 2.5226314057 -5.4084676347 -10.4637079351 1.6451272981 -1.1892315662
1784244775.8529877663 0.2514632792 0.4681763665 0.0966976679 2.5226314057 -5.3807126690 -10.6264174109 1.7356910140 -1.1852856894
1784244775.8610205650 0.2385705359 0.4794165089 0.1101988518 2.5227166268 -5.5822187762 -10.7413741528 1.7603088721 -1.1584066465
1784244775.8706955910 0.2296223146 0.4872628885 0.1197317822 2.5227166268 -5.7956454723 -10.9621853801 1.7511720016 -1.1352086401
1784244775.8789834976 0.2203453832 0.4950278178 0.1291278764 2.5227166268 -5.5252575881 -11.3303944040 1.6103967896 -1.1095037148
1784244775.8870131969 0.2090231440 0.5047204044 0.1416712059 2.5227166268 -4.9961918021 -11.9084837699 1.4439358874 -1.0967859605
1784244775.8950231075 0.1996731659 0.5122681328 0.1515234212 2.5227166268 -4.7487515058 -12.0021643446 1.3445213002 -1.0905501202
1784244775.9049270153 0.1903597111 0.5199787619 0.1615580848 2.5228018480 -4.6687626052 -12.4119059629 1.2188771762 -1.0750880384
1784244775.9108848572 0.1809732096 0.5275536405 0.1715471364 2.5227166268 -5.2493944376 -12.3241354185 1.1823795073 -1.0400708438
1784244775.9207429886 0.1722441285 0.5346398173 0.1808063942 2.5227166268 -6.0898392496 -12.2756090884 1.3116274494 -1.0155600919
1784244775.9290187359 0.1632959072 0.5421603956 0.1905217731 2.5226314057 -5.8939518725 -12.3676415205 1.4217912049 -0.9955334001
1784244775.9370656013 0.1520832381 0.5510927793 0.2020616363 2.5226314057 -6.0408196405 -12.4126598789 1.5355274179 -0.9941166083
1784244775.9469852448 0.1449246611 0.5569029013 0.2098156946 2.5226314057 -5.7145352919 -12.6869755399 1.5047922799 -0.9932979021
1784244775.9567339420 0.1314475442 0.5671113398 0.2234993268 2.5225461845 -5.8901987412 -12.4766593914 1.6740708677 -0.9965078450
1784244775.9649879932 0.1223897529 0.5742246666 0.2329866452 2.5226314057 -5.3494552430 -12.5706434282 1.7944109144 -1.0036052999
1784244775.9748432636 0.1106657568 0.5825325980 0.2441159994 2.5226314057 -5.2627255541 -12.3027461284 1.9756750331 -1.0057235056
1784244775.9830179214 0.1010235919 0.5892658234 0.2535120936 2.5226314057 -4.9461533547 -12.5056706458 2.0024662107 -1.0096127117
1784244775.9927432537 0.0894091659 0.5973022537 0.2646414478 2.5226314057 -5.5725519647 -12.4608251367 2.1578242202 -0.9905130356
1784244776.0010170937 0.0802052812 0.6039268787 0.2739463177 2.5225461845 -5.2536795645 -12.7922194536 2.1434708252 -0.9968679158
1784244776.0107047558 0.0686273786 0.6117732583 0.2851212841 2.5224609634 -5.5440146337 -12.8471347903 2.1889793700 -0.9804537629
1784244776.0188772678 0.0593139238 0.6182349827 0.2945173782 2.5224609634 -4.8103966496 -13.4370148754 2.0947778883 -0.9830681809
1784244776.0270068645 0.0497813289 0.6244795062 0.3036397997 2.5224609634 -5.2176750169 -13.2718670745 2.1265452477 -1.0095487253
1784244776.0368382931 0.0384590898 0.6320543848 0.3149972145 2.5223757422 -5.2449074069 -13.1164268005 2.1945250920 -1.0075431226
1784244776.0449652672 0.0289264949 0.6383260585 0.3244389208 2.5223757422 -4.9869356397 -13.4519807312 2.1924349431 -1.0007887986
1784244776.0546712875 0.0193939000 0.6445434319 0.3337894028 2.5222052999 -4.8237345164 -13.6297935148 2.2267572967 -1.0016867207
1784244776.0627689362 0.0082908009 0.6516024586 0.3443714117 2.5221200787 -5.8702896702 -13.7123211815 2.3923278574 -1.0100322157
1784244776.0708861351 -0.0006939437 0.6575754811 0.3532201606 2.5220348576 -5.7640907399 -13.8032247027 2.5402276567 -1.0268576795
1784244776.0790252686 -0.0101169685 0.6633313028 0.3617952368 2.5220348576 -5.3323545678 -14.0960883238 2.5870499670 -1.0531162850
1784244776.0870237350 -0.0214757310 0.6700916783 0.3721491852 2.5220348576 -5.5185498615 -13.9591451821 2.6706544583 -1.0767986407
1784244776.0949797630 -0.0304604756 0.6755488489 0.3807698735 2.5220348576 -5.4578046978 -13.9618900614 2.7654898313 -1.0907383363
1784244776.1029827595 -0.0398469771 0.6811689201 0.3895730103 2.5218644153 -5.3508189142 -13.7545629552 2.9421913390 -1.1174515778
1784244776.1109242439 -0.0495987121 0.6864631901 0.3981024744 2.5217791941 -5.0026276900 -13.9552479317 2.9100930430 -1.1139238281
1784244776.1190190315 -0.0570129526 0.6905900057 0.4050355147 2.5216939730 -4.5130765724 -14.2880867295 2.7308976741 -1.1336524083
1784244776.1270265579 -0.0685178085 0.6969159795 0.4158455842 2.5216087518 -4.7086009148 -14.2037921405 2.7756345409 -1.1342857629
1784244776.1366865635 -0.0778312633 0.7019387485 0.4241925999 2.5215235307 -4.1473127149 -14.4792339767 2.7895153894 -1.1408380935
1784244776.1429924965 -0.0869621013 0.7067443166 0.4322659429 2.5213530884 -5.3829213377 -14.1646455632 3.0945763640 -1.1625825242
1784244776.1509857178 -0.0960564160 0.7114955846 0.4403392860 2.5212678672 -5.4782790813 -14.1935434721 3.2789429132 -1.1771367769
1784244776.1590187550 -0.1054429175 0.7161654022 0.4480933442 2.5210974249 -5.6121620930 -14.3909491224 3.4129474143 -1.1739947808
1784244776.1668946743 -0.1146102789 0.7207809196 0.4560298509 2.5209269826 -5.2955105823 -14.5787571549 3.4424331537 -1.1848793665
1784244776.1748893261 -0.1219149493 0.7246090840 0.4627348308 2.5208417614 -4.2145316757 -15.2558013794 3.2867884384 -1.2112890872
1784244776.1829826832 -0.1314475442 0.7291431511 0.4708993980 2.5206713191 -4.7186386060 -15.1477293804 3.2616630834 -1.2313791440
1784244776.1927702427 -0.1403957654 0.7337858187 0.4790639652 2.5204156557 -3.7243256880 -15.8122835870 3.1068993338 -1.2296162373
1784244776.2008571625 -0.1514258178 0.7392429892 0.4884144473 2.5202452133 -5.4358390720 -15.2289580129 3.5429506199 -1.2741164652
1784244776.2089827061 -0.1605566558 0.7434512551 0.4955755482 2.5199043287 -5.2077836957 -15.3667982412 3.8227259913 -1.2510778364
1784244776.2188422680 -0.1699431573 0.7477952715 0.5026910369 2.5195634441 -5.3633757816 -15.3935161761 4.0633492918 -1.2635792521
1784244776.2269632816 -0.1811193030 0.7528451906 0.5113573374 2.5192225595 -5.2512090296 -15.3086040545 4.2721893293 -1.2388182966
1784244776.2367844582 -0.1905788512 0.7568905558 0.5183359898 2.5187112326 -4.5327837997 -15.7673368525 4.2936741325 -1.2290149194
1784244776.2449345589 -0.2020471838 0.7618047244 0.5270479024 2.5181999056 -4.7891872448 -15.7128921384 4.3380940533 -1.2285817330
1784244776.2547183037 -0.2113971619 0.7657143391 0.5342546153 2.5176885787 -4.8861890994 -15.9409948599 4.3581566341 -1.2332869430
1784244776.2628474236 -0.2226098310 0.7703570066 0.5426928552 2.5170920306 -4.7072651223 -16.0598884596 4.4139032152 -1.2497059170
1784244776.2711529732 -0.2319963325 0.7742123212 0.5498083440 2.5165807037 -4.7778416614 -16.4584076793 4.3636460363 -1.2495593307
1784244776.2809913158 -0.2413097873 0.7781219359 0.5571975054 2.5159841556 -4.9351175797 -16.4848151902 4.3874195970 -1.2518402269
1784244776.2890226841 -0.2542390539 0.7832533053 0.5670953328 2.5150467229 -5.0307115098 -16.4068374352 4.5374903194 -1.2306849995
1784244776.2970235348 -0.2634794620 0.7867556685 0.5737090883 2.5143649537 -5.0496920157 -16.6245424827 4.6226445506 -1.2404794557
1784244776.3049669266 -0.2723911599 0.7901222812 0.5804596803 2.5136831844 -4.7799958051 -16.6646547474 4.6513447300 -1.2540102860
1784244776.3147842884 -0.2797323537 0.7927829913 0.5860243574 2.5130014152 -4.4116323432 -16.9622888494 4.5406582079 -1.2308760055
1784244776.3228912354 -0.2906528360 0.7967197561 0.5942801488 2.5119787613 -4.7473685478 -16.9894701739 4.5463074280 -1.2677637421
1784244776.3328502178 -0.2994184405 0.7998420179 0.6008939044 2.5112969921 -4.8438886976 -16.9320967902 4.6672964851 -1.2888703878
1784244776.3409855366 -0.3103389227 0.8034258314 0.6086479627 2.5101891171 -4.7649272241 -16.8528798746 4.8691073924 -1.2966807003
1784244776.3508515358 -0.3194697608 0.8062494421 0.6145775367 2.5093369055 -4.9427577781 -16.8907914078 5.0861525447 -1.3569533426
1784244776.3590254784 -0.3302806730 0.8095074544 0.6216930254 2.5083142517 -4.2129347556 -16.7906257645 5.2399334459 -1.3464722408
1784244776.3687489033 -0.3414202954 0.8125482658 0.6287172900 2.5071211555 -4.5619920362 -16.7984848350 5.3927041012 -1.3899485111
1784244776.3768484592 -0.3505511334 0.8149646250 0.6345100277 2.5061837228 -4.3126927649 -17.0056746975 5.3754540113 -1.4290190044
1784244776.3847374916 -0.3596454481 0.8173809841 0.6406676622 2.5051610689 -4.0496753632 -17.2721712950 5.2766798858 -1.4155763403
1784244776.3927810192 -0.3683380059 0.8197158929 0.6466884604 2.5040531939 -4.2873064290 -17.3536118129 5.2279250586 -1.4476261928
1784244776.4009263515 -0.3770670870 0.8218879011 0.6527092586 2.5030305401 -4.3540338026 -17.4468312078 5.1860774135 -1.4655016975
1784244776.4106764793 -0.3859422616 0.8240870594 0.6588668931 2.5019226650 -4.0668330378 -17.5795075001 5.1301571993 -1.4720858524
1784244776.4170315266 -0.3967531738 0.8264762684 0.6657999334 2.5003886843 -4.2128749796 -17.5668397741 5.2053012981 -1.4858051714
1784244776.4267938137 -0.4050804981 0.8283767756 0.6715470590 2.4991103669 -4.8356764990 -17.6766215378 5.3007929986 -1.4791645191
1784244776.4348511696 -0.4137730559 0.8302501326 0.6771573482 2.4976616073 -4.3886385312 -17.6676326660 5.3560894652 -1.4452431004
1784244776.4430246353 -0.4223560436 0.8318519887 0.6825851890 2.4962128477 -4.4262719237 -17.8113793547 5.4216988479 -1.4625327748
1784244776.4526906013 -0.4326556289 0.8338339462 0.6891077204 2.4944232034 -4.7840022225 -17.7510275521 5.5466716198 -1.4531552980
1784244776.4608483315 -0.4411290466 0.8352186014 0.6941706643 2.4928040015 -4.7713280418 -17.7320363730 5.6979605481 -1.4818349836
1784244776.4707875252 -0.4496755110 0.8365489564 0.6993248324 2.4912700207 -4.7774709704 -17.8374003476 5.7141338580 -1.5053331510
1784244776.4788951874 -0.4600116196 0.8380965122 0.7058473638 2.4892247130 -4.3153347171 -17.7702980823 5.7071937147 -1.4968102882
1784244776.4869852066 -0.4687041774 0.8391553662 0.7110927562 2.4875202899 -3.7382866876 -17.9601135298 5.6550894743 -1.5032908846
1784244776.4949347973 -0.4790768094 0.8404042709 0.7173872270 2.4853897610 -3.8360962590 -17.9735376434 5.6522823314 -1.5276877640
1784244776.5029337406 -0.4857605828 0.8410830235 0.7214467046 2.4839410014 -3.4612271442 -18.1397966849 5.5824448802 -1.5499878489
1784244776.5109443665 -0.4941974772 0.8419518268 0.7265552606 2.4821513571 -3.0957421563 -18.1149379449 5.6033663700 -1.5637054198
1784244776.5206820965 -0.5027804649 0.8425491290 0.7312989198 2.4802764917 -2.1247089285 -18.2383285252 5.5297981577 -1.5476601979
1784244776.5287842751 -0.5125687233 0.8432007315 0.7369548211 2.4779755205 -4.1085942695 -18.0249119865 5.8379837827 -1.6020515748
1784244776.5369963646 -0.5207134308 0.8436622832 0.7413791956 2.4759302128 -4.0803364270 -18.1033911250 5.9976456272 -1.6324351019
1784244776.5450325012 -0.5305382125 0.8440152346 0.7464421395 2.4735440205 -4.0630582161 -18.1800682982 6.1259455585 -1.6867615748
1784244776.5547707081 -0.5383907332 0.8442052853 0.7507752897 2.4714987127 -4.4647465173 -18.3099302109 6.1811984168 -1.7127135237
1784244776.5627632141 -0.5463893473 0.8443953360 0.7551084399 2.4692829627 -4.4391682825 -18.3751716569 6.1615492916 -1.7506994234
1784244776.5708389282 -0.5541322979 0.8444224861 0.7594415901 2.4671524338 -4.3108535642 -18.4197590457 6.1030528823 -1.7668764063
1784244776.5788483620 -0.5620943887 0.8443681859 0.7638203525 2.4648514627 -4.0686876900 -18.5794543352 6.0124518158 -1.7227357761
1784244776.5870308876 -0.5698373393 0.8443138857 0.7683815632 2.4622948280 -3.8158281670 -18.6920727941 5.9260204152 -1.7169599296
1784244776.5967557430 -0.5794795043 0.8440966849 0.7737637919 2.4593973088 -4.1334085845 -18.7848794130 5.9150047596 -1.7521985197
1784244776.6048424244 -0.5872589783 0.8438523340 0.7780969421 2.4568406741 -4.0001905963 -18.8571278325 5.8517611477 -1.7542197056
1784244776.6129870415 -0.5949654056 0.8434179323 0.7825669287 2.4541988183 -3.8179298414 -18.8959700538 5.7835385274 -1.7905173561
1784244776.6227548122 -0.6027448796 0.8429292305 0.7869456910 2.4515569625 -3.8905950858 -18.9216737136 5.7255452555 -1.8219836220
1784244776.6308321953 -0.6118391943 0.8421961777 0.7921910833 2.4483185586 -3.7908751615 -18.9127869504 5.7345779435 -1.8482762725
1784244776.6388902664 -0.6195456215 0.8414631249 0.7963417851 2.4456767028 -3.5964867179 -18.9614926417 5.7483511249 -1.8621809184
1784244776.6487092972 -0.6271790021 0.8406214718 0.8004012627 2.4427791836 -3.6498289253 -18.8882188615 5.8237872133 -1.9148293601
1784244776.6568384171 -0.6363463635 0.8393725670 0.8051449219 2.4393703374 -3.6281842723 -18.7720138400 5.8660774632 -1.9506517234
1784244776.6648931503 -0.6437971273 0.8381508124 0.8090219510 2.4364728181 -3.4706518799 -18.7724314931 5.9024304098 -1.9991725724
1784244776.6729958057 -0.6513209379 0.8368747576 0.8128077559 2.4335752988 -3.1919470973 -18.7025790348 5.8988454665 -2.0338836355
1784244776.6826541424 -0.6601961124 0.8350828509 0.8173689667 2.4299960103 -3.6266084638 -18.6996618599 5.9210447973 -2.0761466062
1784244776.6907689571 -0.6672451194 0.8335895952 0.8209723232 2.4270132699 -3.7850572966 -18.7232235735 5.9267365900 -2.1205616439
1784244776.6987876892 -0.6744402197 0.8318519887 0.8248037402 2.4237748660 -3.8277669826 -18.6669735478 5.8652686259 -2.1288764845
1784244776.7067964077 -0.6813796566 0.8300329318 0.8285895451 2.4205364621 -3.5961771325 -18.6630775648 5.8002268976 -2.1602027147
1784244776.7148969173 -0.6885382336 0.8281595747 0.8322841259 2.4172980582 -2.8069201996 -18.4520774875 5.7226899004 -2.1139814838
1784244776.7247896194 -0.6955872406 0.8260418668 0.8361155429 2.4138892120 -2.9988207192 -18.3757620230 5.6220227503 -2.1074979870
1784244776.7328982353 -0.7038049948 0.8233540066 0.8406311415 2.4097133755 -2.9074032480 -18.2077989826 5.5738431228 -2.0938105506
1784244776.7409741879 -0.7106348617 0.8210462479 0.8442344980 2.4061340870 -2.8631935886 -18.2451754842 5.5473817838 -2.1004463469
1784244776.7489414215 -0.7173551584 0.8187113391 0.8478834666 2.4025547984 -2.7575038150 -18.4964607581 5.4261530797 -2.1660312304
1784244776.7568926811 -0.7241850253 0.8163221301 0.8518061079 2.3989755099 -2.8588344426 -18.6502372121 5.2249574207 -2.2331481255
1784244776.7649345398 -0.7306131353 0.8139329211 0.8557287491 2.3954814426 -3.1164696073 -18.8695322854 5.0883784252 -2.3160576485
1784244776.7746477127 -0.7370047219 0.8114894118 0.8596513904 2.3919021541 -2.3909657405 -18.6739025245 4.9985986823 -2.2753238067
1784244776.7829890251 -0.7447476725 0.8084757505 0.8643494374 2.3874706540 -3.4217377414 -19.3470433804 4.9591983525 -2.4685045045
1784244776.7910304070 -0.7524906232 0.8053806388 0.8689106482 2.3830391540 -3.2810001459 -19.5278719945 4.9729826928 -2.5319123769
1784244776.7990238667 -0.7588822098 0.8027742290 0.8726508410 2.3791189809 -3.0011774151 -19.4698975367 4.9397107039 -2.5432671527
1784244776.8087491989 -0.7652737964 0.8001678191 0.8763910338 2.3755396924 -3.4438571744 -20.0196231339 4.8968912365 -2.7026437642
1784244776.8167526722 -0.7713366728 0.7975614093 0.8801312266 2.3714490769 -3.2386978097 -20.2205403985 4.8318613322 -2.6937917202
1784244776.8247528076 -0.7776552128 0.7948735491 0.8840082558 2.3672732403 -3.1133595226 -20.4573492198 4.7609283287 -2.7058234426
1784244776.8327786922 -0.7838276593 0.7922128391 0.8877484486 2.3631826249 -2.7819348206 -20.5871238838 4.6499371619 -2.7020736118
1784244776.8409333229 -0.7901827225 0.7894435287 0.8917623141 2.3588363460 -2.4686788495 -20.5481128326 4.5251035996 -2.6696385958
1784244776.8489422798 -0.7965012624 0.7865384677 0.8957305674 2.3544048459 -2.3758408105 -20.5374155202 4.4037970016 -2.6549028473
1784244776.8569898605 -0.8024180455 0.7836605568 0.8995619844 2.3500585670 -2.3255807181 -20.5145950592 4.3443015077 -2.6560821251
1784244776.8650081158 -0.8094305291 0.7799952930 0.9039863589 2.3446044131 -2.8468341058 -20.5130112787 4.3502608472 -2.6866474455
1784244776.8730061054 -0.8151281720 0.7768187310 0.9075897154 2.3400024708 -3.1288502424 -20.6435281845 4.4041172676 -2.7524648501
1784244776.8809878826 -0.8205701515 0.7736421690 0.9110106234 2.3354857496 -3.0819556595 -20.6364891185 4.4430594817 -2.8039312576
1784244776.8907928467 -0.8250990471 0.7708728586 0.9137473499 2.3317360187 -2.9644268510 -20.3027166045 4.3062407540 -2.8432128119
1784244776.8989350796 -0.8316002038 0.7666102925 0.9181717243 2.3262818648 -2.9909885780 -20.3443100868 4.2763413586 -2.9214073041
1784244776.9070200920 -0.8370421833 0.7630536291 0.9215926324 2.3215947013 -2.3109759611 -19.8734934883 4.1891839928 -2.8488290766
1784244776.9189336300 -0.8447851339 0.7576507587 0.9267468005 2.3146065666 -3.2626333763 -20.3754050436 4.1459400165 -3.0502718624
1784244776.9287476540 -0.8499349265 0.7538768945 0.9303501570 2.3096637396 -3.1621735222 -20.5512068724 4.1180081698 -3.1044876927
1784244776.9349853992 -0.8560343263 0.7493699775 0.9342727983 2.3038687011 -2.9821440471 -20.5498429504 4.1124166617 -3.1749695473
1784244776.9429740906 -0.8610745489 0.7454332126 0.9376024821 2.2990110953 -3.1046174474 -20.6909710331 4.1446639478 -3.2496764601
1784244776.9509394169 -0.8648364542 0.7424195512 0.9399286996 2.2950057010 -2.8456262053 -20.6609780736 4.1709911779 -3.2610132976
1784244776.9606995583 -0.8696575367 0.7384556363 0.9427566503 2.2899776528 -2.8050643547 -20.8745483739 4.2930024573 -3.2228954427
1784244776.9687533379 -0.8754282263 0.7337043684 0.9459951099 2.2835860662 -2.4631189450 -20.5680588080 4.2851811512 -3.1628359312
1784244776.9769310951 -0.8798840753 0.7295232526 0.9484581637 2.2782171335 -2.6905884727 -20.5198393193 4.3986805701 -3.1626155927
1784244776.9849007130 -0.8844860176 0.7253421368 0.9507387691 2.2727629796 -2.9821396385 -20.9685592269 4.6645820226 -3.2410990358
1784244776.9928998947 -0.8889783899 0.7212153212 0.9528369260 2.2672236045 -2.9035012883 -20.9163079603 4.6799158951 -3.2664097186
1784244777.0009379387 -0.8933611922 0.7169799052 0.9551175314 2.2618546717 -2.7632923498 -20.8602689539 4.6313855032 -3.3146826473
1784244777.0107944012 -0.8976709477 0.7126087388 0.9574437489 2.2564005178 -2.7538520864 -21.0442413325 4.5831668840 -3.3417728781
1784244777.0189809799 -0.9030033571 0.7072873187 0.9602716995 2.2494123831 -2.4334387636 -21.0644583752 4.4980977311 -3.4239325232
1784244777.0287053585 -0.9076052995 0.7026718013 0.9628259776 2.2437025657 -2.2198408684 -20.8785264631 4.3366982003 -3.5480444532
1784244777.0350263119 -0.9127550921 0.6970788802 0.9658363767 2.2370553157 -2.1547913570 -20.7722101723 4.2594503779 -3.6319949955
1784244777.0429825783 -0.9168822309 0.6922733120 0.9682538184 2.2315159406 -2.0546976169 -20.7065107083 4.1516341396 -3.7162775794
1784244777.0509388447 -0.9202789027 0.6883365472 0.9703975874 2.2267435559 -1.9773089841 -20.3352239705 4.0615690387 -3.7198093026
1784244777.0590329170 -0.9242234247 0.6833409283 0.9727694170 2.2210337385 -2.0353554412 -19.9501559098 3.9273125429 -3.7075015291
1784244777.0687012672 -0.9287888437 0.6770964048 0.9755973677 2.2140456038 -2.3376184782 -19.9299590988 3.9366052384 -3.7952419902
1784244777.0749838352 -0.9326968424 0.6716392342 0.9779235852 2.2079096807 -2.2939483119 -19.9094421703 3.9437665996 -3.8340631068
1784244777.0829389095 -0.9355456638 0.6674581184 0.9795656210 2.2031372960 -2.1717605638 -19.6579903268 3.9767643239 -3.8312931798
1784244777.0909378529 -0.9390884290 0.6619737977 0.9813901053 2.1970865940 -2.2514820710 -19.5955710630 4.0236419924 -3.8265440737
1784244777.0990073681 -0.9425216241 0.6565166271 0.9831689775 2.1907802286 -2.1958788121 -19.4816582359 4.0659498274 -3.8656356819
1784244777.1069862843 -0.9466487629 0.6497291015 0.9852671345 2.1832807669 -2.4597776818 -19.7492506314 4.1559990100 -3.9401483811
1784244777.1149425507 -0.9498628179 0.6441361804 0.9866354977 2.1770596226 -2.6577193672 -19.9917952819 4.2181891126 -4.0653785493
1784244777.1229457855 -0.9522733591 0.6397378638 0.9878214125 2.1721167956 -2.4105377201 -19.8783643799 4.2260159851 -4.0551850994
1784244777.1309370995 -0.9554508907 0.6340363423 0.9893722241 2.1654695456 -2.1562783005 -19.4744395476 4.2263141058 -3.9723165169
1784244777.1389768124 -0.9584458056 0.6283891210 0.9906493631 2.1589927378 -2.3434025999 -19.6648072507 4.1660986736 -4.0095153701
1784244777.1469166279 -0.9613311504 0.6225518490 0.9921545627 2.1523454877 -2.4668055206 -19.6876639057 4.1258719389 -3.9920236502
1784244777.1549003124 -0.9640338785 0.6168503274 0.9935229259 2.1456130165 -2.3994400369 -19.6823589311 4.0121269207 -3.9835657865
1784244777.1629478931 -0.9667366065 0.6110673556 0.9949369013 2.1390509876 -2.3497295789 -19.4083876260 3.8920537005 -4.0447857677
1784244777.1709516048 -0.9693662879 0.6049314325 0.9964877129 2.1324889586 -2.2886021086 -19.3888745275 3.8305593426 -4.1234834831
1784244777.1789870262 -0.9725072962 0.5976823551 0.9981753609 2.1243077278 -2.3281869562 -19.3379943225 3.8158010515 -4.2973989117
1784244777.1869776249 -0.9750274075 0.5913835314 0.9994524999 2.1176604777 -2.2406748890 -19.2600636276 3.7564129181 -4.4058595136
1784244777.1949508190 -0.9769631451 0.5862793121 1.0006384147 2.1121211026 -2.1920455878 -18.8944791675 3.6600318432 -4.4082982577
1784244777.2028472424 -0.9791910696 0.5799533382 1.0019611658 2.1053886314 -2.2421318617 -18.6668467503 3.6124769196 -4.4228890788
1784244777.2108063698 -0.9813824707 0.5735459141 1.0030558564 2.0985709390 -2.2995785117 -18.7167138028 3.6616746844 -4.5001371490
1784244777.2189071178 -0.9834277784 0.5670841897 1.0039680985 2.0916680254 -2.3061969914 -18.6413485837 3.6967030875 -4.5028726382
1784244777.2270300388 -0.9854365628 0.5603781144 1.0047435044 2.0844242273 -2.3564340443 -18.3615699122 3.8128548393 -4.5132330842
1784244777.2367806435 -0.9876644873 0.5521787834 1.0052908497 2.0757316695 -2.4612615593 -18.6712117187 3.9911761431 -4.6575234634
1784244777.2449944019 -0.9894906549 0.5455813085 1.0055189102 2.0684878713 -2.4345954543 -18.6842299010 4.0963423449 -4.7172362730
1784244777.2547051907 -0.9915359626 0.5372190770 1.0055189102 2.0595396500 -2.4178631091 -18.7649221828 4.1693730496 -4.7654466427
1784244777.2627618313 -0.9931064667 0.5305401518 1.0057925828 2.0519549673 -2.3259387579 -18.8726559071 4.2316081675 -4.8522095698
1784244777.2709941864 -0.9946769709 0.5237254761 1.0057469707 2.0446259479 -2.1720261172 -18.8415769598 4.1602654860 -4.8415576861
1784244777.2806591988 -0.9965396618 0.5154446948 1.0062487039 2.0353368421 -2.0586691203 -18.8325056511 4.0121518028 -4.8573649129
1784244777.2888619900 -0.9980371193 0.5085757189 1.0068416613 2.0275817170 -1.8192578179 -18.6165355567 3.8048523933 -4.8689854747
1784244777.2970085144 -0.9994615300 0.5014895422 1.0072521703 2.0196561496 -1.7369833213 -18.3732576696 3.6572701923 -4.8468427864
1784244777.3067190647 -1.0007763707 0.4943490652 1.0078451277 2.0117305822 -1.7685750629 -17.7889985204 3.4679024202 -4.7941063836
1784244777.3146843910 -1.0022007814 0.4854438316 1.0084836972 2.0021005917 -1.7633070488 -17.6128351848 3.3873722824 -4.8221763236
1784244777.3209373951 -1.0032599586 0.4782490545 1.0089854304 1.9943454666 -1.7246809653 -17.5488685721 3.3142309021 -4.9119155362
1784244777.3289408684 -1.0040269490 0.4724932328 1.0093503272 1.9881243223 -1.7477779197 -17.0114627014 3.2336180557 -4.9010234072
1784244777.3369417191 -1.0048304628 0.4649726544 1.0095783878 1.9802839760 -1.8638362932 -16.6824852781 3.1970846682 -4.9298374490
1784244777.3449873924 -1.0055244065 0.4574792261 1.0100345088 1.9722731874 -1.8597504170 -16.5357370382 3.2088688823 -4.9249316860
1784244777.3529791832 -1.0061818268 0.4500943983 1.0101257331 1.9644328412 -1.8757847581 -16.5835279468 3.2097354463 -4.9327007448
1784244777.3627493382 -1.0066931537 0.4426281201 1.0099888967 1.9565072738 -1.9326480813 -16.7887801195 3.2255592914 -5.1014249921
1784244777.3689875603 -1.0072044807 0.4335328358 1.0100345088 1.9469625044 -1.8985888822 -16.7836698106 3.2284788402 -5.1980314544
1784244777.3786680698 -1.0074966675 0.4276141134 1.0097608362 1.9407413601 -1.8100793121 -16.7327101615 3.2422961496 -5.2237950921
1784244777.3849418163 -1.0078253776 0.4184916790 1.0093959393 1.9307704850 -1.7802839551 -16.8381103043 3.2360835768 -5.3195495559
1784244777.3929462433 -1.0079714710 0.4126544070 1.0091678788 1.9246345619 -1.6149995529 -16.7711790432 3.2040576461 -5.3674525883
1784244777.4009435177 -1.0081175645 0.4052424290 1.0089398183 1.9165385522 -1.5075950045 -16.6939937231 3.0949738929 -5.3673473675
1784244777.4089076519 -1.0082636579 0.3978033010 1.0087573698 1.9084425424 -1.4218043019 -16.3379440728 2.9410031392 -5.3758722465
1784244777.4169917107 -1.0083001812 0.3900383717 1.0087573698 1.9000908693 -1.2230513982 -16.2002748539 2.8282640453 -5.4275729883
1784244777.4249780178 -1.0083732279 0.3824091929 1.0088029819 1.8919096384 -1.0792458986 -15.9109927958 2.6591124431 -5.4047891400
1784244777.4329450130 -1.0083732279 0.3746442636 1.0087117577 1.8835579652 -0.8909535583 -15.6219448410 2.5048084549 -5.3883063674
1784244777.4409506321 -1.0083367046 0.3668250341 1.0089854304 1.8749506286 -0.7143275813 -15.4135065675 2.3893477531 -5.4348978433
1784244777.4489796162 -1.0083001812 0.3590329547 1.0092134909 1.8667693977 -0.4633188741 -15.3543548762 2.2711320362 -5.4574288799
1784244777.4569442272 -1.0082636579 0.3511051248 1.0091222667 1.8582472822 -0.2064141577 -15.0567821670 2.1709024512 -5.4466379389
1784244777.4649744034 -1.0082271345 0.3431772948 1.0092134909 1.8496399456 0.0645074360 -14.8338756141 2.1434234532 -5.5038914989
1784244777.4729564190 -1.0081906112 0.3352766150 1.0089854304 1.8412882724 0.1447833979 -13.9277498642 2.1326247228 -5.3563117692
1784244777.4809877872 -1.0081175645 0.3273216350 1.0083924730 1.8327661569 0.5263438318 -14.8170687001 2.2167471503 -5.5453925734
1784244777.4889836311 -1.0080445178 0.3193666550 1.0078907398 1.8239883780 0.7292641874 -14.6640215820 2.2803333033 -5.5970968479
1784244777.4968969822 -1.0079349477 0.3098641192 1.0068872734 1.8137618394 0.9749556347 -14.9763862400 2.3182806008 -5.7238529996
1784244777.5049445629 -1.0078619010 0.3036195956 1.0063399281 1.8070293681 1.3440393510 -14.7308254062 2.3465424363 -5.7704809151
1784244777.5129437447 -1.0078253776 0.2954745649 1.0054276860 1.7983368103 1.5748195226 -14.6476921036 2.3419519864 -5.7657478502
1784244777.5209434032 -1.0077158076 0.2876553354 1.0046978923 1.7894738102 1.8241508929 -14.3215336783 2.2991299923 -5.7594917515
1784244777.5289788246 -1.0076427609 0.2795646048 1.0039680985 1.7806108101 2.0281803305 -14.2989888595 2.1249152406 -5.6957385572
1784244777.5369989872 -1.0074966675 0.2715553246 1.0037400380 1.7714069254 2.1623348066 -13.9941000907 1.9196824784 -5.6376059719
1784244777.5449831486 -1.0072775274 0.2618627380 1.0034207533 1.7604986176 2.3068246849 -14.0371410177 1.7028310581 -5.7032616721
1784244777.5529866219 -1.0070949106 0.2553738636 1.0031926927 1.7534252617 2.3711651464 -13.0606853130 1.6250940693 -5.5598666498
1784244777.5609488487 -1.0067662004 0.2470659322 1.0032839169 1.7440509347 2.5377476051 -13.1690586908 1.3399571795 -5.6574935944
1784244777.5689489841 -1.0064009669 0.2388937514 1.0030558564 1.7348470499 2.6684432569 -12.9071150533 1.2555016438 -5.6371904632
1784244777.5768909454 -1.0060357334 0.2306944204 1.0025997353 1.7258136075 2.7816883728 -12.5840230306 1.1637310208 -5.6087355682
1784244777.5849430561 -1.0055609298 0.2222235885 1.0022348385 1.7166097228 2.8425271646 -12.5649110691 1.1603151879 -5.6785254442
1784244777.5929422379 -1.0050130795 0.2139971074 1.0016418811 1.7073206169 2.9581997745 -12.2760852833 1.2457526411 -5.7197235564
1784244777.6009538174 -1.0044287059 0.2056077258 1.0005928026 1.6982019533 3.1186372175 -12.0625565940 1.2421427683 -5.7382869212
1784244777.6089434624 -1.0038443323 0.1972454942 0.9999542331 1.6890832898 3.2888550996 -12.1766431546 1.2621535502 -5.7895543230
1784244777.6188595295 -1.0031869119 0.1891004635 0.9990419909 1.6796237416 3.5853502822 -12.1273401994 1.2239240354 -5.8306666183
1784244777.6269941330 -1.0024564449 0.1789734753 0.9980841367 1.6682893280 3.7995426317 -12.0459797188 1.1517651674 -5.8489201028
1784244777.6366589069 -1.0017990245 0.1705840936 0.9972175066 1.6587445586 4.0614919212 -11.6209453254 1.0338700362 -5.7870279716
1784244777.6446611881 -1.0010320342 0.1605114056 0.9963508766 1.6473249239 4.1822292927 -11.7599579046 0.8569917064 -5.8922965362
1784244777.6509661674 -1.0002285204 0.1520948739 0.9959859797 1.6376949334 4.2536224429 -11.5246420246 0.7665436754 -5.8975732445
1784244777.6607060432 -0.9995345767 0.1455788493 0.9955298587 1.6301102506 4.1954063631 -10.8493787735 0.6052622656 -5.7381985783
1784244777.6669840813 -0.9982927827 0.1353432607 0.9946632286 1.6180940678 4.1000299569 -10.8550548651 0.5472231259 -5.7526239947
1784244777.6749501228 -0.9973796989 0.1286100353 0.9942983318 1.6105093850 4.0408001893 -10.2077974750 0.5823614542 -5.6528551823
1784244777.6829812527 -0.9961013816 0.1201120532 0.9932492533 1.6007941733 3.9163861567 -9.7812989773 0.6353561368 -5.5504532915
1784244777.6927242279 -0.9947500176 0.1115869210 0.9920633385 1.5909937405 3.8622373389 -9.8515632274 0.7036305561 -5.5321362316
1784244777.7007935047 -0.9929603733 0.1013513324 0.9907405874 1.5789775577 3.7864306515 -9.1485505241 0.7142194113 -5.4109360257
1784244777.7088465691 -0.9914263926 0.0926904497 0.9895090605 1.5688362402 4.1744591282 -9.7679740305 0.6828904059 -5.5993743768
1784244777.7169530392 -0.9898924118 0.0843010681 0.9882775336 1.5590358074 4.3256403877 -9.8015782020 0.5698311955 -5.6405848010
1784244777.7249927521 -0.9882853843 0.0760474369 0.9873652914 1.5491501535 4.4257852986 -9.4829561026 0.5077403266 -5.6309041492
1784244777.7329103947 -0.9862765999 0.0660561992 0.9858144798 1.5373896341 4.5296239355 -9.7967836276 0.4433644332 -5.7122437386
1784244777.7409529686 -0.9849617592 0.0597030753 0.9851759102 1.5294640667 4.4838826946 -9.6181647216 0.3654464189 -5.7363306797
1784244777.7490158081 -0.9830260216 0.0516394948 0.9842180560 1.5197488550 4.3780223638 -9.1488935905 0.2739247484 -5.7014006107
1784244777.7569503784 -0.9806154803 0.0418654580 0.9832145896 1.5078178933 4.4321791806 -9.2139461605 0.0673979134 -5.7399974909
1784244777.7650086880 -0.9790084528 0.0352408330 0.9826672443 1.4998923259 4.3868462984 -8.7159883573 -0.1056479116 -5.7063422038
1784244777.7746777534 -0.9763057248 0.0253310456 0.9818918385 1.4879613642 4.3718331770 -8.6211837367 -0.2492960924 -5.7742941572
1784244777.7827699184 -0.9739682303 0.0169959641 0.9811164327 1.4779904891 4.2245590499 -8.3154950155 -0.4179775258 -5.7751448104
1784244777.7908484936 -0.9714481190 0.0085522823 0.9807059237 1.4676787294 4.0896993086 -7.6817922885 -0.5163664181 -5.6757231256
1784244777.7990016937 -0.9687819143 -0.0000814503 0.9798849058 1.4572817485 4.1613748755 -7.2478144921 -0.5431123974 -5.6025384857
1784244777.8087675571 -0.9661522329 -0.0085794324 0.9789270515 1.4471404311 4.0768296085 -7.0729480256 -0.5102310032 -5.5647030050
1784244777.8168551922 -0.9627190378 -0.0186792705 0.9776499125 1.4348685848 3.9706795271 -7.0465281392 -0.5653350661 -5.4700821135
1784244777.8249597549 -0.9597241229 -0.0269872018 0.9769201188 1.4242159404 3.8858809803 -6.7497200409 -0.6106831534 -5.4022159611
1784244777.8330123425 -0.9566196380 -0.0354580338 0.9758254282 1.4139041807 3.9125578244 -6.3889134394 -0.5713990603 -5.3169611532
1784244777.8410506248 -0.9529307794 -0.0451506204 0.9744114529 1.4016323344 3.9246677577 -6.5485801649 -0.6339624520 -5.3147852791
1784244777.8507702351 -0.9503376214 -0.0517209451 0.9735904349 1.3933658823 4.0403586176 -6.2102829518 -0.6287349879 -5.3259125700
1784244777.8587648869 -0.9464296228 -0.0616307325 0.9720852354 1.3810940360 4.0269455943 -6.1858886700 -0.6793319009 -5.3704374638
1784244777.8669059277 -0.9430329510 -0.0696671629 0.9711729932 1.3708674974 4.1359544940 -5.8006771892 -0.7707779340 -5.3788001634
1784244777.8750014305 -0.9395632326 -0.0780293944 0.9702607511 1.3605557377 4.1529419691 -5.0712170096 -0.8563444922 -5.3802938673
1784244777.8829569817 -0.9353995704 -0.0880749323 0.9688923879 1.3486247760 4.2011094655 -4.8208917360 -0.9909682539 -5.3951811426
1784244777.8909120560 -0.9325507490 -0.0946181070 0.9683906547 1.3404435451 4.2330892004 -4.2051608625 -1.0464505450 -5.3250777757
1784244777.8990066051 -0.9289349371 -0.1028717381 0.9674784125 1.3303874489 4.2547455721 -3.7455231018 -1.0921326018 -5.2393369929
1784244777.9069521427 -0.9245521349 -0.1128358257 0.9661556614 1.3182860449 4.3049493362 -3.8294694099 -1.2213700454 -5.2113560945
1784244777.9109847546 -0.9214476499 -0.1193518503 0.9656995403 1.3099343717 4.3379393746 -3.6139756726 -1.2557296350 -5.1542844911
1784244777.9189503193 -0.9195484356 -0.1233972156 0.9651065829 1.3049063236 4.3160934528 -3.1859951911 -1.3694326233 -4.9403553162
1784244777.9270160198 -0.9156404370 -0.1315965465 0.9644680134 1.2943389004 4.1148127983 -3.2214266582 -1.4310705788 -4.8778275429
1784244777.9349906445 -0.9106732611 -0.1411533826 0.9634645471 1.2820670541 4.1574250443 -3.3536942377 -1.4670833593 -4.9513249268
1784244777.9429626465 -0.9064730756 -0.1491898129 0.9622786323 1.2718405155 4.3041631090 -3.2971868435 -1.4868926311 -4.9505967379
1784244777.9509899616 -0.9031494505 -0.1554343365 0.9617312870 1.2634888423 4.1636228453 -3.0929059795 -1.4797411388 -4.8677690657
1784244777.9589507580 -0.8987301249 -0.1631178155 0.9606822085 1.2532623037 4.2293785135 -2.7921542323 -1.4338133360 -4.8083212240
1784244777.9669516087 -0.8944568927 -0.1708555947 0.9593594574 1.2433766497 4.4157395235 -2.4816897327 -1.4870540043 -4.7340285351
1784244777.9749548435 -0.8902201839 -0.1785933739 0.9585840516 1.2329796688 4.4883786079 -2.2381131920 -1.5173207171 -4.6908007121
1784244777.9829585552 -0.8858008583 -0.1862225526 0.9577174215 1.2227531303 4.4958936051 -2.0422216895 -1.5988342896 -4.6892590382
1784244777.9909377098 -0.8813815327 -0.1938517314 0.9568507915 1.2128674763 4.4257189151 -1.4493988693 -1.6780345705 -4.6487801590
1784244778.0006515980 -0.8767795903 -0.2016981110 0.9561666099 1.2026409377 4.3920958651 -0.8670695135 -1.7720371584 -4.5785511628
1784244778.0070002079 -0.8712645642 -0.2111734968 0.9551175314 1.1906247549 4.5829422410 -0.9802558365 -1.8680566194 -4.7194828253
1784244778.0149991512 -0.8665165284 -0.2188569758 0.9545245740 1.1807391009 4.5602718251 -0.7508687519 -2.0342761669 -4.7636153702
1784244778.0229611397 -0.8615493525 -0.2268119558 0.9542965135 1.1702568988 4.7182610504 -0.3773171286 -2.1711582678 -4.7585926139
1784244778.0309212208 -0.8577509239 -0.2329207288 0.9538860045 1.1623313314 4.7118904127 0.0601241106 -2.2118521823 -4.6822033234
1784244778.0389502048 -0.8528567947 -0.2407128082 0.9530193744 1.1523604563 4.6320638774 0.5176775714 -2.2408151015 -4.5086719241
1784244778.0469152927 -0.8479261422 -0.2484505874 0.9525176413 1.1420486966 4.5028525148 0.7798890979 -2.2175749230 -4.3964926471
1784244778.0548615456 -0.8427033028 -0.2559983159 0.9517878475 1.1318221580 4.5242711567 0.8794138652 -2.1918072719 -4.3121774115
1784244778.0630242825 -0.8375900335 -0.2634374440 0.9509668296 1.1218512829 4.6176232183 1.1553556658 -2.1816553221 -4.2014335876
1784244778.0729947090 -0.8298105595 -0.2744603856 0.9495984664 1.1067671385 4.6493679051 1.1137743223 -2.1153297393 -4.2273149734
1784244778.0809190273 -0.8244416268 -0.2820352642 0.9483669395 1.0965405999 4.7395886150 1.3756229217 -2.0738295498 -4.1675453595
1784244778.0889520645 -0.8200588245 -0.2880082867 0.9475459215 1.0881889267 4.7672299077 1.9326376319 -1.9813452455 -4.0089103366
1784244778.0969686508 -0.8147264151 -0.2953116642 0.9463143946 1.0780476093 4.8194859837 2.2267754980 -1.8906520682 -3.8726548273
1784244778.1049509048 -0.8092479123 -0.3026964921 0.9450372556 1.0677358495 4.8095230691 2.5216554362 -1.9016533690 -3.7055417432
1784244778.1129593849 -0.8037328861 -0.3099998697 0.9439881772 1.0572536475 4.5736684047 2.9011746972 -1.9229430030 -3.6435960787
1784244778.1209957600 -0.7967204025 -0.3188779532 0.9428478745 1.0450670223 4.6812641884 3.1249294076 -2.0684547590 -3.7135469884
1784244778.1289989948 -0.7921549835 -0.3249052759 0.9422093050 1.0372266761 4.6492182474 3.6881581392 -2.1812461575 -3.6472968813
1784244778.1369907856 -0.7850329299 -0.3338376596 0.9413426749 1.0247843875 4.8850801986 3.8206949386 -2.2868219075 -3.6767412655
1784244778.1449959278 -0.7805040342 -0.3396206314 0.9406584933 1.0169440412 4.9515128778 4.2845696198 -2.4482256394 -3.5538426116
1784244778.1529672146 -0.7735645973 -0.3484172646 0.9400199238 1.0049278584 4.8187982952 4.6574373287 -2.5058909395 -3.4991625478
1784244778.1610162258 -0.7690357017 -0.3540916360 0.9397918633 0.9966614064 5.2335141891 4.5627286385 -2.6106945653 -3.4782269627
1784244778.1689624786 -0.7617675546 -0.3626439183 0.9390164574 0.9847304447 5.2737692716 4.7095188648 -2.6047385838 -3.5185287944
1784244778.1769599915 -0.7569829955 -0.3683182897 0.9383322758 0.9769753196 5.3425179604 5.1589780702 -2.6520321209 -3.3740667999
1784244778.1849496365 -0.7511027358 -0.3754044664 0.9378305426 0.9667487810 5.0108766725 5.7108835130 -2.6402051897 -3.2756536887
1784244778.1929576397 -0.7450033360 -0.3822734424 0.9371463610 0.9571187905 5.6116006781 5.5788665326 -2.5720230105 -3.3267669237
1784244778.2009537220 -0.7391961230 -0.3891152682 0.9362341189 0.9474035788 5.7519507023 5.5918793615 -2.5579878251 -3.1620700922
1784244778.2089583874 -0.7332062933 -0.3958484936 0.9355955494 0.9372622614 5.6400972291 5.7769311709 -2.5077268556 -3.0931582877
1784244778.2169630527 -0.7269608000 -0.4025002687 0.9346376951 0.9273766074 5.5618805574 6.0162055246 -2.4332719475 -3.0248498285
1784244778.2249655724 -0.7207518302 -0.4091520438 0.9335886166 0.9176613958 5.3523039972 6.2367430814 -2.4324823512 -2.8633565410
1784244778.2329592705 -0.7142506735 -0.4157495187 0.9328132108 0.9075200783 5.0652142513 6.7955811703 -2.4196471355 -2.7567421947
1784244778.2408983707 -0.7079321336 -0.4222655433 0.9320834171 0.8978900878 5.7214388864 6.8138466029 -2.4585502948 -2.8520993050
1784244778.2490191460 -0.7017596871 -0.4288087179 0.9311255628 0.8883453185 5.7611792195 7.0569205503 -2.5446089649 -2.8222136313
1784244778.2586872578 -0.6940897832 -0.4366279474 0.9303957691 0.8768404626 6.0210095393 7.0280083996 -2.5971913512 -2.9051633760
1784244778.2650146484 -0.6873694864 -0.4431711221 0.9299852602 0.8669548086 5.9069200173 7.4113613933 -2.6828439641 -2.9106512477
1784244778.2730107307 -0.6806491896 -0.4496056964 0.9294835270 0.8574100393 5.8561288981 7.6036668573 -2.7504473408 -2.9066328122
1784244778.2826814651 -0.6740019395 -0.4562031713 0.9288905696 0.8476096065 5.9011617958 7.9011875911 -2.7947150336 -2.8816921192
1784244778.2907071114 -0.6670990260 -0.4625562953 0.9284344485 0.8381500583 6.1254004157 8.2903789598 -2.8395156512 -2.7875416356
1784244778.2987182140 -0.6602691591 -0.4690180197 0.9278871032 0.8283496255 6.0873151282 8.4277409014 -2.8554673095 -2.7182034145
1784244778.3068144321 -0.6534758156 -0.4752625432 0.9273397579 0.8188048561 5.8258552258 8.9769787319 -2.8180753057 -2.5583775925
1784244778.3149716854 -0.6463902853 -0.4817242676 0.9266099642 0.8088339810 5.9573178820 9.3495765067 -2.7177752285 -2.4059189534
1784244778.3229906559 -0.6395238951 -0.4881045417 0.9258345584 0.7989483270 5.5775083249 9.6789925979 -2.6201914273 -2.1808020272
1784244778.3327555656 -0.6324383648 -0.4942133147 0.9249679283 0.7891478942 5.5037278394 10.1479606961 -2.5741109640 -1.8974177922
1784244778.3406772614 -0.6240379939 -0.5016795929 0.9241925225 0.7770464902 6.3636969318 9.9009140058 -2.5833044363 -1.8606703419
1784244778.3469960690 -0.6172446504 -0.5075983152 0.9235539530 0.7674164997 6.6313143004 10.0733653223 -2.5686628591 -1.8008817236
1784244778.3567261696 -0.6118757176 -0.5122409827 0.9228697714 0.7597465958 6.1611603538 10.4063903534 -2.6431433973 -1.6092504207
1784244778.3630301952 -0.6031831598 -0.5194086098 0.9223224261 0.7478156341 6.3248845796 10.5151442126 -2.6458405333 -1.6446222526
1784244778.3728106022 -0.5962071996 -0.5251372814 0.9217294687 0.7386969705 6.5761033638 10.7168041684 -2.6703461520 -1.7912317262
1784244778.3809509277 -0.5890120992 -0.5310017035 0.9211821234 0.7293226435 6.8708024804 11.0958489429 -2.6896536775 -1.8210640230
1784244778.3907179832 -0.5820361389 -0.5368932758 0.9206803902 0.7201187588 6.6388171600 11.3302200153 -2.6684167039 -1.9030765020
1784244778.3987991810 -0.5731609644 -0.5437351016 0.9199505965 0.7094661144 6.5011164426 11.4077089027 -2.7230823421 -1.9645138788
1784244778.4069542885 -0.5656371539 -0.5493551728 0.9197225360 0.7002622297 6.4557991391 11.8865958341 -2.7836200271 -1.8558407894
1784244778.4167075157 -0.5581498667 -0.5551381446 0.9194032512 0.6908879026 6.5352172860 12.2416063779 -2.8311194777 -1.6693422456
1784244778.4246845245 -0.5492381688 -0.5618713700 0.9189471301 0.6797239313 6.9135239485 12.2705800078 -2.8614620193 -1.6155408607
1784244778.4327218533 -0.5420795918 -0.5672199402 0.9186278454 0.6706904889 6.2842942467 12.8564270253 -2.8633199011 -1.4538355145
1784244778.4407136440 -0.5347018746 -0.5726228106 0.9182173364 0.6613161619 6.7155922356 12.7900049233 -2.8684333775 -1.3565934806
1784244778.4487085342 -0.5273241575 -0.5779985309 0.9181261122 0.6519418349 6.8430469156 12.9687754933 -2.8652413979 -1.2890041268
1784244778.4567735195 -0.5197638236 -0.5831842004 0.9178980517 0.6429083924 6.3445560070 13.3763394529 -2.8869194829 -1.1535728618
1784244778.4648184776 -0.5123495832 -0.5884513203 0.9174419306 0.6337897289 6.9712345956 13.3456167960 -2.8393913314 -1.1282337363
1784244778.4729113579 -0.5047162026 -0.5935826897 0.9173050943 0.6245006230 6.6264016620 13.6626129089 -2.7974827137 -1.0616080202
1784244778.4809277058 -0.4968271585 -0.5987412091 0.9169401974 0.6156376229 6.1023736685 13.9942839339 -2.8091271109 -0.8901593713
1784244778.4889576435 -0.4888650678 -0.6037911282 0.9167577490 0.6064337381 5.9678582482 14.2546551636 -2.8204330118 -0.7152936495
1784244778.4969990253 -0.4809395004 -0.6086781466 0.9166665248 0.5973150746 6.3572279243 14.3251967553 -2.7784066743 -0.6593037577
1784244778.5049180984 -0.4734156898 -0.6134294145 0.9164384642 0.5885372956 6.4197534633 14.6660742570 -2.7118583900 -0.5393866706
1784244778.5129570961 -0.4657823092 -0.6182621328 0.9159823431 0.5795890744 6.4980409917 14.7787696502 -2.7076964048 -0.4478176838
1784244778.5209932327 -0.4578567418 -0.6229319504 0.9157998947 0.5706408531 6.5454243025 14.8440429989 -2.6367060308 -0.4817105384
1784244778.5289242268 -0.4501868379 -0.6274660175 0.9154806100 0.5622891799 6.5077275397 15.0715874516 -2.5926348121 -0.5187468358
1784244778.5369651318 -0.4425169340 -0.6320272347 0.9150244889 0.5540227279 6.6265614096 15.2345532810 -2.6113242490 -0.5756406974
1784244778.5449590683 -0.4347009366 -0.6365070016 0.9148876526 0.5456710547 6.9200197303 15.4397024212 -2.5965858970 -0.6518928044
1784244778.5529623032 -0.4271040794 -0.6409053182 0.9147052041 0.5377454873 6.8337273398 15.5457886362 -2.5684331142 -0.6563320618
1784244778.5609240532 -0.4191785120 -0.6451950344 0.9144315315 0.5296494776 6.5030156266 15.6742103226 -2.5391691995 -0.6196905824
1784244778.5689222813 -0.4110703278 -0.6494576005 0.9142034710 0.5212978044 6.8436863424 15.7351507161 -2.5183666338 -0.6016096230
1784244778.5769658089 -0.4033639005 -0.6535301158 0.9140210225 0.5133722370 7.0351349001 15.8181845077 -2.5101536802 -0.5643831672
1784244778.5849213600 -0.3955844265 -0.6576026312 0.9138385741 0.5053614485 6.7565003065 15.9283510684 -2.5015778390 -0.4401222135
1784244778.5930008888 -0.3874762423 -0.6615936963 0.9137017378 0.4970097753 6.9509969695 16.0466748796 -2.4711958797 -0.3931669801
1784244778.6010084152 -0.3796237216 -0.6654490108 0.9135192893 0.4890842079 6.9091675927 16.4321096110 -2.4801899251 -0.2283800898
1784244778.6089572906 -0.3700546034 -0.6702002787 0.9132912288 0.4792837751 7.2457383302 16.3948304383 -2.4675859387 -0.2213942812
1784244778.6169660091 -0.3636264934 -0.6732139401 0.9133368409 0.4726365250 7.2093109496 16.5387907383 -2.4576558809 -0.1081495208
1784244778.6249589920 -0.3556644027 -0.6768520538 0.9132456167 0.4645405153 6.8865852759 16.6975530202 -2.4495571732 -0.0237471664
1784244778.6329584122 -0.3475196952 -0.6805444678 0.9131543925 0.4566149479 6.4163143266 16.8702052289 -2.4758377351 0.0423600457
1784244778.6409571171 -0.3390828008 -0.6841554314 0.9132912288 0.4485189381 6.7700167408 17.0398917042 -2.4501750732 0.0962937511
1784244778.6489703655 -0.3311207101 -0.6876577946 0.9132456167 0.4406785919 7.0252530476 17.2512181891 -2.3957845313 0.1753829842
1784244778.6569597721 -0.3231220960 -0.6911601578 0.9131087804 0.4327530245 6.8924260187 17.4249794384 -2.3718351827 0.2891365858
1784244778.6650161743 -0.3148678184 -0.6946082208 0.9131543925 0.4245717936 7.1033916871 17.6416704758 -2.3313925769 0.3827534636
1784244778.6729617119 -0.3051891301 -0.6986264360 0.9130631683 0.4151974666 6.6780645158 17.7937641261 -2.3197969021 0.4378222909
1784244778.6827213764 -0.2987610201 -0.7012328458 0.9129719440 0.4092319857 7.6551307911 17.7144438302 -2.2842564129 0.2994197041
1784244778.6906807423 -0.2888266683 -0.7051424606 0.9130631683 0.3997724376 7.9275462273 17.7861117091 -2.2832858066 0.2192495177
1784244778.6987161636 -0.2807915309 -0.7082918725 0.9130631683 0.3925286394 7.5036253542 17.9995335436 -2.2955427542 0.1798987050
1784244778.7067012787 -0.2722450665 -0.7114412843 0.9133368409 0.3851143989 7.1566383575 18.3068256046 -2.2979270117 0.1347998774
1784244778.7129948139 -0.2637716488 -0.7145092459 0.9134736772 0.3779558219 7.2431876039 18.3725003428 -2.2973916514 0.1110856326
1784244778.7209625244 -0.2572704921 -0.7168170046 0.9135192893 0.3723312257 6.9452435411 18.6095897582 -2.2311967256 0.2509952604
1784244778.7289595604 -0.2489796912 -0.7197220656 0.9133824530 0.3650022064 6.5834516684 18.6338118136 -2.1519191769 0.4447874901
1784244778.7369596958 -0.2403967035 -0.7224913760 0.9133824530 0.3574175236 6.7412621980 18.7373936538 -2.0685115827 0.5777613654
1784244778.7467312813 -0.2321424259 -0.7252335364 0.9132456167 0.3500032831 6.8074249131 18.8096873367 -2.0243490978 0.7383341284
1784244778.7548198700 -0.2218063173 -0.7285186988 0.9132912288 0.3408846195 7.1249493853 18.9486547406 -1.9761942783 0.7353914254
1784244778.7628049850 -0.2134424696 -0.7312065589 0.9131543925 0.3337260425 6.8533895600 19.0912170230 -1.9123422459 0.7698882993
1784244778.7708613873 -0.2046403418 -0.7337315185 0.9130175562 0.3263970232 6.8592612617 19.2064557751 -1.8228380822 0.7525979628
1784244778.7789576054 -0.1960208307 -0.7362293279 0.9128351077 0.3194088885 6.3985235764 19.3915401854 -1.7949456730 0.7380638674
1784244778.7870237827 -0.1871091328 -0.7386728371 0.9128351077 0.3125911961 6.3351947928 19.5195162750 -1.7580617455 0.7039716941
1784244778.7967107296 -0.1767365008 -0.7414964478 0.9126526593 0.3045804076 6.9331608412 19.5395030837 -1.7306515179 0.6115666088
1784244778.8047921658 -0.1680074196 -0.7438313566 0.9127438835 0.2976774940 7.2933170357 19.6781430449 -1.6750567191 0.6694984087
1784244778.8127892017 -0.1595340019 -0.7460576650 0.9125614351 0.2908598016 7.0910584145 19.7487901134 -1.6502169794 0.7727127626
1784244778.8208179474 -0.1507683974 -0.7481753730 0.9126526593 0.2838716669 7.3130580194 19.6986597043 -1.6559871940 0.8860814511
1784244778.8288214207 -0.1422949798 -0.7501301803 0.9127438835 0.2769687534 7.2567596038 19.7892715331 -1.6763114078 1.0372681701
1784244778.8368675709 -0.1336754687 -0.7520849877 0.9129263319 0.2698953975 7.4179799708 19.8808326449 -1.6610245556 1.0699519869
1784244778.8448107243 -0.1252385743 -0.7539583448 0.9129719440 0.2633333686 7.0336602138 20.0262072633 -1.6203675800 1.0772782686
1784244778.8528211117 -0.1165094932 -0.7557502515 0.9128807198 0.2570270031 6.6277794007 20.2176959376 -1.5350841906 1.0419710198
1784244778.8608248234 -0.1075977953 -0.7575693084 0.9128351077 0.2505501954 6.7270886079 20.3284192544 -1.4574313032 1.0053640581
1784244778.8687295914 -0.0990148075 -0.7592797648 0.9126982714 0.2444142722 6.7360789808 20.3589992929 -1.4023543781 1.0252767836
1784244778.8750109673 -0.0902126797 -0.7608816209 0.9125614351 0.2381079067 6.5519762659 20.3860429637 -1.3737370605 1.0782562973
1784244778.8830130100 -0.0813740285 -0.7623748765 0.9126070472 0.2319719836 6.5383053979 20.3805407252 -1.3594489563 1.0989639713
1784244778.8910021782 -0.0724988539 -0.7638409821 0.9126070472 0.2257508393 6.1150477575 20.5112090580 -1.3528680445 1.1353449041
1784244778.8990051746 -0.0635141093 -0.7652799375 0.9126526593 0.2193592527 6.4696063025 20.5656123468 -1.3228828157 1.1590716440
1784244778.9108202457 -0.0547119814 -0.7665831424 0.9126526593 0.2133085507 6.1477581393 20.5913109116 -1.2880863395 1.2437516488
1784244778.9188632965 -0.0431706022 -0.7681035481 0.9125614351 0.2054682044 5.9675033985 20.5822777580 -1.2463648784 1.3635541987
1784244778.9269762039 -0.0321405498 -0.7695153535 0.9125614351 0.1978835216 6.1520480085 20.6337898131 -1.1963025662 1.4097869529
1784244778.9349632263 -0.0249089261 -0.7703570066 0.9125158230 0.1929406947 6.0644737154 20.6699674766 -1.1467578010 1.5706170344
1784244778.9429655075 -0.0161433216 -0.7712529600 0.9124702109 0.1868047715 5.7126863735 20.7516126872 -1.0998658924 1.6643340978
1784244778.9528203011 -0.0072316237 -0.7722032136 0.9124245988 0.1809245118 6.0874161702 20.8166148268 -1.0585461010 1.6339823511
1784244778.9609296322 0.0035427652 -0.7732349175 0.9124245988 0.1739363771 6.4138166073 20.9043001116 -1.0425142803 1.5786392821
1784244778.9689645767 0.0124544631 -0.7740494206 0.9124245988 0.1682265597 5.3221949000 21.0651260296 -1.0300900542 1.6819745263
1784244778.9787173271 0.0216218244 -0.7747281731 0.9123789867 0.1626871847 5.7799462219 20.9483670148 -0.9753304943 1.4909002738
1784244778.9867737293 0.0324692600 -0.7754612259 0.9123333745 0.1565512615 5.9349875121 20.9638005478 -0.9555945839 1.3464035173
1784244778.9947383404 0.0415270513 -0.7760313781 0.9123789867 0.1514379922 5.9637313718 21.0092774933 -0.9250794160 1.3965704453
1784244779.0027256012 0.0503291792 -0.7764657797 0.9123789867 0.1460690595 5.7932062612 20.9225690029 -0.9004960765 1.4582313931
1784244779.0090157986 0.0592408771 -0.7767101306 0.9124245988 0.1407853479 5.6467353633 20.8140282338 -0.9069840690 1.5121662587
1784244779.0170078278 0.0683717151 -0.7769273314 0.9125158230 0.1355016363 5.9051344066 20.9229377721 -0.9027830313 1.5842146630
1784244779.0249342918 0.0771373196 -0.7771716824 0.9125614351 0.1301327035 6.0080995847 20.8562033963 -0.8816228429 1.6538309342
1784244779.0329701900 0.0841863266 -0.7771445323 0.9126070472 0.1260420881 5.5307504892 20.8127245206 -0.8356187368 1.7617085373
1784244779.0408809185 0.0948876687 -0.7771716824 0.9126526593 0.1198209438 5.3338162558 20.8959772753 -0.8084719236 1.7523723567
1784244779.0489783287 0.1023019092 -0.7771716824 0.9126526593 0.1159859918 4.9726263707 20.9782571100 -0.7757452025 1.7280449370
1784244779.0569651127 0.1132954382 -0.7770630819 0.9126526593 0.1103613956 5.1956869946 21.0033996959 -0.7417172568 1.6327310383
1784244779.0649774075 0.1203809685 -0.7769816316 0.9126982714 0.1067821071 4.7845606990 21.1459318403 -0.6964331508 1.6565772912
1784244779.0729651451 0.1295848532 -0.7768458811 0.9126526593 0.1020949435 4.9086011440 21.2244979773 -0.6631411293 1.6684787594
1784244779.0827245712 0.1384235044 -0.7766829805 0.9126526593 0.0975782223 4.9335197150 21.3311987976 -0.6274289319 1.6634057450
1784244779.0908308029 0.1494535568 -0.7764657797 0.9126526593 0.0921240684 5.6113236803 21.4755250130 -0.6006940632 1.6727044060
1784244779.0987277031 0.1580365445 -0.7762485789 0.9126526593 0.0876073472 5.6017420592 21.5361009304 -0.5811686783 1.7354420581
1784244779.1066813469 0.1668021490 -0.7759499277 0.9126982714 0.0831758472 5.4646201176 21.6274914635 -0.5663017506 1.7688166476
1784244779.1129980087 0.1758599403 -0.7757055768 0.9126526593 0.0789147894 5.3165848997 21.8928939462 -0.5468573085 1.7453690788
1784244779.1209619045 0.1846985915 -0.7755155261 0.9126982714 0.0748241740 5.4263052602 22.1412424385 -0.5238227269 1.6843472320
1784244779.1307182312 0.1916015051 -0.7753526255 0.9126982714 0.0717562124 5.0328528189 22.3175880987 -0.4865023764 1.6720274033
1784244779.1388154030 0.2025585107 -0.7750539744 0.9126526593 0.0669838277 5.1542222144 22.4418676978 -0.4545666700 1.6165455751
1784244779.1486473083 0.2112875919 -0.7748096234 0.9126070472 0.0632340969 5.0446960081 22.6211805458 -0.4336475157 1.6270480376
1784244779.1550235748 0.2222445975 -0.7745109723 0.9126526593 0.0586321546 4.9022812772 22.6707719173 -0.4213856881 1.6233827296
1784244779.1630048752 0.2313389122 -0.7741851711 0.9126526593 0.0547972026 5.0493434034 22.8617064565 -0.4075914343 1.6493830756
1784244779.1710228920 0.2402140867 -0.7738865200 0.9126982714 0.0508770295 5.0352031532 22.9865264464 -0.4041939720 1.7165771358
1784244779.1806411743 0.2490162146 -0.7735607187 0.9127894956 0.0472977410 4.6488546386 23.0254118586 -0.4132505334 1.7761630739
1784244779.1886980534 0.2580374825 -0.7732349175 0.9128807198 0.0434627890 4.7265380738 23.1206970576 -0.4178502600 1.8292130872
1784244779.1950216293 0.2671317972 -0.7728548161 0.9129719440 0.0398835005 4.8041278085 23.2488876689 -0.4104799034 1.8823444684
1784244779.2046864033 0.2757513083 -0.7724204144 0.9130631683 0.0360485485 5.0113138333 23.3295448870 -0.3708273077 1.9511647050
1784244779.2126979828 0.2846995296 -0.7720131629 0.9130175562 0.0325544812 4.8031704546 23.3901246099 -0.3429332093 1.9979927166
1784244779.2208330631 0.2934651341 -0.7715244611 0.9130175562 0.0288047504 4.8384901628 23.4479381291 -0.2941612016 2.0754896982
1784244779.2288384438 0.3023403086 -0.7710086091 0.9129719440 0.0253106830 5.1363659283 23.4459908280 -0.2944782205 2.1402037171
1784244779.2368059158 0.3107041563 -0.7704113069 0.9130631683 0.0217313945 4.9832899927 23.5310262775 -0.3076762911 2.1892865364
1784244779.2450180054 0.3194697608 -0.7698683048 0.9131543925 0.0184077695 4.4785053186 23.6564851663 -0.3045947437 2.2204724030
1784244779.2530047894 0.3302441496 -0.7691624021 0.9132456167 0.0144023752 4.4183068059 23.7240986916 -0.2915319455 2.1830433256
1784244779.2610034943 0.3387906140 -0.7685379498 0.9133824530 0.0114196348 4.3145627105 23.7238174867 -0.2944619111 2.1789610473
1784244779.2689647675 0.3473370784 -0.7678591972 0.9134280651 0.0083516732 4.5669166981 23.7643838226 -0.3071521532 2.1767695563
1784244779.2769639492 0.3542034686 -0.7672890451 0.9135649014 0.0057950385 4.1266930212 23.7299854982 -0.3183850836 2.2595901996
1784244779.2849876881 0.3627864563 -0.7665016921 0.9137017378 0.0027270770 3.9935645808 23.6760135520 -0.3121626639 2.3251549347
1784244779.2947423458 0.3711868273 -0.7656871890 0.9137929620 -0.0002556635 4.4549745229 23.7593129603 -0.2713486926 2.3323434650
1784244779.3028261662 0.3815594593 -0.7647097853 0.9137929620 -0.0038349520 4.3181943671 23.7771126151 -0.2364297259 2.3669359828
1784244779.3109681606 0.3901424471 -0.7638138320 0.9138385741 -0.0069029135 4.0145092345 23.8098911146 -0.2154756960 2.4283008563
1784244779.3190696239 0.3987984815 -0.7628907285 0.9138385741 -0.0098004328 3.7862225866 23.6653372588 -0.2087474913 2.4587263784
1784244779.3286962509 0.4088424033 -0.7616146737 0.9139754104 -0.0130388367 4.0424010160 23.7069763568 -0.1956721139 2.4761286264
1784244779.3367059231 0.4173523444 -0.7606372700 0.9139754104 -0.0159363560 3.4549298210 23.6343095708 -0.1930246984 2.5453596599
1784244779.3448209763 0.4255700986 -0.7595241158 0.9140210225 -0.0186634329 3.5504858659 23.6471489753 -0.1905101052 2.5877542970
1784244779.3529284000 0.4338243762 -0.7583566614 0.9141578588 -0.0211348464 3.4247031536 23.5713348188 -0.1999920529 2.5785829360
1784244779.3610446453 0.4421151771 -0.7572706573 0.9142490831 -0.0236914811 3.1845900861 23.6322281151 -0.2119213398 2.5786758150
1784244779.3708815575 0.4516112486 -0.7558045517 0.9145227557 -0.0264185580 3.8675939439 23.5593621156 -0.2533654552 2.5183591825
1784244779.3788344860 0.4596098627 -0.7544470466 0.9146139799 -0.0287195292 4.2437401833 23.5691062590 -0.2564336384 2.4663570693
1784244779.3867855072 0.4676450002 -0.7531981419 0.9147052041 -0.0309352792 4.0630925839 23.6421189394 -0.2422339320 2.4609250548
1784244779.3948163986 0.4754975209 -0.7519220871 0.9147508162 -0.0329805869 4.2360231023 23.6116371553 -0.2330950656 2.4321407091
1784244779.4028077126 0.4832404715 -0.7505374319 0.9148876526 -0.0349406735 4.3017362811 23.5218711773 -0.2261941790 2.4799708705
1784244779.4107384682 0.4909834222 -0.7490984764 0.9149332647 -0.0370712024 4.6836140916 23.4186824241 -0.1973929274 2.5337766302
1784244779.4169764519 0.4985072327 -0.7475780707 0.9149332647 -0.0392017312 4.5001228029 23.4357149754 -0.2038452671 2.5708254090
1784244779.4248774052 0.5045701092 -0.7464377664 0.9150244889 -0.0407357120 3.8469621516 23.3591696426 -0.2362744188 2.5943885316
1784244779.4329712391 0.5125321999 -0.7448902106 0.9151613252 -0.0426105774 3.7800453986 23.3104384653 -0.2879025654 2.5982988771
1784244779.4427404404 0.5201290571 -0.7433426547 0.9153893857 -0.0444002217 3.9395152975 23.2363879691 -0.3125819656 2.5992208546
1784244779.4507365227 0.5293694652 -0.7413335471 0.9155718342 -0.0465307506 4.1787189185 23.2443607515 -0.2865179494 2.5941382807
1784244779.4587051868 0.5368567524 -0.7397045410 0.9155718342 -0.0481499525 4.1834238635 23.2548153675 -0.2488186708 2.5778668509
1784244779.4667425156 0.5443440396 -0.7380212346 0.9155718342 -0.0496839333 3.7969513030 23.1312029551 -0.2024274638 2.5333531102
1784244779.4748270512 0.5521965603 -0.7362021778 0.9154349979 -0.0510474718 3.6615802654 23.1494690359 -0.1625010855 2.5343536406
1784244779.4828243256 0.5598299409 -0.7344917213 0.9153893857 -0.0524962314 3.4349248018 23.1164530344 -0.1676697302 2.5353415854
1784244779.4909641743 0.5674998448 -0.7326998146 0.9153893857 -0.0537745487 3.7938639613 22.9542104313 -0.2322896976 2.5488360251
1784244779.5007820129 0.5762654493 -0.7303377556 0.9155262221 -0.0553937507 4.1056723735 22.9364934222 -0.2823649947 2.5573672726
1784244779.5090332031 0.5836431664 -0.7284643986 0.9156630584 -0.0566720680 3.5438445604 22.8764181213 -0.3134630830 2.5910639346
1784244779.5187852383 0.5927740045 -0.7261023397 0.9157086705 -0.0582060488 3.8979506631 22.7741566610 -0.2970445605 2.5296595477
1784244779.5268814564 0.5999325815 -0.7240660820 0.9156630584 -0.0590582603 3.7948947934 22.7294812087 -0.2404436871 2.4927292028
1784244779.5350203514 0.6071642052 -0.7220841245 0.9155262221 -0.0599104719 3.4362674203 22.6914416922 -0.2407958924 2.5290303352
1784244779.5446035862 0.6157837163 -0.7196134652 0.9155718342 -0.0611035681 3.9133333715 22.5878245886 -0.2585811855 2.4703941831
1784244779.5509727001 0.6226866298 -0.7174957572 0.9155718342 -0.0617001161 3.5144718555 22.4557958566 -0.2724845533 2.4762705146
1784244779.5607261658 0.6283842728 -0.7157853007 0.9155262221 -0.0623818854 3.3683564683 22.4607169259 -0.2944763460 2.5526613692
1784244779.5686633587 0.6367846437 -0.7132874913 0.9155262221 -0.0634897604 3.2340449863 22.2535185048 -0.2817407697 2.5846075635
1784244779.5750064850 0.6437240806 -0.7109525825 0.9153437736 -0.0641715296 2.9544870531 22.0003259289 -0.2703711966 2.6004204085
1784244779.5847041607 0.6489469200 -0.7091878258 0.9152069373 -0.0647680777 3.3102702944 22.0956486342 -0.2908349528 2.7227838812
1784244779.5927917957 0.6570916275 -0.7065542659 0.9151613252 -0.0657055104 3.1593035857 22.0100109531 -0.3096389181 2.7114353790
1784244779.6007790565 0.6639580177 -0.7042193571 0.9150701010 -0.0661316162 3.2908969440 21.9168818592 -0.3396012042 2.6295668698
1784244779.6089720726 0.6705322211 -0.7019115984 0.9150244889 -0.0664725008 3.2807690401 21.9940845898 -0.3126105062 2.6221285905
1784244779.6169714928 0.6772890412 -0.6996309898 0.9147508162 -0.0668986066 2.8966551629 21.7278015713 -0.2187634919 2.5763115432
1784244779.6267099380 0.6838997679 -0.6971874806 0.9142946952 -0.0669838277 2.9294582959 21.4663121284 -0.1681049323 2.5339939456
1784244779.6347775459 0.6916427186 -0.6942552695 0.9139297983 -0.0672394912 3.2211118407 21.7140707352 -0.1887409529 2.5293646681
1784244779.6429338455 0.6981073519 -0.6920018110 0.9137017378 -0.0674099335 2.9708599039 21.4882965928 -0.2653613976 2.5734873036
1784244779.6527280807 0.7046815553 -0.6894497014 0.9136105136 -0.0675803758 2.9350077931 21.2596873702 -0.3965890000 2.5924317572
1784244779.6590297222 0.7123149359 -0.6864088899 0.9136105136 -0.0676655970 3.1257361723 21.4025569322 -0.4433980320 2.6222736348
1784244779.6669764519 0.7182682423 -0.6840739811 0.9135192893 -0.0677508181 3.4163309201 21.2750201630 -0.4861519882 2.6517739823
1784244779.6749849319 0.7241850253 -0.6814675713 0.9134280651 -0.0678360393 3.3594685736 21.0238842379 -0.5029020725 2.6710685688
1784244779.6830177307 0.7301383317 -0.6788340113 0.9132912288 -0.0677508181 2.9817800440 20.9100785871 -0.5012722980 2.6680009505
1784244779.6927356720 0.7348863675 -0.6769063540 0.9129719440 -0.0677508181 2.5448750039 20.8401889862 -0.4870434932 2.6680511826
1784244779.7006976604 0.7416797109 -0.6737840923 0.9126526593 -0.0674951547 3.3359111961 20.7336279201 -0.4696740041 2.6883915147
1784244779.7070188522 0.7474504006 -0.6711233822 0.9123789867 -0.0674951547 3.4348841745 20.6813482655 -0.5132282797 2.7933422270
1784244779.7149684429 0.7529654267 -0.6685441225 0.9121509261 -0.0676655970 3.6834685102 20.5902070004 -0.5481447532 2.8665052157
1784244779.7229335308 0.7570925655 -0.6664535646 0.9120140898 -0.0674951547 3.4988418658 20.3814006020 -0.5987876432 2.8825914535
1784244779.7309377193 0.7624614983 -0.6637928546 0.9119228656 -0.0673247124 3.1653259858 20.2318028670 -0.6082347192 2.9458335486
1784244779.7389712334 0.7679034777 -0.6611321445 0.9115579687 -0.0673247124 3.1697783949 20.2089452163 -0.6368732374 2.9626474776
1784244779.7488169670 0.7731263171 -0.6584985846 0.9113299082 -0.0670690489 3.2231053706 20.1638019743 -0.6205848058 2.9645906445
1784244779.7569727898 0.7795544271 -0.6551862721 0.9108737871 -0.0667281643 2.7149798943 19.8808027042 -0.6252995602 2.9675926253
1784244779.7649459839 0.7847772664 -0.6524712618 0.9105088902 -0.0667281643 3.3364078053 19.8961646709 -0.6503921132 3.1118904460
1784244779.7729320526 0.7897809656 -0.6496748013 0.9101896055 -0.0666429431 2.7455282876 19.5218694171 -0.6547021712 3.1272911294
1784244779.7809822559 0.7947481415 -0.6469054908 0.9097334844 -0.0665577220 3.2200909897 19.6727692454 -0.6789242044 3.2479117759
1784244779.7890133858 0.7994961773 -0.6442990810 0.9093685876 -0.0663872797 3.0466918013 19.4612328309 -0.7233587114 3.2548283265
1784244779.7970190048 0.8052303436 -0.6409053182 0.9090493028 -0.0660463950 3.0781658518 19.3314285546 -0.7553863162 3.2549240081
1784244779.8068237305 0.8099783794 -0.6381631579 0.9086387938 -0.0656202893 3.2252911683 19.5104945935 -0.8282397690 3.2472782591
1784244779.8147890568 0.8147629385 -0.6354209975 0.9083195091 -0.0652794046 3.2357624760 19.4766423647 -0.8805944767 3.2354621275
1784244779.8226895332 0.8192918341 -0.6327059873 0.9080458364 -0.0647680777 3.1732577738 19.3750086932 -0.9250655573 3.2434303737
1784244779.8290097713 0.8237111597 -0.6299909770 0.9076809396 -0.0643419719 3.1073962402 19.2073911830 -0.9249099576 3.2717025924
1784244779.8386907578 0.8280209153 -0.6272216666 0.9071335943 -0.0640010873 3.1305720793 19.1170221026 -0.8868027789 3.3263095696
1784244779.8466763496 0.8323306708 -0.6243980559 0.9065862490 -0.0635749815 2.8915101773 18.8119904283 -0.8742310604 3.3427753560
1784244779.8547377586 0.8364943330 -0.6216558956 0.9059020674 -0.0630636546 3.3795753032 18.9100446918 -0.8375328543 3.3798254018
1784244779.8626961708 0.8405484251 -0.6188322849 0.9051722737 -0.0625523277 3.2826253997 18.7353642001 -0.8236578907 3.4055750113
1784244779.8707015514 0.8447486105 -0.6160358244 0.9044880921 -0.0620410008 3.1782900100 18.6958781746 -0.8547246635 3.4311968223
1784244779.8788323402 0.8488027026 -0.6133208141 0.9038495225 -0.0615296738 2.7698084174 18.4113071029 -0.8584943421 3.4328371288
1784244779.8886430264 0.8528933181 -0.6104429033 0.9031197288 -0.0610183469 2.8764471827 18.3203877974 -0.9103168358 3.4546018255
1784244779.8949863911 0.8576048305 -0.6070219904 0.9022987109 -0.0601661353 3.1098892736 18.3679491005 -0.9381745652 3.4668659761
1784244779.9047410488 0.8604901753 -0.6049314325 0.9017969777 -0.0597400296 3.0349733107 18.2485431631 -0.9452966048 3.4739807379
1784244779.9106872082 0.8650190710 -0.6015105196 0.9007935113 -0.0588025969 2.8959772749 18.0702652264 -0.9289941697 3.4632196545
1784244779.9186885357 0.8676487523 -0.5994471118 0.9001549418 -0.0582060488 3.1023007696 18.0738800592 -0.9116078327 3.4583058330
1784244779.9267351627 0.8710454241 -0.5967321015 0.8990602513 -0.0574390584 3.1641541671 17.9696055691 -0.8432823441 3.4676599533
1784244779.9348819256 0.8744420958 -0.5939356410 0.8980111728 -0.0565868468 3.0650556773 17.8538573981 -0.8002616926 3.4479583959
1784244779.9428818226 0.8778387675 -0.5912206307 0.8968252580 -0.0556494141 3.1336338333 17.7590588791 -0.7555534089 3.3657397127
1784244779.9508883953 0.8810162992 -0.5885056205 0.8955481190 -0.0544563180 3.0388288621 17.6955032139 -0.7434686783 3.3309260292
1784244779.9606461525 0.8841938308 -0.5858720606 0.8943165921 -0.0533484430 2.9257379357 17.5502431357 -0.7323343120 3.3441456344
1784244779.9687879086 0.8879922594 -0.5825868982 0.8927201683 -0.0521553468 3.1557519071 17.5415030769 -0.7738663394 3.3817219242
1784244779.9768834114 0.8908410809 -0.5798718879 0.8915342535 -0.0511326929 3.1478834589 17.3823978570 -0.8057069477 3.4173305446
1784244779.9849817753 0.8936899024 -0.5771568777 0.8901658903 -0.0501100391 3.0214363831 17.3099688329 -0.8084753443 3.4497118739
1784244779.9947874546 0.8965022005 -0.5745504678 0.8887063029 -0.0490873852 2.9604923581 17.1914086418 -0.7847929803 3.4258795637
1784244780.0027024746 0.8997162554 -0.5714010560 0.8868818185 -0.0476386256 3.1976779630 17.1903489423 -0.7737041233 3.3846103587
1784244780.0107998848 0.9021633200 -0.5688217962 0.8852853948 -0.0463603083 2.9614224994 16.9230653992 -0.7456248912 3.3610710106
1784244780.0189411640 0.9045738613 -0.5662425365 0.8835065226 -0.0450819909 2.9031207049 16.7845580752 -0.6958833575 3.3466473482
1784244780.0287001133 0.9069844025 -0.5636361267 0.8816820383 -0.0438888948 2.8115386682 16.6187644695 -0.6501565221 3.3714631484
1784244780.0350327492 0.9096871306 -0.5605681651 0.8794470450 -0.0423549140 2.9111929221 16.6024808832 -0.6267485931 3.4016814147
1784244780.0447945595 0.9117689616 -0.5581246559 0.8776225607 -0.0410765967 2.9600110585 16.5495598914 -0.6360497677 3.4104040414
1784244780.0529446602 0.9138142694 -0.5556811466 0.8757980764 -0.0397130582 3.1300715831 16.7145720296 -0.7277329625 3.3970640314
1784244780.0628833771 0.9156769603 -0.5532647875 0.8740192042 -0.0381790774 3.1292131515 16.5149302785 -0.7618498643 3.3429880196
1784244780.0726721287 0.9179414081 -0.5502239761 0.8716473746 -0.0363042120 3.0515474958 16.4743856097 -0.8147543644 3.3116317371
1784244780.0808320045 0.9200962859 -0.5474003654 0.8694579935 -0.0345145677 2.9701118043 16.3561444465 -0.8446360587 3.3235964153
1784244780.0890121460 0.9218128835 -0.5449297061 0.8674966729 -0.0328953658 2.7581498075 16.0869926926 -0.8453497410 3.2955216055
1784244780.0969765186 0.9236755744 -0.5421060954 0.8651248433 -0.0307648369 2.9054014325 16.1940719457 -0.8924383582 3.2528730258
1784244780.1067025661 0.9248808450 -0.5402870386 0.8633459711 -0.0294012984 2.6471735675 15.8618102486 -0.8385791176 3.2034281446
1784244780.1148891449 0.9265243959 -0.5374905780 0.8604724083 -0.0272707696 2.8792357388 15.7925914009 -0.7795037034 3.1191224997
1784244780.1228976250 0.9278027132 -0.5351828193 0.8582374150 -0.0253959042 2.9005739495 15.6685544570 -0.7833237806 3.1005834821
1784244780.1310322285 0.9289349371 -0.5329022107 0.8559568097 -0.0236062599 2.8793338437 15.6442732638 -0.8082019656 3.1508042925
1784244780.1406621933 0.9302497778 -0.5302415007 0.8531288590 -0.0216461733 2.9078575993 15.5365174134 -0.8264019866 3.2007657364
1784244780.1471073627 0.9311993850 -0.5279337420 0.8506201931 -0.0199417502 2.8515754548 15.2429105701 -0.7975813786 3.2054985674
1784244780.1568343639 0.9319663753 -0.5257617338 0.8481571393 -0.0182373271 2.9186967395 15.2432435834 -0.7987735339 3.2341823491
1784244780.1649506092 0.9327333657 -0.5236440258 0.8454204128 -0.0164476829 2.8458990033 15.1063433638 -0.7333181549 3.1965300040
1784244780.1746644974 0.9334273094 -0.5214177174 0.8425924622 -0.0144023752 2.7424675206 15.1779617346 -0.6662479391 3.1112823502
1784244780.1810276508 0.9341942998 -0.5189742081 0.8391259420 -0.0119309617 2.6476623023 15.2081800198 -0.6389589563 3.0591532506
1784244780.1906919479 0.9347786735 -0.5170194008 0.8361155429 -0.0098004328 2.6416269919 15.1186158237 -0.6393098731 3.0125341799
1784244780.1989030838 0.9352534770 -0.5149288429 0.8331507559 -0.0075846828 2.5217627032 14.8551658987 -0.6051315100 2.9797632074
1784244780.2087059021 0.9356552339 -0.5130011856 0.8302771931 -0.0056245962 2.4358445588 14.7781078689 -0.6335923014 2.9820157647
1784244780.2167856693 0.9359839441 -0.5106934269 0.8266738366 -0.0029827404 2.5363535093 14.8386544805 -0.7867787128 3.0192926302
1784244780.2249422073 0.9361665608 -0.5087929197 0.8238458860 -0.0009374327 2.4450059159 14.6171930913 -0.7625631773 2.9990021833
1784244780.2347946167 0.9363126542 -0.5069467128 0.8208354869 0.0010226539 2.3150155197 14.5109551890 -0.7986650778 3.0452539825
1784244780.2430174351 0.9363491776 -0.5048018547 0.8172321304 0.0034088462 2.2115920943 14.6004834476 -0.9247706200 3.0989297586
1784244780.2510368824 0.9363857009 -0.5026298465 0.8134919376 0.0060507020 2.0267361643 14.5272187427 -0.9667305672 3.0744380483
1784244780.2590224743 0.9363857009 -0.5008922399 0.8103903142 0.0082664520 1.7839431645 14.4216446440 -1.0374210728 3.0502193769
1784244780.2670812607 0.9363857009 -0.4992360837 0.8075167515 0.0103969809 1.5106527726 14.3136498242 -1.1326733540 2.9892120791
1784244780.2767050266 0.9363857009 -0.4979328788 0.8051449219 0.0122718463 1.4292740198 14.1025939053 -1.1257277831 2.9372644883
1784244780.2847535610 0.9363491776 -0.4960323716 0.8017696259 0.0149137021 1.0479446346 14.1174036670 -1.3916507262 2.9270411040
1784244780.2926921844 0.9363126542 -0.4944576656 0.7991241237 0.0171294521 0.7703602027 14.0437417212 -1.5766310883 2.9866939370
1784244780.3007047176 0.9362761309 -0.4928829597 0.7964786215 0.0191747598 0.5746768946 13.7913775166 -1.6457244973 3.0213943541
1784244780.3087460995 0.9362396075 -0.4911996534 0.7936506708 0.0213052887 0.2392911874 13.6076310840 -1.7033009427 3.0694185351
1784244780.3168358803 0.9362030842 -0.4896249474 0.7906402717 0.0234358176 -0.0373883224 13.4866867549 -1.7151364448 3.0511548678
1784244780.3248658180 0.9361665608 -0.4880502415 0.7876298726 0.0256515676 -0.3080401874 13.4112847171 -1.7619623108 3.0185898837
1784244780.3329825401 0.9361300375 -0.4865569858 0.7847563098 0.0279525388 -0.5059827002 13.1357564276 -1.7983512370 2.9835192227
1784244780.3409864902 0.9360569908 -0.4849279797 0.7817459107 0.0301682888 -0.7550912476 12.9197429722 -1.8310355908 2.9379338115
1784244780.3489997387 0.9359839441 -0.4833804238 0.7788723480 0.0323840389 -1.0227634491 12.7896770486 -1.8882464331 2.9243048678
1784244780.3586516380 0.9359108974 -0.4815885171 0.7752233793 0.0350258947 -1.2827381831 12.7780299927 -2.0100432894 2.9895991486
1784244780.3666901588 0.9358378507 -0.4800681114 0.7723954287 0.0372416447 -1.4688839421 12.5607245603 -2.0475418853 2.9663131116
1784244780.3747851849 0.9356552339 -0.4785477056 0.7692025812 0.0397130582 -1.6829594910 12.4138832187 -2.0898988936 2.9229308781
1784244780.3828008175 0.9355456638 -0.4770816001 0.7661009578 0.0420140294 -1.9162719817 12.3701820329 -2.0777055398 2.8763673743
1784244780.3907608986 0.9353630471 -0.4756969449 0.7627712740 0.0444002217 -2.0880572325 12.2685445665 -2.0564443902 2.8310997961
1784244780.3987126350 0.9351439070 -0.4742851395 0.7593047538 0.0468716352 -2.2719399361 12.0648077994 -2.0274420954 2.7973572415
1784244780.4067058563 0.9348882435 -0.4728461841 0.7557926215 0.0493430487 -2.4716118709 11.9549162119 -2.0023016436 2.7875145698
1784244780.4148018360 0.9346325800 -0.4715158291 0.7521892651 0.0516440199 -2.6265017747 11.8495349269 -2.0036152950 2.7816195117
1784244780.4227092266 0.9343038699 -0.4701854741 0.7485859086 0.0540302122 -2.7465360417 11.6624003411 -1.9773661218 2.7496655495
1784244780.4308047295 0.9339751597 -0.4688551190 0.7449825521 0.0563311834 -2.9005705684 11.4907453405 -2.0494556406 2.8033823594
1784244780.4389443398 0.9335368795 -0.4674976139 0.7413335835 0.0587173757 -2.9214915615 11.3311851197 -2.0111514028 2.7781134650
1784244780.4486999512 0.9330255526 -0.4662215591 0.7375477785 0.0610183469 -3.0194504663 11.2437274889 -2.0004548141 2.8055972302
1784244780.4567639828 0.9324046556 -0.4647283035 0.7330321799 0.0636602027 -3.3097014544 11.1881802835 -2.0825686780 2.8688406286
1784244780.4648034573 0.9318568053 -0.4634793988 0.7292007629 0.0659611739 -3.5282421503 11.0416775924 -2.1302246037 2.8939096296
1784244780.4727444649 0.9312724317 -0.4622847943 0.7253693458 0.0681769239 -3.6471077942 10.9360603340 -2.1599585535 2.8801754759
1784244780.4790325165 0.9306150113 -0.4611444900 0.7215379288 0.0704778951 -3.7146279360 10.8560982734 -2.1641579389 2.8503448332
1784244780.4869940281 0.9299575910 -0.4600856360 0.7176608997 0.0727788663 -3.9119992102 10.8035470325 -2.2149677541 2.8570675956
1784244780.4949891567 0.9293366940 -0.4592439828 0.7144224400 0.0745685105 -3.9932416256 10.7525693359 -2.1621240529 2.8015523593
1784244780.5047438145 0.9285331802 -0.4583208793 0.7103173504 0.0768694817 -4.0357176212 10.6909098204 -2.1272127464 2.7568379177
1784244780.5127365589 0.9274374797 -0.4571262748 0.7052087943 0.0796817798 -4.1021625762 10.6200409354 -2.1419644338 2.7916833874
1784244780.5206987858 0.9264878725 -0.4562031713 0.7010124804 0.0818123087 -4.2102910093 10.5534869989 -2.1430668548 2.8005494271
1784244780.5270228386 0.9254286953 -0.4553886682 0.6966337181 0.0840280587 -4.2231915858 10.4768027112 -2.1650629206 2.8219496441
1784244780.5349478722 0.9242964714 -0.4545198650 0.6922549558 0.0863290299 -4.3199418744 10.4600635762 -2.1921070772 2.8108579929
1784244780.5429892540 0.9233468643 -0.4539225627 0.6887884356 0.0882038953 -4.4142572673 10.4494070701 -2.1445090133 2.7734111046
1784244780.5509412289 0.9221415936 -0.4532709602 0.6843184491 0.0904196453 -4.4651457530 10.3818569057 -2.1124392039 2.7491168519
1784244780.5589895248 0.9208632763 -0.4525922077 0.6798028504 0.0926353954 -4.4728971714 10.2673500145 -2.1334666510 2.6894746183
1784244780.5669815540 0.9191466788 -0.4517777046 0.6744206217 0.0956181358 -4.5117904468 10.2388471669 -2.2402293850 2.6790494648
1784244780.5767474174 0.9179779315 -0.4513161529 0.6709997137 0.0973225589 -4.5477688040 10.1155909555 -2.3660840202 2.7414796245
1784244780.5848023891 0.9160421938 -0.4506374003 0.6656630971 0.0997939724 -4.4636853675 10.0252351022 -2.4774836137 2.7909147582
1784244780.5928030014 0.9143255963 -0.4500672482 0.6613299469 0.1019245012 -4.5435554386 9.9965348334 -2.5912796070 2.8272981114
1784244780.6006996632 0.9125359520 -0.4496328465 0.6569511846 0.1039698090 -4.5651101338 9.8965332364 -2.6509495513 2.8481130785
1784244780.6088371277 0.9106367377 -0.4491169946 0.6523443617 0.1061003378 -4.4509293519 9.7881736763 -2.5941222110 2.8146205630
1784244780.6169865131 0.9087010001 -0.4486825929 0.6474182541 0.1083160879 -4.6967039615 9.8522961862 -2.5711327354 2.7741132129
1784244780.6267504692 0.9066922157 -0.4484110919 0.6424921465 0.1106170590 -4.3798049426 9.7473433982 -2.4426598586 2.7015569851
1784244780.6348090172 0.9040625343 -0.4481124408 0.6362432877 0.1135145783 -4.5346257445 9.8310700077 -2.3655922501 2.5884971056
1784244780.6428909302 0.9017615632 -0.4478680899 0.6310891196 0.1159007706 -4.5483607879 9.7534759839 -2.3531068753 2.5527422702
1784244780.6508405209 0.8993875453 -0.4477051892 0.6259805636 0.1182017418 -4.4300090014 9.6442893509 -2.3823953759 2.5612332950
1784244780.6588416100 0.8968309106 -0.4475151385 0.6209176196 0.1203322707 -4.4214862419 9.5256709235 -2.4556365769 2.5875326070
1784244780.6668372154 0.8942742760 -0.4473522379 0.6159915120 0.1224627996 -4.4284500681 9.5099408326 -2.5463178361 2.6115011745
1784244780.6747562885 0.8916080713 -0.4473250878 0.6110197923 0.1245933284 -4.3809818224 9.5499552776 -2.6324620948 2.6429385082
1784244780.6810264587 0.8888322965 -0.4473793880 0.6060936847 0.1266386362 -4.3370099622 9.5045703686 -2.6868276277 2.6396765192
1784244780.6890213490 0.8859104284 -0.4473522379 0.6012131892 0.1287691650 -4.3448923088 9.3825834734 -2.7772534841 2.5998353142
1784244780.6988430023 0.8834998871 -0.4473793880 0.5970624874 0.1306440304 -4.4462933740 9.5079457387 -2.7289577073 2.5760320785
1784244780.7068307400 0.8798475519 -0.4476508890 0.5904943439 0.1332006651 -4.2664680978 9.4731769404 -2.6578871009 2.5613308580
1784244780.7147519588 0.8765969736 -0.4477866396 0.5847928305 0.1353311940 -4.3774643856 9.3697436650 -2.5515369179 2.5820831762
1784244780.7227468491 0.8733829186 -0.4480038404 0.5790457049 0.1373765017 -4.4209299466 9.4565621322 -2.4753261436 2.6134152747
1784244780.7307450771 0.8700958169 -0.4483839418 0.5732073552 0.1393365882 -4.4130301497 9.3961528745 -2.4299490546 2.6152758234
1784244780.7370247841 0.8666260985 -0.4487368931 0.5674146175 0.1413818960 -4.2423786294 9.2746026119 -2.4560539339 2.6087592932
1784244780.7449951172 0.8629372399 -0.4489812441 0.5616218799 0.1434272037 -4.1542436883 9.2599543173 -2.5011450251 2.6177653781
1784244780.7530009747 0.8600518951 -0.4493341954 0.5571062812 0.1449611845 -4.1193718687 9.2979371472 -2.4967174832 2.6405867416
1784244780.7610249519 0.8555960461 -0.4499314976 0.5500820166 0.1471769345 -3.9142196906 9.2584074131 -2.4718093010 2.6265473555
1784244780.7707529068 0.8517245708 -0.4504744997 0.5440612185 0.1493074634 -3.9152210680 9.3163500522 -2.4914086190 2.5824310591
1784244780.7787587643 0.8479261422 -0.4511804024 0.5382228687 0.1512675499 -4.5251420436 9.4778117966 -2.6666124512 2.5719245702
1784244780.7867057323 0.8440181435 -0.4518863050 0.5323845189 0.1533980788 -4.4593452886 9.3440126758 -2.7244493407 2.4962666072
1784244780.7947044373 0.8398910047 -0.4525107574 0.5263181086 0.1556138288 -4.3762573767 9.3266607238 -2.7212722649 2.4687838395
1784244780.8027076721 0.8358003893 -0.4533252604 0.5202060862 0.1575739154 -4.5282487962 9.4632499477 -2.6699667746 2.4843416731
1784244780.8090298176 0.8316732505 -0.4542483639 0.5137291670 0.1594487808 -4.2422990952 9.5602974727 -2.5554292396 2.4742605474
1784244780.8187518120 0.8273269716 -0.4550357169 0.5070241872 0.1612384250 -4.1419963749 9.4446070752 -2.4130106303 2.5180007681
1784244780.8267145157 0.8230902628 -0.4560674208 0.5001823710 0.1629428481 -4.4700183028 9.4654759985 -2.3105779432 2.6404355522
1784244780.8347969055 0.8186344138 -0.4570176744 0.4934773912 0.1646472712 -4.0201299625 9.5094496598 -2.2071363377 2.6232638744
1784244780.8429510593 0.8139594247 -0.4580222282 0.4866811872 0.1665221366 -3.8251749919 9.4986126894 -2.1724632766 2.6046135055
1784244780.8526780605 0.8092844357 -0.4591353824 0.4800674316 0.1683970020 -3.6705685974 9.6949577767 -2.1693957696 2.5607670385
1784244780.8607902527 0.8035137460 -0.4606286380 0.4719940886 0.1705275309 -4.5328075765 9.5560689219 -2.4537798714 2.5498375575
1784244780.8687107563 0.7989848504 -0.4617960924 0.4655627814 0.1724023963 -4.7433358023 9.4925124133 -2.5244472661 2.5169988018
1784244780.8750262260 0.7943463847 -0.4631264474 0.4590402500 0.1741920406 -4.8725012511 9.5698598195 -2.6416434478 2.5160849002
1784244780.8829557896 0.7894887788 -0.4644839526 0.4523808823 0.1758964637 -4.7614905437 9.6394265043 -2.6869133034 2.5045889352
1784244780.8927137852 0.7856173035 -0.4655971068 0.4471354900 0.1772600022 -4.1743492520 9.8311525835 -2.5820449521 2.4644347608
1784244780.9008584023 0.7793718103 -0.4673890135 0.4386516380 0.1793905310 -4.0001105750 9.9160676737 -2.5041487399 2.4648274511
1784244780.9109404087 0.7742585410 -0.4688822691 0.4314905371 0.1808392907 -4.6319740872 9.6728104887 -2.4655838595 2.6046817465
1784244780.9206438065 0.7678669544 -0.4707556262 0.4225049519 0.1827141561 -4.4822039654 9.7327505088 -2.3718120332 2.6607114659
1784244780.9269561768 0.7614753678 -0.4725746831 0.4138842636 0.1844185792 -4.7883432375 9.6756809076 -2.4802685568 2.6615607927
1784244780.9349548817 0.7574212757 -0.4738507379 0.4085476470 0.1856116753 -4.8514437856 9.7918944340 -2.5630019430 2.5848241192
1784244780.9429926872 0.7521984363 -0.4755883444 0.4016146067 0.1872308773 -4.6101114777 9.8638484272 -2.6446478762 2.5348213298
1784244780.9509565830 0.7455146629 -0.4775974520 0.3935868758 0.1891909638 -4.8540704522 9.7915574660 -2.8177241252 2.5212079278
1784244780.9589922428 0.7412779541 -0.4789278070 0.3882502592 0.1903840600 -4.2074490699 9.9652134347 -2.7203116492 2.4928007276
1784244780.9669914246 0.7344480872 -0.4810998152 0.3797664072 0.1920884831 -4.8628209900 9.7796291776 -2.8903148855 2.5813442442
1784244780.9750311375 0.7289330611 -0.4828374218 0.3727421426 0.1934520216 -5.0781484034 9.7473662792 -2.8832667521 2.6027204935
1784244780.9829916954 0.7233449882 -0.4847650791 0.3653073691 0.1949007812 -5.1631167503 9.8531751683 -2.8186943889 2.6422492139
1784244780.9909877777 0.7175012519 -0.4866655862 0.3577357593 0.1961790985 -4.8762843919 9.8358036123 -2.7175859244 2.6329930684
1784244780.9990274906 0.7113288054 -0.4884846431 0.3500273131 0.1975426370 -4.5558318524 9.8878734766 -2.5905994742 2.6323314541
1784244781.0069978237 0.7052294056 -0.4905752010 0.3420451943 0.1988209543 -4.5799268408 9.9325446371 -2.5087085342 2.6615568294
1784244781.0148997307 0.6990934824 -0.4926114587 0.3342455239 0.2000140505 -4.6633946660 9.9655098416 -2.4617924518 2.6639177811
1784244781.0229980946 0.6943089233 -0.4942133147 0.3279966652 0.2010367044 -4.6238070693 10.0853091867 -2.3612494354 2.6307707281
1784244781.0309553146 0.6867851127 -0.4968197246 0.3184181226 0.2026559063 -4.9371248291 10.2407872155 -2.3446482903 2.6111827097
1784244781.0389544964 0.6820005536 -0.4986387814 0.3119868154 0.2036785602 -4.7317904572 10.4238750736 -2.3004354082 2.5833187572
1784244781.0469541550 0.6756454904 -0.5008650898 0.3042327571 0.2049568775 -4.4821511378 10.4357357355 -2.3514006954 2.5579188519
1784244781.0549905300 0.6692904271 -0.5031185483 0.2967067594 0.2062351948 -4.4413676980 10.5928261139 -2.4473361744 2.5996258029
1784244781.0630176067 0.6616205232 -0.5060236093 0.2876299500 0.2074282910 -4.8502613712 10.4304648635 -2.6709364783 2.6965409229
1784244781.0709950924 0.6551193665 -0.5082770678 0.2801951765 0.2082805025 -5.1272473754 10.4249222697 -2.8050980117 2.7693926904
1784244781.0790040493 0.6488738733 -0.5106934269 0.2724867303 0.2091327141 -5.4232511708 10.4112287094 -2.8913039624 2.8566501613
1784244781.0869922638 0.6424092400 -0.5131097860 0.2648695083 0.2098997045 -5.2660289711 10.4224985486 -2.9052967820 2.8769450925
1784244781.0949940681 0.6356889432 -0.5154718449 0.2568873895 0.2109223583 -5.0534951280 10.5901213051 -2.8018315931 2.8404702534
1784244781.1046588421 0.6288590763 -0.5180511047 0.2485403739 0.2118597910 -4.8484779691 10.7328817636 -2.6558687289 2.8211544388
1784244781.1109952927 0.6221022562 -0.5207118147 0.2399652976 0.2128824449 -5.0134808038 10.8668875508 -2.4686684926 2.7447205949
1784244781.1189568043 0.6151262959 -0.5233182245 0.2312077730 0.2139050988 -5.1530759410 10.9662417741 -2.3012511426 2.7074577072
1784244781.1269590855 0.6097938865 -0.5254630826 0.2243203448 0.2146720891 -5.1247847573 11.3037662055 -2.0874836238 2.6766719146
1784244781.1350286007 0.6030735898 -0.5283409935 0.2154715959 0.2156095219 -4.3244939965 11.6995001558 -1.8836585145 2.6624445658
1784244781.1429572105 0.5944540787 -0.5316261559 0.2051176475 0.2165469546 -4.7016877618 11.3170610546 -2.0789566955 2.7635178042
1784244781.1509943008 0.5887929591 -0.5338524643 0.1986407282 0.2169730603 -4.4044065160 11.5318975558 -2.1938930999 2.8967003565
1784244781.1589469910 0.5799543079 -0.5374091277 0.1886516767 0.2173991661 -4.7898334742 11.4611149019 -2.4257664450 3.0270812057
1784244781.1669986248 0.5744392817 -0.5396082860 0.1824940422 0.2176548296 -5.0164093781 11.5854624968 -2.5384477938 3.0787901945
1784244781.1749997139 0.5659658640 -0.5431106492 0.1729611117 0.2181661565 -5.1929127596 11.7072284974 -2.7271759925 3.1186310980
1784244781.1829619408 0.5587707637 -0.5463143613 0.1648421566 0.2185922623 -5.0843107790 11.6944536094 -2.8536235277 3.0764324089
1784244781.1909983158 0.5527444106 -0.5485678198 0.1584108494 0.2191888104 -4.6385268093 12.0329616259 -2.6988516764 2.9264891429
1784244781.1989674568 0.5438327127 -0.5522873838 0.1481481252 0.2202966854 -4.9011350369 12.1602426454 -2.6371796306 2.8203209699
1784244781.2069940567 0.5380985464 -0.5550023941 0.1411238607 0.2208932335 -4.9692540930 12.3173115372 -2.4262960150 2.7255447574
1784244781.2150030136 0.5306843059 -0.5580432056 0.1322751118 0.2217454450 -5.0704815407 12.1972202501 -2.2397487450 2.6986950967
1784244781.2229931355 0.5218821780 -0.5617356195 0.1216018786 0.2224272142 -5.4074266857 12.1566461421 -2.2503056898 2.8024841169
1784244781.2309968472 0.5145775076 -0.5650207819 0.1127987419 0.2225976566 -5.4581208299 12.0909975448 -2.3394208985 2.9219258597
1784244781.2389996052 0.5068345570 -0.5679801431 0.1040868294 0.2229385412 -5.4269949214 12.0946798220 -2.3990808783 2.9905901672
1784244781.2470006943 0.5008082039 -0.5705865529 0.0971537890 0.2231089835 -5.2798356365 12.3762635335 -2.3758053903 3.0745629481
1784244781.2550108433 0.4917869359 -0.5745233177 0.0866173922 0.2231942046 -5.4346151610 12.4273962389 -2.3928591493 3.1024322305
1784244781.2630004883 0.4840439853 -0.5776727296 0.0777686433 0.2236203104 -5.5213376430 12.5020769272 -2.4135712870 3.0531258929
1784244781.2710020542 0.4779445855 -0.5803062896 0.0708812151 0.2238759739 -5.3166704960 12.9688467430 -2.3260183854 3.0077101883
1784244781.2789614201 0.4687407008 -0.5846231559 0.0600711456 0.2243873008 -5.5303827283 12.9778563851 -2.4124577344 2.9280467019
1784244781.2886488438 0.4624952075 -0.5872295657 0.0532293295 0.2248134066 -5.4243476472 13.0995515160 -2.3881765489 2.8754660699
1784244781.2966473103 0.4531452294 -0.5914921318 0.0426017084 0.2251542912 -5.2867415663 13.2138380444 -2.4611052648 2.9662929419
1784244781.3047492504 0.4450005219 -0.5948858946 0.0339810201 0.2252395124 -5.2245196004 12.8908855699 -2.5490216178 3.0062072012
1784244781.3127181530 0.4370019078 -0.5981439069 0.0252234955 0.2254099547 -5.4310049532 13.0698099836 -2.5052843089 3.1208617075
1784244781.3190093040 0.4289667703 -0.6017548705 0.0159642376 0.2251542912 -5.3161271207 13.3007389260 -2.4330947524 3.1995789003
1784244781.3286828995 0.4210412029 -0.6052843838 0.0068418161 0.2251542912 -5.4349582058 13.3147398734 -2.3602487612 3.1280099169
1784244781.3370029926 0.4105955242 -0.6095741000 -0.0047436592 0.2256656181 -5.0645128694 13.5770809218 -2.3085732060 3.0308253618
1784244781.3449389935 0.4019029664 -0.6134294145 -0.0142309775 0.2257508393 -4.7575635990 13.9669880291 -2.2171041300 3.0066012589
1784244781.3529610634 0.3952922397 -0.6163344755 -0.0215745269 0.2259212816 -4.6934029822 14.2116745173 -2.0087300118 2.9036414718
1784244781.3627600670 0.3870014388 -0.6200811896 -0.0311530694 0.2263473874 -3.8513679736 14.6520480252 -1.8108506804 2.8900172826
1784244781.3707518578 0.3770305637 -0.6247238572 -0.0424192600 0.2261769451 -5.3267423714 14.4958057166 -2.0875844329 3.0606762609
1784244781.3787012100 0.3689223795 -0.6284705713 -0.0511767846 0.2260065027 -5.5663349153 14.4002460023 -2.3545286296 3.0463280770
1784244781.3849976063 0.3607046253 -0.6322715856 -0.0598430851 0.2260917239 -5.4358867474 14.5957045788 -2.5375504116 3.0456569921
1784244781.3947579861 0.3539478051 -0.6353123971 -0.0664112285 0.2260917239 -4.3521756905 15.2131553573 -2.4254086646 3.0437794689
1784244781.4028418064 0.3440865001 -0.6401179652 -0.0766739527 0.2260917239 -5.7662474022 14.7803851337 -2.8625461468 2.9441179705
1784244781.4107601643 0.3356496057 -0.6438375293 -0.0851121926 0.2263473874 -5.7749124825 14.7843310243 -2.9254083836 2.9911306863
1784244781.4186670780 0.3273222815 -0.6476928438 -0.0937784931 0.2260065027 -5.7686393688 14.9332395136 -2.8431678488 3.0337936452
1784244781.4249982834 0.3191045272 -0.6514395580 -0.1028096903 0.2259212816 -5.9444929702 14.8592515860 -2.6634189935 3.0188068948
1784244781.4347116947 0.3108137263 -0.6553220226 -0.1125250692 0.2259212816 -5.9845897959 15.0525283892 -2.4327168778 2.9966964145
1784244781.4426469803 0.3022307386 -0.6592316374 -0.1221948360 0.2259212816 -5.8061284131 15.3587014346 -2.2037096771 2.9369948615
1784244781.4489581585 0.2936112275 -0.6631141020 -0.1318189907 0.2260917239 -5.4367863419 15.3017551675 -2.0862363680 2.8561274663
1784244781.4570016861 0.2867083139 -0.6661549135 -0.1393906006 0.2261769451 -5.1428845429 15.7947755287 -1.8768968451 2.8388209290
1784244781.4650008678 0.2764087286 -0.6711233822 -0.1511129122 0.2260065027 -5.4883189490 15.7912583936 -1.9385886455 2.8993488668
1784244781.4730005264 0.2676796475 -0.6749515467 -0.1601897216 0.2257508393 -5.1030365944 15.9484481497 -1.9521641874 2.9217645997
1784244781.4809994698 0.2589505663 -0.6788340113 -0.1689016341 0.2254099547 -5.4818295970 15.8338354031 -2.3747755909 3.0157640921
1784244781.4889950752 0.2501849618 -0.6829879770 -0.1777959951 0.2250690700 -5.3558696735 16.0039545542 -2.5715312514 3.0279406995
1784244781.4969923496 0.2411271705 -0.6869247418 -0.1865079076 0.2249838489 -5.5727211505 16.0899349274 -2.6639789930 2.9415979947
1784244781.5050005913 0.2341877336 -0.6900470036 -0.1934865601 0.2250690700 -5.1219531251 16.5839187434 -2.4956227565 2.8433907117
1784244781.5129966736 0.2237420549 -0.6949883223 -0.2047071385 0.2249838489 -5.4909653882 16.5413134722 -2.3621925339 2.8080549883
1784244781.5226767063 0.2147573103 -0.6988979370 -0.2141944569 0.2248986277 -5.7148884826 16.5199140173 -2.2078000846 2.7768729762
1784244781.5307214260 0.2059551824 -0.7028618520 -0.2237729995 0.2248134066 -5.8312002573 16.6175875005 -2.0646035458 2.8137427988
1784244781.5370056629 0.1972991480 -0.7070158177 -0.2338532752 0.2244725220 -5.9537886649 16.8072533313 -1.9184191954 2.8234750781
1784244781.5449984074 0.1882413567 -0.7110611829 -0.2435686541 0.2243020797 -5.8394131470 17.1365678201 -1.8022398413 2.8172332179
1784244781.5529983044 0.1792566121 -0.7151608484 -0.2531928088 0.2241316373 -5.4624131961 17.2475496517 -1.8176541755 2.7916787622
1784244781.5608673096 0.1720249884 -0.7185817613 -0.2609468671 0.2240464162 -5.2769393847 17.6078715250 -1.7242892062 2.7337865527
1784244781.5706286430 0.1633689539 -0.7226271266 -0.2702061249 0.2239611950 -5.7125344052 17.7902007998 -1.7593437433 2.6953745129
1784244781.5788154602 0.1530328453 -0.7275684452 -0.2809705823 0.2237907527 -5.3563353414 18.0653935898 -1.8097488412 2.7193018515
1784244781.5870239735 0.1440115773 -0.7319396117 -0.2898649433 0.2233646469 -5.6586900536 17.6804570602 -2.4540535930 2.7941438542
1784244781.5966742039 0.1329450016 -0.7367180297 -0.2998083827 0.2230237623 -5.5774048644 17.7211147324 -2.6935134532 2.7938786004
1784244781.6046931744 0.1239602570 -0.7408719954 -0.3084290710 0.2226828777 -5.7729676644 17.7709762985 -2.7786971892 2.7821203389
1784244781.6125988960 0.1148659423 -0.7448087602 -0.3171409836 0.2224272142 -5.5324984240 17.8156356924 -2.6754183676 2.7397417499
1784244781.6206805706 0.1056985810 -0.7487726752 -0.3262634051 0.2222567719 -5.5290392347 17.7872902372 -2.4716936115 2.6426744710
1784244781.6286797523 0.0964946962 -0.7528451906 -0.3359331719 0.2221715508 -5.4718714581 18.0869675376 -2.2210166948 2.5927812755
1784244781.6350278854 0.0873273349 -0.7568362556 -0.3456485508 0.2220863296 -4.9544486045 18.3597036145 -2.0069482591 2.5652682459
1784244781.6430013180 0.0782330202 -0.7609630712 -0.3555919902 0.2218306662 -5.4757955634 18.3897014341 -1.8051190369 2.5785520762
1784244781.6510381699 0.0691021822 -0.7649812864 -0.3648968601 0.2213193392 -5.5816428865 18.4526763742 -1.8692077489 2.6544086159
1784244781.6589996815 0.0596791573 -0.7688637510 -0.3737912211 0.2208932335 -5.6202736194 18.6297196392 -2.0070178065 2.6821895008
1784244781.6670110226 0.0507309361 -0.7728005159 -0.3823206852 0.2204671277 -6.0799090244 18.6333527817 -2.2542377226 2.6990546240
1784244781.6766917706 0.0419653316 -0.7768730312 -0.3908957614 0.2200410219 -6.1345841748 18.8186263255 -2.4541198931 2.7226057495
1784244781.6847190857 0.0326884001 -0.7808097961 -0.3992427771 0.2195296950 -5.8669899033 18.8706730420 -2.6129287611 2.6906929001
1784244781.6927266121 0.0233384220 -0.7847465609 -0.4077722412 0.2191888104 -5.9400722802 19.0123326485 -2.6213085725 2.6596424420
1784244781.7008068562 0.0143536774 -0.7886833258 -0.4163017053 0.2188479257 -6.2057607852 19.2098687992 -2.5139051764 2.6439230695
1784244781.7086675167 0.0055150262 -0.7927015410 -0.4252416784 0.2184218200 -6.0453657575 19.2053348678 -2.3630568399 2.6443731418
1784244781.7167835236 -0.0036158119 -0.7965025553 -0.4342728757 0.2179104930 -5.7264396563 19.3327666580 -2.1752910584 2.6897169456
1784244781.7249119282 -0.0130753600 -0.8003578698 -0.4433952972 0.2173139450 -5.3650877655 19.5486701729 -1.9965371245 2.7109286364
1784244781.7329752445 -0.0224253382 -0.8043760850 -0.4527913913 0.2167173969 -5.5534010316 19.7785136661 -1.8288899473 2.7128091869
1784244781.7428154945 -0.0313735594 -0.8083400000 -0.4620962612 0.2162060699 -5.4273922696 20.0743799655 -1.7899973762 2.7554908902
1784244781.7527368069 -0.0428784154 -0.8131998683 -0.4729975549 0.2153538584 -5.1800205334 20.0762816353 -2.0106346163 2.7910971160
1784244781.7610044479 -0.0544928413 -0.8179239861 -0.4830322186 0.2145016468 -5.5014682884 20.2582339358 -2.2711725444 2.7873723441
1784244781.7690010071 -0.0657055104 -0.8227024042 -0.4926107612 0.2136494353 -5.7728009927 20.2723649377 -2.6120861911 2.8030133858
1784244781.7770044804 -0.0729006108 -0.8257975158 -0.4988140078 0.2129676661 -5.6103120715 20.4358926242 -2.7257172485 2.8025267165
1784244781.7866473198 -0.0838941398 -0.8302772827 -0.5081644898 0.2121154545 -5.8118861291 20.4510144098 -2.7423731430 2.7876904332
1784244781.7947587967 -0.0929519311 -0.8341054472 -0.5166027297 0.2115189064 -6.0524365510 20.4625899544 -2.5995713972 2.7346582725
1784244781.8028151989 -0.1021192925 -0.8377978611 -0.5250865817 0.2108371372 -6.2057088657 20.6663326854 -2.3725281623 2.6662632461
1784244781.8108191490 -0.1110309904 -0.8415717253 -0.5339809427 0.2104110314 -5.8408078675 20.6300416521 -2.1652722149 2.5637345843
1784244781.8188621998 -0.1204540152 -0.8451283888 -0.5427840794 0.2099849256 -5.9432427593 20.8486175231 -1.9692607001 2.4956876424
1784244781.8267366886 -0.1295118065 -0.8488479528 -0.5516784404 0.2094735987 -6.0997058964 20.9909983177 -1.8773363323 2.4862853829
1784244781.8347561359 -0.1382774110 -0.8525132166 -0.5602079045 0.2088770506 -6.0338369327 21.0320761556 -1.9033296169 2.4980148536
1784244781.8410015106 -0.1474082490 -0.8559884297 -0.5684180839 0.2081952814 -5.9315710273 21.1651881532 -1.9470328756 2.5215527732
1784244781.8490242958 -0.1564660404 -0.8595179431 -0.5764458148 0.2075135121 -5.8052779451 21.2459996072 -2.0842134280 2.5701171831
1784244781.8569660187 -0.1654507850 -0.8630203063 -0.5842454852 0.2066613006 -5.8960520235 21.3655197324 -2.2075315268 2.6223054123
1784244781.8650112152 -0.1724997919 -0.8658167668 -0.5904943439 0.2059795314 -5.2767764832 21.5313032572 -2.2480035632 2.6593474093
1784244781.8746333122 -0.1817767234 -0.8692376797 -0.5981571780 0.2051273198 -5.1092240973 21.7619912555 -2.2716429695 2.6933024867
1784244781.8826558590 -0.1927702523 -0.8733373452 -0.6072339874 0.2041046659 -5.4336954835 21.7661052294 -2.4008444628 2.6789832036
1784244781.8890035152 -0.2019010904 -0.8768125583 -0.6148968214 0.2034228967 -5.2689646936 21.7321390425 -2.4903841444 2.6595087504
1784244781.8969945908 -0.2108858350 -0.8801248708 -0.6223772071 0.2025706852 -5.5974156317 21.8587892279 -2.5382177393 2.6139039519
1784244781.9067184925 -0.2182635521 -0.8827855809 -0.6283067810 0.2020593582 -5.3805624510 22.2533546933 -2.4004391297 2.5161982972
1784244781.9107282162 -0.2292570811 -0.8869395465 -0.6377484873 0.2014628101 -5.4774241150 22.1033422007 -2.4216487703 2.4668427989
1784244781.9170017242 -0.2338955468 -0.8884599523 -0.6413974559 0.2012071467 -5.3673146976 22.3386697973 -2.3120371455 2.4061263175
1784244781.9250028133 -0.2428437681 -0.8918265650 -0.6492427384 0.2006958197 -5.3676897424 22.3801387681 -2.2572753854 2.3695585266
1784244781.9330022335 -0.2518285127 -0.8952203278 -0.6572248572 0.2000140505 -5.8634123281 22.4266349572 -2.1454947625 2.3760844120
1784244781.9409987926 -0.2608863040 -0.8983697397 -0.6651613639 0.1993322813 -5.7768047263 22.6239554160 -1.9727478284 2.4122427755
1784244781.9489746094 -0.2697614786 -0.9016006018 -0.6732347069 0.1984800697 -5.4980705379 22.7136275060 -1.8658075975 2.4733719288
1784244781.9569077492 -0.2771026723 -0.9042613119 -0.6798028504 0.1977130793 -5.3942027809 23.0826535277 -1.6500470595 2.5574931532
1784244781.9648840427 -0.2857587068 -0.9074378739 -0.6876937450 0.1967756466 -5.7938443769 23.1074455018 -1.6320973137 2.6223633982
1784244781.9728186131 -0.2943051712 -0.9105058354 -0.6951285186 0.1957529928 -5.7212732682 23.2260357625 -1.7866108666 2.6768912023
1784244781.9807245731 -0.3029246823 -0.9136552473 -0.7020615589 0.1947303389 -5.6198332355 23.2138349525 -2.0840488192 2.6851831706
1784244781.9887559414 -0.3117633335 -0.9166960588 -0.7086297024 0.1938781274 -5.6920151266 23.3712666980 -2.3673252208 2.6226083844
1784244781.9967460632 -0.3204193679 -0.9198454707 -0.7151978459 0.1931111370 -5.9879052567 23.4681957193 -2.6140026865 2.5264718945
1784244782.0047233105 -0.3291849724 -0.9229134323 -0.7215379288 0.1925145889 -5.6625622109 23.5784932154 -2.7473620398 2.4421609157
1784244782.0126199722 -0.3383523338 -0.9258999435 -0.7280148481 0.1918328196 -5.3622559353 23.6593438537 -2.7467505874 2.3800955694
1784244782.0189688206 -0.3472275083 -0.9288050045 -0.7347198279 0.1913214927 -5.5230877090 23.7620522402 -2.6350880606 2.3092280353
1784244782.0270102024 -0.3541669452 -0.9311670634 -0.7403301171 0.1908101658 -5.0818587001 23.7553258372 -2.3562449971 2.3288992377
1784244782.0350039005 -0.3649778575 -0.9344522258 -0.7492244781 0.1897022908 -5.2473428187 23.7677101593 -2.1302306399 2.3851995794
1784244782.0429506302 -0.3734512751 -0.9371400859 -0.7565680274 0.1886796369 -5.7885323487 23.7991648007 -1.9306390382 2.5231580977
1784244782.0509166718 -0.3802446186 -0.9393392442 -0.7623607650 0.1877422042 -5.3531092362 23.8898643004 -1.7870714533 2.6070681268
1784244782.0588192940 -0.3889006531 -0.9419185040 -0.7693394175 0.1867195503 -5.4678761045 23.9688203897 -1.7649101668 2.6122127182
1784244782.0668580532 -0.3972645007 -0.9445249138 -0.7760900094 0.1858673388 -5.7219192859 24.1110118628 -1.8624605572 2.5635048621
1784244782.0748596191 -0.4058474885 -0.9471313236 -0.7825669287 0.1850151272 -5.6511927419 24.2499800642 -2.0423072762 2.5063778183
1784244782.0828571320 -0.4144304762 -0.9497105834 -0.7886333390 0.1842481369 -5.6170939427 24.4048033757 -2.2039738633 2.3672987965
1784244782.0908129215 -0.4229038939 -0.9523169932 -0.7947453614 0.1839072522 -5.4738824762 24.5248217485 -2.3114069093 2.2174624914
1784244782.0988595486 -0.4315234050 -0.9548419527 -0.8009029959 0.1835663676 -5.6422034464 24.6239245652 -2.3036559183 2.1489608415
1784244782.1070065498 -0.4398872526 -0.9573126121 -0.8071518546 0.1829698195 -5.4281965150 24.6380511230 -2.2059346784 2.1422677245
1784244782.1150155067 -0.4485067637 -0.9597289712 -0.8136743860 0.1823732714 -5.2464625490 24.8864162297 -2.0446476775 2.1531041206
1784244782.1246495247 -0.4586602556 -0.9625254317 -0.8212916079 0.1816062811 -5.3439795283 24.7285099666 -2.0270221125 2.1676479587
1784244782.1326510906 -0.4672432433 -0.9648060403 -0.8276773030 0.1809245118 -5.4764021066 24.6669599820 -2.0243139514 2.2269071400
1784244782.1390113831 -0.4755705676 -0.9668694481 -0.8338805496 0.1799870791 -5.2413607242 24.6363475647 -1.9889821576 2.3078266897
1784244782.1486613750 -0.4840439853 -0.9689057058 -0.8399469599 0.1789644253 -5.1322049105 24.6070891748 -2.0069055761 2.3962875442
1784244782.1550006866 -0.4927000197 -0.9709962637 -0.8461958186 0.1781974349 -5.1382296604 24.6472517970 -1.9593287048 2.3778175769
1784244782.1630084515 -0.4992742231 -0.9724623692 -0.8510307020 0.1776008868 -4.6485910671 24.8119503484 -1.7900504216 2.3551525436
1784244782.1726925373 -0.5076380707 -0.9743900265 -0.8572795608 0.1769191175 -4.4866908492 24.9009367289 -1.6368991963 2.3682493573
1784244782.1807601452 -0.5178280860 -0.9766434850 -0.8648967827 0.1759816848 -5.1784724078 24.9214279591 -1.6242023068 2.3319214613
1784244782.1887261868 -0.5258997468 -0.9784625419 -0.8709631930 0.1752146944 -4.9738951299 24.8707908655 -1.6519698110 2.3581941534
1784244782.1967740059 -0.5344096878 -0.9801186981 -0.8768471549 0.1743624829 -5.0234295245 24.9289947433 -1.7149625096 2.3355431003
1784244782.2049193382 -0.5426274420 -0.9818020045 -0.8825030562 0.1737659348 -5.1226363591 25.2153079386 -1.7557690263 2.2689476741
1784244782.2128770351 -0.5507356262 -0.9835939112 -0.8881589576 0.1731693867 -5.3575993781 25.2771934803 -1.8064001979 2.2006962052
1784244782.2208681107 -0.5586977170 -0.9851957673 -0.8936780226 0.1726580598 -5.0547014613 25.2448857928 -1.7634683871 2.1623236281
1784244782.2288804054 -0.5666963311 -0.9866347227 -0.8991970876 0.1721467329 -5.0533529901 25.3631165849 -1.7232074194 2.1697114546
1784244782.2367689610 -0.5748410386 -0.9881551284 -0.9047617647 0.1714649636 -5.2010324847 25.3984621867 -1.6664369029 2.1357503342
1784244782.2447690964 -0.5826935593 -0.9895126335 -0.9102352176 0.1710388578 -5.4141375923 25.2177770930 -1.6455717770 2.1642225620
1784244782.2528500557 -0.5904365099 -0.9907072381 -0.9156174463 0.1702718675 -5.1971194247 25.3230960691 -1.5998049752 2.2137549160
1784244782.2610158920 -0.5984351240 -0.9920104430 -0.9210908992 0.1695900982 -5.0610912098 25.5033656622 -1.5618419303 2.2056754649
1784244782.2690203190 -0.6078216255 -0.9935579988 -0.9276134306 0.1689935501 -5.1209272259 25.4025162143 -1.5749503377 2.1645563426
1784244782.2770092487 -0.6158932863 -0.9945625526 -0.9327675987 0.1685674444 -5.0274189396 25.4614227008 -1.5767827632 2.1323298108
1784244782.2850098610 -0.6221022562 -0.9954313559 -0.9367814642 0.1681413386 -4.3574461367 25.5892690957 -1.5504691047 2.1258625431
1784244782.2930114269 -0.6301373937 -0.9964087596 -0.9417987960 0.1677152328 -4.2933940963 25.5874194880 -1.5713916368 2.0521079948
1784244782.3026671410 -0.6395604185 -0.9974404635 -0.9474546973 0.1673743482 -4.3168547712 25.5183090783 -1.6465593845 2.0458798210
1784244782.3090107441 -0.6474859859 -0.9983092667 -0.9521983565 0.1668630213 -4.3066333997 25.5641298332 -1.6835110279 2.1005304012
1784244782.3170101643 -0.6555941701 -0.9989880193 -0.9568964036 0.1662664732 -4.5014775100 25.5449714077 -1.6639147602 2.1161191174
1784244782.3250079155 -0.6631179806 -0.9996124717 -0.9616856749 0.1658403674 -4.2181411918 25.5479403879 -1.5819612112 2.1072262313
1784244782.3347332478 -0.6706783145 -1.0002097739 -0.9666117825 0.1654994828 -4.7001806236 25.5634114269 -1.4643834079 2.0713775607
1784244782.3426969051 -0.6786404052 -1.0006984758 -0.9713554417 0.1651585982 -4.5699477572 25.6606345178 -1.4065657864 1.9978728468
1784244782.3507313728 -0.6863103092 -1.0011871776 -0.9760078766 0.1650733770 -4.5617921019 25.7016344945 -1.3616139725 1.8997029277
1784244782.3570108414 -0.6938706431 -1.0015944291 -0.9806146995 0.1650733770 -4.2615313141 25.7461082042 -1.3276984837 1.8674377470
1784244782.3666760921 -0.7015040236 -1.0018387801 -0.9850390739 0.1649029347 -4.4293991590 25.6365511591 -1.3665789795 1.8670897488
1784244782.3747715950 -0.7089547875 -1.0020288308 -0.9891897757 0.1645620501 -3.9280436347 25.6441002787 -1.3494926059 1.9140076811
1784244782.3827805519 -0.7165516447 -1.0022188815 -0.9933404775 0.1643063866 -4.3611995051 25.7037865823 -1.4952791890 1.9702665991
1784244782.3908169270 -0.7239658852 -1.0023003318 -0.9971262824 0.1641359443 -4.1708081685 25.6662542782 -1.5270007414 1.9824131660
1784244782.3989751339 -0.7314896957 -1.0023003318 -1.0010489237 0.1638802808 -4.2607403524 25.7630557248 -1.5591985553 2.0137343751
1784244782.4087700844 -0.7387943661 -1.0022731817 -1.0047435044 0.1636246174 -4.3677733431 25.7542406620 -1.5525540401 1.9926146096
1784244782.4167401791 -0.7473773539 -1.0021374312 -1.0091678788 0.1635393962 -4.2845096489 25.8268345155 -1.5654940978 1.9951562216
1784244782.4247355461 -0.7547915943 -1.0019745306 -1.0127256232 0.1633689539 -3.9799960825 25.8836201324 -1.5908062220 1.9890207684
1784244782.4328155518 -0.7621327881 -1.0017301796 -1.0160553070 0.1633689539 -3.2308858954 25.8499286771 -1.5471124202 1.9826980937
1784244782.4409081936 -0.7694374585 -1.0014043784 -1.0194306030 0.1633689539 -3.0689399370 25.9086188604 -1.5399334621 1.9594034950
1784244782.4506888390 -0.7763403721 -1.0011328774 -1.0226234505 0.1633689539 -3.8901388353 25.9178615421 -1.5836384899 1.9845163221
1784244782.4570088387 -0.7851059766 -1.0004269747 -1.0264548676 0.1631132904 -3.3282282120 25.8237971545 -1.5642073722 2.0166394377
1784244782.4650106430 -0.7921549835 -0.9999654230 -1.0295108788 0.1630280693 -3.7702002076 25.9996913666 -1.6004480773 2.0720142748
1784244782.4746742249 -0.7993500839 -0.9993681207 -1.0324300536 0.1630280693 -3.7374823231 25.9781597173 -1.6130001344 2.0686928395
1784244782.4826748371 -0.8062164741 -0.9986350680 -1.0352123922 0.1629428481 -3.6722984546 25.9760076029 -1.6340755159 2.0736689727
1784244782.4907801151 -0.8130463409 -0.9979834655 -1.0378578944 0.1628576270 -4.1403560989 26.1345803659 -1.6487837143 2.0770166148
1784244782.4987592697 -0.8199127311 -0.9971689624 -1.0405946209 0.1630280693 -4.0692972573 26.0742280415 -1.6064598560 2.0917270825
1784244782.5068583488 -0.8265234579 -0.9962730091 -1.0431945110 0.1630280693 -3.9286378780 26.0363128102 -1.5757385360 2.1180544179
1784244782.5150206089 -0.8333898480 -0.9952956054 -1.0457487890 0.1630280693 -3.7583116155 26.0240950652 -1.5430008687 2.1491517155
1784244782.5247595310 -0.8415710789 -0.9939924004 -1.0486679639 0.1630280693 -3.9717060428 25.9284894271 -1.5731447553 2.1783361783
1784244782.5326488018 -0.8481452823 -0.9927977959 -1.0509485693 0.1630280693 -3.9525233201 25.9162570542 -1.5497601560 2.2094198266
1784244782.5390446186 -0.8545003456 -0.9915760413 -1.0531835626 0.1630280693 -3.9795013866 26.0138022510 -1.5480783155 2.2495623158
1784244782.5470120907 -0.8608919322 -0.9903542867 -1.0552361074 0.1631132904 -3.8357616816 26.0628595698 -1.5435186238 2.2282006566
1784244782.5567355156 -0.8660052015 -0.9892954327 -1.0568325312 0.1632837328 -3.6398271926 26.0743854738 -1.4623174518 2.2291803869
1784244782.5648169518 -0.8737481521 -0.9876392765 -1.0593411971 0.1634541751 -3.5902007615 25.9520395314 -1.3291629090 2.2738866707
1784244782.5730192661 -0.8801397387 -0.9860917206 -1.0617586388 0.1634541751 -2.9722735477 25.8083917007 -1.2288476680 2.2905220861
1784244782.5827705860 -0.8875905026 -0.9841097632 -1.0649058742 0.1634541751 -4.1773602387 25.9596919128 -0.8485307870 2.4087727214
1784244782.5907363892 -0.8936168556 -0.9825079071 -1.0675057643 0.1634541751 -3.7577563281 25.9527056765 -0.7201326181 2.4304951662
1784244782.5970144272 -0.8998988722 -0.9807974507 -1.0701056544 0.1635393962 -3.5655683817 26.0491423640 -0.5420818551 2.4279090163
1784244782.6050093174 -0.9059982720 -0.9790326940 -1.0725230961 0.1639655020 -3.5008731323 26.1540487986 -0.4759160192 2.3611423835
1784244782.6130053997 -0.9120976718 -0.9773222375 -1.0747580894 0.1643063866 -3.2740411424 26.2573112685 -0.4406825556 2.3179559030
1784244782.6209774017 -0.9180875015 -0.9755574809 -1.0768106342 0.1647324924 -3.2970390168 26.2796003586 -0.4505444910 2.3408359666
1784244782.6290152073 -0.9229816307 -0.9740099251 -1.0784070580 0.1648177135 -3.1076076041 26.2663232511 -0.4230455186 2.4237733921
1784244782.6386957169 -0.9301036844 -0.9717293164 -1.0806876634 0.1649881559 -3.0841358505 26.3280125802 -0.4230501139 2.5316563712
1784244782.6450150013 -0.9359108974 -0.9698016592 -1.0824665356 0.1649029347 -3.0793278325 26.4128460333 -0.4213035575 2.6462008466
1784244782.6546664238 -0.9419737738 -0.9677925516 -1.0841997957 0.1649881559 -3.0798346213 26.5013546908 -0.4070145678 2.7142450635
1784244782.6609976292 -0.9478175102 -0.9657019937 -1.0858874436 0.1649881559 -3.0147357382 26.6283436854 -0.3566991923 2.7607581713
1784244782.6689758301 -0.9534786297 -0.9636928861 -1.0876207037 0.1653290405 -3.0164921071 26.6209876789 -0.2475060517 2.7293743646
1784244782.6770100594 -0.9592858427 -0.9615480280 -1.0893995759 0.1655847039 -3.1050651633 26.7117689583 -0.1788602495 2.7183925272
1784244782.6849734783 -0.9649104389 -0.9593760198 -1.0910416118 0.1660108097 -3.0458561985 26.8072814883 -0.1093724838 2.7097748111
1784244782.6946847439 -0.9692567178 -0.9576927135 -1.0922275266 0.1662664732 -2.6946873417 26.8213483116 -0.0164638162 2.6801525018
1784244782.7026562691 -0.9760135380 -0.9549777032 -1.0940520109 0.1668630213 -2.8490502000 26.7461456704 -0.0364061337 2.6850669650
1784244782.7090177536 -0.9814555174 -0.9526699445 -1.0951923136 0.1672891270 -2.8490550874 26.8846029687 -0.0961454276 2.7575516737
1784244782.7186629772 -0.9867148801 -0.9503621858 -1.0960589436 0.1675447905 -2.9413193419 27.0181004570 -0.1656043706 2.8353186724
1784244782.7266538143 -0.9920838129 -0.9479458267 -1.0969255737 0.1678856751 -3.0909156172 26.9365436328 -0.2257548607 2.8778500020
1784244782.7329795361 -0.9972336055 -0.9454751674 -1.0977009795 0.1683117809 -3.0350939084 26.9260350416 -0.2459495294 2.9035251741
1784244782.7426807880 -1.0012146509 -0.9434660598 -1.0981571006 0.1686526655 -2.3080673478 26.6889537312 -0.2261365641 2.8921797769
1784244782.7490212917 -1.0074601441 -0.9404795485 -1.0988868943 0.1694196559 -2.8528922860 27.0156062289 -0.2875185625 2.8348790821
1784244782.7586767673 -1.0124638434 -0.9378459886 -1.0992061790 0.1702718675 -2.7293063263 26.9458035534 -0.3111719687 2.7880937707
1784244782.7666811943 -1.0174310192 -0.9351581285 -1.0994342396 0.1709536367 -2.7170914098 27.1020543016 -0.2959928968 2.8446822463
1784244782.7730193138 -1.0224712418 -0.9324702683 -1.0998447485 0.1715501848 -2.8159829953 27.0482689865 -0.2359997043 2.8883873390
1784244782.7809815407 -1.0271462309 -0.9296466577 -1.1001184212 0.1721467329 -2.9776240442 26.9672245994 -0.1736027663 2.9452456170
1784244782.7890160084 -1.0318577433 -0.9267144466 -1.1003008696 0.1727432809 -3.2368250103 27.1392954738 -0.1394356347 3.0405315097
1784244782.7969779968 -1.0365692557 -0.9237550854 -1.1004377059 0.1733398290 -3.0449890652 26.9731993788 -0.1302124560 3.0451962942
1784244782.8067584038 -1.0401485442 -0.9214201766 -1.1004377059 0.1740215983 -2.9233537662 26.8788570990 -0.0989758615 2.9621500086
1784244782.8148646355 -1.0455540004 -0.9177549128 -1.1003008696 0.1752999156 -2.7514771116 26.8862316766 -0.0622011882 2.8786002510
1784244782.8228611946 -1.0501924661 -0.9146326510 -1.1002552575 0.1764930118 -2.4839412897 26.8411476747 -0.0085304565 2.8277609262
1784244782.8308634758 -1.0547213617 -0.9114289389 -1.0999815849 0.1776861079 -2.3844884153 26.7511639024 0.0954893584 2.8124679381
1784244782.8387782574 -1.0592867807 -0.9081166264 -1.1000728091 0.1787939829 -2.3993256921 26.7830413721 0.2039121353 2.8156202714
1784244782.8467259407 -1.0635965363 -0.9048857642 -1.0999359728 0.1799870791 -2.5609300888 26.5989935617 0.2727857114 2.9178844020
1784244782.8530235291 -1.0677601984 -0.9013834010 -1.0996166880 0.1807540695 -2.5689449690 26.4951484672 0.3183067044 3.0252860770
1784244782.8610134125 -1.0718508139 -0.8978810378 -1.0993886275 0.1816062811 -2.7098971846 26.5288950962 0.4206256894 3.1545462710
1784244782.8690247536 -1.0751013922 -0.8951117274 -1.0992974033 0.1822880503 -2.6069667424 26.4188325679 0.5009156973 3.2014151158
1784244782.8769814968 -1.0798494280 -0.8907677110 -1.0989325064 0.1835663676 -2.6109741907 26.3337403006 0.5605167403 3.1832217302
1784244782.8849766254 -1.0830269596 -0.8878083498 -1.0984307732 0.1845038003 -2.1960585313 26.2502437698 0.6017219319 3.1177494218
1784244782.8930101395 -1.0871540984 -0.8841159359 -1.0979746521 0.1859525600 -1.9230223591 25.9237188111 0.5918252125 3.0488998443
1784244782.9009764194 -1.0917195174 -0.8796361690 -1.0971992463 0.1878274254 -2.3405775451 26.2335376486 0.6365991817 2.9313985144
1784244782.9089777470 -1.0947509556 -0.8765682074 -1.0965150647 0.1891057427 -2.1521143867 26.0041491146 0.6852287591 2.9198540506
1784244782.9170136452 -1.0985493842 -0.8726314425 -1.0959221073 0.1906397235 -2.1886041665 25.9398201741 0.7493710201 2.9553096605
1784244782.9250102043 -1.1028226164 -0.8679344748 -1.0950554773 0.1923441466 -2.1684133762 25.7415586020 0.7873144947 2.9634444620
1784244782.9330215454 -1.1062192882 -0.8638891096 -1.0941888472 0.1937076850 -2.7390350885 26.0173017601 0.8922022867 3.1276429835
1784244782.9410197735 -1.1096524833 -0.8597079938 -1.0934590535 0.1949860024 -2.8506050374 26.0247582352 0.9642266725 3.2359013545
1784244782.9489724636 -1.1128300149 -0.8556354784 -1.0925468113 0.1964347620 -2.9787101601 26.0400598185 1.0440458999 3.2449530888
1784244782.9569780827 -1.1159710232 -0.8514000624 -1.0914521208 0.1981391851 -2.8751525438 26.0534346906 1.0970042675 3.2145843590
1784244782.9649782181 -1.1185276578 -0.8480605998 -1.0906767149 0.1995879447 -2.4919034849 25.8606397144 1.0875417204 3.1231533045
1784244782.9730143547 -1.1217417128 -0.8438251838 -1.0894908001 0.2016332525 -2.3633184792 25.6632368361 1.0697545127 2.9499998384
1784244782.9810254574 -1.1253940480 -0.8386123642 -1.0877575401 0.2044455506 -2.3835248135 25.7913478408 1.1006325269 2.8423713476
1784244782.9889802933 -1.1285350563 -0.8342140476 -1.0863891768 0.2067465217 -2.2538296731 25.6670731268 1.0833333757 2.8064130898
1784244782.9970128536 -1.1309455975 -0.8307116844 -1.0851576499 0.2084509448 -2.2166159844 25.3415615735 1.0874014634 2.7972840430
1784244783.0050196648 -1.1343057459 -0.8252002136 -1.0830138809 0.2110928006 -2.5583343370 25.4028394296 1.1011885225 2.8558467629
1784244783.0129992962 -1.1370084740 -0.8205846962 -1.0813718450 0.2131381084 -2.6582033083 25.3502026586 1.1131384839 3.0129958297
1784244783.0210111141 -1.1396746787 -0.8158605783 -1.0795473607 0.2149277526 -2.6703313998 25.1304686489 1.1325034237 3.1708728861
1784244783.0289814472 -1.1422313133 -0.8109735599 -1.0775404280 0.2169730603 -2.7463018066 25.0284631735 1.1906508366 3.2025876337
1784244783.0386774540 -1.1441670510 -0.8071182453 -1.0760808405 0.2187627046 -2.6244118144 24.8181834007 1.2068224500 3.1450836125
1784244783.0466756821 -1.1471254425 -0.8012538232 -1.0737090109 0.2216602238 -2.4466828155 24.6818115187 1.2572752009 3.0713756175
1784244783.0529825687 -1.1495725071 -0.7961496040 -1.0715196298 0.2243020797 -2.4623923571 24.5299647646 1.3141045944 2.9809261968
1784244783.0610158443 -1.1514717214 -0.7921042387 -1.0700144302 0.2265178297 -2.3006721195 24.3313045995 1.3205604029 2.8292281651
1784244783.0690128803 -1.1542474962 -0.7860497659 -1.0673233159 0.2300118970 -2.3200073608 24.3299597723 1.3774817891 2.7675372972
1784244783.0769834518 -1.1565484674 -0.7807554959 -1.0649058742 0.2329094163 -2.2079008669 24.1277588666 1.4373333206 2.7739991934
1784244783.0850176811 -1.1583381116 -0.7765200799 -1.0631726141 0.2351251663 -1.9717375198 23.3453291887 1.4201587854 2.7261716546
1784244783.0930159092 -1.1607121295 -0.7701398058 -1.0604814998 0.2384487914 -2.5327748653 23.8599929478 1.5714610168 2.8555488657
1784244783.1010205746 -1.1626113438 -0.7647369354 -1.0579728338 0.2411758683 -2.5339190062 23.8073902442 1.6356133168 2.9621748155
1784244783.1106886864 -1.1645836048 -0.7592254646 -1.0555553921 0.2439029453 -2.3737128797 23.7036726461 1.6702726263 3.0234649270
1784244783.1170084476 -1.1664097724 -0.7537411440 -1.0530011141 0.2468004645 -2.2599806834 23.3288484353 1.6764293431 2.9983829027
1784244783.1249842644 -1.1681263700 -0.7483111235 -1.0501731635 0.2498684261 -2.2862523151 23.6155393856 1.7190021431 2.9681721072
1784244783.1330204010 -1.1695873041 -0.7438585067 -1.0479837823 0.2524250608 -2.0477039908 23.1327317405 1.6639027190 2.8906992960
1784244783.1409847736 -1.1716691351 -0.7371252813 -1.0444260379 0.2562600127 -2.2028616697 23.1788330551 1.6294780249 2.8067318471
1784244783.1507246494 -1.1732031159 -0.7314780600 -1.0411419662 0.2597540801 -2.3166344685 23.2003410413 1.6489898119 2.7541893402
1784244783.1586806774 -1.1747370967 -0.7256950881 -1.0380859550 0.2632481474 -2.2024972406 22.8010157036 1.6240575492 2.7647099793
1784244783.1649827957 -1.1762710775 -0.7198849662 -1.0348018832 0.2664865513 -2.0973344118 22.7971112498 1.6513437535 2.8295802364
1784244783.1730291843 -1.1773302547 -0.7152422987 -1.0320195447 0.2691284071 -1.9326519694 22.0219447168 1.5847628600 2.7643695031
1784244783.1810216904 -1.1789007588 -0.7081289719 -1.0280056792 0.2734746860 -2.2229648477 22.4205822885 1.6538100200 2.7629404678
1784244783.1890192032 -1.1801060295 -0.7021830994 -1.0244935469 0.2770539745 -2.2669454914 22.2338121421 1.6437282752 2.7775059035
1784244783.1969890594 -1.1812017300 -0.6961286266 -1.0207989662 0.2805480419 -2.3109772698 22.3167648028 1.7130088702 2.7715256078
1784244783.2050275803 -1.1820417671 -0.6914588090 -1.0181534640 0.2836160034 -2.1701935815 22.0452147766 1.7504715994 2.6673022876
1784244783.2130136490 -1.1833200844 -0.6842368817 -1.0138659259 0.2883031670 -2.1106622320 22.0195672898 1.7978396209 2.6091353483
1784244783.2209837437 -1.1843062150 -0.6781552588 -1.0100345088 0.2920528978 -2.0357611435 21.9971168991 1.8880426849 2.6257932986
1784244783.2290227413 -1.1852192988 -0.6720736358 -1.0064767645 0.2961435132 -2.1175266579 22.0146240642 1.9228528703 2.6379168164
1784244783.2370183468 -1.1859497658 -0.6660734632 -1.0025997353 0.3000636863 -2.2272513194 21.8500178846 1.9194253346 2.6285619815
1784244783.2450187206 -1.1866437095 -0.6598560897 -0.9982665851 0.3039838595 -2.2219362062 21.7311365134 1.8597044609 2.6887629100
1784244783.2530260086 -1.1873011298 -0.6536658664 -0.9939790470 0.3079892537 -2.2361805601 21.5804649811 1.7495165857 2.6680337657
1784244783.2610132694 -1.1878124568 -0.6474756430 -0.9893266120 0.3123355326 -2.2301099688 21.3519858076 1.6214080273 2.6219457930
1784244783.2707445621 -1.1883237837 -0.6411496691 -0.9843548923 0.3166818115 -2.1054348075 21.2597410133 1.5056386921 2.5835017442
1784244783.2787363529 -1.1888351106 -0.6347965452 -0.9796112331 0.3209428693 -2.0407139936 20.8817639652 1.4291729612 2.5065138569
1784244783.2867369652 -1.1892733908 -0.6282805206 -0.9745026771 0.3254595905 -2.0104103567 20.5386032371 1.4323280698 2.4012524274
1784244783.2948474884 -1.1896386244 -0.6217644960 -0.9697590179 0.3303171963 -1.9359857726 20.5070180991 1.5107213975 2.3502428387
1784244783.3047354221 -1.1899673345 -0.6153570718 -0.9650153587 0.3348339175 -1.8872561472 20.1331205080 1.6396545450 2.2947931221
1784244783.3128390312 -1.1902960447 -0.6070491405 -0.9589945605 0.3407141772 -1.8530921268 19.9318102353 1.8139725639 2.2253255065
1784244783.3211112022 -1.1905151848 -0.6003973654 -0.9545701861 0.3456570042 -1.7818192149 19.5337410093 1.9023543232 2.1536873596
1784244783.3309199810 -1.1906612782 -0.5935283895 -0.9495072422 0.3506850523 -1.7372304734 19.2736426068 1.9263310491 2.1270881830
1784244783.3390192986 -1.1908073716 -0.5853019084 -0.9435320561 0.3567357543 -1.7113493267 18.4787471485 1.8391283273 2.0231367713
1784244783.3488421440 -1.1908073716 -0.5784057824 -0.9382410516 0.3619342448 -1.6834230714 18.0046572507 1.7479491476 1.9359263153
1784244783.3569822311 -1.1908438950 -0.5700978510 -0.9318553566 0.3679849468 -1.5100046925 18.0149864759 1.6999822161 1.9460511619
1784244783.3668301105 -1.1908438950 -0.5631745749 -0.9263362916 0.3731834372 -1.3645558556 17.5680693622 1.6783152172 1.8968783862
1784244783.3767671585 -1.1908073716 -0.5545951426 -0.9199505965 0.3796602450 -1.2252258376 17.2176675639 1.7324907608 1.8229340841
1784244783.3849568367 -1.1908073716 -0.5460971605 -0.9134280651 0.3859666105 -0.8718349308 17.8109125428 1.9977460297 1.9576609944
1784244783.3930184841 -1.1908073716 -0.5374362778 -0.9071792064 0.3926138605 -0.7773846701 17.4498454361 2.0564986632 1.9244867200
1784244783.4027523994 -1.1908073716 -0.5302958009 -0.9016601414 0.3981532356 -0.4087575194 17.7170773395 2.2404547710 1.9313980528
1784244783.4108564854 -1.1908073716 -0.5233996748 -0.8964603611 0.4036073895 -0.2083697899 17.6181715594 2.1852072802 1.8558970274
1784244783.4207408428 -1.1908073716 -0.5164220985 -0.8905763993 0.4093172069 -0.0385690495 17.5171391507 2.1821916361 1.7740386043
1784244783.4288806915 -1.1907708483 -0.5078426661 -0.8836433589 0.4165610051 0.1497164659 17.2499521970 2.1022721688 1.6967504259
1784244783.4370195866 -1.1907708483 -0.5007293393 -0.8775313365 0.4225264859 0.3420859725 16.9777680890 1.9844721324 1.6384311045
1784244783.4468755722 -1.1907343249 -0.4936974628 -0.8712824778 0.4284067456 0.4763254932 16.4552025453 1.7979792777 1.5817004937
1784244783.4549119473 -1.1906612782 -0.4850094300 -0.8634371953 0.4355653226 0.6048858798 16.2052118627 1.7176167407 1.5216121760
1784244783.4630177021 -1.1905882315 -0.4778689531 -0.8570058881 0.4416160246 0.8554457301 15.9457061201 1.7260287336 1.5037098779
1784244783.4727387428 -1.1905882315 -0.4707827763 -0.8509394778 0.4474962843 1.0316915564 15.5925387970 1.7963428580 1.4593893098
1784244783.4807980061 -1.1905151848 -0.4619318429 -0.8432766438 0.4548253036 1.2585373990 15.4669107819 1.9070209165 1.4262104916
1784244783.4887833595 -1.1905151848 -0.4547642159 -0.8372558456 0.4608760056 1.4585968891 15.2730211225 2.0293044733 1.4065495190
1784244783.4967885017 -1.1904786615 -0.4474608383 -0.8309157626 0.4669267076 1.6060351198 15.1915127721 2.1324556629 1.4307044688
1784244783.5047535896 -1.1904421381 -0.4403203614 -0.8248493523 0.4731478519 1.7075455537 14.9840726445 2.1697133349 1.3883329333
1784244783.5109949112 -1.1903325680 -0.4330984341 -0.8185548815 0.4793689962 1.8118940541 14.6727709208 2.1381307882 1.3498370626
1784244783.5207552910 -1.1902595213 -0.4258493568 -0.8119411259 0.4856753617 1.9821445278 14.5840884825 2.1002414148 1.3623965150
1784244783.5286545753 -1.1901499513 -0.4184373788 -0.8049624735 0.4919817271 2.0661659924 14.2338585398 2.0106614449 1.2629324658
1784244783.5349891186 -1.1899673345 -0.4111068512 -0.7980294331 0.4987994195 2.1312726391 13.8596699755 1.8908455488 1.1401914377
1784244783.5447056293 -1.1898212411 -0.4051881288 -0.7923735318 0.5040831311 2.3260424668 13.4178182200 1.7120697798 0.9675897752
1784244783.5528774261 -1.1896386244 -0.3962014449 -0.7834791708 0.5121791408 2.3635627628 12.9629952700 1.6365865881 0.8668372232
1784244783.5627410412 -1.1894194842 -0.3885451160 -0.7761812336 0.5193377179 2.4511926959 12.9474774172 1.7074245229 0.8546886575
1784244783.5709581375 -1.1890907741 -0.3794226816 -0.7675149332 0.5276041699 2.5118611894 12.6610082290 1.8728433260 0.8361357826
1784244783.5807001591 -1.1887620639 -0.3701916468 -0.7593047538 0.5360410642 2.6505601140 12.5533539349 2.1080814762 0.8943783094
1784244783.5886526108 -1.1884333537 -0.3625896181 -0.7523717135 0.5428587566 2.6879084354 12.2328877416 2.2208252246 0.8182262350
1784244783.5967011452 -1.1880315969 -0.3551504900 -0.7455298974 0.5500173336 2.8119288311 12.2288237512 2.3165613266 0.8025031983
1784244783.6047463417 -1.1876298400 -0.3477385121 -0.7386424691 0.5569202472 2.8513373828 11.8165959693 2.2609636107 0.7602272970
1784244783.6126720905 -1.1871550364 -0.3400821832 -0.7310708593 0.5639936030 2.8928365858 11.3965935536 2.1151587339 0.7054257329
1784244783.6207833290 -1.1866437095 -0.3326159050 -0.7234536373 0.5710669589 2.9662672299 11.0512096371 1.8669782764 0.6015424823
1784244783.6289207935 -1.1861323826 -0.3249867262 -0.7153802943 0.5784811993 2.9462213986 10.2602072371 1.7091165046 0.4700977697
1784244783.6369161606 -1.1855845323 -0.3174118476 -0.7073981755 0.5857249975 3.0046333812 9.8560729151 1.5187966182 0.3670712056
1784244783.6450197697 -1.1849636353 -0.3099184194 -0.6997353414 0.5930540168 3.0175109434 9.6046429922 1.4359132975 0.2278993352
1784244783.6547882557 -1.1841601215 -0.3007959849 -0.6902480230 0.6016613535 2.9752387265 9.2463348783 1.4306940610 0.1995401509
1784244783.6628367901 -1.1834661779 -0.2933840070 -0.6829956980 0.6089903728 3.1727731243 9.6469340078 1.8309994132 0.3711419777
1784244783.6708443165 -1.1827357108 -0.2856462278 -0.6753784760 0.6163193921 3.2589812563 9.2572685817 1.9643964877 0.4294563953
1784244783.6788427830 -1.1819687204 -0.2779355987 -0.6678068661 0.6233075268 3.3552976006 9.0773264103 2.0179809508 0.4247726799
1784244783.6868793964 -1.1812017300 -0.2704150203 -0.6601896442 0.6306365461 3.3946636067 8.7575724861 1.9704333862 0.2972939546
1784244783.6950261593 -1.1803616929 -0.2626772411 -0.6520250769 0.6384768924 3.3946739131 8.2736469645 1.7965168989 0.0976353219
1784244783.7047009468 -1.1793025157 -0.2533647560 -0.6418535770 0.6479364406 3.4320131869 8.2414639102 1.6859930877 -0.0153506813
1784244783.7127206326 -1.1783894319 -0.2459799281 -0.6337346218 0.6559472291 3.4699999540 8.1795311455 1.6913676400 -0.1954764652
1784244783.7206876278 -1.1774033014 -0.2384864998 -0.6253419941 0.6642136812 3.5812789964 8.2614911889 1.7697868755 -0.3400186278
1784244783.7270374298 -1.1764171709 -0.2311016720 -0.6174054873 0.6722244697 3.5670464348 7.9808527657 1.7566921209 -0.4108901584
1784244783.7350313663 -1.1753579937 -0.2237168441 -0.6091040838 0.6801500371 3.5652108233 7.5886847531 1.7666637725 -0.4496857480
1784244783.7447018623 -1.1742257698 -0.2161148154 -0.6006202318 0.6879903834 3.4470679419 7.3004802297 1.7649972996 -0.3849808897
1784244783.7510271072 -1.1729474525 -0.2087028375 -0.5924556645 0.6960011719 3.3110938877 7.0205803591 1.7875903623 -0.3781271933
1784244783.7590346336 -1.1715960884 -0.2012637094 -0.5841542610 0.7039267393 3.2283270377 6.5858062782 1.7716304033 -0.4241131278
1784244783.7686955929 -1.1701716777 -0.1935259302 -0.5752599000 0.7117670856 3.1158009171 6.2310045724 1.7300916112 -0.4339636161
1784244783.7766778469 -1.1686376969 -0.1859782017 -0.5667760480 0.7201187588 3.1454721875 5.9383254230 1.6500407955 -0.4985886307
1784244783.7830314636 -1.1672132862 -0.1785662238 -0.5581553597 0.7282999896 3.1891336254 5.6310741999 1.5749236288 -0.6294160315
1784244783.7909944057 -1.1656793054 -0.1709098949 -0.5490329382 0.7368221051 3.2349555343 5.4305405364 1.5459300116 -0.6938372216
1784244783.8006355762 -1.1644009881 -0.1650183226 -0.5422367342 0.7433841340 3.1858605568 4.7838607606 1.3961763542 -0.8689409519
1784244783.8070330620 -1.1625382971 -0.1560044886 -0.5314722768 0.7534402303 3.2607933289 4.4731864683 1.3377329124 -0.9677923526
1784244783.8166990280 -1.1608582229 -0.1482938595 -0.5223498553 0.7617066823 3.2512017160 4.1950244453 1.3590666084 -0.9374275775
1784244783.8246691227 -1.1591051020 -0.1406918308 -0.5135011064 0.7703140190 3.1954045804 3.5945199575 1.2981698336 -1.0062838363
1784244783.8326952457 -1.1573519811 -0.1330083519 -0.5046067455 0.7786656922 3.0964732338 3.4099893447 1.4353652623 -1.0187147165
1784244783.8390326500 -1.1554162434 -0.1251891224 -0.4956667724 0.7872730288 3.0931147126 3.0327168842 1.4633100335 -1.0558444861
1784244783.8470301628 -1.1535535525 -0.1175327935 -0.4868180235 0.7957951443 3.1149510275 2.5539839163 1.4707904625 -1.1440210524
1784244783.8550271988 -1.1516543382 -0.1099579149 -0.4781061110 0.8044024809 3.1180176429 2.4891986717 1.5871819420 -1.2382417545
1784244783.8630285263 -1.1496820772 -0.1022744359 -0.4691205258 0.8132654810 3.1373458469 2.3692648533 1.6311684592 -1.3155342765
1784244783.8726747036 -1.1476732928 -0.0947810076 -0.4604542254 0.8221284812 3.0003969837 1.6714538317 1.5575951321 -1.4679291919
1784244783.8790271282 -1.1457010318 -0.0873147294 -0.4516510886 0.8309062601 3.0509493013 1.4685823635 1.5653344378 -1.5759205885
1784244783.8870275021 -1.1436557241 -0.0796855507 -0.4423918308 0.8398544814 3.2806404361 1.5644916402 1.6059027843 -1.6427306401
1784244783.8966979980 -1.1415738930 -0.0721921224 -0.4333606335 0.8491435872 3.3096360935 1.0701008985 1.5000292007 -1.7477979695
1784244783.9030294418 -1.1394920619 -0.0647258442 -0.4241925999 0.8582622508 3.4091461267 0.8630247152 1.4553614296 -1.8835098000
1784244783.9090282917 -1.1374467542 -0.0571509656 -0.4146596694 0.8672956932 3.4545888070 0.5644060082 1.4091953120 -1.9278722252
1784244783.9169986248 -1.1358397267 -0.0514222940 -0.4075897928 0.8744542702 3.4506351170 0.4301348669 1.4208361175 -1.9671838751
1784244783.9250314236 -1.1340866058 -0.0455578719 -0.4002918556 0.8816980684 3.2864353948 -0.2642644401 1.2436334338 -2.1074492909
1784244783.9330294132 -1.1313838778 -0.0365440379 -0.3889800529 0.8924359339 3.2463362080 -0.5165583912 1.2392399363 -2.1109665382
1784244783.9409935474 -1.1291924766 -0.0288605589 -0.3793558982 0.9012989340 3.2889884213 -1.0124412752 1.2266302845 -2.0530073053
1784244783.9507412910 -1.1268915055 -0.0212856803 -0.3701878646 0.9104175976 3.4799587558 -1.2122537616 1.3501055710 -1.9300027469
1784244783.9587571621 -1.1246270576 -0.0137108017 -0.3608373826 0.9191953766 3.4833295251 -1.8044150432 1.3400897750 -1.9431639649
1784244783.9667432308 -1.1222530397 -0.0058644221 -0.3512132279 0.9283140401 3.5489199829 -2.0319973361 1.3626940181 -1.9710673263
1784244783.9729747772 -1.1199520686 0.0017104565 -0.3419539701 0.9371770402 3.5266904092 -2.2610102117 1.3883197826 -2.0619326170
1784244783.9810290337 -1.1180893776 0.0075748786 -0.3347472571 0.9444208384 3.4155496413 -2.9500914204 1.3217060667 -2.3353360080
1784244783.9890317917 -1.1152040328 0.0167244631 -0.3233898423 0.9557552520 3.4043405927 -2.8405140029 1.4460639461 -2.4175788774
1784244783.9970340729 -1.1126839215 0.0240006906 -0.3146323176 0.9653000214 3.4724408203 -2.8250644714 1.6453184411 -2.4874213954
1784244784.0067884922 -1.1102368569 0.0313855184 -0.3056923446 0.9748447907 3.4698035509 -3.1868002249 1.8258970681 -2.6119483250
1784244784.0149612427 -1.1076802223 0.0388789467 -0.2967523715 0.9845600024 3.4969656504 -3.6686870743 1.8337314287 -2.7122340633
1784244784.0248208046 -1.1046487840 0.0478927807 -0.2856230173 0.9960648583 3.6694119422 -3.8198689092 1.8741856505 -2.6809686929
1784244784.0329957008 -1.1021286727 0.0553590589 -0.2764549837 1.0056096276 3.8153944848 -4.3898957674 1.8004137564 -2.7449328455
1784244784.0427920818 -1.0991702812 0.0644814933 -0.2649607326 1.0171997047 4.0176885533 -4.5595048313 1.7526245238 -2.6810585311
1784244784.0508518219 -1.0967232166 0.0718663212 -0.2554734142 1.0266592529 4.0823316939 -4.7279421503 1.7478138486 -2.6665474489
1784244784.0588691235 -1.0942396287 0.0791153985 -0.2463053806 1.0359483588 4.0003008165 -5.2109700654 1.6990627275 -2.7735057594
1784244784.0668799877 -1.0917195174 0.0865545266 -0.2367268380 1.0456635704 4.0019136040 -5.6209496972 1.5610577871 -2.8468744269
1784244784.0749981403 -1.0892359295 0.0938579041 -0.2270114591 1.0552083398 4.0486328893 -5.7678874921 1.5125420086 -2.9981540861
1784244784.0830333233 -1.0867158182 0.1009440809 -0.2175697529 1.0650939937 3.7872850317 -6.7598713177 1.3177048456 -3.2117625342
1784244784.0927009583 -1.0836478566 0.1097135640 -0.2058474412 1.0767692919 4.1038942892 -6.3021069579 1.4033371471 -3.1547435090
1784244784.1007122993 -1.0810181752 0.1167997407 -0.1964057350 1.0865697248 4.1378130449 -6.7443024699 1.3999880605 -3.1551787517
1784244784.1086127758 -1.0784250172 0.1241574185 -0.1865991318 1.0961144941 4.1107070199 -7.0704118516 1.4419718113 -3.1713195069
1784244784.1149961948 -1.0758318592 0.1312978954 -0.1773398740 1.1055740423 4.1085131454 -7.2918022839 1.5573196272 -3.1118775174
1784244784.1247899532 -1.0736769815 0.1368636664 -0.1700875489 1.1134143885 3.7364222103 -8.3637992995 1.3723618294 -3.3268486660
1784244784.1328740120 -1.0703533564 0.1455516992 -0.1585020736 1.1253453502 4.0341324985 -7.8935462024 1.5282204171 -3.3656126311
1784244784.1409943104 -1.0676871517 0.1524749753 -0.1492428158 1.1351457830 4.0827594436 -7.7373441705 1.6745370710 -3.4689079435
1784244784.1507911682 -1.0649844237 0.1591810506 -0.1402572306 1.1452018793 4.0578954098 -8.2289117326 1.6695923227 -3.6140477202
1784244784.1588830948 -1.0616973220 0.1676247325 -0.1288998158 1.1573032833 4.1414877763 -8.3135124909 1.7074721837 -3.6727864950
1784244784.1670348644 -1.0590311173 0.1744122581 -0.1195037217 1.1672741584 4.3791114626 -8.7434494128 1.6305638823 -3.7136007787
1784244784.1767432690 -1.0559266323 0.1827473395 -0.1077814101 1.1790346778 4.5830664086 -8.7491445791 1.7116380531 -3.5681997519
1784244784.1847085953 -1.0532969510 0.1894805649 -0.0983853159 1.1890055529 4.6086655567 -8.8566590163 1.7374422408 -3.4937290125
1784244784.1927502155 -1.0506672696 0.1961051899 -0.0889892218 1.1986355434 4.6730523602 -9.2526744954 1.7124653327 -3.4830912489
1784244784.2007827759 -1.0480375883 0.2029470157 -0.0792282308 1.2085211974 4.5531606135 -9.6417929533 1.6483318397 -3.5090050613
1784244784.2088558674 -1.0454079069 0.2094630403 -0.0698321366 1.2181511879 4.6010813991 -9.6469277113 1.7271753137 -3.5171701742
1784244784.2169597149 -1.0426321322 0.2160876653 -0.0602535940 1.2282925053 4.5961710605 -10.1127349333 1.6537905292 -3.6402387897
1784244784.2267141342 -1.0393450305 0.2241240956 -0.0485768945 1.2406495728 4.7158903336 -9.9848339021 1.7813881899 -3.6753396211
1784244784.2347660065 -1.0366788258 0.2305586699 -0.0391351882 1.2505352267 4.6115147648 -10.3710640215 1.7524172345 -3.7765620359
1784244784.2427430153 -1.0338665277 0.2371289947 -0.0292829730 1.2608469865 4.5340189984 -10.6085955710 1.7231560015 -3.8056078177
1784244784.2506358624 -1.0310542296 0.2435635690 -0.0196588183 1.2709030828 4.4988439552 -11.0606564257 1.6088963467 -3.8427357129
1784244784.2570319176 -1.0283149782 0.2499981433 -0.0098522152 1.2807887367 4.5613085890 -11.0994342966 1.6247380189 -3.8842979590
1784244784.2667510509 -1.0255392034 0.2563784173 0.0000456121 1.2907596119 4.3826960249 -11.1813429185 1.6371917771 -3.8325650079
1784244784.2748839855 -1.0225808119 0.2625957908 0.0096697668 1.3011565927 4.2466822218 -11.3809227417 1.6872796947 -3.9120576592
1784244784.2829985619 -1.0196589437 0.2689489148 0.0193395336 1.3114683525 4.2541350947 -11.6697757081 1.7170739536 -3.9694620640
1784244784.2927582264 -1.0161527019 0.2764423430 0.0308337847 1.3236549776 4.4069036929 -11.7870068461 1.8402039444 -3.9031410147
1784244784.3007140160 -1.0133038805 0.2826325664 0.0404123273 1.3337110739 4.4219513420 -11.7937149773 1.9402496869 -3.8709032813
1784244784.3087632656 -1.0103820123 0.2885512887 0.0497171972 1.3435115067 4.3136719161 -11.8393754386 2.0315539131 -3.8651647046
1784244784.3166446686 -1.0073505741 0.2944428610 0.0589764550 1.3536528242 4.2767930809 -12.0937933925 2.0640881984 -3.9035178516
1784244784.3247566223 -1.0045017526 0.3003344332 0.0682357128 1.3637941416 4.4062330861 -12.4378983964 2.1195838770 -3.9087267015
1784244784.3327691555 -1.0015433611 0.3064160561 0.0778142554 1.3739354590 4.5229724850 -12.5913262776 2.1168237551 -3.8639917354
1784244784.3407003880 -0.9986945396 0.3122261781 0.0872103496 1.3837358918 4.3756465762 -13.0234066437 2.0475069219 -3.9624842308
1784244784.3488414288 -0.9958822415 0.3181177503 0.0966520558 1.3938772093 4.5453567329 -12.9553227942 2.1554001821 -3.9095472042
1784244784.3569755554 -0.9929238500 0.3237921217 0.1058200894 1.4041037478 4.3788381752 -13.1675449079 2.1602245044 -3.9906002387
1784244784.3668329716 -0.9892715148 0.3306882477 0.1172231163 1.4164608153 4.3354452945 -13.3190948342 2.2095749374 -3.9939224814
1784244784.3748519421 -0.9862035532 0.3364712195 0.1266648226 1.4268577962 4.2955422431 -13.6943914621 2.1708134086 -4.0493327648
1784244784.3828377724 -0.9832451617 0.3421455910 0.1361065288 1.4369138925 4.2000143794 -13.7510399106 2.1770261169 -4.0578368252
1784244784.3908002377 -0.9802137235 0.3475756114 0.1453201745 1.4471404311 4.3061405227 -13.9477882202 2.1876520944 -4.0224844110
1784244784.3987140656 -0.9772918553 0.3530870822 0.1545794324 1.4570260850 4.2426397579 -14.3932346265 2.0965958668 -4.1103319112
1784244784.4067854881 -0.9743699871 0.3585171027 0.1638843023 1.4669117390 4.1007266108 -14.5855684057 2.1005603272 -4.1048138603
1784244784.4148800373 -0.9713020255 0.3640828737 0.1733260086 1.4768826141 4.2406857131 -14.3873509681 2.3001431195 -3.9349429265
1784244784.4230062962 -0.9683071107 0.3694042938 0.1822659816 1.4867682681 3.9831631037 -14.6350304756 2.3661145649 -3.9888693008
1784244784.4327189922 -0.9644356354 0.3758931683 0.1931672753 1.4988696721 3.9427190100 -14.5016108886 2.6007950740 -3.9279111529
1784244784.4407260418 -0.9613311504 0.3811602882 0.2021072484 1.5090109895 3.9193403177 -14.5426613476 2.7614777470 -3.8378429189
1784244784.4487035275 -0.9581170954 0.3862102072 0.2106823246 1.5188114223 3.9380202456 -14.4782897216 2.9358137202 -3.7853436414
1784244784.4550042152 -0.9550126105 0.3911515259 0.2191661766 1.5285266340 3.9388870266 -14.8040181903 2.9588687061 -3.8543296046
1784244784.4647200108 -0.9526020693 0.3952511913 0.2262360533 1.5367078648 3.9262115221 -15.1065525914 2.8867324871 -3.8868857466
1784244784.4727592468 -0.9488766874 0.4011427636 0.2367724501 1.5484683842 4.0809944436 -15.2381546205 2.8448647404 -3.8045525482
1784244784.4790561199 -0.9458452491 0.4061655325 0.2458492595 1.5581835959 4.0118705585 -15.4358837730 2.8496797141 -3.8734752516
1784244784.4887583256 -0.9428138109 0.4110797011 0.2545611720 1.5684101345 4.0107991795 -15.5238097944 2.9188139863 -3.7780842413
1784244784.4967076778 -0.9396362793 0.4158852692 0.2632730846 1.5782105673 4.0013441511 -15.6972262256 2.9631164604 -3.7001318278
1784244784.5046863556 -0.9365683177 0.4207722876 0.2719393850 1.5878405578 3.9029689346 -15.9420860674 3.0097090429 -3.7722810321
1784244784.5127384663 -0.9334638328 0.4255507057 0.2803320128 1.5980670964 3.7618890835 -15.8636690049 3.2160194219 -3.7319871767
1784244784.5207419395 -0.9302132544 0.4301933732 0.2885878043 1.6078675292 3.6369709852 -16.0144542436 3.3460082907 -3.7280206273
1784244784.5286979675 -0.9269991995 0.4349174910 0.2968892078 1.6177531831 3.7140198020 -16.1702671713 3.4663109950 -3.7138383524
1784244784.5350143909 -0.9239312379 0.4395058583 0.3049625509 1.6274683948 3.7015681001 -16.3141387756 3.5006803239 -3.6869294410
1784244784.5447008610 -0.9208267530 0.4439856252 0.3130358939 1.6371836064 3.8541106532 -16.3221634024 3.6056929530 -3.5867702257
1784244784.5527110100 -0.9177587914 0.4485739925 0.3214741338 1.6467283758 3.8770221263 -16.5142841172 3.6311458618 -3.5792729413
1784244784.5606663227 -0.9147273532 0.4530537594 0.3296387010 1.6566992509 3.9413703735 -16.7278376018 3.5891255663 -3.5737517498
1784244784.5687620640 -0.9117689616 0.4574520760 0.3379401046 1.6664144626 4.0837866644 -16.9267589872 3.5024656769 -3.5417426834
1784244784.5767681599 -0.9088470935 0.4619318429 0.3466520171 1.6760444531 4.0323146628 -16.9460990754 3.4625806660 -3.5530288766
1784244784.5848026276 -0.9058521786 0.4661944090 0.3549990328 1.6859301070 4.0808161416 -17.1026531347 3.4565676982 -3.6000283560
1784244784.5927953720 -0.9029668338 0.4705384254 0.3633004364 1.6956453187 3.8806233543 -17.0994457053 3.5080078143 -3.6233207960
1784244784.6008872986 -0.8999353956 0.4746380909 0.3713737794 1.7055309727 3.5066125602 -17.5465801970 3.4108605165 -3.7699459643
1784244784.6090335846 -0.8968674340 0.4788463567 0.3794471224 1.7151609632 3.5235337226 -17.1644452202 3.7174601206 -3.6327234001
1784244784.6187677383 -0.8931055287 0.4835433245 0.3885239318 1.7270067037 3.5868675929 -16.9425623011 4.0324531439 -3.5740906226
1784244784.6249787807 -0.8901106138 0.4874529392 0.3960043175 1.7368071365 3.5188326771 -17.0549290209 4.1486364687 -3.5221552718
1784244784.6329386234 -0.8876270259 0.4904123004 0.4017970551 1.7442213770 3.3041148543 -17.1991011853 4.1969048438 -3.6017430750
1784244784.6410365105 -0.8845955877 0.4940504141 0.4090949923 1.7537661463 3.4262145684 -17.1623281384 4.2414889187 -3.5985175203
1784244784.6506555080 -0.8811258692 0.4984215806 0.4180805775 1.7651005599 3.3252021747 -17.3199878192 4.2277314496 -3.6226810018
1784244784.6587924957 -0.8781309544 0.5019239438 0.4255153510 1.7744748870 3.3569738445 -17.2408511575 4.3057059455 -3.4982930717
1784244784.6667630672 -0.8752821329 0.5055349074 0.4332237972 1.7839344352 3.7146618768 -17.1882313533 4.3383318238 -3.2248710009
1784244784.6730048656 -0.8723602647 0.5089286702 0.4408410191 1.7928826564 3.6967854581 -17.3167849729 4.2647199036 -3.1410758460
1784244784.6809480190 -0.8695479666 0.5122409827 0.4485038532 1.8020013200 3.6847407353 -17.2980730620 4.2067237452 -3.0732559998
1784244784.6907844543 -0.8672835188 0.5148202425 0.4545702635 1.8091598970 3.3033821428 -17.7141057048 4.0460469109 -3.2580328269
1784244784.6988282204 -0.8638503237 0.5187841574 0.4641488061 1.8204090894 3.7747997713 -17.3213654228 4.0861579741 -3.0979395494
1784244784.7068061829 -0.8611475956 0.5219335693 0.4717204159 1.8296981953 3.6010361467 -17.3150627189 4.1207202489 -3.1234762763
1784244784.7148509026 -0.8582257275 0.5250286810 0.4793832500 1.8390725224 3.4712349753 -17.2685425221 4.1534386184 -3.1141163674
1784244784.7228512764 -0.8553769060 0.5279065919 0.4867724114 1.8481059648 3.4381954901 -17.2712115973 4.2402961874 -3.0943837984
1784244784.7308485508 -0.8526011312 0.5307845027 0.4939791244 1.8573098495 3.4553867371 -17.1983788387 4.3466505447 -3.1364646025
1784244784.7387528419 -0.8498253565 0.5335809633 0.5012314495 1.8667693977 3.1987953369 -17.4934781021 4.2639304751 -3.2672727992
1784244784.7468035221 -0.8468304416 0.5362145232 0.5084837746 1.8756323978 3.2360604668 -17.0252087357 4.4476755647 -3.0541379919
1784244784.7549426556 -0.8440546669 0.5387666328 0.5156904876 1.8846658402 3.3297060200 -17.2001679646 4.4362004870 -3.0458940757
1784244784.7647793293 -0.8413154155 0.5414001928 0.5230340369 1.8939549461 3.2823122845 -17.1739046761 4.3609425788 -3.0245307843
1784244784.7727668285 -0.8378822204 0.5443867040 0.5321564584 1.9047780328 3.3013476354 -17.1843957194 4.2935805738 -2.9498934711
1784244784.7806520462 -0.8351429689 0.5468573634 0.5397736803 1.9136410329 3.1861445118 -17.3074990077 4.2752571019 -2.9170210630
1784244784.7869877815 -0.8324767642 0.5491922722 0.5469803933 1.9225892542 3.3235858727 -17.2216050431 4.3298722099 -2.8026232359
1784244784.7966394424 -0.8302853631 0.5509027286 0.5526819068 1.9294069465 3.0314230115 -17.4629175934 4.1774442938 -2.9052658486
1784244784.8046407700 -0.8269617381 0.5534548382 0.5616218799 1.9397187063 3.0171019298 -17.1305447019 4.2321576613 -2.7859683449
1784244784.8127007484 -0.8243320567 0.5556811466 0.5689198171 1.9487521487 3.2033544588 -17.0229043783 4.3208803180 -2.6875888568
1784244784.8207771778 -0.8216658520 0.5575816538 0.5761265300 1.9571890430 3.0941281493 -16.9594176106 4.3232678439 -2.5798723353
1784244784.8270053864 -0.8189631240 0.5594821610 0.5834244672 1.9656259374 2.8917580252 -17.0355230161 4.3592709362 -2.5807998728
1784244784.8350045681 -0.8162969193 0.5613283680 0.5903575076 1.9745741586 2.9821386595 -16.9223657686 4.4407854505 -2.5725685835
1784244784.8447620869 -0.8136307146 0.5629302240 0.5972449358 1.9830110530 3.0164248896 -16.7227624951 4.5618121877 -2.5222358111
1784244784.8510053158 -0.8110010332 0.5645320800 0.6041323641 1.9915331684 2.8297521682 -16.7446460873 4.6130513809 -2.5612792137
1784244784.8606653214 -0.8084078752 0.5660253357 0.6108373439 2.0003961686 2.8476257294 -16.5005663509 4.7484482641 -2.5379909082
1784244784.8687255383 -0.8057051472 0.5673828408 0.6174054873 2.0087478417 2.8364176016 -16.4134491409 4.8309161976 -2.5131635527
1784244784.8766686916 -0.8031485125 0.5686860457 0.6239736308 2.0171847361 2.6727441045 -16.4548135697 4.8423493496 -2.5002122198
1784244784.8846673965 -0.8004823078 0.5699892506 0.6307242227 2.0257068516 2.6463651204 -16.4442077410 4.8129214047 -2.5152206225
1784244784.8927469254 -0.7979987199 0.5711024048 0.6372467541 2.0340585247 2.7764990853 -16.3092761995 4.8588433578 -2.4662559040
1784244784.9008774757 -0.7955151319 0.5722155590 0.6437692855 2.0424101979 2.7670308840 -16.3958858732 4.8271515566 -2.4606322887
1784244784.9109485149 -0.7930315440 0.5733015631 0.6505198774 2.0508470922 2.7997109304 -16.3556574987 4.8162255488 -2.4577361919
1784244784.9190018177 -0.7899635824 0.5745504678 0.6587300568 2.0612440731 2.6975813246 -16.3194462545 4.7993808081 -2.5154542977
1784244784.9269318581 -0.7875530412 0.5753921210 0.6650701397 2.0695105252 2.6541781599 -16.3882747930 4.7830223594 -2.5764575552
1784244784.9348933697 -0.7852885933 0.5762066241 0.6712733863 2.0775213137 2.6041370301 -16.3502965057 4.8021488951 -2.5371022165
1784244784.9429082870 -0.7829876222 0.5769668270 0.6773854087 2.0852764388 2.6215344176 -16.3499832225 4.8937323830 -2.4786881823
1784244784.9508864880 -0.7807596977 0.5776727296 0.6833149827 2.0932020062 2.6741475354 -16.2066700917 4.9850164446 -2.4157035984
1784244784.9588050842 -0.7784952499 0.5781885816 0.6891989446 2.1010423525 2.7897770276 -16.1642282666 5.0690261874 -2.3130867284
1784244784.9667487144 -0.7763768954 0.5787044335 0.6949916822 2.1085418141 2.9416056457 -16.2098518076 5.1415540273 -2.2157713068
1784244784.9747049809 -0.7743315877 0.5791931354 0.7007388078 2.1162117180 3.0035914371 -16.1568896986 5.1902248974 -2.1330378849
1784244784.9810075760 -0.7723228033 0.5796003869 0.7065315454 2.1235407374 2.9449907342 -16.0613935801 5.1882271440 -2.0881838382
1784244784.9906675816 -0.7702774956 0.5798990380 0.7123242831 2.1311254201 3.0108323825 -16.0141178661 5.2079638938 -1.9926255523
1784244784.9986994267 -0.7683052346 0.5801705391 0.7182538571 2.1387953241 3.2107118515 -16.0019906266 5.2069917678 -1.9361059266
1784244785.0050072670 -0.7665155904 0.5803334397 0.7240009826 2.1461243434 3.2027961108 -16.0506905427 5.1321001276 -1.9603303604
1784244785.0130226612 -0.7647259461 0.5804691902 0.7298849445 2.1536238050 3.2372240462 -15.9036740714 5.0800094259 -1.9703054202
1784244785.0226562023 -0.7630093486 0.5805777906 0.7358145185 2.1612937090 3.2848483018 -15.8876627931 5.0403576944 -1.9915386566
1784244785.0306544304 -0.7612197043 0.5804691902 0.7418353166 2.1687079495 3.1888240188 -15.8484815244 4.9880812641 -2.0187152778
1784244785.0386569500 -0.7594300601 0.5803605898 0.7475824422 2.1762074111 3.0758950531 -15.6261092556 4.9626300577 -2.0329627867
1784244785.0466532707 -0.7576769392 0.5801976892 0.7534207920 2.1837920939 3.0076236091 -15.6351260997 4.9538225722 -2.0661704479
1784244785.0546531677 -0.7559603416 0.5797904376 0.7593047538 2.1912063343 3.0883575371 -15.5332721285 4.9231702309 -2.0814606497
1784244785.0626523495 -0.7543533141 0.5794374863 0.7650062673 2.1984501325 3.0743702980 -15.3819466975 4.8944687591 -2.0748306596
1784244785.0689065456 -0.7527828100 0.5789759345 0.7708902291 2.2059495941 3.0778052206 -15.2392377752 4.8450527636 -2.0723362433
1784244785.0786550045 -0.7514679693 0.5784600826 0.7755882762 2.2116594115 3.0666307175 -15.1947380946 4.7180312910 -2.1025762525
1784244785.0866529942 -0.7496418017 0.5776998797 0.7826125408 2.2201815270 3.0681432188 -15.0914462808 4.6818374998 -2.0542662669
1784244785.0930111408 -0.7481808676 0.5770482773 0.7885421147 2.2272548829 3.0633318025 -14.9635091066 4.6379355238 -1.9808678148
1784244785.1009945869 -0.7466468868 0.5761794740 0.7943804645 2.2340725752 3.0322411143 -14.8303987418 4.6187188339 -1.9250242130
1784244785.1107277870 -0.7455146629 0.5754735713 0.7988504510 2.2394415080 2.9620692411 -14.6584741955 4.6382685203 -1.9429626464
1784244785.1186757088 -0.7438345887 0.5742789668 0.8054185945 2.2477931812 2.9571633519 -14.4976957613 4.6608388104 -1.8736814612
1784244785.1266601086 -0.7424101780 0.5731386625 0.8108920474 2.2543552101 2.8898446705 -14.4638527769 4.7157725777 -1.8052265076
1784244785.1346480846 -0.7410222906 0.5720255083 0.8161374398 2.2608320179 2.8114283359 -14.4013801696 4.7742290081 -1.7564580184
1784244785.1426692009 -0.7397074499 0.5708580539 0.8214740564 2.2674792680 2.7861840522 -14.4160561067 4.8171750677 -1.6770918120
1784244785.1490261555 -0.7383560859 0.5696091492 0.8268562851 2.2738708546 2.7643364515 -14.3866185262 4.8035291799 -1.6771337585
1784244785.1569795609 -0.7370777686 0.5683602445 0.8320560653 2.2802624412 2.7841107465 -14.2612783415 4.7908006770 -1.6932092349
1784244785.1650183201 -0.7361281614 0.5672199402 0.8363436034 2.2856313739 2.7765411766 -14.2789962365 4.7084895704 -1.8169585486
1784244785.1746587753 -0.7347402740 0.5656452342 0.8425468500 2.2933864990 2.8708548045 -14.3577392104 4.7334504982 -1.8225724217
1784244785.1827166080 -0.7336445735 0.5643148792 0.8476097940 2.2996928645 2.8705298332 -14.3083613735 4.7633992052 -1.7895259153
1784244785.1907100677 -0.7325488729 0.5628216236 0.8527639621 2.3061696723 2.8333870985 -14.3940591647 4.7826820115 -1.7774887404
1784244785.1986918449 -0.7314896957 0.5614098183 0.8576900697 2.3123908166 2.8063054868 -14.3356945156 4.7821620425 -1.7901390843
1784244785.2066931725 -0.7304670419 0.5598622624 0.8625705652 2.3184415186 2.7716433856 -14.2069656445 4.7768210309 -1.7804309926
1784244785.2130115032 -0.7295539580 0.5583418567 0.8674054486 2.3245774417 2.8489560467 -14.2291216137 4.8032934491 -1.6912626193
1784244785.2227773666 -0.7288234910 0.5570115017 0.8713737020 2.3292646052 2.9011405716 -14.0048448275 4.6847987608 -1.7467436623
1784244785.2307519913 -0.7278373605 0.5549209438 0.8774401123 2.3366788457 2.9162529906 -13.9220207542 4.6478432618 -1.7577260916
1784244785.2386651039 -0.7270703701 0.5532104873 0.8822293836 2.3423886631 2.9514340022 -13.9278965918 4.6626366178 -1.6826969481
1784244785.2466835976 -0.7263399031 0.5513914305 0.8870186549 2.3481837016 2.9087386013 -13.8382146463 4.6253562560 -1.6802327174
1784244785.2546555996 -0.7256459594 0.5494637732 0.8918079262 2.3537230767 2.9209792060 -13.6785300314 4.6194133420 -1.6231759746
1784244785.2626576424 -0.7249885390 0.5474818157 0.8965059732 2.3594328941 2.8928441876 -13.5582016998 4.6305075574 -1.5969615621
1784244785.2706570625 -0.7243311187 0.5453369576 0.9012040203 2.3649722691 2.8374193101 -13.4240940998 4.6144355285 -1.5575008918
1784244785.2786474228 -0.7237467451 0.5431649494 0.9059476795 2.3704264231 2.8048741337 -13.2151057014 4.5506010136 -1.5469179267
1784244785.2866613865 -0.7231623714 0.5409929412 0.9106001145 2.3760510193 2.7758410627 -13.2404572810 4.5416152908 -1.5309139948
1784244785.2930169106 -0.7226145212 0.5386037322 0.9154349979 2.3815051732 2.7684897289 -13.0514357529 4.4840320082 -1.5618384855
1784244785.3026635647 -0.7221031942 0.5362688234 0.9201786570 2.3867888848 2.7050982923 -12.9259300273 4.4040249831 -1.5883221850
1784244785.3106932640 -0.7216649140 0.5339067645 0.9247854799 2.3923282599 2.6879570208 -12.8624034366 4.3836829962 -1.6069285422
1784244785.3187134266 -0.7211901104 0.5313546549 0.9295291391 2.3976119715 2.6578230829 -12.8822555440 4.3882341050 -1.6312977605
1784244785.3266947269 -0.7208248769 0.5289111456 0.9339991256 2.4028956831 2.5591461293 -12.7213163013 4.3757733084 -1.7090932270
1784244785.3346574306 -0.7203865967 0.5263590360 0.9382866637 2.4082646158 2.5319818313 -12.7746663812 4.4394200592 -1.6949505686
1784244785.3409593105 -0.7200213632 0.5237526262 0.9425742018 2.4133778851 2.4531277523 -12.7856171630 4.4812997863 -1.6927141094
1784244785.3506467342 -0.7197291763 0.5217706687 0.9459038857 2.4173832794 2.4383134971 -12.6954712929 4.4302850046 -1.7529266308
1784244785.3587186337 -0.7194004662 0.5187298572 0.9509212175 2.4234339814 2.5243090862 -12.9228964544 4.4605329860 -1.6548203245
1784244785.3666634560 -0.7191813261 0.5161777476 0.9552087556 2.4282915872 2.4905260912 -12.9238640143 4.4085471847 -1.6504238617
1784244785.3730125427 -0.7189987093 0.5136527881 0.9594506816 2.4329787507 2.4867396149 -12.9274073853 4.3402212893 -1.6205137907
1784244785.3826489449 -0.7188526159 0.5111549786 0.9635557713 2.4378363566 2.4733386014 -13.0875841237 4.3458540618 -1.5924143014
1784244785.3906736374 -0.7187795692 0.5086300191 0.9677976973 2.4425235201 2.4466999257 -13.1475552651 4.2971729331 -1.5702296101
1784244785.3986601830 -0.7186699991 0.5061050596 0.9720396233 2.4469550201 2.3842976268 -13.1253827711 4.2119664439 -1.5439089302
1784244785.4066593647 -0.7185969524 0.5035801001 0.9761903251 2.4515569625 2.3042312455 -13.2132581093 4.1863621614 -1.5308548120
1784244785.4146642685 -0.7185969524 0.5009736902 0.9804778632 2.4559884626 2.2061891814 -13.1297970073 4.1240019536 -1.5651250179
1784244785.4227213860 -0.7185239057 0.4983944305 0.9847197892 2.4604199626 2.1062586312 -12.9871959752 3.9959181598 -1.5857355868
1784244785.4290134907 -0.7184873824 0.4957065704 0.9890529394 2.4648514627 2.0721081574 -12.9641581582 3.8920627385 -1.6000158388
1784244785.4387626648 -0.7185239057 0.4929644100 0.9935685380 2.4691977416 1.9247426626 -12.9151337806 3.7698662885 -1.6075181678
1784244785.4468703270 -0.7184873824 0.4902222497 0.9979929125 2.4734587993 1.8236209019 -12.7470586585 3.6234228637 -1.6245310831
1784244785.4548130035 -0.7184873824 0.4873714889 1.0025997353 2.4777198571 1.7437999749 -12.7116660837 3.5205051484 -1.6666613551
1784244785.4628081322 -0.7184873824 0.4845750284 1.0071153340 2.4818956936 1.5962028599 -12.5262226827 3.3898234904 -1.6740350140
1784244785.4708147049 -0.7184873824 0.4816156672 1.0117221568 2.4859010879 1.4989490434 -12.5151446258 3.3201412437 -1.6496170107
1784244785.4787309170 -0.7184873824 0.4787377563 1.0161921434 2.4897360399 1.3770630464 -12.4369630765 3.2445699025 -1.6407865665
1784244785.4866864681 -0.7185239057 0.4758326954 1.0206165178 2.4935709919 1.2410857664 -12.4258783663 3.1944053785 -1.6317184916
1784244785.4930138588 -0.7185239057 0.4728733342 1.0250408922 2.4973207227 1.1262717706 -12.3571772254 3.1575417897 -1.6201489687
1784244785.5010142326 -0.7185239057 0.4699411231 1.0293284303 2.5010704535 1.0279235181 -12.4047663000 3.1608924563 -1.6006349826
1784244785.5106840134 -0.7185604291 0.4669817620 1.0336615805 2.5047349632 0.9156413964 -12.4821144477 3.1820788830 -1.6037577770
1784244785.5186495781 -0.7185604291 0.4640224008 1.0378122823 2.5083142517 0.7664854572 -12.5320925506 3.1983401625 -1.6171351759
1784244785.5267469883 -0.7185604291 0.4611716401 1.0418717599 2.5119787613 0.5893855438 -12.7134693962 3.2466735642 -1.6348515829
1784244785.5347220898 -0.7185604291 0.4582937292 1.0459768496 2.5154728287 0.4974173359 -12.7888272522 3.2401183048 -1.6590931212
1784244785.5428214073 -0.7185969524 0.4554429684 1.0500363271 2.5189668960 0.4106844520 -12.8091909664 3.2136534176 -1.6895742963
1784244785.5508112907 -0.7186334758 0.4525650576 1.0541414168 2.5224609634 0.2713361282 -12.8292003509 3.1802858432 -1.7118064320
1784244785.5588769913 -0.7186334758 0.4497957471 1.0580640581 2.5256993673 0.1550176641 -12.7650595150 3.1310455571 -1.7262109598
1784244785.5687479973 -0.7186699991 0.4462662338 1.0629901657 2.5298752038 0.0688538797 -12.7715911875 3.0978591847 -1.7286564320
1784244785.5750198364 -0.7187065225 0.4433340228 1.0670952553 2.5331136077 -0.0751302916 -12.7822547103 3.0345914170 -1.7668991904
1784244785.5846605301 -0.7187430458 0.4405375622 1.0710635087 2.5363520116 -0.2094330342 -12.7014884517 2.9383995935 -1.7972315275
1784244785.5926697254 -0.7187430458 0.4376325012 1.0752142105 2.5395904155 -0.3250222269 -12.7146697039 2.8609605907 -1.7912010367
1784244785.6007151604 -0.7188160925 0.4346731401 1.0794561365 2.5426583771 -0.4354956085 -12.6831128442 2.7967113852 -1.8243882797
1784244785.6086995602 -0.7188526159 0.4317409290 1.0835612262 2.5456411175 -0.5558918813 -12.4467411399 2.6931695809 -1.8566551185
1784244785.6166763306 -0.7188526159 0.4287001175 1.0876663158 2.5487090791 -0.6857465132 -12.3366789607 2.6310934678 -1.8756669926
1784244785.6246685982 -0.7188891392 0.4256050059 1.0917714055 2.5516065983 -0.7791141978 -12.2199012840 2.5830106805 -1.8869387314
1784244785.6310129166 -0.7189621859 0.4224827441 1.0959221073 2.5545041176 -0.9148207038 -12.0344198723 2.4961385764 -1.9140192654
1784244785.6407229900 -0.7189987093 0.4199306344 1.0992061790 2.5568050888 -1.0712123622 -11.8294014949 2.4520744213 -1.9375600834
1784244785.6487131119 -0.7190352326 0.4160753199 1.1039498382 2.5600434927 -1.1451409236 -11.7967922701 2.4797455591 -1.9383396961
1784244785.6550135612 -0.7190717560 0.4128987579 1.1077356431 2.5626853485 -1.2623959401 -11.7338164324 2.4889003120 -1.9598608633
1784244785.6646623611 -0.7191082793 0.4096950458 1.1113846117 2.5654124254 -1.3684683199 -11.7308159342 2.5544706298 -1.9736927924
1784244785.6727242470 -0.7191813261 0.4064641836 1.1149879682 2.5679690601 -1.4689173711 -11.8257236763 2.6324667514 -1.9648621300
1784244785.6806781292 -0.7192543728 0.4032876217 1.1185913247 2.5703552524 -1.5507919661 -11.7106330528 2.6276143367 -1.9611245895
1784244785.6869990826 -0.7193639428 0.4001382098 1.1220578449 2.5728266659 -1.5996230702 -11.7867744801 2.6657756770 -1.9488136834
1784244785.6966605186 -0.7194735129 0.3975861001 1.1248857956 2.5746163102 -1.6880272425 -11.6618862369 2.6367797835 -1.9953997400
1784244785.7046830654 -0.7195830829 0.3939479864 1.1288996610 2.5773433871 -1.7713726929 -11.7392943182 2.6223972131 -1.9590056369
1784244785.7109656334 -0.7197291763 0.3908528747 1.1322749570 2.5793886948 -1.8491255393 -11.8920917689 2.6321547483 -1.9519041937
1784244785.7189028263 -0.7198387464 0.3884093655 1.1350116834 2.5811783391 -1.9501022821 -11.8203708076 2.5885120592 -1.9884257651
1784244785.7268188000 -0.7199848398 0.3853685540 1.1383869794 2.5832236468 -2.0192393693 -11.8135178702 2.5494827515 -1.9908826567
1784244785.7347226143 -0.7201674566 0.3823548927 1.1417166632 2.5851837334 -2.0967392549 -11.8611787248 2.5237725903 -1.9876578463
1784244785.7427237034 -0.7203500733 0.3793412313 1.1450463471 2.5870585988 -2.1994792025 -11.8463414795 2.4809600361 -1.9702035164
1784244785.7506754398 -0.7205326901 0.3762732697 1.1484672552 2.5888482430 -2.2602532168 -11.7075797786 2.4268323441 -1.9808347582
1784244785.7587211132 -0.7207883535 0.3731238578 1.1518425511 2.5906378873 -2.2982033296 -11.4927507941 2.3454194452 -1.9655089100
1784244785.7667109966 -0.7210440170 0.3698658455 1.1554002955 2.5923423104 -2.2979168418 -11.2154811464 2.2827301784 -1.9760204034
1784244785.7747120857 -0.7212996805 0.3666349834 1.1588212036 2.5941319546 -2.4566368487 -11.1430947730 2.2494700799 -1.9816014383
1784244785.7826781273 -0.7215553439 0.3632955208 1.1621508874 2.5956659354 -2.5371485034 -10.8395288932 2.1826222433 -1.9730809097
1784244785.7890136242 -0.7218475308 0.3599017580 1.1655717955 2.5972851374 -2.6041269973 -10.7769501170 2.1640826865 -1.9853038848
1784244785.7986876965 -0.7220666709 0.3571595976 1.1682629098 2.5983930124 -2.6272465721 -10.4143202282 2.1073850329 -2.0320593930
1784244785.8066828251 -0.7224684277 0.3529513317 1.1723223874 2.6001826566 -2.6852592191 -10.2116746044 2.0400604447 -2.0565446695
1784244785.8146405220 -0.7227971379 0.3494218184 1.1756976833 2.6016314163 -2.7242139063 -10.0432641259 2.0101311939 -2.0798396719
1784244785.8210275173 -0.7231258481 0.3458380049 1.1792554277 2.6029097336 -2.8859767148 -10.1939102787 1.9780629340 -2.0793591248
1784244785.8307728767 -0.7234545582 0.3423356417 1.1824938874 2.6041880509 -2.9887472786 -10.1276794655 1.9570862773 -2.0788197324
1784244785.8407075405 -0.7238197918 0.3387518281 1.1858691833 2.6053811471 -3.1139945800 -10.1426065674 1.9905828097 -2.0675998306
1784244785.8486647606 -0.7242215486 0.3344078118 1.1897006004 2.6068299067 -3.1388851160 -9.8536818102 1.9510853380 -2.0875275161
1784244785.8550033569 -0.7245867822 0.3309325986 1.1927109994 2.6080230029 -3.2086578707 -9.9268913744 1.9967939833 -2.1415918560
1784244785.8646645546 -0.7249154923 0.3281632882 1.1951740533 2.6089604356 -3.2502447857 -9.7762655248 1.9768277143 -2.1718216809
1784244785.8727371693 -0.7254268193 0.3240636227 1.1987774097 2.6101535317 -3.2574547323 -9.8517338999 1.9925114811 -2.1827745636
1784244785.8807225227 -0.7259381462 0.3205884096 1.2016965846 2.6110909644 -3.2897922944 -10.0835369936 2.0516134832 -2.1856005649
1784244785.8887698650 -0.7264494731 0.3172760971 1.2045245353 2.6120283971 -3.2516847682 -9.9461761817 2.0404302659 -2.2091098405
1784244785.8967151642 -0.7270338468 0.3138280341 1.2073068739 2.6128806087 -3.2303483318 -9.8510410105 2.0215936693 -2.2250863395
1784244785.9046680927 -0.7276547437 0.3104071212 1.2102260487 2.6136475991 -3.2259839469 -9.7904538505 2.0095991943 -2.2320611075
1784244785.9090027809 -0.7282756407 0.3070405085 1.2130539994 2.6142441472 -3.2476839035 -9.6734575800 1.9695132360 -2.2218663549
1784244785.9186806679 -0.7288234910 0.3044612488 1.2151977685 2.6147554741 -3.2470971933 -9.7081516676 1.9456323194 -2.2122894732
1784244785.9267237186 -0.7295539580 0.3011489363 1.2181169433 2.6151815799 -3.2401606722 -9.5215794887 1.8658693660 -2.1950333561
1784244785.9346818924 -0.7303574718 0.2975922728 1.2210817303 2.6156929068 -3.2685155403 -9.4150803545 1.7935777084 -2.1929690504
1784244785.9426789284 -0.7311244622 0.2941713599 1.2240009052 2.6160337914 -3.3749296174 -9.2352056783 1.7416434288 -2.1802806058
1784244785.9507167339 -0.7318184059 0.2906689967 1.2268744680 2.6163746760 -3.4889158449 -9.0723493118 1.6994834432 -2.1663024589
1784244785.9586923122 -0.7325853963 0.2870851832 1.2297936429 2.6166303395 -3.5841230144 -9.0244592072 1.6775056534 -2.1810569781
1784244785.9667165279 -0.7333523867 0.2836099701 1.2325303693 2.6168860030 -3.6204273720 -8.8088231178 1.6543335053 -2.2182109496
1784244785.9746782780 -0.7341924238 0.2800533067 1.2353127079 2.6171416664 -3.6357855829 -8.6587564262 1.6105108088 -2.2569596961
1784244785.9810276031 -0.7349959375 0.2764694932 1.2381406585 2.6174825511 -3.7076534958 -8.6158475569 1.6072453984 -2.3015634937
1784244785.9907166958 -0.7357629279 0.2729671299 1.2408317729 2.6175677722 -3.8401247014 -8.6395955714 1.6419769615 -2.3459926419
1784244785.9987413883 -0.7365664416 0.2694919168 1.2433860509 2.6178234357 -3.9114921323 -8.6073583776 1.6413635435 -2.3951190736
1784244786.0066826344 -0.7374064787 0.2659624035 1.2461227773 2.6179086568 -3.8808170652 -8.5931423952 1.6622769071 -2.4245130120
1784244786.0130186081 -0.7383195626 0.2625414906 1.2485858312 2.6179938780 -3.8231370948 -8.4780065155 1.6582179455 -2.4493376493
1784244786.0226886272 -0.7390500296 0.2598536305 1.2505471518 2.6180790991 -3.7277703028 -8.0653636866 1.6154156656 -2.4616079135
1784244786.0307796001 -0.7402553002 0.2557539650 1.2535119388 2.6179938780 -3.7430388648 -8.5311463788 1.6884939677 -2.4987649580
1784244786.0388300419 -0.7412779541 0.2524688026 1.2558381563 2.6179938780 -3.7400959474 -8.5153064704 1.6997039649 -2.5283927654
1784244786.0469679832 -0.7423371313 0.2491836402 1.2581643737 2.6179086568 -3.7545602525 -8.4645357213 1.7010215759 -2.5789063941
1784244786.0568211079 -0.7437250187 0.2451654250 1.2610835486 2.6179086568 -3.7578258039 -8.4726337969 1.7309695884 -2.6466865947
1784244786.0647304058 -0.7448572426 0.2418531125 1.2632729298 2.6179086568 -3.7573548985 -8.4495735636 1.7356235535 -2.7152418220
1784244786.0728149414 -0.7459894665 0.2387037007 1.2654623109 2.6178234357 -3.7645285932 -8.4301154334 1.7640203321 -2.7892689087
1784244786.0809030533 -0.7471947371 0.2355271387 1.2675148558 2.6178234357 -3.6853287148 -8.2119610118 1.7595387910 -2.8251262964
1784244786.0888779163 -0.7484365311 0.2322962765 1.2697498490 2.6177382145 -3.6920803193 -8.1810120577 1.7201361632 -2.9180444231
1784244786.0970220566 -0.7497148484 0.2291197145 1.2718936181 2.6176529934 -3.6214548199 -7.9908020314 1.6616628118 -2.9469841540
1784244786.1066825390 -0.7510662124 0.2258888523 1.2741286114 2.6174825511 -3.5065379232 -7.8261568393 1.5847082187 -2.9951888436
1784244786.1147482395 -0.7527462866 0.2220063877 1.2768197257 2.6173121088 -3.3854563774 -7.5201649284 1.5351993311 -3.0013933102
1784244786.1228322983 -0.7541341740 0.2188298257 1.2790547190 2.6171416664 -3.5890888740 -7.6529695347 1.4885356439 -3.1038999269
1784244786.1308715343 -0.7555585847 0.2155175132 1.2813353244 2.6170564453 -3.6467210948 -7.4996406546 1.4785475224 -3.1532624361
1784244786.1388878822 -0.7569829955 0.2122595009 1.2834334813 2.6168860030 -3.6814610581 -7.3513754197 1.4679572647 -3.2097955319
1784244786.1469752789 -0.7584074062 0.2090014886 1.2855316382 2.6167155607 -3.7139570932 -7.1587953182 1.4298556785 -3.2620285241
1784244786.1567416191 -0.7601605271 0.2049832734 1.2881771405 2.6165451184 -3.6449967650 -6.8862861575 1.4021772400 -3.2906094630
1784244786.1648364067 -0.7616579845 0.2016438108 1.2903209095 2.6162894549 -3.7425733752 -6.7488568624 1.4006397082 -3.3338295396
1784244786.1730334759 -0.7631554420 0.1983314983 1.2925102907 2.6160337914 -3.7393881881 -6.4989115858 1.3547545466 -3.3771875918
1784244786.1827373505 -0.7650181329 0.1943404333 1.2951101808 2.6156929068 -3.8987145834 -6.8472112921 1.3584166864 -3.4493796212
1784244786.1907896996 -0.7665155904 0.1911910214 1.2971171136 2.6153520222 -3.8853199973 -6.7191595261 1.3288518917 -3.4583788952
1784244786.1987798214 -0.7680860945 0.1879058590 1.2991696584 2.6149259164 -3.9412586521 -6.5780119350 1.3259617818 -3.4606875470
1784244786.2067205906 -0.7696200753 0.1847292970 1.3011309790 2.6144145895 -3.9259664006 -6.4891884726 1.3399500592 -3.4563481941
1784244786.2146382332 -0.7711905794 0.1816070352 1.3028186270 2.6140737049 -3.8438577065 -6.3307543584 1.3473058302 -3.4777786641
1784244786.2226862907 -0.7728341303 0.1784847734 1.3047799476 2.6134771568 -3.9600680769 -6.5234784999 1.3736210233 -3.4995820669
1784244786.2307212353 -0.7744776811 0.1754439620 1.3066044319 2.6129658299 -3.9201940208 -6.4949722513 1.3980881041 -3.5379136923
1784244786.2386920452 -0.7761212320 0.1724303006 1.3082920799 2.6124545029 -3.8977830851 -6.4846920176 1.4274904935 -3.5730953333
1784244786.2467195988 -0.7778743529 0.1694437893 1.3101165642 2.6118579548 -3.8751758534 -6.4158572643 1.4170178520 -3.6167840767
1784244786.2547199726 -0.7795544271 0.1665387284 1.3118954364 2.6113466279 -3.8676451695 -6.4699917546 1.4108392259 -3.6685458991
1784244786.2626855373 -0.7813440713 0.1636608175 1.3135374723 2.6108353010 -3.8594858957 -6.4307014250 1.4083992864 -3.7343683168
1784244786.2706375122 -0.7831337156 0.1607557565 1.3152251202 2.6104091952 -3.8753027297 -6.3491999387 1.4002960813 -3.7957900344
1784244786.2787327766 -0.7848868365 0.1579049958 1.3169127682 2.6098126471 -3.8516015193 -6.2736119797 1.3923528699 -3.8377786283
1784244786.2866821289 -0.7866764807 0.1550270849 1.3185548041 2.6093013202 -3.7925385151 -6.1618298850 1.3694186253 -3.8834959726
1784244786.2946915627 -0.7886122184 0.1521763242 1.3202424521 2.6087047721 -3.8321594576 -6.1780412615 1.3421798788 -3.9279046042
1784244786.3009591103 -0.7904383860 0.1494341638 1.3219301000 2.6081082240 -3.8469458055 -6.0958027411 1.3084104003 -3.9517690941
1784244786.3089194298 -0.7918993201 0.1472350055 1.3232528512 2.6075968971 -3.7056073708 -5.8602852029 1.2676332124 -3.9613927924
1784244786.3169140816 -0.7938350577 0.1444656951 1.3248948870 2.6069151279 -3.8097582083 -5.7486289426 1.2543117989 -3.9267000576
1784244786.3249473572 -0.7956612253 0.1416963846 1.3264456987 2.6060629163 -3.8482554124 -5.5888623663 1.2042518161 -3.9097321266
1784244786.3329083920 -0.7975604396 0.1388727740 1.3281789588 2.6052107048 -3.9585708496 -5.5658939262 1.2073042829 -3.8869377378
1784244786.3408269882 -0.7993866072 0.1361577637 1.3297297704 2.6041880509 -4.0143422403 -5.4548005030 1.1894389966 -3.8663768139
1784244786.3486862183 -0.8012127749 0.1334427535 1.3312805821 2.6032506182 -4.0659491456 -5.3566170883 1.1753275158 -3.8716248228
1784244786.3567283154 -0.8030389425 0.1307277433 1.3327401695 2.6022279643 -4.0997853809 -5.2460575505 1.1615619719 -3.8779549694
1784244786.3630290031 -0.8049016334 0.1280398831 1.3342453691 2.6012905316 -4.0890155705 -5.2367380376 1.1482619381 -3.9129024680
1784244786.3726961613 -0.8068738944 0.1253520230 1.3358417928 2.6001826566 -4.0627752325 -5.2126515898 1.1318399913 -3.9450544573
1784244786.3807442188 -0.8088096321 0.1227456131 1.3374838287 2.5992452239 -4.1538180202 -5.2218949255 1.0845253356 -3.9639066508
1784244786.3887593746 -0.8107088464 0.1201120532 1.3390802525 2.5980521277 -4.1198023606 -5.1402943466 1.0479662344 -3.9876669363
1784244786.3966779709 -0.8127176308 0.1174784933 1.3406766762 2.5969442527 -4.0820122703 -4.9987294292 1.0349615800 -3.9984622147
1784244786.4030125141 -0.8146898918 0.1149263836 1.3422274879 2.5957511566 -4.0900002975 -4.9356045482 1.0225527742 -4.0141678521
1784244786.4126923084 -0.8166986761 0.1123742740 1.3437782995 2.5946432816 -4.0325807536 -4.8966046432 1.0222385917 -4.0326109753
1784244786.4206502438 -0.8187805072 0.1098493145 1.3451922749 2.5934501854 -3.9820020118 -4.8583713713 1.0568234737 -4.0588760849
1784244786.4270315170 -0.8208623383 0.1074058053 1.3465606381 2.5922570892 -3.9362129780 -4.7859890410 1.0624098173 -4.0888885765
1784244786.4350154400 -0.8229441693 0.1049079958 1.3479290013 2.5909787719 -3.8807627925 -4.6963242344 1.0341412761 -4.0972342485
1784244786.4430255890 -0.8250990471 0.1025730870 1.3492973646 2.5897004546 -3.8480741213 -4.7764050895 1.0566099714 -4.1211567288
1784244786.4527153969 -0.8273269716 0.1002381782 1.3506657278 2.5884221372 -3.8470464933 -4.8000719085 1.0801297283 -4.1088401906
1784244786.4606807232 -0.8294453260 0.0979032694 1.3519428668 2.5870585988 -3.7934404676 -4.7167719279 1.0631792155 -4.1367314224
1784244786.4687218666 -0.8316732505 0.0956498109 1.3532656179 2.5858655026 -3.7889657350 -4.7116879558 1.0925540759 -4.1579427203
1784244786.4767212868 -0.8339011750 0.0934506526 1.3544971448 2.5845019641 -3.5899364328 -4.5074617547 1.0822027757 -4.1662110083
1784244786.4846873283 -0.8360560527 0.0913057945 1.3555462233 2.5831384256 -3.8400875706 -4.6735382912 1.1175013210 -4.2149772085
1784244786.4927272797 -0.8382474539 0.0891337863 1.3568233623 2.5817748872 -4.0252699279 -4.7246670456 1.1384467710 -4.2453043562
1784244786.5006904602 -0.8403658083 0.0870975286 1.3579636650 2.5804113487 -4.0282833440 -4.7147996064 1.1303443933 -4.2590672979
1784244786.5086903572 -0.8424841627 0.0850884210 1.3590583556 2.5788773679 -3.9415069724 -4.6808904555 1.1069268935 -4.2190132467
1784244786.5167386532 -0.8447120872 0.0831336137 1.3603354946 2.5773433871 -3.9518683827 -4.6475067009 1.0638129425 -4.2352646808
1784244786.5230276585 -0.8469034883 0.0811516562 1.3615670215 2.5758094063 -3.8803671604 -4.5720250749 1.0408433705 -4.2146557039
1784244786.5310103893 -0.8490948894 0.0792782991 1.3627073242 2.5742754255 -3.7972658625 -4.4901187252 1.0005770197 -4.2341875977
1784244786.5407869816 -0.8513593373 0.0773506419 1.3640300753 2.5727414447 -3.8693043037 -4.4766621155 0.9785780711 -4.2675672549
1784244786.5488045216 -0.8536237851 0.0755044349 1.3651247659 2.5711222428 -3.8291036532 -4.4839205418 0.9785601381 -4.2727343882
1784244786.5567309856 -0.8558882329 0.0736853780 1.3662650685 2.5695030409 -3.7763597196 -4.4449823813 0.9721008350 -4.2842949585
1784244786.5646817684 -0.8582257275 0.0718934713 1.3674509833 2.5678838389 -3.7126331431 -4.3266339705 0.9727329406 -4.3061369784
1784244786.5727288723 -0.8605266987 0.0700744144 1.3685000618 2.5663498581 -3.7580329388 -4.2567481903 0.9582421222 -4.3264970434
1784244786.5807573795 -0.8627911465 0.0683368078 1.3695947524 2.5646454350 -3.7770289642 -4.1922116837 0.9347378621 -4.3341489221
1784244786.5887830257 -0.8651286410 0.0665992013 1.3707806672 2.5629410119 -3.7599883534 -4.1919118084 0.8997416221 -4.3427412662
1784244786.5968298912 -0.8674296122 0.0649973452 1.3719209699 2.5612365888 -3.7036332148 -4.2187252773 0.8600211078 -4.3657112075
1784244786.6047818661 -0.8697671067 0.0633954892 1.3731524968 2.5595321657 -3.7728237068 -4.1470826370 0.8166608651 -4.3624901106
1784244786.6110298634 -0.8719950312 0.0618207833 1.3743384116 2.5577425215 -3.7969303498 -4.1063091945 0.8126926225 -4.3565071782
1784244786.6190121174 -0.8742594790 0.0603003775 1.3754331022 2.5560380984 -3.8082444411 -4.0260539058 0.8055576557 -4.3686512490
1784244786.6270296574 -0.8764874035 0.0587256716 1.3765277927 2.5542484541 -3.8500247008 -3.9491123836 0.8021924685 -4.3629070256
1784244786.6350286007 -0.8787883747 0.0572052658 1.3776224833 2.5522031464 -3.8419444300 -3.9774778996 0.8219248607 -4.3464697991
1784244786.6429312229 -0.8810528225 0.0557934605 1.3786259497 2.5504135022 -3.8604385859 -3.9354116468 0.8210184250 -4.3431253844
1784244786.6510276794 -0.8828424668 0.0546531562 1.3794469676 2.5488795214 -3.7040259652 -3.7638716265 0.7913596507 -4.3477858357
1784244786.6606893539 -0.8856182415 0.0529155497 1.3807241066 2.5465785502 -3.8666814588 -3.7434779760 0.7932550990 -4.4153902544
1784244786.6687443256 -0.8878826894 0.0514765942 1.3817731851 2.5448741271 -3.9441794168 -3.7010770200 0.8091987931 -4.4087063121
1784244786.6766805649 -0.8900740905 0.0501190891 1.3826854273 2.5428288194 -3.8520664721 -3.6779091445 0.7977952671 -4.4159068606
1784244786.6846921444 -0.8924115850 0.0488158842 1.3836888936 2.5408687328 -3.8530849643 -3.6860233954 0.7841256853 -4.4278061354
1784244786.6927382946 -0.8946760329 0.0475669795 1.3847835842 2.5389938674 -3.7563213895 -3.6101486353 0.7536539888 -4.4175264168
1784244786.7007410526 -0.8970135274 0.0463180748 1.3856958263 2.5370337809 -3.6615281133 -3.6080772184 0.7416973067 -4.4548803992
1784244786.7086796761 -0.8993875453 0.0450963202 1.3867449048 2.5349884731 -3.6361928172 -3.5533598968 0.7256641653 -4.4371919201
1784244786.7150292397 -0.9016519931 0.0439017156 1.3877483712 2.5329431654 -3.6578585345 -3.5205837987 0.7147290097 -4.4603342623
1784244786.7246973515 -0.9039164409 0.0428157115 1.3887518376 2.5310683000 -3.6647241811 -3.5702480370 0.7151724865 -4.4969281524
1784244786.7326898575 -0.9062539355 0.0417568576 1.3896184676 2.5290229923 -3.7229482389 -3.5232382185 0.7357183096 -4.5257152282
1784244786.7406895161 -0.9084818599 0.0406437034 1.3904850976 2.5269776846 -3.7564755269 -3.4111775301 0.7407924962 -4.5117396571
1784244786.7487003803 -0.9106732611 0.0396119995 1.3913061156 2.5249323769 -3.8439032295 -3.3838455516 0.7509638030 -4.5205891168
1784244786.7566916943 -0.9129377089 0.0385802956 1.3921271335 2.5228018480 -3.8613709043 -3.3808311458 0.7823300398 -4.5303660996
1784244786.7646932602 -0.9151291100 0.0376300420 1.3928113151 2.5207565403 -3.8639432227 -3.3894402068 0.7704685272 -4.5050213133
1784244786.7726550102 -0.9172839878 0.0367612387 1.3937235573 2.5186260114 -3.8374428011 -3.3802470110 0.7237922132 -4.5257931019
1784244786.7789223194 -0.9195119123 0.0358109851 1.3946814115 2.5164954825 -3.7831017909 -3.3547567745 0.6911155413 -4.5299465546
1784244786.7869279385 -0.9213015565 0.0351865328 1.3953655931 2.5147910594 -3.6601401274 -3.3851323957 0.6635871287 -4.5057468598
1784244786.7949097157 -0.9234929577 0.0344534800 1.3962322232 2.5127457517 -3.6998203823 -3.3618027012 0.6232074551 -4.5309660553
1784244786.8029119968 -0.9256478354 0.0336932771 1.3971444653 2.5106152228 -3.7391869464 -3.3713772424 0.6059184500 -4.5316653445
1784244786.8107941151 -0.9278027132 0.0329873745 1.3979654833 2.5083994728 -3.7491927001 -3.4094728177 0.6108320406 -4.5392726157
1784244786.8187749386 -0.9299575910 0.0323629221 1.3987408891 2.5062689439 -3.8105368988 -3.3778995174 0.6017018222 -4.5627741810
1784244786.8267378807 -0.9320394220 0.0317384698 1.3996075191 2.5042236362 -3.8253540058 -3.3559777697 0.6106744298 -4.5999827020
1784244786.8347938061 -0.9341577765 0.0311411675 1.4003373129 2.5021783285 -3.8766847481 -3.4195637564 0.6212066964 -4.6229758711
1784244786.8427402973 -0.9362030842 0.0306524657 1.4010671066 2.5000477996 -3.9213850017 -3.4203251145 0.6547337212 -4.6181225512
1784244786.8507306576 -0.9382849153 0.0301366137 1.4016600640 2.4978320496 -3.8976093858 -3.3332379297 0.6561392183 -4.6636931808
1784244786.8586816788 -0.9404032697 0.0296207618 1.4024354698 2.4957867419 -3.7527896312 -3.2396640559 0.6389983700 -4.6569898096
1784244786.8649322987 -0.9425216241 0.0291320599 1.4031652635 2.4937414342 -3.7217276608 -3.2679902612 0.6377268866 -4.7002354964
1784244786.8729727268 -0.9442016983 0.0288062587 1.4037126088 2.4920370111 -3.5508752834 -3.2457863519 0.6228580883 -4.6496713059
1784244786.8808813095 -0.9463565761 0.0284533074 1.4043967904 2.4897360399 -3.5760352169 -3.2230291048 0.6299025013 -4.6414571681
1784244786.8888003826 -0.9484384071 0.0280460558 1.4049897478 2.4876907322 -3.7354606733 -3.2002813457 0.6624042336 -4.6627703826
1784244786.8967254162 -0.9503741448 0.0277202546 1.4055370931 2.4855602033 -3.8200172358 -3.1623676388 0.7032316477 -4.6828622002
1784244786.9047453403 -0.9523829292 0.0273944534 1.4059932142 2.4834296744 -3.9235098697 -3.1425986474 0.7106185509 -4.6931718299
1784244786.9107003212 -0.9543186668 0.0270958022 1.4065861716 2.4812139244 -3.8643122501 -3.1013946728 0.7013787746 -4.6825399278
1784244786.9187316895 -0.9558161243 0.0269057515 1.4069966806 2.4795095013 -3.8945708519 -3.0836438823 0.7031639796 -4.7105860005
1784244786.9266939163 -0.9578249086 0.0266342505 1.4074528016 2.4773789724 -3.7906319613 -3.0364635451 0.7050360180 -4.7253346224
1784244786.9346845150 -0.9597971696 0.0263898996 1.4078633106 2.4751632224 -3.7805391526 -2.9189149277 0.7587782688 -4.7186701543
1784244786.9426922798 -0.9618424774 0.0260912484 1.4082738196 2.4728622512 -3.7828496078 -2.9071220925 0.7878946237 -4.7188351012
1784244786.9506967068 -0.9637782150 0.0259283478 1.4086387164 2.4705612800 -3.7922283610 -2.8851813661 0.8029842453 -4.6846546925
1784244786.9587364197 -0.9657139527 0.0257382971 1.4089580012 2.4681750877 -3.7192433978 -2.8025878735 0.7978105565 -4.6922412112
1784244786.9667325020 -0.9677227370 0.0255210963 1.4093228980 2.4658741165 -3.7231163540 -2.7291365383 0.7985747609 -4.7139579724
1784244786.9746465683 -0.9696584747 0.0253310456 1.4096421828 2.4636583665 -3.6558950154 -2.7067230798 0.8274218691 -4.6744231424
1784244786.9827239513 -0.9715576890 0.0252224452 1.4098246312 2.4611869530 -3.6611391500 -2.6903722741 0.8701964381 -4.6665642475
1784244786.9906826019 -0.9734934267 0.0251138448 1.4100070797 2.4588859818 -3.7173894688 -2.7469886748 0.8946386639 -4.7067466447
1784244786.9987452030 -0.9753561176 0.0250866947 1.4101439160 2.4567554530 -3.7180270521 -2.6822866761 0.9125898199 -4.7270538598
1784244787.0066869259 -0.9772188086 0.0250052443 1.4102807523 2.4543692606 -3.6346199176 -2.6788197763 0.9323395729 -4.7314559669
1784244787.0146987438 -0.9791545462 0.0250052443 1.4103719765 2.4520682894 -3.6116625176 -2.6215746244 0.9380742263 -4.7480738146
1784244787.0226604939 -0.9810172372 0.0249509441 1.4104632007 2.4498525394 -3.5837502341 -2.5627596628 0.9475019462 -4.7646576448
1784244787.0307066441 -0.9828068815 0.0249509441 1.4104632007 2.4476367894 -3.5500530767 -2.5353295649 0.9721775944 -4.7955886996
1784244787.0387434959 -0.9846695724 0.0249780942 1.4104175886 2.4453358182 -3.6186579322 -2.4798834275 0.9779360409 -4.8000802751
1784244787.0467391014 -0.9864592167 0.0250052443 1.4104632007 2.4430348470 -3.6006009409 -2.4363851649 0.9735016132 -4.7728052842
1784244787.0530292988 -0.9882488609 0.0250595446 1.4104632007 2.4406486547 -3.4890824910 -2.4249725942 0.9707621255 -4.7510426145
1784244787.0626957417 -0.9899289351 0.0250595446 1.4104632007 2.4384329047 -3.6381151298 -2.2946730897 0.9434527589 -4.7908990070
1784244787.0689692497 -0.9916820560 0.0251138448 1.4104632007 2.4361319335 -3.5766699110 -2.2317656155 0.9243905181 -4.7701868823
1784244787.0769155025 -0.9930334200 0.0251409949 1.4105088128 2.4342570681 -3.4229591063 -2.0868764575 0.9228589890 -4.7597944374
1784244787.0848917961 -0.9947500176 0.0251409949 1.4104175886 2.4319560969 -3.4155174365 -2.0383573160 0.9063766239 -4.7662602804
1784244787.0927903652 -0.9964300918 0.0251681450 1.4104632007 2.4297403469 -3.4504753991 -1.9323072880 0.8839466529 -4.7649521047
1784244787.1006941795 -0.9981101660 0.0251681450 1.4104632007 2.4274393757 -3.5222868466 -1.8592850648 0.8533574760 -4.7913715721
1784244787.1086897850 -0.9997537168 0.0251952951 1.4105088128 2.4252236256 -3.5072398055 -1.8288215540 0.8279414649 -4.8028184337
1784244787.1166963577 -1.0014337910 0.0252224452 1.4104632007 2.4228374333 -3.4709770387 -1.7395033024 0.8197097633 -4.8218954793
1784244787.1247346401 -1.0030408185 0.0252495953 1.4104175886 2.4206216833 -3.4547531868 -1.6802270923 0.7849716824 -4.8532851647
1784244787.1328253746 -1.0046843694 0.0253038955 1.4105088128 2.4184059333 -3.3914681093 -1.5500968939 0.7593620760 -4.8259688362
1784244787.1408827305 -1.0063279202 0.0252767454 1.4104632007 2.4159345198 -3.3191367793 -1.5120804578 0.7544031996 -4.7919838678
1784244787.1488797665 -1.0079349477 0.0253581957 1.4104175886 2.4135483274 -3.2563823080 -1.4382812443 0.7325596808 -4.7840119778
1784244787.1568844318 -1.0095784985 0.0253581957 1.4104175886 2.4113325774 -3.3034701057 -1.4121496305 0.7076241123 -4.8045357784
1784244787.1648840904 -1.0110759560 0.0254124959 1.4104175886 2.4091168274 -3.3774917533 -1.3686971481 0.6940328395 -4.8275928138
1784244787.1728177071 -1.0125368901 0.0254939462 1.4102807523 2.4069010773 -3.3745881469 -1.3226185539 0.6724960289 -4.8529665793
1784244787.1808016300 -1.0140343475 0.0255482464 1.4102807523 2.4046853273 -3.4004548851 -1.2629947559 0.6439583565 -4.8746300518
1784244787.1886689663 -1.0154587582 0.0256296967 1.4102351402 2.4024695773 -3.3622013209 -1.1810159482 0.6298642330 -4.8886080342
1784244787.1968009472 -1.0169196923 0.0256839969 1.4101439160 2.4003390484 -3.2315809465 -1.1603800535 0.6278138478 -4.8690640916
1784244787.2046685219 -1.0183806264 0.0257654472 1.4100983039 2.3982085195 -3.2687549423 -1.0573278364 0.5877985333 -4.9421208147
1784244787.2127101421 -1.0198050371 0.0258468975 1.4100526918 2.3960779907 -3.2861401203 -0.9548961401 0.5616728572 -4.9551871362
1784244787.2207026482 -1.0211564012 0.0258740476 1.4100070797 2.3939474618 -3.2390995392 -0.9227773471 0.5443047860 -4.9633657492
1784244787.2287020683 -1.0225442885 0.0259554979 1.4098702433 2.3917317118 -3.2268663835 -0.8405648700 0.5168773303 -4.9705148552
1784244787.2367773056 -1.0238956526 0.0260097981 1.4097790191 2.3896011829 -3.1769693021 -0.8232338959 0.5031988266 -4.9669888760
1784244787.2447640896 -1.0251739699 0.0260912484 1.4097334070 2.3875558752 -3.1521706982 -0.7536316341 0.4701529150 -4.9839663265
1784244787.2527427673 -1.0265253339 0.0261455487 1.4096421828 2.3852549040 -3.1553052129 -0.7026226016 0.4328182841 -4.9669152315
1784244787.2607891560 -1.0278036512 0.0262269990 1.4095965707 2.3831243751 -3.1399318262 -0.6431980767 0.4110572474 -4.9314825882
1784244787.2687661648 -1.0290819686 0.0263084493 1.4094597344 2.3808234040 -3.0504231982 -0.6027446550 0.3748621365 -4.9328130770
1784244787.2767052650 -1.0303602859 0.0263898996 1.4094141223 2.3786928751 -3.0049638271 -0.5454984074 0.3561830117 -4.9397106218
1784244787.2848036289 -1.0315655565 0.0264713499 1.4092772859 2.3764771251 -3.0947970463 -0.4797008389 0.3369625244 -4.9343606140
1784244787.2927813530 -1.0327708271 0.0265256501 1.4091860617 2.3742613750 -3.0596261645 -0.4656740662 0.3274642125 -4.9296800978
1784244787.3007502556 -1.0339395744 0.0266342505 1.4090036133 2.3721308462 -3.1143004189 -0.4262343531 0.3055305448 -4.9348774410
1784244787.3087353706 -1.0349987516 0.0267428509 1.4089123891 2.3700855384 -3.2090733397 -0.4051620037 0.2827888824 -4.9832412308
1784244787.3167397976 -1.0360214055 0.0268514513 1.4087299406 2.3681254519 -3.1843978673 -0.3445246806 0.2739653267 -4.9631528491
1784244787.3247025013 -1.0370805827 0.0269329016 1.4085018801 2.3658244807 -3.1843957454 -0.3222994650 0.2297471029 -4.9682533753
1784244787.3327991962 -1.0380667132 0.0270686521 1.4084562680 2.3636939518 -3.1144204188 -0.2728836680 0.1841885673 -4.9787693895
1784244787.3407993317 -1.0391258904 0.0271772525 1.4083650438 2.3616486441 -3.0260168351 -0.2736650279 0.1733496801 -4.9538644218
1784244787.3488988876 -1.0401120209 0.0272858530 1.4081825954 2.3595181152 -2.9077473333 -0.2404896616 0.1354432828 -4.9383192614
1784244787.3569688797 -1.0411346747 0.0274216035 1.4081369832 2.3573875864 -2.8569562969 -0.1401502937 0.0458908882 -4.9191063183
1784244787.3649859428 -1.0421208053 0.0275302039 1.4080457590 2.3551718363 -2.8235291299 -0.0738752740 0.0315129302 -4.9168276153
1784244787.3729259968 -1.0432530292 0.0276388043 1.4077720864 2.3527004228 -2.8747162692 0.0071009722 0.0255051351 -4.9726914561
1784244787.3826622963 -1.0439834962 0.0276931045 1.4076808622 2.3511664421 -2.9084435881 0.0467026469 -0.0053915298 -4.9888497723
1784244787.3907382488 -1.0450061501 0.0278288550 1.4074528016 2.3486098074 -2.9510943711 0.0316233445 -0.0348367063 -5.0140356653
1784244787.3970217705 -1.0458461872 0.0279646055 1.4073159653 2.3466497208 -2.9327787688 0.0053705711 -0.0526423263 -5.0237079630
1784244787.4067463875 -1.0466131776 0.0281003560 1.4070879048 2.3446044131 -2.9695625397 0.0570092785 -0.0672896483 -5.0346106962
1784244787.4147033691 -1.0473801680 0.0282089564 1.4068142321 2.3426443266 -2.9799602149 0.1130666071 -0.0837562649 -5.0537617772
1784244787.4227361679 -1.0481106350 0.0283447069 1.4065861716 2.3406842400 -2.9311491172 0.0923776792 -0.1019138215 -5.0433678903
1784244787.4306674004 -1.0488045787 0.0285076076 1.4063124989 2.3386389323 -2.9378961520 0.0727360831 -0.1233432858 -5.0461421681
1784244787.4386909008 -1.0494619990 0.0286976583 1.4060844384 2.3366788457 -2.9194421603 0.1091921595 -0.1508111240 -5.0599001526
1784244787.4467446804 -1.0501194194 0.0288334088 1.4057651537 2.3347187592 -2.9526922001 0.1118282889 -0.1762016081 -5.0848586888
1784244787.4547472000 -1.0507037930 0.0290234595 1.4054458689 2.3327586726 -2.8767008423 0.0727536153 -0.1978589422 -5.0683089600
1784244787.4626977444 -1.0513246900 0.0292678104 1.4051265842 2.3307985860 -2.8495020866 0.0884038053 -0.2250713766 -5.0685503729
1784244787.4707307816 -1.0519090636 0.0294578611 1.4048072994 2.3289237206 -2.7651006777 0.0916166237 -0.2404943391 -5.0851963602
1784244787.4787445068 -1.0524934373 0.0296750620 1.4044424025 2.3269636341 -2.6907012650 0.0990999564 -0.2589598871 -5.0817922594
1784244787.4867093563 -1.0530778109 0.0299194129 1.4040318936 2.3250035475 -2.6894576750 0.1097135198 -0.2824117574 -5.0629027066
1784244787.4947519302 -1.0535891378 0.0301366137 1.4036669967 2.3230434609 -2.6815859154 0.0967761183 -0.3011392726 -5.0881256601
1784244787.5027532578 -1.0540639414 0.0303809646 1.4032564877 2.3212538167 -2.6648829356 0.0717703440 -0.3071504633 -5.1012349515
1784244787.5107004642 -1.0545387450 0.0306524657 1.4028003667 2.3193789513 -2.6843056488 0.0617105491 -0.3281471073 -5.1156116415
1784244787.5187008381 -1.0549405018 0.0309239667 1.4023442456 2.3175893070 -2.6350285657 0.0557539939 -0.3617249337 -5.1510537636
1784244787.5267024040 -1.0553787821 0.0311954677 1.4018881245 2.3158848839 -2.5846236937 0.0376639095 -0.3740855277 -5.1502759472
1784244787.5347018242 -1.0557805389 0.0314941188 1.4013863913 2.3140100185 -2.5943703633 0.0144540883 -0.3892947029 -5.1908057264
1784244787.5427982807 -1.0561092491 0.0317927700 1.4008846582 2.3123908166 -2.6202249083 -0.0090874283 -0.4135324051 -5.1998535015
1784244787.5507106781 -1.0564014359 0.0320914211 1.4003829250 2.3106011723 -2.6331823446 -0.0187339336 -0.4132906573 -5.1854212576
1784244787.5570235252 -1.0566936227 0.0324172223 1.3997443555 2.3087263069 -2.6696489261 -0.0923855496 -0.4267698223 -5.1839518580
1784244787.5667967796 -1.0568397161 0.0327430235 1.3992882344 2.3074479896 -2.6892193665 -0.1341527357 -0.4597551782 -5.1535156835
1784244787.5748076439 -1.0570588563 0.0331774252 1.3985584407 2.3052322396 -2.6681376529 -0.1556024483 -0.4743660480 -5.1447833940
1784244787.5827076435 -1.0572414730 0.0335575266 1.3979198712 2.3034425953 -2.5672141936 -0.1639269279 -0.4966883161 -5.1254361726
1784244787.5907361507 -1.0574240898 0.0339376281 1.3972813017 2.3016529511 -2.4689311296 -0.1447870799 -0.5081899127 -5.0970464286
1784244787.5988399982 -1.0576067065 0.0342905794 1.3965971200 2.2998633068 -2.4203640359 -0.1982021315 -0.5121454553 -5.1365744559
1784244787.6067669392 -1.0577528000 0.0347249810 1.3958673263 2.2982441049 -2.4145986003 -0.2292607861 -0.5325405247 -5.1029953501
1784244787.6147527695 -1.0578623700 0.0351322326 1.3951831447 2.2963692395 -2.3636441722 -0.2696392054 -0.5761975110 -5.1049732004
1784244787.6227402687 -1.0579719401 0.0355666342 1.3945445752 2.2947500375 -2.3224485816 -0.2252390896 -0.6179329322 -5.1530990915
1784244787.6306622028 -1.0580449868 0.0359467356 1.3938147815 2.2931308356 -2.2389711427 -0.2697975187 -0.6691635829 -5.1677467499
1784244787.6387002468 -1.0581545568 0.0364082874 1.3931305999 2.2914264125 -2.1537376262 -0.3113501239 -0.7096951972 -5.1801888249
1784244787.6466550827 -1.0582276035 0.0368426890 1.3924008062 2.2898072105 -2.1089423435 -0.3494885082 -0.7142769304 -5.1800591546
1784244787.6530199051 -1.0583006502 0.0372770907 1.3915797882 2.2881027874 -2.0824615374 -0.4325784411 -0.7169121900 -5.1387729609
1784244787.6627378464 -1.0583371736 0.0377657925 1.3907587703 2.2863983643 -2.0525069857 -0.4217455651 -0.7302379495 -5.1348873736
1784244787.6709334850 -1.0583371736 0.0382001941 1.3899377523 2.2846939412 -2.0145932840 -0.4043966730 -0.7997297442 -5.1057932204
1784244787.6806671619 -1.0583371736 0.0386617459 1.3891623465 2.2829042970 -1.9314673208 -0.4723580710 -0.8649244283 -5.0698293563
1784244787.6887083054 -1.0583736969 0.0392590481 1.3882501044 2.2807737681 -1.8150745445 -0.4858692979 -0.9159820168 -5.0879585975
1784244787.6966900826 -1.0583736969 0.0397205999 1.3874746985 2.2791545662 -1.7174274228 -0.5588036885 -0.9293448618 -5.1010818156
1784244787.7047002316 -1.0583736969 0.0402364518 1.3865168443 2.2774501431 -1.6554370188 -0.5660134588 -0.9299463515 -5.0887183617
1784244787.7126672268 -1.0583371736 0.0407251537 1.3856046021 2.2757457200 -1.5823637666 -0.6198654251 -0.9551610946 -5.1179413999
1784244787.7207574844 -1.0583371736 0.0412410056 1.3847379721 2.2742117392 -1.4811807342 -0.6232583587 -1.0129074572 -5.1586132041
1784244787.7287042141 -1.0583371736 0.0417297075 1.3839169542 2.2727629796 -1.3817923012 -0.6390188836 -1.0729888671 -5.1598553300
1784244787.7366685867 -1.0583371736 0.0422184093 1.3830959362 2.2711437776 -1.2862013541 -0.7080948642 -1.1369039174 -5.1468530545
1784244787.7447445393 -1.0583371736 0.0427614113 1.3822749183 2.2695245757 -1.1921224523 -0.7920567446 -1.1518411024 -5.1737231720
1784244787.7526991367 -1.0583371736 0.0433315635 1.3812258398 2.2680758160 -1.1314034842 -0.8345015487 -1.1537571263 -5.1614852153
1784244787.7607102394 -1.0583006502 0.0438745655 1.3802223734 2.2664566141 -1.0405925262 -0.8039521012 -1.1793048707 -5.1383466532
1784244787.7687044144 -1.0583006502 0.0443904175 1.3792645192 2.2648374122 -0.9856574118 -0.8684760981 -1.1917912696 -5.1399991160
1784244787.7749922276 -1.0583006502 0.0449605696 1.3783066649 2.2633886525 -0.8556823127 -0.8897208180 -1.2753113819 -5.1350092911
1784244787.7847578526 -1.0583006502 0.0454764216 1.3774400349 2.2617694506 -0.7703315968 -0.9768125469 -1.3483142149 -5.1228917483
1784244787.7927100658 -1.0582641269 0.0460737238 1.3764365685 2.2602354698 -0.6899002005 -1.0867659268 -1.3673259260 -5.1401946030
1784244787.8007071018 -1.0582641269 0.0466981762 1.3753874901 2.2587867102 -0.5745199178 -1.1165618562 -1.3888918970 -5.1513326252
1784244787.8087048531 -1.0582641269 0.0472683283 1.3743384116 2.2573379505 -0.5173186880 -1.1053517317 -1.4372987588 -5.1549797968
1784244787.8167459965 -1.0582276035 0.0478113304 1.3733349452 2.2558039697 -0.4141227515 -1.1699013254 -1.4726313349 -5.1752010793
1784244787.8246698380 -1.0582276035 0.0484086327 1.3722402546 2.2544404313 -0.2994319314 -1.2566603056 -1.5181281366 -5.1823237476
1784244787.8327391148 -1.0582276035 0.0490330850 1.3711911762 2.2529916716 -0.2446628713 -1.3058838993 -1.5481525811 -5.1732628923
1784244787.8407037258 -1.0581910802 0.0496303873 1.3700964856 2.2514576908 -0.1434246267 -1.4057242907 -1.5855143622 -5.1801953073
1784244787.8487229347 -1.0581910802 0.0502819897 1.3690017950 2.2500941524 -0.0770808263 -1.4088044804 -1.6370730421 -5.1959070015
1784244787.8567137718 -1.0581545568 0.0508792920 1.3679071044 2.2487306139 0.0150097178 -1.4558862896 -1.6717970570 -5.1880873837
1784244787.8647243977 -1.0581180335 0.0515037443 1.3667668017 2.2472818543 0.1193953907 -1.5774327504 -1.6885920556 -5.2036675980
1784244787.8726680279 -1.0581180335 0.0521824969 1.3655352748 2.2459183158 0.1904942391 -1.6595393020 -1.7097806653 -5.2158777758
1784244787.8807570934 -1.0580815101 0.0528340993 1.3643493600 2.2445547773 0.2315642321 -1.7482999259 -1.7072646379 -5.1937902342
1784244787.8888032436 -1.0580449868 0.0534857018 1.3631634452 2.2430207965 0.3192421566 -1.8315054333 -1.7452073229 -5.1673633315
1784244787.8968122005 -1.0580084634 0.0541644544 1.3618406941 2.2417424792 0.4386922585 -1.8808443552 -1.7808970718 -5.1993841069
1784244787.9047973156 -1.0579719401 0.0548975071 1.3606091672 2.2404641619 0.4524604979 -1.9620237020 -1.7747383277 -5.1828978051
1784244787.9106721878 -1.0578988934 0.0555491096 1.3593320282 2.2391858445 0.5435288577 -1.9768045683 -1.8551973817 -5.2152952335
1784244787.9169931412 -1.0578623700 0.0560649615 1.3583741739 2.2381631907 0.6167216769 -2.0537536731 -1.8818805622 -5.2348359461
1784244787.9267086983 -1.0578258467 0.0566351137 1.3573250955 2.2372257580 0.7056788247 -2.2154901539 -1.8752667319 -5.2479189437
1784244787.9347097874 -1.0577528000 0.0575039170 1.3555918354 2.2356917772 0.7068466664 -2.1752560561 -1.9038796917 -5.2448154446
1784244787.9428205490 -1.0576432299 0.0582098196 1.3542234722 2.2343282387 0.7282240196 -2.2608683293 -1.8851041883 -5.2278455262
1784244787.9507992268 -1.0575701832 0.0589157223 1.3526726605 2.2332203637 0.8441354519 -2.3030336423 -1.8811092264 -5.2656015615
1784244787.9587464333 -1.0574606131 0.0596216250 1.3510306246 2.2319420464 0.8823527456 -2.3011501763 -1.8768588232 -5.2383882644
1784244787.9667448997 -1.0573510431 0.0602732274 1.3493885888 2.2305785079 0.9432871398 -2.2987048676 -1.8718866105 -5.2589651347
1784244787.9747600555 -1.0572414730 0.0609248299 1.3476553287 2.2294706329 0.9775276995 -2.4092959653 -1.8437722573 -5.2413724375
1784244787.9826672077 -1.0571684263 0.0616035824 1.3457852323 2.2281070944 1.1551912397 -2.3569154109 -1.7967665920 -5.2049234932
1784244787.9908461571 -1.0570588563 0.0622280348 1.3438239116 2.2267435559 1.1739971495 -2.3451847115 -1.7729432778 -5.1875389961
1784244787.9989082813 -1.0568762395 0.0628253370 1.3418169789 2.2254652386 1.2824667863 -2.4455842395 -1.7666036606 -5.1675837178
1784244788.0086960793 -1.0568031928 0.0634769395 1.3398100462 2.2241869213 1.3970840815 -2.5311047942 -1.7125726171 -5.1575250358
1784244788.0166735649 -1.0566570994 0.0642371424 1.3371645440 2.2225677193 1.3744666953 -2.5075246072 -1.7510244250 -5.1666368483
1784244788.0247137547 -1.0564744826 0.0648072945 1.3352032233 2.2213746232 1.4792505183 -2.5825780603 -1.7934478501 -5.2036542241
1784244788.0327498913 -1.0563649126 0.0654317469 1.3330594543 2.2202667482 1.5885161666 -2.7558049140 -1.7822270949 -5.2377672103
1784244788.0407104492 -1.0562553425 0.0661376495 1.3307788489 2.2190736520 1.6434241002 -2.7470115086 -1.8358082299 -5.2546669003
1784244788.0487167835 -1.0561092491 0.0666806516 1.3287719162 2.2179657770 1.6604108838 -2.7803840823 -1.8455850444 -5.2679695943
1784244788.0568344593 -1.0559631557 0.0672779538 1.3264913108 2.2170283443 1.8197567746 -2.8115591582 -1.8348112467 -5.3353841221
1784244788.0649216175 -1.0558535856 0.0678752561 1.3240282570 2.2158352481 1.8681550677 -2.8082285407 -1.8276779251 -5.3156303877
1784244788.0728995800 -1.0556709689 0.0684182581 1.3216564274 2.2147273731 1.8881179833 -2.8824384598 -1.8448505372 -5.3427829276
1784244788.0809018612 -1.0554883521 0.0690155604 1.3191933736 2.2137899404 1.9477554738 -3.0314445590 -1.7985609763 -5.3351086582
1784244788.0889449120 -1.0553422587 0.0696400128 1.3165934835 2.2126820654 1.9032920267 -3.1087451657 -1.7483644170 -5.3056101110
1784244788.0969576836 -1.0550865952 0.0701830148 1.3141304297 2.2115741904 1.9305617512 -3.0850859207 -1.7861439291 -5.2912094887
1784244788.1048970222 -1.0548674551 0.0707260169 1.3115761516 2.2104663153 2.0275327045 -3.0943728205 -1.7762426762 -5.2682958681
1784244788.1129307747 -1.0546483150 0.0712418688 1.3087938131 2.2092732192 2.0831409045 -3.1065880919 -1.7871100873 -5.1981055324
1784244788.1208930016 -1.0544291749 0.0717305706 1.3061483108 2.2079949019 2.1326734347 -3.1975073050 -1.7639158406 -5.1709671194
1784244788.1289408207 -1.0542100348 0.0722464226 1.3032747481 2.2068018057 2.1616456350 -3.2106313923 -1.7548415839 -5.1533186564
1784244788.1369485855 -1.0539543713 0.0727079743 1.3004011853 2.2056087095 2.1945905998 -3.2179361321 -1.7735624801 -5.1354965077
1784244788.1449332237 -1.0536987079 0.0731423760 1.2975732346 2.2044156133 2.2443881829 -3.1559636123 -1.7726998691 -5.1905404860
1784244788.1529157162 -1.0534430444 0.0735224774 1.2946540597 2.2034781806 2.3226286753 -3.1763803288 -1.7868978280 -5.2446239435
1784244788.1609032154 -1.0531873809 0.0739297289 1.2916892728 2.2024555268 2.4066952839 -3.2501689502 -1.8031944266 -5.2718807004
1784244788.1707150936 -1.0529682408 0.0743369805 1.2887244858 2.2014328729 2.4374003967 -3.2950636352 -1.8159841672 -5.3306586171
1784244788.1787164211 -1.0526395307 0.0747985322 1.2849386808 2.2002397768 2.4099338331 -3.3046481693 -1.8603989496 -5.3397752241
1784244788.1867589951 -1.0523108205 0.0751514836 1.2818826696 2.1992171229 2.5320823497 -3.3355752361 -1.8928706395 -5.3697234405
1784244788.1947574615 -1.0520551570 0.0754772848 1.2786898221 2.1982796902 2.5978703614 -3.2846483318 -1.9328397852 -5.3745067703
1784244788.2027533054 -1.0517629702 0.0757216357 1.2755425867 2.1972570363 2.6497807150 -3.3580446238 -1.9477118045 -5.3492187176
1784244788.2089984417 -1.0514707834 0.0760474369 1.2722585150 2.1961491613 2.6710800525 -3.3526717926 -1.9303009282 -5.3435177932
1784244788.2187194824 -1.0511420732 0.0762374877 1.2688376069 2.1952969498 2.6442425791 -3.3727823273 -1.9393984786 -5.3394677551
1784244788.2267532349 -1.0507768397 0.0765361388 1.2653254746 2.1941038536 2.6935556348 -3.4050187120 -1.9235970122 -5.3052592395
1784244788.2347552776 -1.0504481295 0.0767533396 1.2617677302 2.1929959786 2.6673615873 -3.3632397653 -1.9116688334 -5.2920072106
1784244788.2427244186 -1.0500463727 0.0768890901 1.2581643737 2.1918881036 2.7305822543 -3.4158033312 -1.9215350565 -5.2544401293
1784244788.2507612705 -1.0496811391 0.0770791408 1.2545610172 2.1907802286 2.7604987440 -3.4772555958 -1.9284500422 -5.2098707604
1784244788.2587597370 -1.0492793823 0.0772148913 1.2509576607 2.1895019112 2.7289907323 -3.5277010907 -1.8904668436 -5.1863430779
1784244788.2667150497 -1.0488411020 0.0773777920 1.2473086921 2.1883088151 2.7123126142 -3.5552250613 -1.9670556458 -5.1577019716
1784244788.2746872902 -1.0483662985 0.0775406926 1.2435684993 2.1871157189 2.6612819355 -3.5587069818 -1.9858363201 -5.1638401998
1784244788.2827601433 -1.0478549715 0.0776221429 1.2398739186 2.1860078439 2.6792212881 -3.5856642076 -2.0305423103 -5.1738244699
1784244788.2907531261 -1.0473801680 0.0776764431 1.2361337258 2.1848147477 2.7075897992 -3.5855846061 -2.0513066076 -5.1864290044
1784244788.2987296581 -1.0468688410 0.0777578934 1.2322566967 2.1837920939 2.7022782350 -3.5965283040 -2.0495338844 -5.1992154277
1784244788.3067276478 -1.0463209907 0.0777850435 1.2283796675 2.1826842189 2.6699044658 -3.6503538919 -2.0284609570 -5.2372195291
1784244788.3147239685 -1.0457366171 0.0777850435 1.2242745778 2.1816615650 2.6032495089 -3.6031307136 -2.0213810223 -5.2602895487
1784244788.3227665424 -1.0450791968 0.0777307433 1.2201694882 2.1806389111 2.6149450066 -3.6412969335 -2.0151349669 -5.2856999979
1784244788.3307290077 -1.0444948231 0.0776764431 1.2160643985 2.1796162573 2.6444157279 -3.6620897829 -2.0056244055 -5.3181328613
1784244788.3387145996 -1.0438739262 0.0775949928 1.2118224725 2.1786788246 2.7530779438 -3.6496707617 -2.0289382961 -5.3502423792
1784244788.3466851711 -1.0433260759 0.0775135425 1.2076717707 2.1777413919 2.8505388843 -3.7608958596 -2.0450774029 -5.3495351723
1784244788.3547136784 -1.0427782256 0.0774592423 1.2034754568 2.1766335169 2.8942287101 -3.7564571454 -2.0703622957 -5.3415922679
1784244788.3627178669 -1.0421938520 0.0772963416 1.1991879187 2.1756108630 2.9352067017 -3.8142005997 -2.0910149557 -5.3454088299
1784244788.3707628250 -1.0416094783 0.0772148913 1.1948547685 2.1745882091 2.9356260468 -3.8192113414 -2.1101630132 -5.3298879636
1784244788.3787190914 -1.0409885813 0.0770791408 1.1904303941 2.1734803341 2.9642637325 -3.8444486327 -2.0944957882 -5.2953571734
1784244788.3866369724 -1.0404042077 0.0768619400 1.1858691833 2.1723724591 2.9529422093 -3.9122902828 -2.0691617372 -5.2540983151
1784244788.3947536945 -1.0397102640 0.0767804897 1.1812623605 2.1711793629 2.9388328558 -3.9652725203 -2.0834862792 -5.2288497351
1784244788.4027082920 -1.0390893670 0.0765904390 1.1765643134 2.1699862668 2.9337011066 -3.8429272749 -2.0435826314 -5.2282775129
1784244788.4107575417 -1.0383954233 0.0762646378 1.1717294300 2.1688783918 2.9156400893 -3.9076393589 -2.0036700710 -5.2269496610
1784244788.4187958241 -1.0377014797 0.0761017371 1.1668033224 2.1676852956 2.8757793187 -4.0098033123 -1.9632110163 -5.2357644874
1784244788.4267749786 -1.0369710126 0.0758573862 1.1618316027 2.1666626417 2.8464217396 -4.0217368518 -1.9171042855 -5.2765307609
1784244788.4346792698 -1.0362040222 0.0755587351 1.1566774345 2.1656399879 2.8491576866 -4.1543216767 -1.9013227272 -5.2903601272
1784244788.4427545071 -1.0354735552 0.0753686844 1.1516144906 2.1645321129 2.9081656420 -4.1873010893 -1.9068425318 -5.3522785818
1784244788.4508223534 -1.0347430881 0.0750971834 1.1465059345 2.1636799013 2.8626410219 -4.1468814670 -1.9328408440 -5.3883858530
1784244788.4587631226 -1.0339395744 0.0747442320 1.1413517664 2.1626572475 2.9090034835 -4.3650303831 -1.9649277334 -5.3897808142
1784244788.4668681622 -1.0332091073 0.0745541813 1.1361975982 2.1616345936 2.9367929969 -4.5046948678 -1.9816475349 -5.4290114143
1784244788.4749147892 -1.0324421170 0.0743369805 1.1309065938 2.1607823820 2.8565726708 -4.5177703407 -1.9000454301 -5.4160000197
1784244788.4847104549 -1.0316751266 0.0740383294 1.1256612014 2.1595892859 2.8456541067 -4.4363609897 -1.8925135700 -5.3805432871
1784244788.4927611351 -1.0307255194 0.0736582279 1.1192755063 2.1583961897 2.9010790328 -4.4775532735 -2.0336123722 -5.3763271963
1784244788.5008420944 -1.0298854823 0.0733052766 1.1139388898 2.1572883147 2.9933209685 -4.5296622872 -2.0639266145 -5.3608341188
1784244788.5087921619 -1.0291550153 0.0729794754 1.1084654369 2.1561804397 3.0242355655 -4.4839466256 -2.0686440394 -5.3579682116
1784244788.5167133808 -1.0283880249 0.0725179236 1.1029463719 2.1551577858 3.0823897248 -4.5176283290 -2.0670724271 -5.3554028068
1784244788.5247228146 -1.0276210345 0.0721378222 1.0973816947 2.1540499108 3.1504198245 -4.5230943911 -2.0656355426 -5.3388712970
1784244788.5327627659 -1.0268905674 0.0717034205 1.0917257934 2.1529420358 3.1705652792 -4.3397827634 -2.0530705614 -5.3508422752
1784244788.5406761169 -1.0261235770 0.0710789682 1.0859330558 2.1518341608 3.1449491748 -4.3648001052 -2.0575962436 -5.3158562043
1784244788.5487599373 -1.0253200633 0.0705631162 1.0802315423 2.1505558435 3.1750426309 -4.4327388381 -2.0473446165 -5.3097976066
1784244788.5566947460 -1.0245530729 0.0700472643 1.0743475804 2.1495331896 3.1111892401 -4.4352841407 -2.0584695325 -5.3115419049
1784244788.5647170544 -1.0237130358 0.0694771121 1.0685548428 2.1483400934 3.0172606932 -4.4264253790 -1.9884760499 -5.2987437983
1784244788.5727589130 -1.0228364754 0.0687983596 1.0624884325 2.1471469973 2.9429048270 -4.3361639091 -1.9595738784 -5.3018341434
1784244788.5807206631 -1.0219599149 0.0681739072 1.0563307980 2.1461243434 2.8799873436 -4.4848896355 -2.0179181870 -5.3443404886
1784244788.5887088776 -1.0210103077 0.0675223048 1.0503099998 2.1449312472 2.8016328547 -4.3990271016 -2.0251388164 -5.3896236781
1784244788.5966813564 -1.0200607006 0.0667892520 1.0441523653 2.1439938145 2.8947510742 -4.4904693978 -2.0745610271 -5.4193795168
1784244788.6047105789 -1.0192206635 0.0661376495 1.0380403429 2.1428859395 2.9704622309 -4.5285787429 -2.1396041062 -5.4128728859
1784244788.6127197742 -1.0183441030 0.0654588970 1.0320651568 2.1416928434 3.0055255548 -4.5310094595 -2.2092447758 -5.4106636195
1784244788.6208565235 -1.0174675426 0.0646443939 1.0259531344 2.1405849683 3.1070584881 -4.5739101445 -2.2779101363 -5.4137812959
1784244788.6287198067 -1.0166640288 0.0639656413 1.0197954999 2.1394770933 3.1627155099 -4.5236331818 -2.2734172796 -5.3975532040
1784244788.6367671490 -1.0158605151 0.0631511383 1.0135922532 2.1382839972 3.1192456505 -4.5635192605 -2.2827299438 -5.3849472393
1784244788.6447992325 -1.0149839547 0.0624180855 1.0073433945 2.1370909010 3.0336553472 -4.5008803435 -2.2900914706 -5.3993805765
1784244788.6528234482 -1.0140708708 0.0615221321 1.0010033116 2.1359830260 2.9809607628 -4.6295493212 -2.2548139746 -5.3901437423
1784244788.6608204842 -1.0131577870 0.0608162295 0.9946176165 2.1347047087 2.9911232327 -4.6508487945 -2.2608168733 -5.3768882742
1784244788.6687481403 -1.0122812266 0.0599745763 0.9883687578 2.1335116125 2.9532561873 -4.7029618922 -2.2831160660 -5.3583941174
1784244788.6768209934 -1.0113681428 0.0591872233 0.9821198990 2.1322332952 2.9265111876 -4.8316725336 -2.3463727523 -5.3332525189
1784244788.6849062443 -1.0104185356 0.0583998703 0.9756885919 2.1308697567 2.9776180575 -4.7336241239 -2.3631141647 -5.2834261398
1784244788.6947472095 -1.0095784985 0.0575039170 0.9692572847 2.1295062182 2.9977671939 -4.9045881225 -2.4282173273 -5.2666643145
1784244788.7027614117 -1.0084827980 0.0566351137 0.9615944507 2.1279722374 2.9730514605 -4.8706029616 -2.4996266342 -5.2705868315
1784244788.7106711864 -1.0075697142 0.0557120102 0.9551175314 2.1266086989 2.9190572374 -4.9405261217 -2.5268814171 -5.3025183654
1784244788.7188577652 -1.0066201070 0.0549518073 0.9485493879 2.1254156028 2.8270370367 -4.9107575499 -2.4498791708 -5.2937710161
1784244788.7269580364 -1.0056704999 0.0541373043 0.9418900202 2.1242225066 2.8901248604 -5.0117274382 -2.4943306218 -5.3652466895
1784244788.7367198467 -1.0047574161 0.0532685010 0.9350482041 2.1229441893 2.8617382217 -5.0892396847 -2.4625358693 -5.4115645556
1784244788.7447648048 -1.0036251922 0.0522910973 0.9268380247 2.1214954296 2.9169770240 -5.1981449072 -2.4664998805 -5.4512967873
1784244788.7526876926 -1.0027121083 0.0514222940 0.9199049844 2.1203023335 3.0265798747 -5.1046588624 -2.4605374984 -5.4561123554
1784244788.7607145309 -1.0018720712 0.0504991905 0.9130631683 2.1190240162 3.0480232168 -5.1747356339 -2.4926862730 -5.4731234711
1784244788.7687587738 -1.0010320342 0.0496575374 0.9062669642 2.1178309200 3.0354786075 -5.2438870856 -2.5074367960 -5.4911925554
1784244788.7750170231 -1.0001554737 0.0487344339 0.8992426997 2.1166378238 3.0493962087 -5.2082046740 -2.4877938591 -5.5069088481
1784244788.7846877575 -0.9993154366 0.0478927807 0.8920815988 2.1154447276 2.9654301110 -5.3412161152 -2.4779316956 -5.5156657111
1784244788.7927198410 -0.9984023528 0.0470511275 0.8849204979 2.1141664103 2.9022388680 -5.2625981227 -2.4408746462 -5.5006054177
1784244788.8008215427 -0.9974892690 0.0459922735 0.8775769486 2.1128028718 2.7996491956 -5.1984129774 -2.3348864419 -5.4723052572
1784244788.8087244034 -0.9965761852 0.0451506204 0.8704158477 2.1114393334 2.8346241855 -5.3280185817 -2.4150535797 -5.4689540880
1784244788.8167688847 -0.9956631014 0.0441732167 0.8630266863 2.1100757949 2.8827409425 -5.3621920471 -2.4334524981 -5.4320619136
1784244788.8247742653 -0.9948230643 0.0432501132 0.8558199733 2.1085418141 2.9220276217 -5.4155856560 -2.4555283680 -5.4155339221
1784244788.8327574730 -0.9939465038 0.0423813099 0.8485220361 2.1071782756 2.8918867466 -5.3860594647 -2.3977842717 -5.4090349376
1784244788.8407680988 -0.9931429901 0.0414582064 0.8412240989 2.1057295160 2.9954367542 -5.4530657558 -2.4991993779 -5.4185618467
1784244788.8487305641 -0.9923029530 0.0403993524 0.8336981012 2.1042807564 2.9630855368 -5.3831121775 -2.4835183595 -5.4246719127
1784244788.8567230701 -0.9914629159 0.0394219487 0.8263089398 2.1029172179 2.9345933020 -5.4574228539 -2.4909767322 -5.4575776464
1784244788.8646967411 -0.9906228788 0.0384445451 0.8189197784 2.1015536794 2.8912432819 -5.4491527474 -2.5380979778 -5.4606038018
1784244788.8727276325 -0.9897463184 0.0373585410 0.8114393927 2.1000196986 2.9631177110 -5.4052947637 -2.5824608020 -5.4415916411
1784244788.8807733059 -0.9889793280 0.0363268371 0.8038677829 2.0985709390 2.9915137439 -5.3724705395 -2.5788550712 -5.4936263122
1784244788.8887279034 -0.9881758142 0.0352408330 0.7962961730 2.0972926217 2.8788893121 -5.1448399763 -2.5828406337 -5.4792935963
1784244788.8966791630 -0.9872992538 0.0339376281 0.7885421147 2.0957586409 2.8466078321 -5.1615415298 -2.5485559330 -5.4621847236
1784244788.9047236443 -0.9864957400 0.0328516240 0.7806968323 2.0942246601 2.8279406505 -5.2147336877 -2.4971238939 -5.4538564133
1784244788.9108591080 -0.9856557029 0.0317113197 0.7728515498 2.0926906793 2.7452377559 -5.2426807269 -2.5045324751 -5.4395922434
1784244788.9189620018 -0.9849982826 0.0307882162 0.7670132000 2.0914975831 2.6253455692 -5.0548859683 -2.4795419777 -5.4087891314
1784244788.9269182682 -0.9840486754 0.0294035609 0.7588486328 2.0897931600 2.5809559633 -4.9738858404 -2.4054619444 -5.4003425692
1784244788.9349076748 -0.9832086383 0.0281818063 0.7507752897 2.0882591792 2.5863517954 -5.0178025627 -2.3361781938 -5.4001226270
1784244788.9430143833 -0.9823686012 0.0269600517 0.7427931709 2.0867251985 2.6399397360 -4.9275099503 -2.3013561430 -5.4053300637
1784244788.9509446621 -0.9814555174 0.0254667961 0.7332602404 2.0848503330 2.7233231813 -5.0875310349 -2.4253643040 -5.4492224290
1784244788.9589540958 -0.9808711438 0.0244622423 0.7268289333 2.0836572369 2.8254063185 -5.1632243734 -2.4553506444 -5.4555816343
1784244788.9669065475 -0.9802137235 0.0232676378 0.7189836508 2.0821232561 2.7669304003 -5.0447011394 -2.3433411224 -5.4382605079
1784244788.9749162197 -0.9795563031 0.0219101327 0.7111383683 2.0805892753 2.9149293209 -5.1383803045 -2.5427402824 -5.4852019864
1784244788.9829170704 -0.9788988828 0.0207698284 0.7032930858 2.0790552945 2.9757033176 -5.2122202297 -2.5602260801 -5.5035445228
1784244788.9909152985 -0.9783145092 0.0196295241 0.6954478033 2.0776065349 2.9863478286 -5.2752793208 -2.5743708709 -5.5012188473
1784244788.9989261627 -0.9776936122 0.0184620697 0.6875569087 2.0759873329 2.9130645054 -5.4713053844 -2.6213619942 -5.5054723476
1784244789.0069038868 -0.9770361918 0.0174303658 0.6796204020 2.0743681310 2.8248068599 -5.5137967962 -2.6649271260 -5.5086200051
1784244789.0148258209 -0.9764152948 0.0162900615 0.6717751195 2.0728341502 2.8335249193 -5.5589695754 -2.6665351916 -5.5142831039
1784244789.0228500366 -0.9758309212 0.0151497572 0.6638386128 2.0712149483 2.8528209531 -5.6207475871 -2.6775380844 -5.5060492935
1784244789.0308086872 -0.9752465476 0.0140909032 0.6558564940 2.0695105252 2.8539192169 -5.7428698890 -2.7105246905 -5.4986438301
1784244789.0387332439 -0.9746621739 0.0130591993 0.6476463146 2.0678061021 2.8854339342 -5.7438550042 -2.7656067685 -5.5046980775
1784244789.0466325283 -0.9741143237 0.0119188950 0.6397098079 2.0661869001 2.8402479060 -5.7286270999 -2.7594650428 -5.5134956356
1784244789.0547101498 -0.9735299500 0.0108600410 0.6314540165 2.0644824770 2.7427600241 -5.6047386321 -2.8191229386 -5.5258658606
1784244789.0627572536 -0.9729090530 0.0096925866 0.6232894492 2.0627780539 2.6540180381 -5.6048392296 -2.8148515398 -5.5549939442
1784244789.0707695484 -0.9722881561 0.0085251322 0.6148512093 2.0611588520 2.6678883671 -5.5221539870 -2.7332027672 -5.5488860897
1784244789.0787281990 -0.9717403058 0.0073305277 0.6061849089 2.0593692077 2.6350067913 -5.6151936723 -2.6948217797 -5.5573782090
1784244789.0867121220 -0.9711559321 0.0062988238 0.5979747295 2.0577500058 2.5931482951 -5.4905147419 -2.7159036960 -5.5585875176
1784244789.0947399139 -0.9706080819 0.0049684687 0.5894452654 2.0559603615 2.6064707175 -5.3914094879 -2.7296984332 -5.5350464821
1784244789.1028542519 -0.9700967549 0.0038010143 0.5810070255 2.0541707173 2.6579802626 -5.4288045102 -2.7267427683 -5.5479873690
1784244789.1108596325 -0.9696584747 0.0026335599 0.5725687857 2.0524662942 2.6229674469 -5.4059031773 -2.7283186239 -5.5362779825
1784244789.1188199520 -0.9691471478 0.0013846552 0.5639937094 2.0505914288 2.5940383344 -5.2843079645 -2.7070530480 -5.5148501367
1784244789.1268217564 -0.9686723442 0.0000543002 0.5554642453 2.0488017845 2.5948041617 -5.3428088633 -2.6927566293 -5.5124370451
1784244789.1348693371 -0.9682340640 -0.0011403043 0.5469803933 2.0469269191 2.5577742325 -5.2479304288 -2.7283675051 -5.4989163621
1784244789.1427488327 -0.9677957837 -0.0023620589 0.5386333777 2.0450520537 2.5540199203 -5.2305296857 -2.7795428126 -5.4918646217
1784244789.1506233215 -0.9673940269 -0.0036109636 0.5303319741 2.0432624095 2.5961410251 -5.1915231296 -2.7787337789 -5.5117872020
1784244789.1587653160 -0.9670653167 -0.0048327182 0.5219849584 2.0415579864 2.5746535964 -5.2203808759 -2.8982079906 -5.5575928130
1784244789.1667180061 -0.9666635598 -0.0061902234 0.5135011064 2.0396831210 2.5094091158 -5.1752569833 -2.9158512865 -5.5918620993
1784244789.1747303009 -0.9662618030 -0.0073848279 0.5049260302 2.0379786979 2.5085368312 -5.1714088946 -2.9153638021 -5.6225173226
1784244789.1827640533 -0.9659330928 -0.0086337326 0.4963509540 2.0361890536 2.4631102056 -5.0695253521 -2.8692158647 -5.6092866419
1784244789.1907339096 -0.9655678593 -0.0100726880 0.4875478172 2.0342289670 2.4024251898 -5.0398112767 -2.8086065841 -5.6284665449
1784244789.1987330914 -0.9652026257 -0.0112672925 0.4786990684 2.0324393228 2.3597263930 -5.0624070184 -2.7443151322 -5.6266288726
1784244789.2067432404 -0.9648373922 -0.0125161972 0.4698503195 2.0305644574 2.2932508057 -5.0104030712 -2.6628833274 -5.6248098722
1784244789.2147650719 -0.9644721587 -0.0139280026 0.4607278980 2.0286895920 2.3466685292 -5.0137807351 -2.6050650195 -5.6172668521
1784244789.2226858139 -0.9642164952 -0.0150954570 0.4516510886 2.0268147266 2.3804969876 -5.0444345226 -2.5023951735 -5.5985834407
1784244789.2306923866 -0.9639608318 -0.0163443617 0.4425286671 2.0248546400 2.4299721822 -5.0675444518 -2.4512593495 -5.6025354068
1784244789.2387192249 -0.9637782150 -0.0176204165 0.4333606335 2.0229797746 2.4498688614 -5.1614312506 -2.4098016655 -5.6032648775
1784244789.2466793060 -0.9635955983 -0.0187064206 0.4240557636 2.0210196880 2.4114869502 -5.2222680895 -2.3976214750 -5.6277570327
1784244789.2547125816 -0.9634129815 -0.0198467249 0.4149333421 2.0191448226 2.3641584405 -5.2006784549 -2.3857479309 -5.5951584080
1784244789.2627334595 -0.9631938414 -0.0210956296 0.4057196964 2.0170142938 2.3148462621 -5.3508929745 -2.4110333202 -5.5686909562
1784244789.2707240582 -0.9630112246 -0.0220187331 0.3965060506 2.0150542072 2.3022825317 -5.5004526306 -2.4122406767 -5.5458921533
1784244789.2787325382 -0.9629016546 -0.0229961368 0.3875660776 2.0130088995 2.3017965369 -5.5572449424 -2.4559491982 -5.5424226873
1784244789.2867312431 -0.9627920845 -0.0240821409 0.3784436561 2.0108783706 2.2971172526 -5.6097792868 -2.5062885985 -5.5540762510
1784244789.2947294712 -0.9627190378 -0.0249780942 0.3693668467 2.0089182840 2.2743173312 -5.6543655089 -2.5328170950 -5.5891762071
1784244789.3027322292 -0.9626459911 -0.0258740476 0.3604724857 2.0069581975 2.1982599401 -5.5369932039 -2.5612425749 -5.5898235782
1784244789.3106863499 -0.9625364210 -0.0269600517 0.3513500642 2.0048276686 2.1261411739 -5.5880321385 -2.6381051476 -5.6264118113
1784244789.3187258244 -0.9624268510 -0.0277745548 0.3425013153 2.0029528032 2.0708155214 -5.6092551600 -2.6724028538 -5.6598921598
1784244789.3267335892 -0.9623538043 -0.0286705082 0.3336069544 2.0009927166 2.0103612587 -5.4364701277 -2.7204806030 -5.6621422850
1784244789.3347260952 -0.9622807576 -0.0297293622 0.3247125934 1.9988621878 1.9584378231 -5.3850550988 -2.7396679560 -5.6633221417
1784244789.3427300453 -0.9622077109 -0.0306253156 0.3158182324 1.9969021012 1.9252216346 -5.3884798323 -2.7204456799 -5.6616265816
1784244789.3507764339 -0.9621711875 -0.0315755691 0.3068326473 1.9948567935 1.8538013976 -5.1549359409 -2.7045897507 -5.6717063711
1784244789.3586955070 -0.9620981408 -0.0327430235 0.2977558379 1.9928114858 1.7782943743 -5.1451081377 -2.6775592144 -5.6623817659
1784244789.3668243885 -0.9620616175 -0.0336389769 0.2886790285 1.9908513992 1.6885349683 -5.0424185890 -2.6262915484 -5.6524549359
1784244789.3747749329 -0.9619885708 -0.0346978309 0.2794197706 1.9887208703 1.6654437528 -4.8866973720 -2.5982243794 -5.6219434827
1784244789.3827221394 -0.9619885708 -0.0357295348 0.2706622460 1.9865051203 1.6492240891 -4.9244589262 -2.6191701427 -5.6116050814
1784244789.3907318115 -0.9619885708 -0.0366797884 0.2617678850 1.9844598126 1.5913307143 -4.9768248856 -2.6745048149 -5.6409872766
1784244789.3988327980 -0.9619885708 -0.0376571921 0.2530103604 1.9824145049 1.4899859245 -4.8840033543 -2.7033918216 -5.6045536004
1784244789.4067990780 -0.9619520474 -0.0387160461 0.2439335510 1.9801135337 1.4805884857 -5.0155971779 -2.7086589595 -5.6009113691
1784244789.4148306847 -0.9619885708 -0.0395305492 0.2349935779 1.9780682260 1.3808902000 -4.9924142753 -2.6519742257 -5.5931449326
1784244789.4228663445 -0.9619520474 -0.0404536526 0.2258711564 1.9758524760 1.3343821585 -4.9914941863 -2.6233119936 -5.5845437675
1784244789.4307706356 -0.9619885708 -0.0412953058 0.2169767955 1.9736367259 1.2108416929 -5.1060057996 -2.6122430819 -5.6077033892
1784244789.4387278557 -0.9619520474 -0.0420555087 0.2082192708 1.9715914182 1.1485907064 -5.0697404224 -2.6050105546 -5.6223840590
1784244789.4466965199 -0.9619520474 -0.0428971619 0.1992336856 1.9694608893 1.0827621012 -5.0982778836 -2.5996076895 -5.6220808358
1784244789.4547431469 -0.9619520474 -0.0436845148 0.1902481005 1.9672451393 0.9902811718 -5.1757875619 -2.5834652121 -5.6799796169
1784244789.4627976418 -0.9619520474 -0.0443361173 0.1811256789 1.9652850527 0.9590810389 -5.0737541730 -2.5086732014 -5.7049509094
1784244789.4707713127 -0.9619885708 -0.0451234703 0.1718664211 1.9631545239 0.8459401320 -5.1079123687 -2.4630642716 -5.6981130338
1784244789.4787204266 -0.9619885708 -0.0457750727 0.1628352238 1.9610239950 0.7770951268 -5.1130663368 -2.4192075919 -5.6950290018
1784244789.4867362976 -0.9619885708 -0.0463452249 0.1535759660 1.9588934661 0.6847184880 -4.9743224213 -2.3924978115 -5.6690841743
1784244789.4947261810 -0.9619885708 -0.0470239774 0.1444991566 1.9566777161 0.6002952340 -4.8768006292 -2.3561406918 -5.6623911606
1784244789.5027332306 -0.9619885708 -0.0477841803 0.1352855109 1.9544619661 0.4861567069 -4.9209411122 -2.3563315526 -5.6298563364
1784244789.5107815266 -0.9619885708 -0.0483543324 0.1261174773 1.9520757737 0.4456181096 -4.7515718989 -2.3142310906 -5.6008906532
1784244789.5189137459 -0.9620250941 -0.0491145353 0.1169038316 1.9498600237 0.3552390486 -4.9186391375 -2.2937138668 -5.5714959733
1784244789.5269544125 -0.9620250941 -0.0496303873 0.1077357980 1.9474738314 0.2016659847 -4.8206025147 -2.2287755454 -5.5428722573
1784244789.5367856026 -0.9619885708 -0.0504720404 0.0966520558 1.9446615333 0.1904378174 -4.6487823628 -2.3255310092 -5.5504053588
1784244789.5448169708 -0.9620616175 -0.0511507930 0.0875752464 1.9423605621 0.1210710815 -4.5602705681 -2.4005284358 -5.5638018894
1784244789.5528745651 -0.9620981408 -0.0517480953 0.0788177218 1.9401448121 0.0234877754 -4.4676484349 -2.4659403477 -5.5807956527
1784244789.5609562397 -0.9620981408 -0.0524268478 0.0680076523 1.9373325139 -0.0902590147 -4.4551504127 -2.5354911970 -5.5912610493
1784244789.5689435005 -0.9620981408 -0.0529698499 0.0610746120 1.9355428697 -0.2187007604 -4.5326065408 -2.4876032262 -5.5894172630
1784244789.5769634247 -0.9620981408 -0.0534314016 0.0522714752 1.9333271197 -0.2752804370 -4.4953364945 -2.4376096032 -5.5727772340
1784244789.5848748684 -0.9621346642 -0.0540287039 0.0418719147 1.9306000427 -0.3630563817 -4.4984814872 -2.5401457627 -5.5882768419
1784244789.5928292274 -0.9621346642 -0.0544088053 0.0352125470 1.9288103985 -0.4043271461 -4.3360044659 -2.5009309205 -5.6027705844
1784244789.6007332802 -0.9622077109 -0.0549789574 0.0264094103 1.9266798696 -0.5102142258 -4.5018411221 -2.4969552102 -5.6010529699
1784244789.6087749004 -0.9622077109 -0.0553047587 0.0179255583 1.9243788984 -0.5460008941 -4.5976943948 -2.4825321052 -5.6006125178
1784244789.6167657375 -0.9622807576 -0.0555491096 0.0092136457 1.9221631484 -0.6371638611 -4.6481244554 -2.4503032393 -5.5997840216
1784244789.6247782707 -0.9623172809 -0.0558206106 0.0005473453 1.9198621772 -0.7130877874 -4.5801895024 -2.3764139734 -5.5741964403
1784244789.6327657700 -0.9623538043 -0.0561735619 -0.0083470157 1.9175612060 -0.8027084653 -4.6462710274 -2.3288126156 -5.5825140614
1784244789.6407325268 -0.9623903276 -0.0563636127 -0.0171501524 1.9152602348 -0.8718225917 -4.7163425835 -2.2917770416 -5.5934004347
1784244789.6487746239 -0.9624633743 -0.0564179129 -0.0259989013 1.9130444848 -0.9043295649 -4.7268567808 -2.2303609335 -5.6078021075
1784244789.6567330360 -0.9625364210 -0.0565536634 -0.0348932623 1.9108287348 -0.9748006257 -4.8736271453 -2.1781781404 -5.6219681317
1784244789.6647369862 -0.9626094678 -0.0565265133 -0.0437876232 1.9085277636 -1.0592014269 -4.7573798632 -2.1848384743 -5.6086798080
1784244789.6726963520 -0.9626825145 -0.0566622638 -0.0524995358 1.9061415713 -1.1293242218 -4.6957585063 -2.1661321600 -5.6277538393
1784244789.6807274818 -0.9627920845 -0.0566894139 -0.0613026725 1.9040110424 -1.1736465638 -4.7195599268 -2.1597763491 -5.6488380360
1784244789.6887011528 -0.9629016546 -0.0567165640 -0.0699233608 1.9017100712 -1.2857863722 -4.7220573880 -2.1828082268 -5.6076840159
1784244789.6967029572 -0.9629747013 -0.0566079636 -0.0785896613 1.8993238789 -1.3600596885 -4.5980274507 -2.1843525188 -5.5771484110
1784244789.7047195435 -0.9630842713 -0.0566894139 -0.0872103496 1.8970229077 -1.4375701505 -4.6864957709 -2.2284292881 -5.5824952424
1784244789.7127716541 -0.9631938414 -0.0565265133 -0.0956029774 1.8947219365 -1.4727779615 -4.4352045656 -2.3315955172 -5.5561687108
1784244789.7207674980 -0.9633399348 -0.0565808135 -0.1037219325 1.8923357442 -1.5041222117 -4.2398686998 -2.3816815551 -5.5665661646
1784244789.7287800312 -0.9634860282 -0.0566351137 -0.1119321118 1.8902052153 -1.5666965805 -4.3631706422 -2.4163045546 -5.5630420270
1784244789.7367722988 -0.9636321216 -0.0564722131 -0.1201422912 1.8878190230 -1.6814407031 -4.2483835395 -2.4788948459 -5.5502623480
1784244789.7446968555 -0.9637782150 -0.0564450630 -0.1281244100 1.8854328306 -1.7461602840 -4.0685735409 -2.5086458531 -5.5547281460
1784244789.7527704239 -0.9639243084 -0.0564722131 -0.1361977530 1.8832170806 -1.8335665295 -4.0970118066 -2.5360325980 -5.5694019526
1784244789.7607653141 -0.9640704018 -0.0563093125 -0.1442254840 1.8809161094 -1.8366726135 -3.9937342706 -2.4389371491 -5.5303379648
1784244789.7687780857 -0.9642530186 -0.0562550123 -0.1521619907 1.8786151382 -1.8916902693 -3.8563250627 -2.5389162941 -5.5551026817
1784244789.7767429352 -0.9644721587 -0.0562007121 -0.1600984974 1.8763993882 -1.9540109801 -4.0046801042 -2.5131445223 -5.5638177149
1784244789.7847321033 -0.9646912988 -0.0559020609 -0.1681718404 1.8740984170 -2.0148469265 -3.9054559033 -2.4842854742 -5.5862544563
1784244789.7928247452 -0.9649104389 -0.0557934605 -0.1761995713 1.8719678881 -2.1130550064 -3.7744990565 -2.3936373114 -5.6075511534
1784244789.8007662296 -0.9650930557 -0.0556577100 -0.1843641386 1.8697521381 -2.2192051053 -3.9424675599 -2.2585281449 -5.6275297740
1784244789.8087759018 -0.9653121958 -0.0552776086 -0.1925743179 1.8676216093 -2.2854235014 -3.8647205200 -2.1584872281 -5.6369638941
1784244789.8167703152 -0.9655313359 -0.0549518073 -0.2007844973 1.8654058592 -2.3221474529 -3.9171498318 -2.0534019522 -5.6379581485
1784244789.8247141838 -0.9657869994 -0.0546260061 -0.2089946766 1.8632753304 -2.2902108773 -3.9377342861 -2.0208785382 -5.6114483355
1784244789.8327341080 -0.9661157096 -0.0542187546 -0.2169767955 1.8609743592 -2.2850428893 -3.9662768123 -2.0185636758 -5.5906793374
1784244789.8407723904 -0.9664444197 -0.0536757525 -0.2250957506 1.8587586091 -2.2495809370 -3.8979341134 -2.0034231124 -5.5960119502
1784244789.8487489223 -0.9668461766 -0.0532413509 -0.2331234815 1.8566280803 -2.2942804848 -3.8788480857 -1.9738104136 -5.5976136548
1784244789.8568646908 -0.9672114101 -0.0527254989 -0.2411968245 1.8544975514 -2.3310850427 -3.7350478219 -1.9816588336 -5.5688905133
1784244789.8649668694 -0.9676131670 -0.0522639472 -0.2489964949 1.8522818014 -2.3950548782 -3.8831104071 -1.9805044219 -5.5906910061
1784244789.8729588985 -0.9680149239 -0.0516123447 -0.2567505532 1.8502364937 -2.3749457666 -3.7498569660 -1.9667085035 -5.5826482154
1784244789.8827688694 -0.9684532041 -0.0511507930 -0.2644589994 1.8480207436 -2.3383809295 -3.8407279455 -1.8196966365 -5.5342430384
1784244789.8908693790 -0.9689645310 -0.0504720404 -0.2735358088 1.8455493301 -2.5136168182 -3.6959751541 -2.1625474481 -5.6250992436
1784244789.8988339901 -0.9694393346 -0.0498204380 -0.2807425218 1.8435040224 -2.4907436157 -3.4806171648 -2.2490901248 -5.5958245735
1784244789.9069588184 -0.9699506615 -0.0493317361 -0.2879492348 1.8412882724 -2.4715726000 -3.4803896536 -2.1587494705 -5.5579104160
1784244789.9127671719 -0.9704254651 -0.0486529836 -0.2950191114 1.8393281858 -2.6301472721 -3.4007737688 -2.3714939375 -5.5938193516
1784244789.9207332134 -0.9707906986 -0.0481914318 -0.3001732796 1.8377942050 -2.7017151335 -3.4012472247 -2.4035612963 -5.5591098581
1784244789.9287834167 -0.9713020255 -0.0474855292 -0.3072887683 1.8356636762 -2.6850114267 -3.4098504702 -2.3069100477 -5.5222255425
1784244789.9367754459 -0.9717768291 -0.0468882269 -0.3143130329 1.8334479261 -2.7842313894 -3.2992159323 -2.3349789181 -5.4981130950
1784244789.9448196888 -0.9723246794 -0.0461280240 -0.3210636248 1.8314026184 -2.8611282121 -3.3452844712 -2.4615634007 -5.5254614385
1784244789.9527764320 -0.9728360063 -0.0452592208 -0.3279966652 1.8293573107 -2.8618629012 -3.3340621417 -2.4458591063 -5.5181036714
1784244789.9607784748 -0.9734203800 -0.0444718678 -0.3347016450 1.8273120030 -2.9494078546 -3.3821639916 -2.4341154293 -5.4992646877
1784244789.9687705040 -0.9739317069 -0.0436030645 -0.3415434611 1.8251814741 -2.9868098930 -3.5069351539 -2.3976041817 -5.5656142858
1784244789.9767775536 -0.9745160805 -0.0425170604 -0.3484765014 1.8233918299 -2.9702451475 -3.5655746086 -2.3392332230 -5.5855773526
1784244789.9847021103 -0.9751735009 -0.0414853565 -0.3553183176 1.8214317433 -3.0116621816 -3.6261529170 -2.2669765819 -5.6293086285
1784244789.9927482605 -0.9757943979 -0.0404265025 -0.3622057458 1.8196420991 -3.0008684746 -3.7556944703 -2.2311794757 -5.6863468994
1784244790.0008776188 -0.9764883415 -0.0391775978 -0.3690475619 1.8178524548 -2.9147705434 -3.6487919926 -2.2238895469 -5.6645651273
1784244790.0089750290 -0.9772553319 -0.0380372935 -0.3757981538 1.8158923682 -2.8344401791 -3.8051217816 -2.1721064970 -5.6749780354
1784244790.0187292099 -0.9780588457 -0.0366526383 -0.3825031336 1.8141879451 -2.7740997090 -3.9356432730 -2.1540430950 -5.6795267540
1784244790.0267887115 -0.9790814995 -0.0350236321 -0.3905308646 1.8118869740 -2.7682242867 -3.8579807561 -2.1925459665 -5.6696087807
1784244790.0347566605 -0.9799215366 -0.0336661270 -0.3970077838 1.8100973297 -2.7542133330 -3.8848197452 -2.2188062515 -5.6677198834
1784244790.0427703857 -0.9808711438 -0.0322000215 -0.4034847031 1.8082224643 -2.8498324630 -3.8389285633 -2.2625262493 -5.6403851691
1784244790.0507228374 -0.9817111809 -0.0307610661 -0.4097335618 1.8064328200 -2.9710444947 -3.7520322188 -2.2865798226 -5.6146867468
1784244790.0587379932 -0.9825512180 -0.0293764108 -0.4159824205 1.8045579546 -3.0420091331 -3.7428400031 -2.3194329919 -5.5819520835
1784244790.0667941570 -0.9834277784 -0.0278560051 -0.4221856672 1.8025978681 -3.1275994379 -3.6065948160 -2.3756853963 -5.5410697139
1784244790.0748848915 -0.9842678155 -0.0264441998 -0.4281152411 1.8006377815 -3.0769588374 -3.7227290334 -2.3001754316 -5.5102717397
1784244790.0829529762 -0.9851443760 -0.0248966439 -0.4340904272 1.7988481373 -3.1785664054 -3.5450101788 -2.3773641604 -5.4906751779
1784244790.0927088261 -0.9860574598 -0.0234576885 -0.4399743891 1.7968880507 -3.2464419722 -3.5117851983 -2.4047986548 -5.5249611018
1784244790.1008219719 -0.9871531604 -0.0215843314 -0.4469530416 1.7949279641 -3.1609031694 -3.6120900925 -2.3363853992 -5.4936429508
1784244790.1088352203 -0.9881392909 -0.0200096255 -0.4526089429 1.7930530987 -3.1611364900 -3.3267112521 -2.4975965911 -5.5417541930
1784244790.1167972088 -0.9891254214 -0.0185435200 -0.4581736200 1.7914338968 -3.0997499838 -3.3208383614 -2.5309351193 -5.5778500386
1784244790.1247272491 -0.9901845986 -0.0169416639 -0.4636014608 1.7898999160 -3.1080349636 -3.3790773308 -2.5690348829 -5.6110258644
1784244790.1327874660 -0.9912437758 -0.0152583576 -0.4689836895 1.7882807141 -3.0916793713 -3.2823123905 -2.5933398089 -5.6173180505
1784244790.1407845020 -0.9923394764 -0.0136565015 -0.4744115303 1.7866615121 -3.0866261225 -3.3718442706 -2.5819955653 -5.6392920732
1784244790.1487741470 -0.9934717003 -0.0118917449 -0.4797481469 1.7852127525 -3.1153894993 -3.5206269151 -2.5205675183 -5.6247092711
1784244790.1568648815 -0.9946039242 -0.0099912377 -0.4853128240 1.7835083294 -3.0505514890 -3.6884731710 -2.4146538952 -5.5853336761
1784244790.1648814678 -0.9956996247 -0.0082264810 -0.4908318890 1.7818039063 -3.1961157136 -3.7335747123 -2.3182976749 -5.5323247854
1784244790.1729366779 -0.9968683720 -0.0061630733 -0.4963965661 1.7801847043 -3.2242838181 -3.8155653797 -2.2254091558 -5.5166708291
1784244790.1809191704 -0.9980005959 -0.0041811158 -0.5018244069 1.7785655024 -3.2070745066 -3.8496256830 -2.1615800313 -5.4615331836
1784244790.1889374256 -0.9991693432 -0.0021720082 -0.5071154114 1.7768610793 -3.1808576448 -3.9131399779 -2.1510750991 -5.4812281455
1784244790.1987345219 -1.0004111372 -0.0000271501 -0.5123608037 1.7754123197 -3.0493261447 -4.1401118158 -2.0560996762 -5.4564772600
1784244790.2068393230 -1.0020181647 0.0024978094 -0.5187008867 1.7735374543 -2.9817290264 -3.8698843627 -2.1952333145 -5.5020109607
1784244790.2149322033 -1.0034060520 0.0046969677 -0.5237638306 1.7721739158 -2.8287001623 -3.8151380722 -2.2590473694 -5.5587973847
1784244790.2247045040 -1.0048669861 0.0067875256 -0.5284618777 1.7708955985 -2.8147502124 -3.8355898506 -2.3229093873 -5.5824180350
1784244790.2328424454 -1.0065835837 0.0094482356 -0.5342090032 1.7692763965 -2.8636995062 -3.8039072101 -2.4088117467 -5.6447649356
1784244790.2409310341 -1.0080445178 0.0116745440 -0.5387702140 1.7681685215 -2.9039170451 -3.8176320573 -2.4568423144 -5.6829220450
1784244790.2507882118 -1.0094689285 0.0139008524 -0.5432402005 1.7669754253 -3.0003258358 -3.6918455224 -2.5343595303 -5.6839694467
1784244790.2588539124 -1.0111855260 0.0165887126 -0.5485768171 1.7655266657 -3.0857084028 -3.6034213546 -2.5858336664 -5.6874192726
1784244790.2669761181 -1.0126099368 0.0187878709 -0.5528187431 1.7643335695 -3.1111295188 -3.6690229531 -2.5701573695 -5.6405587779
1784244790.2749681473 -1.0140343475 0.0210956296 -0.5571518933 1.7630552522 -2.9630378788 -3.9470115613 -2.4921640447 -5.5953355244
1784244790.2830119133 -1.0157509450 0.0238920901 -0.5622148372 1.7613508291 -3.1162103714 -3.7226026499 -2.5726911831 -5.5090516659
1784244790.2926912308 -1.0172484025 0.0263355994 -0.5665023754 1.7600725118 -3.1383751680 -3.7136611048 -2.5695683354 -5.4546290686
1784244790.3007440567 -1.0187458599 0.0287248084 -0.5705162408 1.7587941945 -3.1454124385 -3.7981113940 -2.5690065922 -5.4508504805
1784244790.3087277412 -1.0202798407 0.0312497679 -0.5746669426 1.7575158771 -3.1534679915 -3.8470269955 -2.5243476789 -5.4531812106
1784244790.3167402744 -1.0218138215 0.0337204272 -0.5787264202 1.7563227810 -3.1130743695 -3.9704699786 -2.4348231738 -5.4607234085
1784244790.3248398304 -1.0233843256 0.0363539872 -0.5829683462 1.7551296848 -3.1804112232 -3.9845224366 -2.3186876964 -5.4908902161
1784244790.3328418732 -1.0248817831 0.0389332469 -0.5873014964 1.7541922521 -3.2387870534 -4.1314072224 -2.1565441988 -5.5165682328
1784244790.3408401012 -1.0263792405 0.0416211070 -0.5916346466 1.7531695982 -3.2990682228 -4.2252885438 -2.0087561655 -5.5263183436
1784244790.3488848209 -1.0278766979 0.0443904175 -0.5961046331 1.7522321655 -3.1963070753 -4.2453839564 -1.8996220718 -5.5646001169
1784244790.3569815159 -1.0294837254 0.0471054277 -0.6003921712 1.7513799540 -3.0337262147 -4.5351705404 -1.8162425377 -5.5447423162
1784244790.3667883873 -1.0310177062 0.0498747382 -0.6046797093 1.7505277424 -3.1157158493 -4.2886045120 -1.7470231268 -5.6215679052
1784244790.3747427464 -1.0330264906 0.0532685010 -0.6098338775 1.7496755309 -3.1299993398 -4.1567505970 -1.7485792712 -5.6863269761
1784244790.3827397823 -1.0346700414 0.0559835112 -0.6138477430 1.7489937617 -3.1431255583 -4.1268893470 -1.7166422696 -5.7450728629
1784244790.3907039165 -1.0363135923 0.0588071219 -0.6180440568 1.7484824347 -3.1251982351 -3.9881367580 -1.7205336777 -5.7964171873
1784244790.3987820148 -1.0379936665 0.0615221321 -0.6219666981 1.7479711078 -3.0950872364 -3.9011449832 -1.7200629639 -5.7954677165
1784244790.4067354202 -1.0397102640 0.0642099923 -0.6257525030 1.7473745597 -3.0200364255 -3.8391004503 -1.7022719557 -5.7546281136
1784244790.4147644043 -1.0414633849 0.0669521526 -0.6297207564 1.7466927905 -3.0534076937 -3.6872642244 -1.7269506169 -5.7132055822
1784244790.4227902889 -1.0431799825 0.0696400128 -0.6333241129 1.7460962424 -3.0435771126 -3.5806073572 -1.7794321853 -5.6273868029
1784244790.4307765961 -1.0449331034 0.0722735727 -0.6368362451 1.7452440308 -2.9906935603 -3.5370496726 -1.7823839574 -5.5516545957
1784244790.4388394356 -1.0467592710 0.0749885829 -0.6404852137 1.7444770404 -2.8825215304 -3.4696198092 -1.7843067400 -5.4611782450
1784244790.4468324184 -1.0486219619 0.0776221429 -0.6439061218 1.7436248289 -2.9215389212 -3.4827320079 -1.7273132619 -5.4158897978
1784244790.4547894001 -1.0503750828 0.0802828529 -0.6474638662 1.7429430597 -2.9526661212 -3.4284019767 -1.6720321901 -5.3605648270
1784244790.4627382755 -1.0521647271 0.0829707131 -0.6509759985 1.7421760693 -2.9533247514 -3.3371524130 -1.6005409316 -5.3634875034
1784244790.4707860947 -1.0539543713 0.0856042730 -0.6545793550 1.7416647423 -2.9714271638 -3.3191173087 -1.5926297153 -5.4174541650
1784244790.4787840843 -1.0557805389 0.0883192832 -0.6578634267 1.7412386366 -2.9115099227 -3.3236228432 -1.5601003699 -5.4339999937
1784244790.4867370129 -1.0576432299 0.0909799933 -0.6612387227 1.7407273096 -2.9404280525 -3.2742820801 -1.5349126964 -5.4790733945
1784244790.4947788715 -1.0594693975 0.0936950035 -0.6645227944 1.7404716462 -3.0968360943 -3.2154894899 -1.5120328809 -5.5496181841
1784244790.5027406216 -1.0611859950 0.0963557136 -0.6678068661 1.7403012039 -3.2097086476 -3.2701635577 -1.4141458401 -5.6030417122
1784244790.5107431412 -1.0629391159 0.0991521741 -0.6713189984 1.7401307615 -3.2771352764 -3.3207419813 -1.3033626816 -5.6511688413
1784244790.5187468529 -1.0646191901 0.1019486347 -0.6748311307 1.7400455404 -3.3669285252 -3.3920408472 -1.2215682422 -5.6861991486
1784244790.5267841816 -1.0662992643 0.1047450952 -0.6781608146 1.7399603192 -3.3279992099 -3.4799126739 -1.1748630314 -5.6836191886
1784244790.5347845554 -1.0680889086 0.1076773063 -0.6814448863 1.7398750981 -3.3290749380 -3.5086225824 -1.1768284538 -5.6941922921
1784244790.5427379608 -1.0697689828 0.1105280670 -0.6845008975 1.7398750981 -3.2685945795 -3.5981675588 -1.1822596500 -5.6724080995
1784244790.5507936478 -1.0715586270 0.1134059779 -0.6874200724 1.7397898769 -3.2068608899 -3.5351408122 -1.2779391212 -5.6132391684
1784244790.5587792397 -1.0733847946 0.1163381890 -0.6901567988 1.7396194346 -3.0552208378 -3.5659743047 -1.3590836464 -5.5973563130
1784244790.5667853355 -1.0752474856 0.1192432499 -0.6927566890 1.7396194346 -2.9841652584 -3.6279244620 -1.4309312159 -5.5591210110
1784244790.5747888088 -1.0771101766 0.1222297612 -0.6952197428 1.7395342135 -2.9311711517 -3.5563484221 -1.4833866485 -5.5213747764
1784244790.5827460289 -1.0790459142 0.1251076720 -0.6976827966 1.7395342135 -2.9284093169 -3.5319573152 -1.5371917803 -5.4910984785
1784244790.5908405781 -1.0809086052 0.1280398831 -0.6999634019 1.7395342135 -3.0525562900 -3.6138417916 -1.5921681647 -5.4746676302
1784244790.5989298820 -1.0827347728 0.1309992443 -0.7021071710 1.7395342135 -3.0543647514 -3.7059203541 -1.5919595177 -5.4437789199
1784244790.6069664955 -1.0849626973 0.1346645081 -0.7047982853 1.7395342135 -3.0850764998 -3.7557802056 -1.5898423727 -5.4178196696
1784244790.6148915291 -1.0863871080 0.1370537171 -0.7065315454 1.7395342135 -2.9468371501 -3.9645458745 -1.5628752954 -5.3957928325
1784244790.6227502823 -1.0881402289 0.1400673785 -0.7086753145 1.7395342135 -3.1436039807 -3.8100056209 -1.5480265520 -5.3197770262
1784244790.6307516098 -1.0899298731 0.1429995896 -0.7106822472 1.7395342135 -3.0585206077 -3.7747566280 -1.5569367380 -5.2946273794
1784244790.6387469769 -1.0917925641 0.1460404010 -0.7125979557 1.7396194346 -2.9104478100 -3.8451462667 -1.5463914844 -5.2561065311
1784244790.6468296051 -1.0936917784 0.1490812125 -0.7144224400 1.7396194346 -2.7454386867 -4.1345151254 -1.5209148983 -5.2413855561
1784244790.6547472477 -1.0954448993 0.1522034743 -0.7162925364 1.7396194346 -3.0764303721 -3.9655639549 -1.5516516093 -5.1642452536
1784244790.6628589630 -1.0971980202 0.1552442858 -0.7179345723 1.7397046558 -3.0923885334 -3.9176908841 -1.5622539562 -5.1182236898
1784244790.6707859039 -1.0989876645 0.1582850972 -0.7195766082 1.7397046558 -3.1063439483 -3.9428203542 -1.5568042197 -5.0838618036
1784244790.6787438393 -1.1007773087 0.1613802089 -0.7212186441 1.7397898769 -3.1420262088 -4.0062667155 -1.5804191483 -5.0630285258
1784244790.6867864132 -1.1024939063 0.1645024707 -0.7226326194 1.7398750981 -3.0733285036 -4.0376100580 -1.5684023532 -5.0198532114
1784244790.6947462559 -1.1043200739 0.1676247325 -0.7241378189 1.7399603192 -3.0467167779 -4.1850794907 -1.5431131977 -4.9825624333
1784244790.7027597427 -1.1061462415 0.1708827448 -0.7255974064 1.7400455404 -3.1224630135 -4.2285745537 -1.5672658210 -4.9372219019
1784244790.7108352184 -1.1078628390 0.1740321566 -0.7268745454 1.7401307615 -3.1326633927 -4.3858113762 -1.5260523956 -4.9074532488
1784244790.7187905312 -1.1096159599 0.1773444691 -0.7282429086 1.7403012039 -3.1936608049 -4.4346686751 -1.5015407691 -4.8605224669
1784244790.7267944813 -1.1112960341 0.1805481812 -0.7295200476 1.7403864250 -3.2358621611 -4.5798242921 -1.5109998560 -4.8509090833
1784244790.7347807884 -1.1129395850 0.1838604937 -0.7306147382 1.7406420885 -3.1802429102 -4.6029089133 -1.5118859676 -4.7927366910
1784244790.7427463531 -1.1146561825 0.1871185060 -0.7317094288 1.7407273096 -3.1128774517 -4.6973421062 -1.4835261498 -4.7518022686
1784244790.7507843971 -1.1164093034 0.1904851187 -0.7328953436 1.7409829731 -3.0192955760 -4.7972936174 -1.5010892012 -4.7300953541
1784244790.7587890625 -1.1181624243 0.1938517314 -0.7338075857 1.7412386366 -3.0552054385 -4.9199114898 -1.5394998278 -4.6826612804
1784244790.7667894363 -1.1198424985 0.1972726443 -0.7345373794 1.7413238577 -3.0538806170 -4.9720149685 -1.5284883901 -4.6315631033
1784244790.7747905254 -1.1215956194 0.2006664071 -0.7354952337 1.7414943000 -3.0581823130 -5.0395827549 -1.5581234323 -4.5975588822
1784244790.7827844620 -1.1232391703 0.2040601699 -0.7360881911 1.7417499635 -3.1152450303 -5.1198346059 -1.5707612502 -4.5303563609
1784244790.7907323837 -1.1248827211 0.2074810828 -0.7366355364 1.7418351846 -3.1153184189 -5.2026838714 -1.5450251987 -4.4904626704
1784244790.7987372875 -1.1265262719 0.2108476956 -0.7372741059 1.7420056270 -3.0860388170 -5.1914456517 -1.5615025742 -4.4190807852
1784244790.8067810535 -1.1281698228 0.2143500588 -0.7378670633 1.7421760693 -3.0745904251 -5.2667880300 -1.5789422342 -4.3955241374
1784244790.8147487640 -1.1298133736 0.2177709717 -0.7381407359 1.7425169539 -3.0935978815 -5.3343862719 -1.5934845763 -4.3433037908
1784244790.8227856159 -1.1314204011 0.2212190347 -0.7385512449 1.7426873962 -3.1204243912 -5.3222758856 -1.6129507351 -4.3013487054
1784244790.8307805061 -1.1329909053 0.2245856474 -0.7388249176 1.7429430597 -3.1914511548 -5.3367807358 -1.6480620120 -4.2749747914
1784244790.8388459682 -1.1344883627 0.2279794102 -0.7388705297 1.7431987231 -3.2283982415 -5.4475455863 -1.6469070422 -4.2621421733
1784244790.8468070030 -1.1360223435 0.2314274732 -0.7390985902 1.7436248289 -3.2086251432 -5.4480538626 -1.6432525522 -4.2614251682
1784244790.8548521996 -1.1375198009 0.2347669358 -0.7391442023 1.7440509347 -3.1903836193 -5.4674510693 -1.6437005579 -4.2483299225
1784244790.8627488613 -1.1390172584 0.2381606986 -0.7390985902 1.7444770404 -3.1827598735 -5.5360426764 -1.6311982876 -4.2225205280
1784244790.8707897663 -1.1405147158 0.2415816115 -0.7390985902 1.7449031462 -3.0372497406 -5.9590461548 -1.6276701213 -4.2292198423
1784244790.8787889481 -1.1419756499 0.2450025244 -0.7390073660 1.7454144731 -3.1689000087 -5.7763103064 -1.6202201782 -4.1843809995
1784244790.8867523670 -1.1434000606 0.2484234373 -0.7387336933 1.7459258001 -3.1937001346 -5.8340625087 -1.6065184577 -4.1346886023
1784244790.8947105408 -1.1447879480 0.2517900500 -0.7386424691 1.7463519059 -3.2099066346 -5.8486367637 -1.5732275089 -4.1110925062
1784244790.9028332233 -1.1461758354 0.2551838128 -0.7385056328 1.7469484539 -3.2569697888 -5.9446695484 -1.5713412651 -4.0880876102
1784244790.9090218544 -1.1474906760 0.2586318758 -0.7380951238 1.7474597809 -3.1726197539 -6.0456265306 -1.5182355438 -4.0716890526
1784244790.9187443256 -1.1488785634 0.2620256387 -0.7379582875 1.7480563290 -3.1587374845 -5.9526952160 -1.4427211816 -4.0695281256
1784244790.9267566204 -1.1502664508 0.2653922514 -0.7377758391 1.7488233193 -3.1303808479 -6.1455173953 -1.4152656708 -4.0773317504
1784244790.9347491264 -1.1515812915 0.2688674645 -0.7374109422 1.7495903097 -3.0723290020 -6.1147620152 -1.3951052624 -4.0875477427
1784244790.9427525997 -1.1529691789 0.2722069271 -0.7370004333 1.7504425213 -2.9449694041 -6.3259333280 -1.3988975763 -4.0975881022
1784244790.9507858753 -1.1543205429 0.2756278400 -0.7364530880 1.7512947328 -2.9130645487 -6.3245025704 -1.4003683595 -4.1298564493
1784244790.9587142467 -1.1556353836 0.2790216028 -0.7359513548 1.7524026078 -2.9087318197 -6.4551913845 -1.3465939010 -4.1593558740
1784244790.9667129517 -1.1569867476 0.2824425157 -0.7355864579 1.7534252617 -2.9424327497 -6.4776953512 -1.3083242136 -4.1305768818
1784244790.9747567177 -1.1582285416 0.2858091284 -0.7350391126 1.7543626944 -2.9155688431 -6.6354704830 -1.2689433088 -4.1386777320
1784244790.9827039242 -1.1595068589 0.2892843415 -0.7344917673 1.7555557906 -2.9014186933 -6.7891370607 -1.2036633610 -4.1064034236
1784244790.9907155037 -1.1607486529 0.2927595546 -0.7340356463 1.7564932233 -2.9907955576 -6.7998322008 -1.1667327464 -4.0740991875
1784244790.9987852573 -1.1618808768 0.2961533174 -0.7334426889 1.7576010983 -2.9178876483 -6.9429314223 -1.1562645003 -4.0745422515
1784244791.0067844391 -1.1631226707 0.2996285305 -0.7327128951 1.7587941945 -2.8532062401 -7.0865026754 -1.1584021056 -4.0289995939
1784244791.0148186684 -1.1642914180 0.3030765935 -0.7320287135 1.7598168483 -2.7834644240 -7.1158944871 -1.1835885250 -4.0221599468
1784244791.0228455067 -1.1654966886 0.3064432062 -0.7311164714 1.7610951656 -2.7125876828 -7.2806435248 -1.2030112596 -3.9831678227
1784244791.0307581425 -1.1667019592 0.3099727196 -0.7301130050 1.7622030407 -2.7354233480 -7.3073207105 -1.2062952388 -3.9597038865
1784244791.0387566090 -1.1677976598 0.3132850321 -0.7292007629 1.7634813580 -2.7456035356 -7.3710048367 -1.2003731442 -3.9730412055
1784244791.0467910767 -1.1688568370 0.3166787949 -0.7282429086 1.7648448965 -2.7848218094 -7.4257456876 -1.2093852873 -3.9601451116
1784244791.0548195839 -1.1698794909 0.3200454076 -0.7270569938 1.7662084349 -2.7395954200 -7.5122067363 -1.1838530880 -3.9639455941
1784244791.0627439022 -1.1709386681 0.3234663205 -0.7260535274 1.7676571946 -2.7537487522 -7.5669190312 -1.1576558568 -3.9581113804
1784244791.0708117485 -1.1718882752 0.3268057831 -0.7249132248 1.7691059542 -2.6706671517 -7.8627455191 -1.1758078635 -3.9724483172
1784244791.0788011551 -1.1727648357 0.3301452457 -0.7236816979 1.7706399350 -2.8863544799 -7.7571801123 -1.0971303355 -3.9601419356
1784244791.0868012905 -1.1736413961 0.3335118584 -0.7226782315 1.7722591369 -2.8755069055 -7.7831486251 -1.0832308551 -3.9459667159
1784244791.0947954655 -1.1744814332 0.3367970208 -0.7213554804 1.7738783389 -2.8607912239 -7.9117404831 -1.0780210095 -3.9408508115
1784244791.1027851105 -1.1752849470 0.3401364834 -0.7200327293 1.7755827620 -2.7913152891 -8.1953944497 -1.1012671649 -3.9800099397
1784244791.1107716560 -1.1761249841 0.3434487959 -0.7186643660 1.7773724062 -2.6553104128 -8.1116233630 -1.0773681878 -3.9504533603
1784244791.1187560558 -1.1770015445 0.3467068082 -0.7172960028 1.7789916082 -2.6107279427 -8.2545779185 -1.0719319387 -3.9468775187
1784244791.1268086433 -1.1778050583 0.3500191207 -0.7157451911 1.7808664736 -2.6234402539 -8.3408898951 -1.0920404546 -3.9336626274
1784244791.1348054409 -1.1785355253 0.3532771330 -0.7142856037 1.7826561178 -2.6375117417 -8.4774099473 -1.0687925412 -3.8738692375
1784244791.1427614689 -1.1792294690 0.3565894455 -0.7127347921 1.7843605409 -2.6335036950 -8.4936289620 -1.0394949831 -3.8801442748
1784244791.1507141590 -1.1799234127 0.3597931575 -0.7111839804 1.7864058486 -2.6433567881 -8.5574829433 -0.9737925528 -3.8442260150
1784244791.1587672234 -1.1805808330 0.3630240197 -0.7098612293 1.7881954929 -2.5690056437 -8.5540368784 -0.9301948168 -3.8439914300
1784244791.1667547226 -1.1812382534 0.3661734316 -0.7083104176 1.7902408006 -2.5226491406 -8.6704121655 -0.9184034817 -3.8524821724
1784244791.1747896671 -1.1818591504 0.3694042938 -0.7066227696 1.7922861083 -2.5142827200 -8.7921227761 -0.8768189534 -3.8604426574
1784244791.1827445030 -1.1824435240 0.3726080059 -0.7050719580 1.7944166372 -2.5060282619 -8.8602956027 -0.8241537837 -3.8817845092
1784244791.1907560825 -1.1829548509 0.3757574178 -0.7035211463 1.7965471661 -2.5009777600 -9.0156136679 -0.8071481755 -3.8789131070
1784244791.1987187862 -1.1834296545 0.3789611299 -0.7017878862 1.7987629161 -2.5189661183 -9.0980443487 -0.7814280830 -3.8870806298
1784244791.2067415714 -1.1838679347 0.3821105417 -0.7001458504 1.8010638873 -2.5513381929 -9.2617738834 -0.7451535602 -3.8747698546
1784244791.2147953510 -1.1842696916 0.3852871037 -0.6985494266 1.8032796373 -2.5186150762 -9.4520454926 -0.7179115798 -3.8626179495
1784244791.2227945328 -1.1846349251 0.3884908158 -0.6967249423 1.8055806085 -2.3986059378 -9.5892373214 -0.7109637480 -3.8285857882
1784244791.2307677269 -1.1850366820 0.3916402277 -0.6949916822 1.8078815797 -2.3415478026 -9.6394873873 -0.6957750936 -3.8174684000
1784244791.2387988567 -1.1853653922 0.3947353394 -0.6932584221 1.8103529932 -2.3747861258 -9.7842258065 -0.7010108564 -3.8225007287
1784244791.2467987537 -1.1856210556 0.3979119014 -0.6912971015 1.8128244067 -2.3411353367 -9.8319457796 -0.6905034450 -3.7792517383
1784244791.2546975613 -1.1859132424 0.4010070130 -0.6894726172 1.8152105990 -2.3065539450 -10.1500875699 -0.7046505748 -3.8041073362
1784244791.2627999783 -1.1861323826 0.4041292748 -0.6875112966 1.8177672336 -2.2737960315 -10.1711393795 -0.6863613684 -3.7570513849
1784244791.2707881927 -1.1863149993 0.4072515366 -0.6854587518 1.8203238683 -2.1893337931 -10.2724887223 -0.6726681789 -3.7372637440
1784244791.2787437439 -1.1865341394 0.4103194982 -0.6834974311 1.8228805029 -2.0817274219 -10.3486165206 -0.6674898556 -3.7615518488
1784244791.2867581844 -1.1867167562 0.4133331596 -0.6814448863 1.8255223587 -2.0386961007 -10.4197610341 -0.7024105183 -3.7449208897
1784244791.2947976589 -1.1868628496 0.4163468209 -0.6791186688 1.8282494357 -1.9908511083 -10.4629881935 -0.7363496116 -3.7660996688
1784244791.3028357029 -1.1869724197 0.4192790320 -0.6769292877 1.8310617338 -1.9162037969 -10.5968923354 -0.7261165681 -3.7638264807
1784244791.3108110428 -1.1870819897 0.4222383932 -0.6747855186 1.8337888108 -1.9216598598 -10.6709183491 -0.7175363475 -3.7304298056
1784244791.3187649250 -1.1871185131 0.4251706042 -0.6725049132 1.8366011089 -1.9027343936 -10.8366936058 -0.7207785136 -3.7324620362
1784244791.3267965317 -1.1871185131 0.4280756652 -0.6703611442 1.8394986281 -1.8000635479 -10.8073550518 -0.6360015857 -3.6863645760
1784244791.3348038197 -1.1871550364 0.4308721257 -0.6682173751 1.8422257051 -1.7132785809 -10.8917468467 -0.5677653923 -3.6381696783
1784244791.3427536488 -1.1871550364 0.4337228865 -0.6660736061 1.8451232244 -1.6125145838 -10.9783056037 -0.5664750172 -3.6319705001
1784244791.3507990837 -1.1871550364 0.4364921969 -0.6637017765 1.8481059648 -1.4793245414 -11.0020965047 -0.5899779232 -3.6139094713
1784244791.3587586880 -1.1871550364 0.4392072072 -0.6613299469 1.8510034840 -1.3422784448 -11.0277590019 -0.5927118497 -3.6046487373
1784244791.3667597771 -1.1871550364 0.4419222174 -0.6588668931 1.8540714456 -1.2283712715 -11.1067941665 -0.5663494517 -3.5988723575
1784244791.3747723103 -1.1871550364 0.4445557774 -0.6565406756 1.8571394072 -1.1742768608 -11.4087950706 -0.5939205751 -3.6358884348
1784244791.3828010559 -1.1871550364 0.4471350371 -0.6541232339 1.8601221476 -0.9300921190 -11.2233551657 -0.5771790418 -3.5862560557
1784244791.3907599449 -1.1871550364 0.4497142968 -0.6515233438 1.8634457727 -0.7846268444 -11.2563489986 -0.5825386536 -3.6043249394
1784244791.3988983631 -1.1871550364 0.4522121062 -0.6489690657 1.8666841765 -0.6411788918 -11.4134312810 -0.6333393949 -3.6118303251
1784244791.4069468975 -1.1871550364 0.4547642159 -0.6462323393 1.8699225804 -0.5107607909 -11.4811296840 -0.6445833700 -3.5822192497
1784244791.4148943424 -1.1871185131 0.4571534249 -0.6436780613 1.8730757632 -0.3773210297 -11.6468972506 -0.6689278265 -3.5957882551
1784244791.4228913784 -1.1871185131 0.4596240842 -0.6409869469 1.8763993882 -0.2375407359 -11.6594700545 -0.6910063283 -3.5623614448
1784244791.4327666759 -1.1871185131 0.4619589930 -0.6381589963 1.8795525709 -0.0994995238 -11.5940026235 -0.6799400806 -3.5033643070
1784244791.4408884048 -1.1870819897 0.4647826037 -0.6347837003 1.8836431864 0.0242637627 -11.8275863077 -0.7126303013 -3.5160758994
1784244791.4489572048 -1.1870454664 0.4671718127 -0.6317733012 1.8871372537 0.1975075282 -11.9025755099 -0.7334489738 -3.4367524241
1784244791.4569845200 -1.1870454664 0.4693981211 -0.6288541263 1.8902052153 0.3580917947 -11.9900743355 -0.7167563200 -3.3893780583
1784244791.4649553299 -1.1870089430 0.4715972794 -0.6260717878 1.8936140615 0.4587940822 -12.1852455267 -0.6938575153 -3.4051142114
1784244791.4729526043 -1.1869358963 0.4738235878 -0.6232438371 1.8970229077 0.5870014405 -12.1990560792 -0.6499891340 -3.3546215085
1784244791.4828524590 -1.1868993730 0.4762942471 -0.6199141533 1.9010283020 0.6775058953 -12.1007992442 -0.5657354505 -3.3288787628
1784244791.4908635616 -1.1867898029 0.4784391052 -0.6170405905 1.9046928116 0.8463073626 -12.3237341132 -0.5498216734 -3.3135888314
1784244791.4987607002 -1.1867167562 0.4805839633 -0.6140758035 1.9081868790 1.0097827269 -12.3073726467 -0.5314225382 -3.2879747677
1784244791.5067625046 -1.1866437095 0.4825387707 -0.6111566286 1.9117661675 1.2176306041 -12.4651883011 -0.5742848099 -3.3085705015
1784244791.5147590637 -1.1866071861 0.4845750284 -0.6080093932 1.9154306771 1.3019014388 -12.6582421645 -0.6153482715 -3.3504839414
1784244791.5228121281 -1.1865706628 0.4864483854 -0.6050446062 1.9191804080 1.5225678650 -12.4486460001 -0.5771681332 -3.3274289151
1784244791.5308027267 -1.1864610927 0.4882402922 -0.6020342071 1.9229301388 1.6593783189 -12.6138105890 -0.5708796860 -3.3372263762
1784244791.5387959480 -1.1863880460 0.4901407994 -0.5989325838 1.9266798696 1.7613164919 -12.7467064016 -0.5548342831 -3.3367221792
1784244791.5467610359 -1.1862784760 0.4919327061 -0.5959221847 1.9306000427 1.8491926395 -12.8126752425 -0.5313129383 -3.3195514342
1784244791.5547986031 -1.1861323826 0.4936703127 -0.5928205614 1.9343497735 1.9197749774 -12.9116009227 -0.4993423556 -3.2630460477
1784244791.5627613068 -1.1859497658 0.4953807691 -0.5898557744 1.9380142832 1.9953984090 -13.0215272356 -0.4332736036 -3.2598575724
1784244791.5707981586 -1.1857306257 0.4970912256 -0.5869822116 1.9420196775 2.0092673238 -13.1059999450 -0.3529985424 -3.2594352245
1784244791.5787687302 -1.1854384389 0.4987202317 -0.5841542610 1.9459398506 2.0487695844 -13.2968330287 -0.2968474506 -3.1907347238
1784244791.5867397785 -1.1851097287 0.5004578383 -0.5812350861 1.9496043602 2.1789541119 -13.3961087419 -0.2059461451 -3.1616561190
1784244791.5947597027 -1.1848175419 0.5020325442 -0.5785895838 1.9536097545 2.3096659989 -13.4646033532 -0.1451786617 -3.1323057569
1784244791.6028058529 -1.1844888317 0.5035801001 -0.5758072453 1.9574447065 2.4408518964 -13.5148093006 -0.1045724826 -3.0811797615
1784244791.6107978821 -1.1841235982 0.5050733557 -0.5730249067 1.9612796585 2.4966768193 -13.6726922371 -0.0497182024 -3.0611143602
1784244791.6188001633 -1.1837218413 0.5065937614 -0.5702881803 1.9652850527 2.5738694407 -13.7676042073 0.0368215635 -3.0511044101
1784244791.6267600060 -1.1832835611 0.5080327169 -0.5676882901 1.9692904470 2.6263001181 -13.9064444576 0.0977244336 -3.0035500956
1784244791.6347661018 -1.1828087575 0.5094988224 -0.5650427879 1.9732106202 2.7542981971 -14.0459895087 0.1536049007 -3.0019082240
1784244791.6427991390 -1.1823339539 0.5109377778 -0.5623516736 1.9773012356 2.8741903479 -14.1908806403 0.1894990008 -2.9728656258
1784244791.6507558823 -1.1818226270 0.5123495832 -0.5597061713 1.9813066299 2.9425861627 -14.2188840071 0.2334540309 -2.9370861713
1784244791.6587686539 -1.1812747767 0.5136256380 -0.5571062812 1.9853120241 3.0351979883 -14.4055083024 0.2610644777 -2.9380280314
1784244791.6668395996 -1.1806904031 0.5150102932 -0.5544151669 1.9894878607 3.0432730585 -14.6196039933 0.2314389418 -2.9854521458
1784244791.6747636795 -1.1801060295 0.5163134981 -0.5518608888 1.9934932550 3.2514017151 -14.7079804709 0.3369730337 -2.8550439669
1784244791.6828153133 -1.1794486091 0.5176167030 -0.5493066108 1.9974986493 3.3560599552 -14.8580379999 0.3804002949 -2.8115125261
1784244791.6907973289 -1.1787911888 0.5188927578 -0.5467067207 2.0016744859 3.4760164657 -15.0072561648 0.4005553667 -2.7959293905
1784244791.6987614632 -1.1780972451 0.5201416626 -0.5441524427 2.0057651013 3.5333001306 -15.1294112298 0.3963761404 -2.7932299356
1784244791.7067599297 -1.1773667781 0.5213634172 -0.5414613283 2.0100261591 3.6276669806 -15.2248925173 0.4149229159 -2.7743709458
1784244791.7148060799 -1.1765997877 0.5225037215 -0.5389070503 2.0141167745 3.6951833596 -15.3726710432 0.4429213241 -2.7319373288
1784244791.7228529453 -1.1757962739 0.5236711759 -0.5363071602 2.0182073899 3.7534775421 -15.4937535297 0.4448217956 -2.7676694904
1784244791.7307605743 -1.1749562368 0.5247843301 -0.5336160458 2.0226388900 3.9048113227 -15.6577992850 0.4503977679 -2.7388527004
1784244791.7387590408 -1.1741527231 0.5258703342 -0.5310617678 2.0266442843 3.9555736368 -15.6889409545 0.4584222220 -2.7110683738
1784244791.7469589710 -1.1732031159 0.5268205878 -0.5284618777 2.0309905632 3.8585465763 -15.8379287721 0.4939063658 -2.7146847516
1784244791.7567608356 -1.1721439387 0.5278522916 -0.5259075997 2.0353368421 3.8204689666 -16.0114452068 0.5054353883 -2.7349584861
1784244791.7647993565 -1.1708290980 0.5289925959 -0.5228972006 2.0406205537 3.8343842521 -15.9967047930 0.6073694801 -2.6641057470
1784244791.7727918625 -1.1696603508 0.5298885493 -0.5205709831 2.0448816114 3.8643062316 -16.1352310294 0.6707475056 -2.6386435225
1784244791.7807273865 -1.1684185568 0.5307573526 -0.5181991535 2.0493131115 3.9608797465 -16.1620392272 0.6988873006 -2.6334155588
1784244791.7887601852 -1.1671767628 0.5314632553 -0.5158273239 2.0536593904 4.0593200304 -16.1011669769 0.7223258870 -2.5955876091
1784244791.7967629433 -1.1658619221 0.5321148577 -0.5133642701 2.0580056693 4.0468101155 -16.1984559205 0.6631388415 -2.5900195463
1784244791.8048055172 -1.1644740348 0.5327664602 -0.5106275436 2.0625223905 4.2259281974 -16.1724445954 0.5844552741 -2.5655778141
1784244791.8127615452 -1.1631957174 0.5332280119 -0.5079364293 2.0668686694 4.3951489586 -16.2390499643 0.5379091925 -2.5509960912
1784244791.8208162785 -1.1618443534 0.5337438639 -0.5052453150 2.0713853906 4.3144721557 -16.3490426013 0.5077140713 -2.5333655242
1784244791.8288033009 -1.1602738493 0.5342054156 -0.5025542006 2.0759021118 4.2641737617 -16.3059731278 0.5333923437 -2.5338558049
1784244791.8368515968 -1.1587033451 0.5344769166 -0.5000911468 2.0804188330 4.1961672152 -16.3383823504 0.5974437831 -2.5860386609
1784244791.8448038101 -1.1569867476 0.5347755678 -0.4976737051 2.0851912177 4.0633126233 -16.3962734993 0.6581917750 -2.5610930006
1784244791.8528070450 -1.1551240566 0.5349927686 -0.4953018755 2.0897079389 4.1487967607 -16.4375409091 0.7100486970 -2.5455056947
1784244791.8608059883 -1.1533709357 0.5351556692 -0.4929300459 2.0942246601 4.1697018775 -16.5478712611 0.7603582773 -2.5447502665
1784244791.8687641621 -1.1515082448 0.5352914197 -0.4906038284 2.0989118236 4.1295986964 -16.5454157504 0.7861596076 -2.5166451511
1784244791.8767569065 -1.1494629371 0.5352914197 -0.4882319989 2.1035137660 4.1314818033 -16.4288134299 0.7595084103 -2.4550710503
1784244791.8847682476 -1.1474541527 0.5351285191 -0.4856777208 2.1080304872 4.2180704768 -16.4858119501 0.7476378514 -2.4449884436
1784244791.8928036690 -1.1454088450 0.5350199187 -0.4833058912 2.1126324295 4.2598503535 -16.5384620768 0.7361549000 -2.4066592693
1784244791.9008066654 -1.1432539672 0.5348298680 -0.4807972253 2.1172343719 4.2736387786 -16.5059623885 0.6970037549 -2.3751078176
1784244791.9107701778 -1.1410625661 0.5345040667 -0.4782429473 2.1217510931 4.3187636826 -16.6421233760 0.6713264866 -2.3276248745
1784244791.9187684059 -1.1382137446 0.5341511154 -0.4750957119 2.1275461316 4.3290160830 -16.5042584537 0.6931614131 -2.3202872783
1784244791.9268670082 -1.1359492968 0.5336352635 -0.4727694944 2.1321480740 4.1892348495 -16.5290778425 0.6671170737 -2.2920389325
1784244791.9348163605 -1.1334657088 0.5331194115 -0.4701696043 2.1367500164 4.0428551194 -16.5790891944 0.6275343032 -2.2784909241
1784244791.9428632259 -1.1308360275 0.5325221093 -0.4676153263 2.1413519587 4.2596708001 -16.5703264492 0.6538239826 -2.2460839447
1784244791.9507641792 -1.1283889629 0.5318162066 -0.4652434967 2.1459539011 4.2741368123 -16.5784272857 0.6348656184 -2.2305946151
1784244791.9588050842 -1.1257227582 0.5310831538 -0.4626436065 2.1505558435 4.2343562882 -16.6376063221 0.5896336496 -2.2053049216
1784244791.9667744637 -1.1229835068 0.5302958009 -0.4600437164 2.1552430070 4.3389839040 -16.5015951944 0.6020741822 -2.2384560957
1784244791.9748523235 -1.1203173021 0.5292912471 -0.4577174989 2.1600153917 4.0894451605 -16.3959328930 0.5808548194 -2.3070456422
1784244791.9828569889 -1.1174319573 0.5282866933 -0.4553912814 2.1647877763 4.1983230999 -16.4289792392 0.6090475279 -2.2634179628
1784244791.9908957481 -1.1145100891 0.5271463890 -0.4528370034 2.1693897187 4.2874561319 -16.4096018981 0.5867526714 -2.2516863745
1784244791.9988632202 -1.1116247443 0.5260060847 -0.4504651738 2.1739916611 4.0133462397 -16.3210355587 0.5498579053 -2.3089756733
1784244792.0069186687 -1.1085567827 0.5247843301 -0.4481389563 2.1787640457 4.1427722223 -16.3541127635 0.6025760953 -2.1799136023
1784244792.0149002075 -1.1054157744 0.5233725247 -0.4456759025 2.1832807669 4.0887752923 -16.2796808912 0.6002043068 -2.1671039958
1784244792.0230000019 -1.1022382428 0.5219335693 -0.4433496851 2.1878827093 4.1398514665 -16.2486791815 0.5666741114 -2.1600906910
1784244792.0309963226 -1.0989511411 0.5203860135 -0.4408410191 2.1925698728 4.2073006351 -16.2475267711 0.4982727227 -2.1554972363
1784244792.0375347137 -1.0956640394 0.5188113075 -0.4382867411 2.1971718152 3.8963893078 -16.1210096083 0.4423677088 -2.2148383961
1784244792.0508372784 -1.0914638539 0.5168293501 -0.4350482815 2.2026259691 4.0141544680 -16.1919963527 0.3338585022 -2.0711526767
1784244792.0590176582 -1.0871906217 0.5146030417 -0.4315817613 2.2085062288 4.3129880431 -16.2475152149 0.2395526852 -2.0395069494
1784244792.0687005520 -1.0829173895 0.5123495832 -0.4281608533 2.2141308250 4.4031983827 -16.4383346112 0.1884211291 -2.0101731399
1784244792.0768110752 -1.0794111477 0.5105305263 -0.4253785147 2.2188179885 4.6660136735 -16.5752464520 0.1371635176 -1.9487452143
1784244792.0848641396 -1.0757953359 0.5086028690 -0.4225049519 2.2235051520 4.6137449229 -16.6927943587 0.1217471185 -1.9354665130
1784244792.0927250385 -1.0720699540 0.5067023618 -0.4197682255 2.2281070944 4.6381924806 -16.7250361897 0.0761720019 -1.9279949766
1784244792.1007702351 -1.0683810954 0.5047204044 -0.4168946627 2.2327942579 4.6382073700 -16.8025342879 0.0517224215 -1.9237933018
1784244792.1087734699 -1.0645461434 0.5026841467 -0.4141123241 2.2374814214 4.4833886578 -16.9099545728 0.0401063091 -1.9382123739
1784244792.1167693138 -1.0605650981 0.5006478890 -0.4114212098 2.2421685850 4.5000957386 -16.9667125913 0.0077788391 -1.9688938971
1784244792.1248452663 -1.0566205760 0.4985301810 -0.4085020349 2.2469409696 4.4140081387 -17.1489952367 -0.0318905775 -1.9482573880
1784244792.1328070164 -1.0525664840 0.4964396231 -0.4057196964 2.2515429120 4.2259331844 -17.0790153561 -0.0860148599 -1.9809991971
1784244792.1408641338 -1.0483662985 0.4942947650 -0.4029373578 2.2562300755 4.5403854890 -17.2677034159 -0.0982682320 -1.9443270235
1784244792.1488406658 -1.0442756830 0.4920413065 -0.4000637950 2.2609172390 4.4721134719 -17.3174221153 -0.1051036710 -1.9365331209
1784244792.1567568779 -1.0400754975 0.4898149981 -0.3974182928 2.2656044026 4.4500638104 -17.3860613543 -0.1104270808 -1.8862765223
1784244792.1647636890 -1.0356926953 0.4875615396 -0.3947271784 2.2701211238 4.5022671230 -17.5108804706 -0.1057224173 -1.8702738732
1784244792.1728134155 -1.0313464164 0.4852266308 -0.3918992278 2.2747230661 4.5475222289 -17.6536338077 -0.0912542103 -1.8408796511
1784244792.1807641983 -1.0269270908 0.4829188721 -0.3892993377 2.2792397873 4.3624038045 -17.6383949540 -0.1012402273 -1.8325521080
1784244792.1887657642 -1.0222521017 0.4804482128 -0.3866082233 2.2840121720 4.3881957278 -17.6040057277 -0.1563041791 -1.8111815518
1784244792.1967720985 -1.0176501594 0.4778961032 -0.3837802726 2.2886141144 4.4652039869 -17.6614215348 -0.2013107685 -1.8060723570
1784244792.2047340870 -1.0129751703 0.4753711436 -0.3809979341 2.2931308356 4.4193629080 -17.6587847973 -0.2605566503 -1.7839938516
1784244792.2128014565 -1.0081540878 0.4727375837 -0.3782155955 2.2977327779 4.5095426112 -17.6287657249 -0.3257926609 -1.7724377345
1784244792.2209005356 -1.0034060520 0.4699954233 -0.3753420328 2.3023347203 4.4127022824 -17.5793386031 -0.3951481236 -1.7643882699
1784244792.2287967205 -0.9984753995 0.4671989628 -0.3724684700 2.3069366627 4.4330387919 -17.4252817045 -0.4578867694 -1.7729101750
1784244792.2368071079 -0.9936177937 0.4642396016 -0.3695949072 2.3114533839 4.2992219125 -17.4479035711 -0.5011301443 -1.7715597128
1784244792.2447652817 -0.9885775711 0.4613073906 -0.3667669565 2.3159701051 4.3104589000 -17.3794994837 -0.4841847446 -1.7675107302
1784244792.2527608871 -0.9834643018 0.4582394290 -0.3640758422 2.3204016051 4.0691941340 -17.3418462285 -0.4674100891 -1.7237261425
1784244792.2608089447 -0.9780588457 0.4550900171 -0.3614303400 2.3249183264 4.1172437575 -17.3476931807 -0.4465027081 -1.6945078025
1784244792.2688081264 -0.9727994830 0.4518863050 -0.3587848377 2.3293498264 4.0668292207 -17.2337845725 -0.4127010720 -1.7015861704
1784244792.2767667770 -0.9674670736 0.4485468424 -0.3562761718 2.3339517688 4.0310294623 -17.0960053107 -0.3879404931 -1.7138957473
1784244792.2848103046 -0.9619155241 0.4451530796 -0.3537675059 2.3383832688 4.1382154479 -17.1083011124 -0.3782277309 -1.7387559050
1784244792.2928211689 -0.9564735446 0.4417050166 -0.3511676158 2.3428999900 4.1485200900 -17.0907626704 -0.3702656920 -1.7136434742
1784244792.3007724285 -0.9508854717 0.4381755033 -0.3487045620 2.3472462689 3.9847690256 -17.0614057304 -0.3421720445 -1.7258835572
1784244792.3088002205 -0.9450782587 0.4345645397 -0.3464695687 2.3518482113 3.9297880533 -17.1067686087 -0.3129918251 -1.7209540931
1784244792.3168089390 -0.9393806158 0.4309264259 -0.3440977391 2.3562797113 3.9612457185 -17.1099255616 -0.3085750431 -1.7228068097
1784244792.3247637749 -0.9335734028 0.4272883122 -0.3418171337 2.3607112114 4.0732666666 -17.0722074443 -0.2649124764 -1.7115212123
1784244792.3327763081 -0.9277661899 0.4235144480 -0.3397645889 2.3651427115 4.3303090097 -17.1000498064 -0.2234112022 -1.7201956021
1784244792.3408417702 -0.9220320236 0.4197134336 -0.3375752077 2.3695742115 4.4231728349 -17.2064333458 -0.1475089878 -1.7078855064
1784244792.3487584591 -0.9161882872 0.4159667195 -0.3357507234 2.3739204904 4.3505738714 -17.1524668885 -0.1046686687 -1.6949595533
1784244792.3567657471 -0.9101619341 0.4120842548 -0.3337894028 2.3782667693 4.4416504546 -17.1998544406 -0.0629167892 -1.6885712814
1784244792.3647227287 -0.9042816745 0.4081746401 -0.3318736943 2.3826130482 4.5853365024 -17.2128728410 0.0015150894 -1.6472359141
1784244792.3727986813 -0.8983648914 0.4042107251 -0.3301404342 2.3867888848 4.5385294053 -17.1535117789 0.0308551799 -1.6735732278
1784244792.3807671070 -0.8922289683 0.4001110597 -0.3284527862 2.3913056060 4.7086665604 -17.0321899846 0.0261773217 -1.6689595629
1784244792.3887834549 -0.8862391385 0.3959299439 -0.3266283019 2.3955666637 4.8564754765 -17.0261677503 0.0294286507 -1.6828083782
1784244792.3967597485 -0.8802127854 0.3917759782 -0.3248494297 2.3998277215 4.6085473014 -16.9349607860 -0.0310946126 -1.6951783303
1784244792.4047582150 -0.8738211988 0.3874591119 -0.3230705575 2.4041740004 4.4954612034 -16.7867487095 -0.1119554182 -1.6661038812
1784244792.4128048420 -0.8674296122 0.3829521949 -0.3210636248 2.4083498370 4.4802374686 -16.6216536012 -0.1397894795 -1.6579020040
1784244792.4208030701 -0.8610745489 0.3783909777 -0.3192391405 2.4126961159 4.3233523239 -16.4184192183 -0.2116602166 -1.6571753256
1784244792.4287602901 -0.8543907755 0.3737483102 -0.3172778199 2.4167867313 4.3050927650 -16.0912545619 -0.3312410785 -1.6299115965
1784244792.4368183613 -0.8478165721 0.3688612918 -0.3150884387 2.4207921256 4.4148957781 -15.9386800420 -0.3913394557 -1.6243055571
1784244792.4447708130 -0.8412788921 0.3640014234 -0.3132183423 2.4248827410 4.1206956623 -15.7093294619 -0.4705936647 -1.5993675101
1784244792.4528141022 -0.8343029318 0.3589243543 -0.3111657975 2.4289733565 3.8844790839 -15.5717753433 -0.5516450999 -1.5938982995
1784244792.4607706070 -0.8273634950 0.3538472851 -0.3091132526 2.4329787507 3.9301868376 -15.4083232974 -0.5809911028 -1.6157275140
1784244792.4688143730 -0.8205336281 0.3487159157 -0.3073343804 2.4370693662 3.9362079454 -15.2591211457 -0.5603303543 -1.6251058481
1784244792.4767630100 -0.8134846212 0.3433673456 -0.3056467325 2.4411599816 3.8295982335 -15.2411015918 -0.4920762863 -1.6523195728
1784244792.4846928120 -0.8063625675 0.3381273758 -0.3040503087 2.4451653759 3.6652943021 -15.2251353359 -0.4401898796 -1.6744450083
1784244792.4927597046 -0.7992405138 0.3329145561 -0.3026819455 2.4490855490 3.6765459086 -15.3851370501 -0.2799809378 -1.6585048633
1784244792.5008194447 -0.7917532267 0.3275388358 -0.3015872549 2.4531761644 3.7217007926 -15.4124344848 -0.2012892639 -1.6390069920
1784244792.5088028908 -0.7844120329 0.3221088154 -0.3002188917 2.4570963376 3.9491711988 -15.3351568447 -0.1598532475 -1.6640211284
1784244792.5168068409 -0.7772534559 0.3167059450 -0.2989873648 2.4610165107 4.0760066487 -15.1925978078 -0.1730317021 -1.6573415179
1784244792.5247995853 -0.7699122621 0.3110587237 -0.2978014500 2.4649366838 4.1728416030 -15.1122702905 -0.1397612525 -1.6959659649
1784244792.5328137875 -0.7627902085 0.3055201028 -0.2967067594 2.4689420781 4.3771349585 -14.9638796383 -0.1577463153 -1.6837844625
1784244792.5408062935 -0.7556316314 0.2999000316 -0.2955664567 2.4726065878 4.3844796925 -14.9675658910 -0.2239290237 -1.6690123686
1784244792.5487568378 -0.7482173910 0.2942528102 -0.2942893177 2.4765267609 4.6590778987 -14.7772854681 -0.2785296362 -1.6712950450
1784244792.5567739010 -0.7410588140 0.2883340879 -0.2928297303 2.4802764917 5.0163803277 -14.6035411573 -0.3180837453 -1.6694984343
1784244792.5648207664 -0.7339732837 0.2824425157 -0.2916894276 2.4839410014 4.7346655552 -14.3019061430 -0.3993142853 -1.6834037849
1784244792.5729112625 -0.7263399031 0.2762522923 -0.2903210643 2.4877759533 4.4010463695 -14.0645382407 -0.3832369770 -1.6948556942
1784244792.5808999538 -0.7187065225 0.2700892191 -0.2893632101 2.4914404630 3.9453299290 -13.8459658691 -0.3802694144 -1.6952016504
1784244792.5889098644 -0.7108540018 0.2639532959 -0.2883597437 2.4950197515 4.0363727236 -13.6927137878 -0.4029450240 -1.7089664460
1784244792.5968990326 -0.7032571445 0.2576273221 -0.2870369926 2.4985990400 4.1293322932 -13.4763006366 -0.4602671577 -1.7438755643
1784244792.6050031185 -0.6955872406 0.2513556484 -0.2858966899 2.5022635497 3.9713175759 -13.3374611158 -0.4903002534 -1.7726943726
1784244792.6130127907 -0.6876251498 0.2448667739 -0.2849388357 2.5059280593 3.6443214584 -13.1653978031 -0.4059498784 -1.8239470115
1784244792.6227529049 -0.6780925549 0.2372375951 -0.2840722056 2.5101891171 4.1750312892 -13.5020462868 -0.2832931307 -1.8038058551
1784244792.6308944225 -0.6699843708 0.2306129701 -0.2837073088 2.5139388479 3.3115443127 -12.9252048624 -0.2496910472 -1.8685336581
1784244792.6389069557 -0.6619127100 0.2241512457 -0.2831599635 2.5175181364 3.7026819694 -13.4401528357 -0.0493827442 -1.8923262957
1784244792.6469120979 -0.6537314791 0.2176895214 -0.2830687392 2.5211826460 3.8051481567 -13.2302228778 0.0476740533 -1.9362035889
1784244792.6549971104 -0.6457693883 0.2112006469 -0.2827494545 2.5245914922 3.5026005119 -13.0284553864 0.1457390982 -1.9721236591
1784244792.6647126675 -0.6374420641 0.2045760219 -0.2827494545 2.5280855596 4.1204946758 -13.0590440126 0.1509760726 -1.9625283268
1784244792.6727836132 -0.6279459925 0.1966753421 -0.2825213940 2.5321761750 4.7035042929 -12.9714977048 0.1093923146 -1.9208673380
1784244792.6808023453 -0.6200204251 0.1897792161 -0.2820652729 2.5354998001 5.1902370806 -12.7168872585 -0.0320368402 -1.9104326663
1784244792.6887686253 -0.6122774745 0.1828287898 -0.2813354792 2.5388234251 5.2378729110 -12.5120541392 -0.1837667515 -1.9081198606
1784244792.6967756748 -0.6043153837 0.1759598139 -0.2807425218 2.5420618290 4.9402253249 -12.2357348349 -0.2690174912 -1.9179338485
1784244792.7046649456 -0.5960976295 0.1687921869 -0.2803776249 2.5453854540 4.8806403450 -11.8751157229 -0.3180063878 -1.9426443330
1784244792.7126770020 -0.5880990154 0.1616788600 -0.2800127280 2.5485386368 4.9293393893 -11.7872247566 -0.3317395903 -1.9406940278
1784244792.7208096981 -0.5798812612 0.1543754825 -0.2796022191 2.5518622618 4.4617752618 -11.5906051666 -0.2862127153 -2.0105908682
1784244792.7288134098 -0.5711156567 0.1469363544 -0.2796022191 2.5552711080 4.0644342405 -11.3030824633 -0.2942395928 -2.0511190430
1784244792.7368102074 -0.5625326689 0.1394429261 -0.2792373222 2.5585095119 3.8353582601 -11.1077762399 -0.3050750124 -2.1028349753
1784244792.7450017929 -0.5538401111 0.1320852484 -0.2791004859 2.5617479158 3.4969856668 -10.9307780975 -0.2980633412 -2.1783587219
1784244792.7547636032 -0.5447823198 0.1244017694 -0.2791460980 2.5652419831 3.5599618616 -10.8639566109 -0.3156429433 -2.2178581500
1784244792.7628257275 -0.5342635944 0.1153607853 -0.2790092617 2.5690769351 3.5162734074 -10.8676918810 -0.2762278567 -2.2515700288
1784244792.7707409859 -0.5253518965 0.1078402069 -0.2792373222 2.5724005601 4.0187389548 -10.8207859480 -0.2328367158 -2.2989620129
1784244792.7787761688 -0.5168054321 0.1003196285 -0.2792829343 2.5756389640 4.4498657713 -10.8357861961 -0.1943584889 -2.3059328912
1784244792.7868106365 -0.5083320144 0.0928533503 -0.2794197706 2.5786217044 4.0643293934 -10.6762816777 -0.1819462418 -2.3069505207
1784244792.7948114872 -0.4993107465 0.0851698714 -0.2798302796 2.5816896660 3.8492651209 -10.4648742212 -0.2018106039 -2.3032215340
1784244792.8028085232 -0.4903625252 0.0774592423 -0.2799215038 2.5846724064 3.8403989954 -10.1142840322 -0.1865717471 -2.2877354670
1784244792.8107764721 -0.4815969207 0.0696400128 -0.2802864007 2.5875699257 4.0302581480 -9.7471307584 -0.2883613824 -2.2728776983
1784244792.8187794685 -0.4726852228 0.0617121828 -0.2801951765 2.5903822238 4.2954441266 -9.4221115900 -0.3677537522 -2.2783095706
1784244792.8267610073 -0.4639561416 0.0537572028 -0.2802407886 2.5931945219 4.5665635462 -9.1867867292 -0.4670717409 -2.2896716465
1784244792.8347761631 -0.4553366305 0.0457750727 -0.2802407886 2.5960068200 4.4869622323 -9.0324573683 -0.5525106692 -2.3100954736
1784244792.8428144455 -0.4463153626 0.0376028919 -0.2803776249 2.5988191181 4.7235746510 -8.9197930110 -0.6336676250 -2.3325559562
1784244792.8508131504 -0.4376228048 0.0294307110 -0.2802407886 2.6016314163 4.6455271562 -8.5846573052 -0.5721825339 -2.3988978688
1784244792.8588171005 -0.4286745835 0.0212042300 -0.2808337460 2.6044437144 4.0700389651 -8.6185891824 -0.4926291749 -2.4325047668
1784244792.8667774200 -0.4192150353 0.0131949498 -0.2814267034 2.6072560125 3.8834008799 -8.5603113930 -0.3531192859 -2.5143133380
1784244792.8748724461 -0.4100111506 0.0050499191 -0.2820652729 2.6101535317 3.7410313452 -8.4673566008 -0.1773629031 -2.5531412716
1784244792.8828139305 -0.4006246491 -0.0031494119 -0.2832511877 2.6128806087 3.8524399084 -8.3254569106 -0.1381848944 -2.6086167834
1784244792.8908128738 -0.3914572877 -0.0112944426 -0.2838897572 2.6156929068 3.5447496791 -7.9084641976 -0.0914499454 -2.6707829831
1784244792.8987846375 -0.3823994964 -0.0193580230 -0.2847563872 2.6183347626 4.2430006818 -8.0851872424 -0.1101151875 -2.6697270885
1784244792.9068443775 -0.3732686584 -0.0275302039 -0.2855317931 2.6208913973 4.3247410445 -7.8334280184 -0.1928847607 -2.6916401587
1784244792.9108600616 -0.3640282503 -0.0358924354 -0.2863528110 2.6235332531 4.4311464877 -7.7905278796 -0.2600507467 -2.6746268700
1784244792.9187791348 -0.3593897846 -0.0401821516 -0.2864440352 2.6247263492 4.5428000247 -7.5038137716 -0.4444614017 -2.6969233782
1784244792.9267778397 -0.3503319933 -0.0485715333 -0.2867633200 2.6272829839 4.2873857341 -7.1181601025 -0.6015481860 -2.6683845704
1784244792.9348311424 -0.3409820151 -0.0570966654 -0.2868545442 2.6294987339 4.3158620282 -6.8235198731 -0.7610319118 -2.6311220665
1784244792.9427802563 -0.3317416071 -0.0656217976 -0.2869457684 2.6317997051 4.2062177071 -6.5894168927 -0.8724909809 -2.6307579556
1784244792.9508130550 -0.3223185822 -0.0743369805 -0.2873562774 2.6341858974 4.4167101835 -6.4447720435 -0.9974304576 -2.6684288071
1784244792.9588170052 -0.3130416508 -0.0829978632 -0.2874018895 2.6364868686 4.5986182455 -6.0761653881 -1.0526965934 -2.7050332599
1784244792.9667742252 -0.3038742894 -0.0917401961 -0.2878580105 2.6387878398 4.4102189896 -6.1070890162 -1.0673977666 -2.7496714246
1784244792.9748175144 -0.2943782179 -0.1002653283 -0.2883141316 2.6410888110 4.6021410384 -6.0527523656 -0.9446795077 -2.7973582010
1784244792.9828126431 -0.2852108565 -0.1089262110 -0.2890895374 2.6433045610 4.6925421470 -5.9601360827 -0.7698955206 -2.8724227933
1784244792.9908168316 -0.2759704484 -0.1175056434 -0.2902754522 2.6457759745 3.6850439114 -5.1885045206 -0.7370774384 -2.9148205016
1784244792.9987854958 -0.2662552368 -0.1260579256 -0.2913245307 2.6479065034 4.0122437814 -5.7618414793 -0.4533723128 -2.9249331256
1784244793.0067758560 -0.2568687353 -0.1345559077 -0.2927385060 2.6500370322 4.5375883727 -5.7634008546 -0.3027646779 -2.9294060432
1784244793.0147709846 -0.2477013739 -0.1430538898 -0.2941524814 2.6520823399 4.4621390244 -5.4579191566 -0.2894549421 -2.9311687060
1784244793.0228121281 -0.2381322556 -0.1518505229 -0.2954296204 2.6541276477 3.7476957545 -4.6496451214 -0.2909977662 -2.9552238255
1784244793.0308172703 -0.2287457542 -0.1605114056 -0.2962962504 2.6560025131 4.7998462615 -5.0264687463 -0.4800873044 -2.8938744177
1784244793.0389177799 -0.2195418694 -0.1691994384 -0.2971172684 2.6578773785 4.6644693971 -4.5579786496 -0.6876549145 -2.9056709892
1784244793.0468707085 -0.2100457979 -0.1782947227 -0.2977102258 2.6597522439 4.6039762175 -4.1035949847 -0.8595471971 -2.9356717171
1784244793.0549058914 -0.2006227730 -0.1871999563 -0.2984400195 2.6616271093 4.0513477634 -3.7918048910 -1.0190166058 -2.9903281708
1784244793.0629045963 -0.1908345147 -0.1961051899 -0.2990785890 2.6635871959 4.0526530127 -3.6035698229 -1.0744823891 -3.0460188344
1784244793.0708348751 -0.1814845365 -0.2050375736 -0.2995803222 2.6653768401 4.5078608413 -3.3674762566 -1.0560514159 -3.0908251376
1784244793.0788760185 -0.1722806518 -0.2139428072 -0.3006750127 2.6672517055 4.5527761699 -3.3997500988 -0.9800698795 -3.1380204556
1784244793.0868432522 -0.1628576270 -0.2226851402 -0.3018609275 2.6690413498 5.0007976121 -3.4226177718 -0.8290184359 -3.1671269081
1784244793.0947859287 -0.1537998357 -0.2314546233 -0.3033661271 2.6708309940 5.2722666945 -3.3611046944 -0.6548251195 -3.2190112341
1784244793.1027686596 -0.1447055210 -0.2403327068 -0.3047801024 2.6726206383 4.8987802972 -2.8523744564 -0.5241937390 -3.2413613189
1784244793.1107780933 -0.1357572997 -0.2491021899 -0.3067414230 2.6742398402 5.4510246830 -3.1962786504 -0.3098502369 -3.2482018387
1784244793.1189045906 -0.1262612282 -0.2578988231 -0.3087483558 2.6758590422 5.2025777614 -2.9959501824 -0.1530331240 -3.2340322945
1784244793.1269648075 -0.1167286333 -0.2668855070 -0.3107096764 2.6773930229 4.3851993464 -2.5941732693 -0.1754494395 -3.1962687448
1784244793.1367681026 -0.1069768983 -0.2757364404 -0.3120780396 2.6787565614 4.2736494616 -2.2515766733 -0.3761036682 -3.1870526601
1784244793.1448183060 -0.0954720424 -0.2866236315 -0.3136744634 2.6804609845 4.6771033145 -2.1009219464 -0.5204968095 -3.1889472160
1784244793.1528251171 -0.0860855409 -0.2956103154 -0.3149059903 2.6818245230 3.7918456204 -1.2331762544 -0.5896055162 -3.2025828871
1784244793.1608707905 -0.0765164226 -0.3047055997 -0.3154077235 2.6831028403 4.9814868311 -1.4047756868 -1.0326349746 -3.2423322493
1784244793.1689198017 -0.0674221080 -0.3136651335 -0.3161375172 2.6844663788 5.0249832587 -0.9135493498 -1.2212724930 -3.2745358039
1784244793.1787254810 -0.0579625598 -0.3229776186 -0.3170041472 2.6857446961 4.4293018071 -0.5846025675 -1.1916036200 -3.3425984052
1784244793.1868331432 -0.0465672739 -0.3339191099 -0.3185093468 2.6873638981 5.0807654776 -0.8696786819 -1.1082753516 -3.3447228101
1784244793.1948394775 -0.0369251090 -0.3430958445 -0.3200601584 2.6886422154 4.9316815554 -0.6121560962 -1.0006182679 -3.4247332778
1784244793.2028210163 -0.0273559907 -0.3521639788 -0.3214285217 2.6900057539 5.1846023320 -0.6388419205 -0.8376970851 -3.4393376805
1784244793.2107808590 -0.0182616760 -0.3609877620 -0.3232073939 2.6911136289 5.3418059929 -0.4020836612 -0.6155909844 -3.4799992680
1784244793.2188174725 -0.0089847446 -0.3699744460 -0.3255336113 2.6923919462 5.1261340003 -0.4510330253 -0.4877726194 -3.4920731516
1784244793.2268166542 0.0005113269 -0.3787167789 -0.3275405441 2.6934146001 5.4088116955 -0.3508090764 -0.4029465648 -3.4934069194
1784244793.2348175049 0.0094595482 -0.3875405622 -0.3293194163 2.6945224751 5.6602384601 -0.0280438025 -0.3271508122 -3.4907699657
1784244793.2427978516 0.0185903862 -0.3964457958 -0.3314175732 2.6953746866 5.2027785988 0.1695518497 -0.3513281958 -3.4701881373
1784244793.2508318424 0.0281595045 -0.4052967292 -0.3333332817 2.6962268982 5.1371893611 0.5696921829 -0.4413707577 -3.4595434973
1784244793.2587685585 0.0374729592 -0.4144463138 -0.3349297055 2.6969938886 5.1783811821 1.1627970164 -0.4836860525 -3.4575089899
1784244793.2668209076 0.0467864140 -0.4236501985 -0.3367085777 2.6978461001 5.1073160843 1.3913310172 -0.6051095517 -3.4813353982
1784244793.2748262882 0.0562824856 -0.4327183327 -0.3382593893 2.6986130905 5.1676924351 1.7553032192 -0.7481015577 -3.5063714817
1784244793.2827794552 0.0655228937 -0.4420036677 -0.3395365284 2.6993800809 5.1234935433 2.3479280775 -0.7739107858 -3.5562478362
1784244793.2908124924 0.0748363484 -0.4513433030 -0.3414522369 2.7002322925 5.0432981038 2.4805809734 -0.8255914440 -3.6274150365
1784244793.2988519669 0.0842593733 -0.4605200376 -0.3430030485 2.7010845040 5.1002879789 2.5096469997 -0.7506049205 -3.6923482990
1784244793.3068730831 0.0933171646 -0.4694252712 -0.3448275328 2.7019367156 4.8705828670 2.5271936968 -0.5920252691 -3.7614376015
1784244793.3148772717 0.1028132361 -0.4784391052 -0.3471081382 2.7027889271 4.8208274878 2.4235606932 -0.5506705049 -3.8165121298
1784244793.3228678703 0.1121266909 -0.4872357384 -0.3489326225 2.7035559175 5.0811653053 2.3692836545 -0.4345767563 -3.8509949612
1784244793.3310272694 0.1210749122 -0.4959237712 -0.3512132279 2.7043229079 5.3659789559 2.5604549683 -0.4007691978 -3.8651676314
1784244793.3407719135 0.1321780112 -0.5063222604 -0.3534482211 2.7050898983 5.7401339016 2.1218090987 -0.5003992970 -3.8041238501
1784244793.3488218784 0.1412723259 -0.5151188936 -0.3554551539 2.7055160041 5.6057842153 2.5134146787 -0.4426928173 -3.7837793249
1784244793.3568308353 0.1502935939 -0.5238340765 -0.3577813714 2.7060273310 5.3352202406 3.0701547899 -0.4740303247 -3.7673785009
1784244793.3647744656 0.1593879085 -0.5325764095 -0.3594234072 2.7063682156 5.4704055098 3.4098334430 -0.5018365239 -3.7351518992
1784244793.3727753162 0.1681535130 -0.5412101420 -0.3612478915 2.7066238791 5.4725389372 3.6912779161 -0.5511711231 -3.7346576709
1784244793.3807365894 0.1771747810 -0.5500067752 -0.3630723758 2.7069647637 5.0829577585 3.9211239481 -0.6724119299 -3.7365508354
1784244793.3887834549 0.1864517124 -0.5586948080 -0.3646231875 2.7072204272 5.3171648546 4.1161562691 -0.7676350507 -3.7424736824
1784244793.3968224525 0.1952538403 -0.5674914412 -0.3659915507 2.7074760906 5.3834364646 4.4937618246 -0.7326822666 -3.8039272125
1784244793.4048290253 0.2041655382 -0.5763423746 -0.3680897077 2.7079021964 5.0616396037 4.6573460077 -0.7733141705 -3.8709285580
1784244793.4127750397 0.2133694229 -0.5850575575 -0.3696861314 2.7082430810 5.0123251663 4.6641634150 -0.6690041663 -3.9318112297
1784244793.4208283424 0.2222080741 -0.5935012393 -0.3718299005 2.7086691868 5.2625659884 4.8419820741 -0.4981346079 -3.9905980459
1784244793.4288246632 0.2310467253 -0.6020535216 -0.3743385664 2.7090100714 5.3237003014 4.7735849970 -0.3780292324 -4.0230122539
1784244793.4367866516 0.2399584232 -0.6103614530 -0.3768016202 2.7092657349 5.4829308796 4.7937750830 -0.2241261310 -4.0199552600
1784244793.4447870255 0.2486509810 -0.6187508346 -0.3791278377 2.7094361772 5.2569957462 5.1210916786 -0.0474033521 -4.0198809258
1784244793.4528231621 0.2575626790 -0.6271945165 -0.3821838489 2.7096066195 5.0243951730 5.3595167406 0.0249253476 -3.9952398432
1784244793.4608244896 0.2666204703 -0.6356110482 -0.3846469027 2.7096066195 5.4232567439 5.3533069894 0.1274485520 -3.9615839072
1784244793.4688687325 0.2751669347 -0.6437832291 -0.3873380170 2.7095213983 5.3023243182 5.6199486953 0.1447614773 -3.9575654241
1784244793.4768328667 0.2839690625 -0.6520911604 -0.3898922951 2.7096066195 5.3014008640 5.8703978002 0.0298521986 -3.9807303274
1784244793.4847910404 0.2926250970 -0.6603719417 -0.3919448399 2.7096066195 5.3656656064 6.0766017491 -0.0490411147 -3.9953642592
1784244793.4927988052 0.3010985147 -0.6685169724 -0.3940429968 2.7096066195 5.4459035453 6.2994578792 -0.1621024718 -4.0350554722
1784244793.5007896423 0.3096815024 -0.6767434534 -0.3960955417 2.7096066195 5.5996003655 6.4334445189 -0.3603992508 -4.0761011913
1784244793.5087859631 0.3181183967 -0.6848341840 -0.3976463533 2.7096066195 5.6771166312 6.5437773424 -0.5097398670 -4.1162325850
1784244793.5169241428 0.3265552911 -0.6929249145 -0.3991971650 2.7096066195 5.2638059930 6.8155976304 -0.6564004146 -4.1571522140
1784244793.5266840458 0.3353574189 -0.7011242454 -0.4009304251 2.7096066195 5.0129034836 7.1649457037 -0.6677795270 -4.2054837599
1784244793.5348119736 0.3458761443 -0.7107625318 -0.4033478668 2.7096066195 5.7557942132 6.7919533012 -0.5247699469 -4.2507820076
1784244793.5428264141 0.3540938985 -0.7187989621 -0.4055372479 2.7096066195 5.3475135973 7.1609462849 -0.4365900826 -4.2787621049
1784244793.5507519245 0.3627864563 -0.7266181916 -0.4076354049 2.7095213983 5.1572504048 7.1174509707 -0.2679503046 -4.2820663012
1784244793.5588359833 0.3712233507 -0.7342473704 -0.4101440708 2.7094361772 5.0849492449 7.2375955586 -0.0704972282 -4.3207978048
1784244793.5668551922 0.3797332917 -0.7419579995 -0.4129720215 2.7094361772 5.2304364871 7.3190931336 0.0504436480 -4.3492863884
1784244793.5748450756 0.3879510459 -0.7493699775 -0.4155719116 2.7093509560 5.1714916748 7.4466883693 0.2018986862 -4.3855093649
1784244793.5828697681 0.3963148936 -0.7569991562 -0.4182630259 2.7092657349 4.7790238571 7.5630207237 0.2628976667 -4.4419988905
1784244793.5908453465 0.4049344046 -0.7643296839 -0.4207260797 2.7091805137 4.3407789378 7.7809813637 0.3005638759 -4.4535952678
1784244793.5988748074 0.4132617289 -0.7715516112 -0.4230979093 2.7090100714 4.4434400464 7.8697708696 0.2465875840 -4.4851432954
1784244793.6068408489 0.4215890532 -0.7788549887 -0.4255153510 2.7090100714 4.9664713984 7.9482310690 0.2171715377 -4.5423199244
1784244793.6149265766 0.4295511440 -0.7860226158 -0.4277959564 2.7090100714 5.3481215094 8.0178858998 0.1639319111 -4.5745716349
1784244793.6229643822 0.4374767114 -0.7931359426 -0.4298941133 2.7089248503 5.1195773929 8.4633279719 0.1296724395 -4.6263159918
1784244793.6308684349 0.4456214189 -0.8004121700 -0.4322659429 2.7089248503 5.2824273988 8.7949766789 0.1044834610 -4.6571231137
1784244793.6387372017 0.4533643695 -0.8075254969 -0.4342728757 2.7088396291 5.5093311956 8.8381256121 0.0921796867 -4.7084269344
1784244793.6467790604 0.4609612268 -0.8144759231 -0.4365534810 2.7089248503 5.8860832819 8.7736749546 0.0315298337 -4.7579819299
1784244793.6548848152 0.4686311307 -0.8215620998 -0.4385148017 2.7088396291 5.5137033355 9.2459059511 0.0737787151 -4.8069158577
1784244793.6628267765 0.4765932215 -0.8287840271 -0.4408866313 2.7088396291 5.3189311548 9.5162688078 0.0893847139 -4.8380929452
1784244793.6707785130 0.4843726955 -0.8357616034 -0.4429391761 2.7088396291 5.1755171879 9.5529165315 0.0930909351 -4.8490913629
1784244793.6787946224 0.4921156461 -0.8426034292 -0.4450373330 2.7087544079 5.4200623924 9.5474428614 0.1408617812 -4.8609715219
1784244793.6867907047 0.4996759800 -0.8494181050 -0.4474547747 2.7086691868 5.1597904799 9.5784086788 0.1647782871 -4.8649438711
1784244793.6948306561 0.5076015474 -0.8560698800 -0.4496897680 2.7084987445 4.9986622238 9.4864092447 0.2073287339 -4.8783369670
1784244793.7028267384 0.5154175447 -0.8626673549 -0.4518335371 2.7084135233 4.4308995249 9.9460245036 0.2543525462 -4.9018163024
1784244793.7107431889 0.5232700654 -0.8691833795 -0.4542965909 2.7083283022 4.8578103153 9.6986599711 0.3020806449 -4.9131912703
1784244793.7188351154 0.5307938760 -0.8755908037 -0.4564859720 2.7081578599 5.0864322541 9.6403021490 0.3514895656 -4.9491190373
1784244793.7268874645 0.5383176865 -0.8817810271 -0.4587665774 2.7081578599 4.7874988475 9.7632541730 0.3693128213 -4.9678053452
1784244793.7348344326 0.5460606371 -0.8880255506 -0.4611384070 2.7079874175 4.4133720305 9.8599133876 0.4396065039 -4.9717579815
1784244793.7427835464 0.5536574944 -0.8940257233 -0.4634646245 2.7078169752 4.3016284446 9.8743018887 0.4790317183 -4.9845102778
1784244793.7507953644 0.5612178283 -0.8999715957 -0.4657908420 2.7076465329 4.6400645938 9.9781873595 0.5660799417 -4.9865011310
1784244793.7588415146 0.5684859753 -0.9059717683 -0.4683907321 2.7073908695 4.9888577167 10.0985536477 0.5678377328 -4.9737900869
1784244793.7669279575 0.5759002158 -0.9118904907 -0.4705801132 2.7071352060 5.0314686248 10.3848896684 0.6637979976 -4.9810801546
1784244793.7748320103 0.5830953162 -0.9178092130 -0.4731343913 2.7068795425 4.8379840706 10.5459632271 0.6838555153 -4.9752547840
1784244793.7827918530 0.5904730333 -0.9235107345 -0.4753237724 2.7066238791 4.8611561011 10.6509975749 0.6444420733 -4.9885673864
1784244793.7908468246 0.5975220402 -0.9291851059 -0.4772850931 2.7064534368 5.0269814842 10.7363127400 0.6286337730 -4.9880975289
1784244793.7988359928 0.6045710472 -0.9347508769 -0.4793376379 2.7061125521 5.1948591967 10.9327295391 0.5732628124 -5.0276501275
1784244793.8067829609 0.6113643907 -0.9403437980 -0.4814357948 2.7059421098 5.0221555259 11.0444688748 0.4737163761 -5.0396535984
1784244793.8147494793 0.6184864443 -0.9458281187 -0.4831690549 2.7056012252 4.8485882699 10.9976661354 0.4195475797 -5.0679434662
1784244793.8228306770 0.6255719746 -0.9511495388 -0.4849935392 2.7054307829 4.6426675292 11.1106693689 0.4499516598 -5.1019912197
1784244793.8307511806 0.6325479349 -0.9564438088 -0.4869548598 2.7051751194 4.4370772096 11.1470810533 0.4456225284 -5.1003646589
1784244793.8387777805 0.6396699885 -0.9616294783 -0.4887337320 2.7048342348 4.5566357639 11.1237573697 0.4836478968 -5.0916802431
1784244793.8467898369 0.6465363787 -0.9666793974 -0.4907406648 2.7044933502 4.6104389594 11.4264053320 0.5912775632 -5.0803487143
1784244793.8547940254 0.6532201522 -0.9717836167 -0.4929300459 2.7041524656 4.0066304191 11.9524125690 0.6323322452 -5.0588740954
1784244793.8628203869 0.6602326358 -0.9766706351 -0.4948457544 2.7036411386 3.6843302966 12.0188906075 0.6830643633 -5.0092502397
1784244793.8708810806 0.6670625026 -0.9815305034 -0.4969895235 2.7031298117 4.0757131744 11.7924872895 0.8105410744 -4.9909388627
1784244793.8789803982 0.6739288928 -0.9863903718 -0.4992245168 2.7027037059 3.8225925251 11.9371379751 0.9005627429 -4.9554197163
1784244793.8870251179 0.6807222363 -0.9910873395 -0.5013682858 2.7021071579 2.9832375860 12.5522546178 0.9636680153 -4.9535773196
1784244793.8966631889 0.6884651869 -0.9965988103 -0.5036945033 2.7016810521 4.0178393797 12.0572078053 0.9686838314 -4.9978449239
1784244793.9046924114 0.6949663436 -1.0011600275 -0.5057926602 2.7011697252 3.7796209837 12.3841738123 0.9873251142 -5.0135186014
1784244793.9089784622 0.7017596871 -1.0054768938 -0.5076627567 2.7008288405 3.4239156072 12.4428665744 0.9980842742 -5.0631523676
1784244793.9187941551 0.7053389756 -1.0078661028 -0.5087574472 2.7006583982 2.8757786869 12.8513364071 1.0359732461 -5.0897729677
1784244793.9268441200 0.7130454029 -1.0130517724 -0.5109012163 2.7001470713 3.9657018553 12.2469822422 0.9424271317 -5.1679379761
1784244793.9349298477 0.7195100362 -1.0171785879 -0.5125432522 2.6999766290 3.8786897169 12.4105564049 0.9215719174 -5.2193867821
1784244793.9429819584 0.7257920528 -1.0212511033 -0.5142765122 2.6996357444 4.0095473098 12.5328137530 0.9075933672 -5.2098069237
1784244793.9527940750 0.7318184059 -1.0251878682 -0.5157817118 2.6992096386 4.0167338452 12.6052761622 0.9313533052 -5.2231690764
1784244793.9608769417 0.7392326464 -1.0298576858 -0.5177886445 2.6987835328 3.9427847737 12.5615685665 0.9466259456 -5.1969252350
1784244793.9688546658 0.7453320462 -1.0335500997 -0.5194306804 2.6982722059 4.2180996462 12.5331149872 0.9544379565 -5.1917145038
1784244793.9768683910 0.7510296891 -1.0370524629 -0.5209358799 2.6978461001 4.3040913947 12.4766227835 0.9235593924 -5.1956213009
1784244793.9848268032 0.7567273320 -1.0405005259 -0.5222586311 2.6974199943 4.4181533296 12.6296657513 0.9232065479 -5.1519494447
1784244793.9928386211 0.7622788815 -1.0439757390 -0.5237182185 2.6967382251 4.3169012691 12.7171500728 0.9025026131 -5.1144811623
1784244794.0007832050 0.7680130478 -1.0472337513 -0.5249953575 2.6962268982 4.0265905033 12.7873559109 0.8695030698 -5.0790582812
1784244794.0089128017 0.7737106907 -1.0504374634 -0.5261812723 2.6955451289 3.6918197626 12.9211152197 0.8414768609 -5.0225212669
1784244794.0169372559 0.7795179037 -1.0536411755 -0.5273671871 2.6947781385 3.7614138042 13.0602653382 0.8534970963 -5.0042594366
1784244794.0248799324 0.7849964065 -1.0566276868 -0.5285531019 2.6941815905 3.5985813419 13.2014679988 0.8758544069 -4.9427495825
1784244794.0328090191 0.7905844794 -1.0595870479 -0.5297846288 2.6932441578 3.6816980687 13.2048414867 0.9092326124 -4.9150115454
1784244794.0408945084 0.7959168888 -1.0623835085 -0.5309249315 2.6925623885 4.0271968004 13.2481691903 0.9537937334 -4.9228575938
1784244794.0489873886 0.8010666814 -1.0651256688 -0.5320652342 2.6918806193 3.4173782805 13.5849232077 0.9857711657 -4.9074731876
1784244794.0587601662 0.8076408848 -1.0683022308 -0.5334792095 2.6910284077 3.3733781920 13.4553282307 1.0343395454 -4.9385259425
1784244794.0667576790 0.8129732942 -1.0708814906 -0.5347107364 2.6904318596 3.7599657998 13.3416004400 1.0379554259 -5.0430370847
1784244794.0748283863 0.8180135168 -1.0732978497 -0.5355773665 2.6899205327 3.6570482515 13.4270187446 1.0567096339 -5.1184250890
1784244794.0828318596 0.8231267861 -1.0756056084 -0.5366264449 2.6894944269 3.6146024046 13.4516897304 1.0931366736 -5.1827550645
1784244794.0908315182 0.8282400554 -1.0778047667 -0.5376755234 2.6890683212 3.6675869499 13.6476020528 1.1485484042 -5.2291551174
1784244794.0987830162 0.8330246145 -1.0800039250 -0.5387246019 2.6886422154 3.6489874327 13.7139609061 1.2118526376 -5.2490465023
1784244794.1068062782 0.8378822204 -1.0820130326 -0.5398192925 2.6881308885 3.5362115735 13.7321533336 1.2657123116 -5.2282342360
1784244794.1147518158 0.8427763495 -1.0839406898 -0.5408683709 2.6876195615 3.5208064856 13.8295815880 1.3373410700 -5.2084236562
1784244794.1228435040 0.8474148153 -1.0858140469 -0.5419174494 2.6870230134 3.3321372222 13.9801629600 1.4033702891 -5.1705350815
1784244794.1307961941 0.8522358977 -1.0876331038 -0.5429665279 2.6863412442 3.2854835251 14.0706511576 1.4353183643 -5.1151018091
1784244794.1387643814 0.8568378401 -1.0893164101 -0.5438787700 2.6855742538 3.3162935038 14.2035773197 1.4616357032 -5.0294385971
1784244794.1468322277 0.8612571657 -1.0909454163 -0.5447910122 2.6847220423 2.8744383971 14.4211070641 1.4849156317 -5.0005850068
1784244794.1547927856 0.8657860614 -1.0924386719 -0.5456576422 2.6837846096 3.3858461957 14.2768915536 1.5295385070 -4.9062234004
1784244794.1627953053 0.8700227702 -1.0938233271 -0.5465242723 2.6829323980 3.5608650970 14.3348873646 1.5459364136 -4.8748939837
1784244794.1709284782 0.8740768623 -1.0951536821 -0.5472996781 2.6820801865 3.4311074510 14.4156926851 1.5393439626 -4.8895246705
1784244794.1788346767 0.8783135711 -1.0963754368 -0.5478926355 2.6813131961 3.3304067310 14.4875840180 1.4953860875 -4.9428328225
1784244794.1868472099 0.8823311399 -1.0974614408 -0.5483487566 2.6807166480 3.4088158786 14.4958141583 1.4394210819 -4.9994237060
1784244794.1949708462 0.8862391385 -1.0984388445 -0.5487136534 2.6801200999 3.2540531798 14.4867235917 1.4018725548 -5.1150868951
1784244794.2047481537 0.8910602210 -1.0994705484 -0.5491697745 2.6796087730 3.5027187600 14.4167139530 1.4156901074 -5.1986740742
1784244794.2128982544 0.8948951730 -1.1002036012 -0.5495802835 2.6791826672 3.5848662403 14.4306689358 1.4494434096 -5.2713490039
1784244794.2209391594 0.8985840315 -1.1008009034 -0.5499451803 2.6788417826 3.4791366927 14.3968464553 1.5213792311 -5.3100258380
1784244794.2288494110 0.9022728901 -1.1012353051 -0.5504013014 2.6784156768 3.5534521914 14.4664639193 1.5931089477 -5.2847798079
1784244794.2368469238 0.9056330385 -1.1016154065 -0.5508574225 2.6778191287 3.5923638152 14.4317872358 1.6811055436 -5.2334723827
1784244794.2448670864 0.9089566635 -1.1018054572 -0.5513591557 2.6771373595 3.4259004668 14.4218332724 1.7272080774 -5.1607930157
1784244794.2527918816 0.9123898586 -1.1019412078 -0.5516784404 2.6763703691 3.4546569100 14.5497677371 1.7417988373 -5.0736997388
1784244794.2608036995 0.9155308669 -1.1020226581 -0.5519065009 2.6755181575 3.3421186963 14.6420714002 1.7162978864 -4.9891651208
1784244794.2687959671 0.9187814452 -1.1020226581 -0.5519065009 2.6745807248 3.1096560642 14.7978377235 1.6678948595 -4.8924467326
1784244794.2768344879 0.9221050703 -1.1019683579 -0.5518152767 2.6735580710 3.0585862905 15.0032628523 1.6391675134 -4.8603686817
1784244794.2847976685 0.9251730319 -1.1018869075 -0.5517696646 2.6727058594 3.0171996496 15.1130365773 1.6332902288 -4.8301426574
1784244794.2928736210 0.9282044701 -1.1016697067 -0.5516784404 2.6717684267 2.6570718457 15.1615807599 1.6376863300 -4.8164110132
1784244794.3009834290 0.9312724317 -1.1014253558 -0.5516328283 2.6710014363 2.9439751050 15.3965886804 1.7269095237 -4.8872487373
1784244794.3089425564 0.9346691034 -1.1010724045 -0.5516784404 2.6701492248 3.2021497371 15.6169212909 1.7963906495 -4.9506533503
1784244794.3169398308 0.9367874578 -1.1008823538 -0.5516328283 2.6695526767 2.9787265327 15.9982899581 1.8763113679 -4.9952707530
1784244794.3248403072 0.9395267092 -1.1006108527 -0.5516328283 2.6689561286 3.1105059295 16.1651605296 1.9216742366 -5.0592902271
1784244794.3328423500 0.9419372505 -1.1002579014 -0.5514959920 2.6684448017 3.0771658127 16.4345193998 1.9488512214 -5.0703253295
1784244794.3408796787 0.9444573618 -1.0999592503 -0.5512679314 2.6677630324 3.0576574213 16.6560218517 1.9680660207 -5.0935831984
1784244794.3488333225 0.9468679030 -1.0995519987 -0.5510398709 2.6671664844 2.7904455619 16.7203137647 1.9684429422 -5.0783403613
1784244794.3568429947 0.9490958275 -1.0991990474 -0.5507205862 2.6664847151 2.9775592977 17.1721417561 1.9805097051 -5.0861728339
1784244794.3648073673 0.9513967987 -1.0987646458 -0.5502644651 2.6658029459 2.8775780763 17.3405989580 2.0037323789 -5.0639775868
1784244794.3727545738 0.9535881998 -1.0982759439 -0.5498995682 2.6650359555 2.6259828487 17.3620833779 2.0057151560 -5.0434702527
1784244794.3808403015 0.9555604608 -1.0976786417 -0.5494434471 2.6643541862 2.9091605900 17.6076847329 2.0559706583 -5.0430461169
1784244794.3888022900 0.9575692452 -1.0970541893 -0.5489417140 2.6637576382 2.8561921726 17.7036411638 2.1292953476 -5.0423124197
1784244794.3968365192 0.9594684595 -1.0963211365 -0.5486224292 2.6630758689 2.8812456916 17.8390012073 2.2084811541 -5.0227343180
1784244794.4047877789 0.9612215804 -1.0955337836 -0.5482119202 2.6623088785 2.8991784601 17.8514237483 2.2882963750 -5.0557057105
1784244794.4127852917 0.9629016546 -1.0946106801 -0.5478470234 2.6617975516 2.8535722340 17.8937390803 2.3680859279 -5.0609405425
1784244794.4208364487 0.9645452054 -1.0936061263 -0.5474365144 2.6611157824 2.9398108616 17.9570429867 2.4337010552 -5.1034870633
1784244794.4288356304 0.9659696161 -1.0925472723 -0.5470260054 2.6606896766 2.9437095312 18.0045297304 2.5015087411 -5.1139169874
1784244794.4368443489 0.9673575035 -1.0913526678 -0.5465698844 2.6600931285 2.8789229290 18.0302424582 2.5731482966 -5.1154433486
1784244794.4447855949 0.9686723442 -1.0900766130 -0.5461593754 2.6595818016 2.8949890732 18.1211975251 2.6266394622 -5.1227429323
1784244794.4528055191 0.9698045681 -1.0887734081 -0.5456120301 2.6589852535 2.9119220641 18.1668179131 2.6487616384 -5.1003932832
1784244794.4607033730 0.9709002687 -1.0873073025 -0.5449734606 2.6583034843 2.8433273817 18.1273896634 2.6622659058 -5.0570383670
1784244794.4688322544 0.9719229225 -1.0857325966 -0.5442436669 2.6576217150 2.9084572847 18.2373265087 2.6819203983 -5.0339419997
1784244794.4768395424 0.9728360063 -1.0841035904 -0.5435138732 2.6569399458 2.8738909255 18.3122920652 2.6614841842 -4.9779583058
1784244794.4848387241 0.9737125668 -1.0823931340 -0.5425560189 2.6560877342 2.7042311671 18.3329194573 2.6670971599 -4.9562591635
1784244794.4927976131 0.9745526039 -1.0805740771 -0.5416893889 2.6554059650 2.6589766174 18.3459919239 2.6219492391 -4.9325557748
1784244794.5008053780 0.9752465476 -1.0787007201 -0.5405490862 2.6547241957 2.6543307369 18.3337970244 2.6021878215 -4.9170559665
1784244794.5089390278 0.9758674446 -1.0766373123 -0.5393631714 2.6539572054 2.5253821151 18.1404385795 2.5800571030 -4.9019037858
1784244794.5167989731 0.9764518182 -1.0745196043 -0.5382684808 2.6533606573 2.5446718543 18.3092772869 2.6007844304 -4.9609507640
1784244794.5247976780 0.9768900984 -1.0723204460 -0.5370369539 2.6528493303 2.5392761653 18.3137750350 2.6181927466 -4.9874030333
1784244794.5329468250 0.9772553319 -1.0699855372 -0.5357598149 2.6522527823 2.4410779524 18.1895684469 2.6317179172 -5.0409752031
1784244794.5409414768 0.9775840421 -1.0674334275 -0.5344826759 2.6518266765 2.3941469921 18.1586779755 2.6835094792 -5.0834224847
1784244794.5489337444 0.9778031822 -1.0649627682 -0.5332511490 2.6514005707 2.3737988996 18.1673460395 2.7267964328 -5.1124187912
1784244794.5569014549 0.9779857990 -1.0617590561 -0.5317003373 2.6509744649 2.3026503715 18.0399760435 2.7417820797 -5.1308936492
1784244794.5648920536 0.9780588457 -1.0596141980 -0.5307424831 2.6505483592 2.1552496476 18.2704864451 2.7942343467 -5.1292207019
1784244794.5728468895 0.9780588457 -1.0568177375 -0.5291460593 2.6500370322 2.0316824560 18.3016732209 2.7715439730 -5.1272419022
1784244794.5808022022 0.9780588457 -1.0539669767 -0.5275496355 2.6496109265 1.8227650655 18.2719085425 2.7732821857 -5.1131308837
1784244794.5887618065 0.9780953690 -1.0509533154 -0.5260444360 2.6491848207 1.6467029447 18.3667150169 2.7632615197 -5.0918426678
1784244794.5968995094 0.9780588457 -1.0479396540 -0.5242655638 2.6486734937 1.5467825350 18.1423318970 2.7354382194 -5.0747809952
1784244794.6049351692 0.9780588457 -1.0447087918 -0.5223042432 2.6481621668 1.1187661077 18.2549762360 2.6814793687 -5.0777264248
1784244794.6129424572 0.9780223223 -1.0414507795 -0.5203885347 2.6477360610 0.8643689911 18.3182409987 2.6179319021 -5.0844707864
1784244794.6208448410 0.9779857990 -1.0381927672 -0.5181991535 2.6473099553 0.5722328889 18.2250512535 2.5582474163 -5.0874479354
1784244794.6287980080 0.9779857990 -1.0346904040 -0.5159641602 2.6468838495 0.3314138506 18.1673197318 2.5499466797 -5.1322667705
1784244794.6368575096 0.9779492756 -1.0311337406 -0.5138203912 2.6466281860 0.0644617634 18.1649293657 2.5635984935 -5.1364212754
1784244794.6448922157 0.9779127523 -1.0274956269 -0.5115397858 2.6462020803 -0.1367450732 18.1077715262 2.5923618531 -5.1573616130
1784244794.6529326439 0.9778397056 -1.0237489127 -0.5094416289 2.6459464168 -0.3539704897 18.0616832131 2.6257518046 -5.1739504414
1784244794.6609413624 0.9777666589 -1.0199478984 -0.5071610235 2.6456907533 -0.6167727636 17.9888687308 2.6251535997 -5.1881315411
1784244794.6688902378 0.9776936122 -1.0159839834 -0.5046979697 2.6454350899 -0.8196374926 17.9185079299 2.6374646728 -5.1851880242
1784244794.6768856049 0.9775840421 -1.0119386182 -0.5023717522 2.6450942052 -1.1195932813 17.9091940907 2.6589260328 -5.1977865874
1784244794.6848409176 0.9775109954 -1.0078389527 -0.4999543105 2.6449237629 -1.3762559467 17.9253160795 2.6831508775 -5.1990926143
1784244794.6928141117 0.9774014253 -1.0037392872 -0.4974456446 2.6446680995 -1.5563493952 17.8423612994 2.7110822156 -5.2148856740
1784244794.7008512020 0.9772188086 -0.9993409706 -0.4948001423 2.6444124360 -1.7313862013 17.9296957387 2.7380827723 -5.2175174896
1784244794.7088425159 0.9770361918 -0.9950241043 -0.4922914764 2.6441567725 -1.9184279357 17.9207591621 2.7622567122 -5.2382918959
1784244794.7168540955 0.9768170517 -0.9906257877 -0.4896459742 2.6439863302 -2.0707588767 17.7956765201 2.7628537335 -5.2609375533
1784244794.7249770164 0.9765248649 -0.9860374204 -0.4867724114 2.6439011091 -2.2933345066 17.8107657783 2.7487454536 -5.2429459599
1784244794.7329554558 0.9762692014 -0.9814219030 -0.4840356850 2.6436454456 -2.4610534256 17.7260273773 2.7190572780 -5.2515724485
1784244794.7408874035 0.9759770146 -0.9766977852 -0.4810252859 2.6434750033 -2.6822429131 17.6726094552 2.7306685084 -5.2247038027
1784244794.7488467693 0.9756483044 -0.9719193672 -0.4781973352 2.6432193398 -2.8418756092 17.5253399019 2.6981846797 -5.2191819791
1784244794.7568459511 0.9752830709 -0.9670323487 -0.4750957119 2.6431341187 -2.9200442474 17.4397252510 2.6644648090 -5.2211444032
1784244794.7647991180 0.9748082673 -0.9620367299 -0.4719940886 2.6429636764 -3.0704790808 17.4271709836 2.6306672442 -5.2126592728
1784244794.7728040218 0.9743334638 -0.9569325106 -0.4686187926 2.6427932341 -3.2426727637 17.3461337026 2.6148357321 -5.2220885426
1784244794.7808496952 0.9738221368 -0.9516925408 -0.4653803330 2.6427080129 -3.4216674978 17.3078320825 2.6191421287 -5.2259695626
1784244794.7887995243 0.9732742866 -0.9464254210 -0.4620962612 2.6425375706 -3.5474681763 17.1377287596 2.5657842878 -5.2210892264
1784244794.7967979908 0.9726533896 -0.9409411003 -0.4584472926 2.6424523494 -3.6907096557 16.9349397677 2.5639768098 -5.2379028877
1784244794.8047931194 0.9719959692 -0.9353481792 -0.4550719967 2.6423671283 -3.7971976979 16.9477959780 2.5570404683 -5.2327386544
1784244794.8128435612 0.9712655022 -0.9297552581 -0.4514230281 2.6421966860 -3.8802006560 16.7336813826 2.4734501057 -5.2390445485
1784244794.8207926750 0.9704619885 -0.9239722863 -0.4474547747 2.6421114648 -4.0168685627 16.6897817024 2.4766735208 -5.2285975100
1784244794.8288364410 0.9696219514 -0.9182164645 -0.4438058061 2.6420262437 -4.1038837110 16.6991846292 2.5068535390 -5.1911800568
1784244794.8369443417 0.9687088675 -0.9124334927 -0.4402024496 2.6418558014 -4.1374860730 16.3978716362 2.4848506271 -5.1620462581
1784244794.8466627598 0.9676862137 -0.9063247197 -0.4362341963 2.6416853590 -4.1018842684 16.1653501916 2.4745140431 -5.1455549953
1784244794.8547015190 0.9662983263 -0.8990213421 -0.4315361492 2.6415149167 -4.1497283582 16.5106834695 2.5899448645 -5.1421967622
1784244794.8627452850 0.9650930557 -0.8929125691 -0.4278415685 2.6415149167 -4.2704218452 16.4287976615 2.5852988954 -5.1442744385
1784244794.8708112240 0.9638147384 -0.8865865952 -0.4235084183 2.6414296956 -4.3632031880 16.3350731290 2.5753825947 -5.1361173037
1784244794.8788440228 0.9624633743 -0.8802877714 -0.4194945528 2.6413444744 -4.3658893113 16.0598808917 2.5001808004 -5.1621331196
1784244794.8867938519 0.9610024403 -0.8737988969 -0.4150701784 2.6413444744 -4.4515543282 15.7727459214 2.4130112197 -5.1642025643
1784244794.8948550224 0.9595415062 -0.8672828724 -0.4107826403 2.6413444744 -4.5217828193 15.6830858103 2.3296951609 -5.1677423919
1784244794.9028210640 0.9579710020 -0.8607125476 -0.4061302053 2.6413444744 -4.5185453423 15.5047540934 2.2503842577 -5.1790277009
1784244794.9107909203 0.9562909278 -0.8539521721 -0.4014321583 2.6414296956 -4.3536584213 14.7793251195 2.1646284282 -5.1749956244
1784244794.9188973904 0.9545378069 -0.8471917966 -0.3968253354 2.6413444744 -4.4388938432 15.1315571612 2.2141561480 -5.1406138071
1784244794.9268975258 0.9525655459 -0.8402142202 -0.3920360641 2.6412592533 -4.4389686742 15.0414713974 2.1953572877 -5.1424646367
1784244794.9349374771 0.9501915280 -0.8318791388 -0.3866082233 2.6413444744 -4.5163069333 15.2368990312 2.3322116616 -5.1181566467
1784244794.9428887367 0.9485845005 -0.8264491183 -0.3832329274 2.6412592533 -4.4517924753 15.0005061940 2.3639442924 -5.0973808292
1784244794.9508564472 0.9463565761 -0.8193629416 -0.3784436561 2.6412592533 -4.3856966677 14.9188369966 2.3989769228 -5.1142815328
1784244794.9588577747 0.9440921282 -0.8124125153 -0.3739736695 2.6413444744 -4.4500087536 14.8598958027 2.4789569767 -5.1051176358
1784244794.9668107033 0.9417546337 -0.8052720384 -0.3695492951 2.6413444744 -4.3149667116 14.8516021712 2.5158392215 -5.0882525973
1784244794.9748487473 0.9391979991 -0.7981587115 -0.3648056359 2.6414296956 -4.2605417576 14.6249759700 2.4409962262 -5.0786935111
1784244794.9828643799 0.9365683177 -0.7907738837 -0.3596058557 2.6414296956 -4.3154151790 14.4761704375 2.3841413631 -5.0591994951
1784244794.9908442497 0.9339021130 -0.7834433560 -0.3546797480 2.6414296956 -4.2077751091 14.2753827844 2.3173588889 -5.0375927901
1784244794.9989652634 0.9310898149 -0.7760856783 -0.3495255799 2.6414296956 -4.1749909378 14.0693856176 2.1990044825 -5.0166082523
1784244795.0068995953 0.9281314234 -0.7685107997 -0.3440065149 2.6414296956 -4.1012106579 13.8880556548 2.0512287323 -4.9888304796
1784244795.0148277283 0.9251365085 -0.7610716716 -0.3385330620 2.6414296956 -3.9835478867 13.8508115318 1.9871614917 -4.9614496686
1784244795.0229022503 0.9219955002 -0.7536053934 -0.3331052212 2.6414296956 -3.7511311463 12.9948737805 1.8676366088 -4.9544311452
1784244795.0309653282 0.9187814452 -0.7458404641 -0.3273580956 2.6414296956 -4.1256142097 13.6206499081 1.9144326902 -4.9114736865
1784244795.0389418602 0.9155673903 -0.7383198858 -0.3218390306 2.6414296956 -4.1493299861 13.5041569459 1.8911618671 -4.9006634861
1784244795.0469603539 0.9122072419 -0.7305549565 -0.3160006809 2.6415149167 -4.1531205787 13.4368621859 1.8870167874 -4.8936993403
1784244795.0549366474 0.9088105701 -0.7228443274 -0.3104360038 2.6415149167 -4.1464099734 13.1467782039 1.8250304175 -4.8671694995
1784244795.0629339218 0.9053773750 -0.7149979478 -0.3044608177 2.6415149167 -4.0559924708 13.0275083701 1.7857825425 -4.8631785328
1784244795.0708918571 0.9016885165 -0.7071515682 -0.2984856316 2.6416001379 -3.9998781170 12.7961336340 1.7574031477 -4.8472580826
1784244795.0788574219 0.8979266112 -0.6991965881 -0.2926928939 2.6416853590 -4.0196968909 12.7611717862 1.7332351708 -4.8207272068
1784244795.0867967606 0.8940916592 -0.6913230584 -0.2867633200 2.6416853590 -3.9688304362 12.8538280713 1.7548450512 -4.8124266852
1784244795.0947458744 0.8901106138 -0.6833952285 -0.2808337460 2.6417705802 -3.9951082528 12.8469855099 1.8537011780 -4.7854717141
1784244795.1028501987 0.8860930451 -0.6754130984 -0.2750866204 2.6417705802 -3.9556266755 12.9253392070 1.9994557557 -4.7464972355
1784244795.1107704639 0.8817832896 -0.6672680677 -0.2692482707 2.6417705802 -3.9032806891 12.7936885447 2.0675647819 -4.7291702969
1784244795.1187722683 0.8774735340 -0.6591773372 -0.2633186967 2.6418558014 -3.7828020972 12.4756280657 2.0447436143 -4.6992696374
1784244795.1269447803 0.8730176851 -0.6509237060 -0.2571154501 2.6418558014 -3.3309316908 11.5284814660 1.9548779025 -4.6926236673
1784244795.1349084377 0.8686348828 -0.6427515252 -0.2511402640 2.6419410225 -3.7238925718 11.9407474968 1.9237175429 -4.6377962389
1784244795.1429095268 0.8639964171 -0.6343621435 -0.2444352842 2.6419410225 -3.6775734879 11.5167871968 1.8055078164 -4.6161103203
1784244795.1509444714 0.8594675214 -0.6259184617 -0.2380952012 2.6419410225 -3.7847580469 11.3417726742 1.6801104982 -4.5886024053
1784244795.1589560509 0.8549021024 -0.6175833802 -0.2313902214 2.6419410225 -3.7820789914 10.9731672479 1.4791652257 -4.5812787427
1784244795.1670000553 0.8491314128 -0.6071848910 -0.2228607573 2.6420262437 -4.0891559577 11.1437730166 1.4189993079 -4.5548851393
1784244795.1749935150 0.8443468537 -0.5985783085 -0.2158821049 2.6420262437 -4.0367535223 10.9678538098 1.3277905430 -4.5416347992
1784244795.1846380234 0.8395622946 -0.5899445759 -0.2086753919 2.6421114648 -4.3135172611 11.1301226860 1.4049999558 -4.4989926986
1784244795.1926739216 0.8345220720 -0.5813379935 -0.2018791879 2.6421114648 -4.3204656536 10.8275886992 1.3572626820 -4.4581364085
1784244795.2007431984 0.8294818494 -0.5726499607 -0.1948549233 2.6421966860 -4.1569447317 10.7069864437 1.4055304395 -4.4397738131
1784244795.2088172436 0.8241859633 -0.5636632768 -0.1874201498 2.6422819071 -4.0089066386 10.1830987765 1.2775349829 -4.4129308156
1784244795.2167792320 0.8187805072 -0.5545679924 -0.1798029278 2.6422819071 -3.9081071083 9.7305498456 1.1532790434 -4.3909742545
1784244795.2247684002 0.8133750511 -0.5456084586 -0.1724137664 2.6423671283 -3.8679706902 9.6854021228 1.0449716621 -4.3560536282
1784244795.2328641415 0.8078965483 -0.5367575252 -0.1648421566 2.6423671283 -3.7588706187 9.4059106334 0.9069194487 -4.3043417424
1784244795.2408597469 0.8022719521 -0.5277165411 -0.1569512620 2.6423671283 -3.9142957652 9.4078802560 0.8936592675 -4.2463672958
1784244795.2489941120 0.7967934493 -0.5188656077 -0.1495621005 2.6423671283 -3.7943547210 9.0183609781 0.8302434577 -4.2216670770
1784244795.2570247650 0.7911323297 -0.5098789238 -0.1417624302 2.6424523494 -3.8609755615 8.5773298831 0.7826230284 -4.1511941572
1784244795.2649090290 0.7843389862 -0.4991546334 -0.1328680692 2.6422819071 -4.1654998017 8.9781081946 0.8963709780 -4.1643044431
1784244795.2729341984 0.7798466139 -0.4920141564 -0.1265279863 2.6425375706 -3.9302567743 8.7879601139 0.9167409185 -4.1577278646
1784244795.2808170319 0.7738202608 -0.4831632230 -0.1189563764 2.6425375706 -3.7480709516 8.4842815200 0.8374192225 -4.1335157663
1784244795.2888095379 0.7679034777 -0.4742851395 -0.1112479302 2.6426227918 -4.0618674087 8.3976262913 0.8357247649 -4.1441029031
1784244795.2968437672 0.7621327881 -0.4653256057 -0.1035850962 2.6427932341 -4.2843206983 8.0175898511 0.7578042792 -4.1136159760
1784244795.3048164845 0.7562160051 -0.4560945709 -0.0953749168 2.6427932341 -4.2562548906 8.1127699457 0.7993099481 -4.0916533903
1784244795.3128106594 0.7501166053 -0.4472436375 -0.0877120828 2.6428784552 -4.3232374078 8.0425929019 0.8404627518 -4.0521360963
1784244795.3207993507 0.7440172055 -0.4382569536 -0.0800036366 2.6429636764 -3.6879695214 7.0509511045 0.7331086244 -4.0456353044
1784244795.3288078308 0.7376621422 -0.4292159695 -0.0721127420 2.6430488975 -3.4900707941 6.7718345539 0.7270097027 -4.0212185925
1784244795.3369481564 0.7310514155 -0.4199034843 -0.0638569505 2.6432193398 -3.7054583051 6.9106045251 0.6384761154 -3.9794517106
1784244795.3468070030 0.7246598289 -0.4105366990 -0.0552362622 2.6433045610 -3.6688368837 6.5760852743 0.5220858677 -3.9427586636
1784244795.3549015522 0.7164420746 -0.3991065059 -0.0449735380 2.6433897821 -3.0646191584 5.6334797548 0.3951407426 -3.9368137436
1784244795.3629136086 0.7099043946 -0.3899569214 -0.0369001950 2.6434750033 -3.9726404335 6.3334740812 0.6060425218 -3.8609878974
1784244795.3708570004 0.7034032379 -0.3805629859 -0.0285075672 2.6435602245 -3.9211928913 6.3806827498 0.7111845332 -3.8321051855
1784244795.3788614273 0.6965733711 -0.3714677016 -0.0205254484 2.6436454456 -4.1107795468 6.4733628968 0.8270450912 -3.7673375576
1784244795.3868474960 0.6899261210 -0.3623995674 -0.0125889417 2.6436454456 -3.7472502356 5.7566625322 0.7288146171 -3.7455454839
1784244795.3949048519 0.6833884410 -0.3531142323 -0.0040138655 2.6438158879 -4.5247125306 6.1098591054 0.8285049515 -3.6977983472
1784244795.4028091431 0.6765950975 -0.3440460981 0.0041050897 2.6439011091 -4.4339599100 5.9536728393 0.7879655401 -3.7026099960
1784244795.4108109474 0.6698748007 -0.3350322641 0.0124064932 2.6441567725 -4.4265914011 5.8479612860 0.7706129987 -3.7062018524
1784244795.4188561440 0.6630084105 -0.3258555295 0.0208903452 2.6444124360 -4.2811480287 5.4421002215 0.6739744796 -3.6920679891
1784244795.4268503189 0.6558498335 -0.3164615940 0.0299215425 2.6445828783 -4.3315839969 5.3239489736 0.6734619367 -3.6678978496
1784244795.4348661900 0.6488008266 -0.3073120095 0.0384510066 2.6447533206 -4.5016734114 5.1124002931 0.5557884252 -3.6584025615
1784244795.4428496361 0.6418613897 -0.2980266745 0.0474822039 2.6450089841 -4.1145510867 4.6748107138 0.4955273969 -3.6599525578
1784244795.4508101940 0.6344836726 -0.2889585403 0.0563309528 2.6451794264 -4.2620125691 4.7862145862 0.4241070934 -3.5997348122
1784244795.4587609768 0.6272155255 -0.2798089558 0.0651340895 2.6454350899 -4.2465085117 4.5635769520 0.3786527085 -3.5396266557
1784244795.4668037891 0.6199473784 -0.2706050710 0.0741196747 2.6455203110 -4.4145513317 4.2939087917 0.3542033741 -3.5000402798
1784244795.4748082161 0.6125696613 -0.2611839855 0.0833789325 2.6457759745 -4.8116700478 4.1761889731 0.4143500899 -3.4593535401
1784244795.4828157425 0.6054110843 -0.2519529506 0.0922276814 2.6459464168 -4.9721568044 3.9532610314 0.4346029639 -3.4367746841
1784244795.4908504486 0.5981794606 -0.2426676156 0.1012588787 2.6461168591 -4.6522833072 3.8085886866 0.4751222695 -3.3995220086
1784244795.4988145828 0.5904730333 -0.2334094307 0.1103356881 2.6462873014 -4.2654380379 3.7498490063 0.5886268708 -3.3601190275
1784244795.5069210529 0.5828031293 -0.2243141464 0.1188651522 2.6464577437 -3.4017059739 2.7353737237 0.4809906658 -3.3507165836
1784244795.5149269104 0.5749140853 -0.2149202109 0.1278963495 2.6466281860 -4.0146811315 2.9908216978 0.6172009543 -3.2774111811
1784244795.5230028629 0.5673902748 -0.2058792268 0.1366082620 2.6467986283 -3.9881810963 2.4794173294 0.5440303740 -3.2599917701
1784244795.5309152603 0.5581498667 -0.1949377355 0.1472358831 2.6469690707 -4.3062308657 2.7107674020 0.6723811513 -3.2210426430
1784244795.5388557911 0.5518313268 -0.1874714574 0.1545794324 2.6471395130 -3.6724614795 1.7567426209 0.5692874314 -3.2013031822
1784244795.5468571186 0.5442344695 -0.1783490229 0.1634281812 2.6473099553 -4.6255466671 2.1195532535 0.6972953697 -3.1417427049
1784244795.5548036098 0.5366010889 -0.1691451382 0.1722313180 2.6473951764 -5.0482006627 2.0971327244 0.7859680005 -3.0797195845
1784244795.5628020763 0.5291503251 -0.1601041541 0.1810344547 2.6474803976 -4.4077094226 1.1305802068 0.6696550345 -3.0556573414
1784244795.5707678795 0.5212247577 -0.1507645189 0.1904305489 2.6476508399 -4.9643921311 1.5932999192 0.7011671736 -3.0056411816
1784244795.5788080692 0.5133357137 -0.1416692345 0.1995073583 2.6477360610 -4.0661977382 0.6137926543 0.5272964993 -2.9922766213
1784244795.5868144035 0.5054101463 -0.1325196500 0.2088578403 2.6478212822 -4.6912030395 1.1365557873 0.5254463241 -2.9321629673
1784244795.5948503017 0.4971923920 -0.1232071649 0.2186644434 2.6480769457 -4.8393789621 0.8696636456 0.5082280706 -2.8844736734
1784244795.6028616428 0.4891572546 -0.1139489799 0.2281061497 2.6480769457 -4.7901724017 0.5594090463 0.4400354519 -2.8312894354
1784244795.6108217239 0.4811221171 -0.1047993954 0.2375478559 2.6481621668 -4.5160021340 0.2878270293 0.3794321176 -2.8142431473
1784244795.6189651489 0.4727217461 -0.0955412105 0.2473544591 2.6483326091 -3.6948862760 -0.7127094130 0.2496710805 -2.8112745031
1784244795.6307744980 0.4643944219 -0.0863373258 0.2568873895 2.6484178303 -4.1478952741 -0.6549592986 0.3783194329 -2.7749713833
1784244795.6389107704 0.4526339025 -0.0731695261 0.2703429612 2.6487587149 -3.4633686507 -1.5273813816 0.2650324772 -2.7692195157
1784244795.6470768452 0.4444161483 -0.0643185927 0.2795566070 2.6487587149 -4.7418316365 -0.4818665064 0.5576619076 -2.7015987008
1784244795.6549150944 0.4361253473 -0.0552776086 0.2888158648 2.6488439361 -4.9426292102 -0.5080075765 0.7283223519 -2.6731781467
1784244795.6629040241 0.4280536865 -0.0465352756 0.2977558379 2.6490143784 -5.1314378583 -0.5096180330 0.8369512479 -2.6386186353
1784244795.6708540916 0.4200550724 -0.0379286931 0.3066501988 2.6490995995 -5.1034396791 -0.5697000811 0.9361556823 -2.5987414197
1784244795.6788463593 0.4117642715 -0.0293221106 0.3155445598 2.6491848207 -4.9877853793 -0.4677698325 1.0314439201 -2.5493310276
1784244795.6868083477 0.4034004239 -0.0208241286 0.3244389208 2.6491848207 -4.8577458116 -0.2824708594 1.1028346439 -2.5249216643
1784244795.6948206425 0.3948174361 -0.0124347469 0.3336069544 2.6493552630 -4.6165975198 -0.7134992789 1.0326585803 -2.5017567519
1784244795.7028539181 0.3860518316 -0.0036652638 0.3433223333 2.6495257053 -4.6715954395 -1.0613741075 0.9621406025 -2.4898669692
1784244795.7109448910 0.3775784139 0.0048870184 0.3526728153 2.6496109265 -4.5840722191 -1.3873346686 0.7902439352 -2.4915912967
1784244795.7189447880 0.3688128094 0.0135207510 0.3626162548 2.6497813688 -4.4878136725 -1.8609363667 0.6531888811 -2.4909597948
1784244795.7268643379 0.3601567750 0.0221273335 0.3722404094 2.6499518111 -4.6272333152 -1.8648554773 0.6603585658 -2.4790035192
1784244795.7348611355 0.3517198807 0.0304624149 0.3815908915 2.6501222534 -5.2509643159 -1.7412126084 0.8095083908 -2.4314449117
1784244795.7428596020 0.3433925564 0.0387160461 0.3907133130 2.6502074745 -5.4748948639 -1.7368624808 1.0296012665 -2.3787712817
1784244795.7509114742 0.3348460920 0.0470782776 0.3998357345 2.6502074745 -5.5723171582 -1.7239625483 1.2847246802 -2.3256810618
1784244795.7588803768 0.3262631042 0.0551961583 0.4084564228 2.6502926957 -4.6053419344 -2.6794853903 1.1853235306 -2.3134672218
1784244795.7668190002 0.3174244530 0.0634769395 0.4177156806 2.6502074745 -5.2153318932 -2.2298095864 1.3937916653 -2.2443154291
1784244795.7750110626 0.3089510354 0.0714590696 0.4266556537 2.6502926957 -5.1151398029 -2.4696959593 1.3112840890 -2.2276837673
1784244795.7830071449 0.2981766465 0.0813417069 0.4381499048 2.6503779168 -5.3538432908 -2.2944497544 1.4000726237 -2.2006017997
1784244795.7928221226 0.2893745186 0.0893509871 0.4473179384 2.6503779168 -5.2131083404 -2.5376185316 1.4404341431 -2.1621662189
1784244795.8008213043 0.2801341105 0.0976317684 0.4568508689 2.6503779168 -4.9674341019 -3.0803035200 1.3342419389 -2.1323275470
1784244795.8088240623 0.2710763192 0.1058582494 0.4666574720 2.6503779168 -4.5826486339 -3.1438799953 1.2890162894 -2.1147938334
1784244795.8169829845 0.2617263411 0.1136774789 0.4760535661 2.6503779168 -3.6038159489 -4.0470459355 1.1398191161 -2.1076946067
1784244795.8249535561 0.2526685498 0.1215510086 0.4852672119 2.6503779168 -4.5809611848 -3.5019715653 1.2521387791 -2.0984341746
1784244795.8330154419 0.2434281417 0.1295331387 0.4950282029 2.6504631380 -4.7828979681 -4.0908481931 1.2379018533 -2.0743134808
1784244795.8409571648 0.2327633229 0.1391442750 0.5061575571 2.6504631380 -5.2634881408 -4.2113652532 1.3331810045 -2.0415935233
1784244795.8488678932 0.2256047459 0.1454973990 0.5136379427 2.6503779168 -5.5891221936 -4.5506680722 1.3846182533 -2.0319632342
1784244795.8568723202 0.2170948048 0.1533166285 0.5227603642 2.6503779168 -5.3904585903 -4.6178044484 1.4613257173 -2.0099701485
1784244795.8650097847 0.2079274435 0.1610815578 0.5319740100 2.6503779168 -5.6164598961 -4.6161250644 1.5380883269 -2.0108711469
1784244795.8730154037 0.1972626247 0.1702039922 0.5427384673 2.6503779168 -5.8950643733 -4.3551713374 1.7632652964 -1.9902405095
1784244795.8827853203 0.1881317866 0.1779417714 0.5519065009 2.6503779168 -5.6389598420 -4.5061650702 1.8754450499 -1.9935135141
1784244795.8909072876 0.1788913785 0.1855981003 0.5613025951 2.6502926957 -5.3259592417 -4.5472471980 1.8858699345 -1.9821665635
1784244795.8989105225 0.1695779238 0.1929829281 0.5705162408 2.6502926957 -4.9059834513 -4.8761765854 1.8339749593 -1.9798243444
1784244795.9070177078 0.1601914223 0.2005035065 0.5799579471 2.6502926957 -4.5491376241 -5.2703801709 1.6418574126 -1.9994041622
1784244795.9170010090 0.1465682119 0.2112549471 0.5940977004 2.6503779168 -5.0152413907 -5.2500127518 1.6307164517 -2.0107918814
1784244795.9249963760 0.1371817105 0.2185854747 0.6035850188 2.6503779168 -4.8898277140 -5.6222589015 1.6217192998 -1.9991619279
1784244795.9329674244 0.1278317323 0.2260517529 0.6133003977 2.6502926957 -4.9261929510 -5.6746971885 1.6837198006 -1.9826588477
1784244795.9409589767 0.1201983517 0.2316718241 0.6206439470 2.6502074745 -4.4511286468 -6.1345036261 1.5848615750 -1.9708469694
1784244795.9488675594 0.1107753269 0.2387580009 0.6299944290 2.6501222534 -4.0810742449 -6.1647847124 1.6255839997 -1.9788575582
1784244795.9568390846 0.1012427320 0.2457084271 0.6390256263 2.6501222534 -4.4265098377 -6.1474725639 1.7628463362 -1.9689076621
1784244795.9648363590 0.0920388473 0.2525502529 0.6478743752 2.6500370322 -5.0008553559 -6.3239905125 1.9213249619 -1.9830451898
1784244795.9727754593 0.0828714859 0.2596092795 0.6569055725 2.6500370322 -5.4841626649 -6.5871691595 2.1119296036 -1.9866335754
1784244795.9808719158 0.0739232646 0.2664511054 0.6652982002 2.6499518111 -5.3535695691 -6.9741177858 2.2625025594 -2.0007189869
1784244795.9889562130 0.0646098099 0.2734829819 0.6740101128 2.6499518111 -5.2997449635 -7.1422903314 2.3572695880 -2.0189498014
1784244795.9969780445 0.0556615886 0.2801347570 0.6824483527 2.6499518111 -5.4124872035 -7.0539437496 2.3494173952 -2.0367547428
1784244796.0048608780 0.0448141530 0.2880625869 0.6931215858 2.6498665899 -5.6901605309 -6.7817676936 2.4878350498 -2.0253780493
1784244796.0128250122 0.0373633892 0.2931125059 0.6997809535 2.6498665899 -5.4666937948 -6.9623640526 2.5735740263 -2.0322837705
1784244796.0208315849 0.0282325512 0.2995199301 0.7082648055 2.6497813688 -5.3020418685 -6.8968550129 2.5914837455 -2.0108150842
1784244796.0288212299 0.0189190964 0.3056287032 0.7167942696 2.6496109265 -5.4172717366 -6.8695235771 2.6094220816 -1.9991100136
1784244796.0368247032 0.0098613051 0.3117103261 0.7252781216 2.6494404841 -5.3207244420 -6.8524289391 2.6679804989 -2.0254147674
1784244796.0448229313 0.0003652335 0.3178190992 0.7338988099 2.6494404841 -5.1229605442 -6.8416679606 2.6585366680 -2.0676174727
1784244796.0528318882 -0.0090212680 0.3236563712 0.7425194983 2.6494404841 -4.9624585140 -7.0640664961 2.5530368743 -2.1172918994
1784244796.0608658791 -0.0183347228 0.3295207933 0.7513682471 2.6494404841 -4.8537777237 -7.4498805040 2.4941450711 -2.1246295898
1784244796.0688300133 -0.0279403644 0.3356024163 0.7603082202 2.6493552630 -3.7857596077 -8.1937589891 2.3367309848 -2.1307234432
1784244796.0769264698 -0.0374364359 0.3413853881 0.7688376843 2.6493552630 -4.4145097392 -7.8994999293 2.4779524730 -2.1719903444
1784244796.0867264271 -0.0471151242 0.3472498102 0.7776864332 2.6492700418 -4.6766329162 -7.8322206243 2.5367626165 -2.1984744684
1784244796.0949153900 -0.0583277933 0.3540373358 0.7879947695 2.6491848207 -5.3833234424 -7.4959156695 2.7776445350 -2.1822652601
1784244796.1028578281 -0.0676412481 0.3593859060 0.7958856641 2.6490143784 -5.3207615637 -7.7357810302 2.9487354823 -2.1669782845
1784244796.1108777523 -0.0769181795 0.3648702267 0.8040958434 2.6488439361 -5.3427779996 -7.9251344352 3.0027957305 -2.1697159978
1784244796.1189663410 -0.0859394475 0.3701101965 0.8121691864 2.6486734937 -5.0012198860 -8.1308183928 2.9504803900 -2.1534642921
1784244796.1269690990 -0.0953989957 0.3754316165 0.8207442627 2.6484178303 -4.8637383249 -8.3265160876 2.8356110554 -2.1946942384
1784244796.1349554062 -0.1045298337 0.3805358358 0.8291368904 2.6483326091 -4.9380263574 -8.5449649935 2.6727947467 -2.2221703402
1784244796.1429281235 -0.1135511017 0.3856400551 0.8378944151 2.6481621668 -4.9446115123 -8.4746333081 2.6707737426 -2.2728130331
1784244796.1509439945 -0.1229010798 0.3905813737 0.8461958186 2.6480769457 -4.8186621009 -8.5897463354 2.6986567925 -2.2761216553
1784244796.1588847637 -0.1320319178 0.3954683921 0.8544059980 2.6478212822 -5.0977565404 -8.7380266195 2.7850445859 -2.3046042852
1784244796.1670005322 -0.1408705690 0.4002739603 0.8624793410 2.6477360610 -4.3509734571 -9.3009278770 2.6803035846 -2.3084770844
1784244796.1767292023 -0.1499648837 0.4048623276 0.8701877872 2.6474803976 -4.6909820290 -8.8091019511 3.0353217173 -2.3426164477
1784244796.1848711967 -0.1609584127 0.4101837477 0.8792189845 2.6473099553 -5.5006481427 -8.2282985679 3.3972281614 -2.3640954477
1784244796.1928563118 -0.1702718675 0.4145820643 0.8868818185 2.6470542918 -5.0496304222 -8.4049131600 3.5530178753 -2.3971256425
1784244796.2008404732 -0.1796218456 0.4188989306 0.8943165921 2.6467986283 -4.9694073089 -8.4618150033 3.6781190905 -2.4069051805
1784244796.2088806629 -0.1887892070 0.4230257461 0.9016145293 2.6464577437 -4.7952277199 -8.6827862703 3.6940186454 -2.4444221702
1784244796.2168223858 -0.1981757085 0.4271525617 0.9090949149 2.6462873014 -4.4662085712 -8.8039545479 3.7201767325 -2.4805827870
1784244796.2248690128 -0.2077448267 0.4312522272 0.9166209127 2.6460316379 -4.5960839047 -8.9405347629 3.7518672624 -2.5201795663
1784244796.2329277992 -0.2167295713 0.4352161421 0.9239188499 2.6458611956 -4.6635192203 -9.3850105523 3.7474646422 -2.5632444563
1784244796.2408597469 -0.2259699794 0.4393972579 0.9313992355 2.6456055322 -4.7848777511 -9.6928907393 3.7714432615 -2.5680303756
1784244796.2488930225 -0.2349912474 0.4433340228 0.9384691122 2.6451794264 -4.9279925075 -9.8396958584 3.8847116679 -2.6041202978
1784244796.2568254471 -0.2438664219 0.4472436375 0.9453109283 2.6449237629 -5.1901682815 -9.9808390255 4.0146349721 -2.6337447641
1784244796.2647912502 -0.2526685498 0.4510446518 0.9520615202 2.6445828783 -5.3304339589 -10.0446955705 4.1754046367 -2.6267780683
1784244796.2728295326 -0.2616898177 0.4548728163 0.9587665000 2.6440715514 -5.2478321451 -10.2300508173 4.3049757036 -2.6286684901
1784244796.2809190750 -0.2705284689 0.4585652302 0.9653346435 2.6436454456 -5.0218729458 -10.4459244128 4.3650237820 -2.6103599155
1784244796.2906813622 -0.2796593070 0.4622576442 0.9719940112 2.6430488975 -4.0511517410 -10.9144983562 4.2640985613 -2.5971501976
1784244796.2987897396 -0.2902876024 0.4666288106 0.9801585784 2.6421114648 -4.8099393975 -10.8020257304 4.3652363994 -2.5567548042
1784244796.3068864346 -0.2993453938 0.4699954233 0.9866354977 2.6414296956 -4.7847940283 -10.7018330196 4.4957702545 -2.5396987826
1784244796.3148748875 -0.3086588485 0.4734434864 0.9933404775 2.6406627052 -4.2384337869 -10.8030106629 4.4538500303 -2.5189954026
1784244796.3229355812 -0.3177896866 0.4766471984 0.9999086210 2.6398104936 -4.0263878866 -10.8968442842 4.4239425293 -2.5221883468
1784244796.3309183121 -0.3269935713 0.4798509105 1.0065679887 2.6390435032 -3.8404177714 -11.0943018099 4.4073033682 -2.5267832193
1784244796.3389627934 -0.3360148393 0.4829460222 1.0128624595 2.6381912917 -3.5871856174 -11.2912500681 4.4520995771 -2.5478501634
1784244796.3469662666 -0.3469353215 0.4865298357 1.0202516209 2.6371686378 -3.5734385398 -11.2953132852 4.5325097756 -2.5612807097
1784244796.3549153805 -0.3559931128 0.4895706472 1.0262724191 2.6363164263 -4.7557177021 -11.2565738263 4.8517916332 -2.6389286765
1784244796.3629627228 -0.3628595030 0.4917426554 1.0308336299 2.6356346571 -4.5043091616 -11.6192716308 4.8889000550 -2.6866702406
1784244796.3709173203 -0.3716251075 0.4945934162 1.0367175917 2.6347824455 -4.4048891991 -11.6455486320 4.9053414188 -2.7433016644
1784244796.3789350986 -0.3804272354 0.4971998260 1.0425559415 2.6339302340 -4.2698166612 -11.7075044189 4.8925086487 -2.7519775065
1784244796.3869569302 -0.3891928399 0.4997247855 1.0483486792 2.6329075801 -4.2626219507 -11.7721702220 4.8995821824 -2.7471377553
1784244796.3948831558 -0.3978488743 0.5021954448 1.0541414168 2.6317997051 -4.4870822460 -11.7526378639 4.9037691171 -2.7084745407
1784244796.4030170441 -0.4064318621 0.5045032035 1.0598429303 2.6305213878 -4.2638862313 -11.8031708556 4.9000325337 -2.6604994892
1784244796.4110314846 -0.4168044941 0.5070824633 1.0666391343 2.6289021858 -4.4122781363 -11.7129483146 5.0134137775 -2.6613105270
1784244796.4190254211 -0.4254970519 0.5091458711 1.0720213630 2.6276238685 -4.6397655654 -11.6851393482 5.1159595196 -2.6875623956
1784244796.4286971092 -0.4342991797 0.5111549786 1.0776772643 2.6264307723 -4.5371506228 -11.7049052917 5.1113873129 -2.7033824008
1784244796.4367020130 -0.4426630274 0.5128654351 1.0832875535 2.6248967915 -4.7437086882 -11.6363934136 5.0973802191 -2.7580138880
1784244796.4449231625 -0.4515382019 0.5146844920 1.0890802912 2.6236184742 -4.3612946123 -11.7655682048 5.0384172602 -2.7757313438
1784244796.4529304504 -0.4605229465 0.5163677983 1.0948274167 2.6220844934 -4.0673498121 -11.8107323095 4.9461817123 -2.7775179753
1784244796.4609162807 -0.4692520277 0.5178610539 1.1005289302 2.6205505126 -3.4691498120 -11.8041915353 4.8818547310 -2.7879449829
1784244796.4687905312 -0.4782002489 0.5192457092 1.1061392194 2.6190165319 -3.2343899376 -11.9054307135 4.8862538284 -2.8121455956
1784244796.4768369198 -0.4868562834 0.5205489141 1.1114302239 2.6174825511 -3.2183023773 -11.8314831106 4.9615176386 -2.8680981120
1784244796.4849257469 -0.4955853645 0.5216349182 1.1165387799 2.6160337914 -2.3036290826 -11.9779488850 4.8906643302 -2.8597336870
1784244796.4928340912 -0.5043144457 0.5226937722 1.1216929480 2.6143293683 -3.5864271229 -11.8800710245 5.1168527224 -2.9238813243
1784244796.5008261204 -0.5124956766 0.5236168757 1.1264366072 2.6128806087 -3.9253586828 -11.9714187941 5.2650866116 -2.9797198478
1784244796.5088238716 -0.5206403841 0.5244856789 1.1309978180 2.6112614068 -4.1886444565 -11.9265000902 5.3348880085 -3.0179748346
1784244796.5167939663 -0.5286389982 0.5251644315 1.1356958651 2.6095569837 -4.1615172875 -11.9826501586 5.3673571746 -3.0597202433
1784244796.5249249935 -0.5370028458 0.5258703342 1.1404395242 2.6077673394 -4.0475626531 -12.2092034869 5.3897108209 -3.0714522416
1784244796.5348584652 -0.5452206000 0.5265490867 1.1451375713 2.6059776952 -3.1017821983 -12.2867912265 5.2974812291 -3.0449988334
1784244796.5428340435 -0.5549723350 0.5270106385 1.1511127574 2.6036767240 -4.4221338824 -12.1345157142 5.3066622434 -3.0766125165
1784244796.5508871078 -0.5629344258 0.5273907399 1.1558564166 2.6017166374 -3.8195341406 -12.3156920248 5.2673793394 -3.0509342222
1784244796.5589098930 -0.5712252267 0.5277165411 1.1606000758 2.5995008874 -3.7522600268 -12.2539427055 5.1522672769 -3.0001102629
1784244796.5668716431 -0.5790412241 0.5277979914 1.1654805713 2.5972851374 -3.8403994552 -12.2985681420 5.0968949451 -2.9898120678
1784244796.5747854710 -0.5868572214 0.5278794417 1.1700873941 2.5950693873 -4.0457720525 -12.3134463656 5.1158060120 -3.0258054744
1784244796.5828099251 -0.5944906020 0.5277979914 1.1745117685 2.5929388585 -3.9012546575 -12.3793011785 5.1449846981 -3.0405802199
1784244796.5910143852 -0.6024892161 0.5276893910 1.1789817551 2.5905526661 -2.9506548025 -12.3841761420 5.0770461944 -3.0174519844
1784244796.6008298397 -0.6122774745 0.5273635898 1.1842727596 2.5877403680 -3.6171355265 -12.3225430237 5.2584139596 -3.1448853210
1784244796.6088016033 -0.6203126119 0.5269291882 1.1885602977 2.5854393968 -3.5326060204 -12.2923681401 5.2745277996 -3.1978867447
1784244796.6169347763 -0.6279459925 0.5263318859 1.1927566116 2.5830532045 -3.2735734185 -12.3801317707 5.2781000925 -3.2393424041
1784244796.6249165535 -0.6359446066 0.5257888839 1.1968617012 2.5805817910 -3.1551553017 -12.3642833203 5.2578503631 -3.2666963278
1784244796.6328792572 -0.6437240806 0.5250286810 1.2009667909 2.5781955987 -3.0153711042 -12.4160988418 5.2570258552 -3.2780731630
1784244796.6408748627 -0.6514305079 0.5242413280 1.2050262685 2.5756389640 -3.1917502513 -12.4701940881 5.2379230297 -3.3268154401
1784244796.6488747597 -0.6589543185 0.5233453746 1.2089945218 2.5730823294 -3.3721877754 -12.4540602327 5.2090421545 -3.3622005678
1784244796.6568808556 -0.6665511757 0.5223408209 1.2129627752 2.5704404736 -3.5864491743 -12.4330153327 5.1834618550 -3.3891645686
1784244796.6648452282 -0.6738193228 0.5211733664 1.2170222528 2.5677133966 -3.4917810631 -12.4089338446 5.1556437185 -3.3984995707
1784244796.6729252338 -0.6811970399 0.5199516118 1.2208992819 2.5649010985 -3.4115807771 -12.4212559288 5.1137930013 -3.4536539461
1784244796.6808853149 -0.6886843271 0.5186212568 1.2248675352 2.5622592427 -3.3772596541 -12.3450058180 5.0731014546 -3.4399199901
1784244796.6888632774 -0.6957698574 0.5171280012 1.2287445644 2.5592765023 -3.4794174520 -12.3575210684 5.0359353756 -3.4265911315
1784244796.6968696117 -0.7029649577 0.5155804453 1.2326215935 2.5562085407 -3.5339264522 -12.2670083788 5.0205969523 -3.4827702065
1784244796.7048668861 -0.7099774413 0.5138699889 1.2362249500 2.5533110214 -3.5029680046 -12.2370451038 5.0227747891 -3.5291821826
1784244796.7128810883 -0.7169168782 0.5120237819 1.2399651428 2.5503282810 -3.2359956761 -12.1430239968 5.0175885717 -3.5326738977
1784244796.7208342552 -0.7241119786 0.5100418244 1.2435684993 2.5470898771 -3.3097629113 -12.0879145508 5.0083168890 -3.5638828913
1784244796.7288310528 -0.7310148921 0.5079784167 1.2471262437 2.5439366944 -2.5589556607 -11.9305240177 4.9633181729 -3.5275522276
1784244796.7368683815 -0.7376256189 0.5058607087 1.2505927639 2.5407835117 -2.7732161511 -11.8871398702 4.9480020647 -3.5715558206
1784244796.7448298931 -0.7443824390 0.5036615504 1.2541961204 2.5374598866 -2.9094315342 -11.9881655720 4.8904742887 -3.5749032258
1784244796.7527844906 -0.7510662124 0.5014623921 1.2577994769 2.5340510404 -3.1066411223 -12.4693058022 4.8036270032 -3.6560857479
1784244796.7608788013 -0.7578230326 0.4992360837 1.2614484455 2.5307274154 -2.8997895825 -12.5746698506 4.6706697927 -3.6925678671
1784244796.7688355446 -0.7647259461 0.4969283250 1.2652342504 2.5272333480 -2.9548209635 -12.7127029282 4.5781191872 -3.7223261859
1784244796.7768657207 -0.7713001495 0.4946205663 1.2688376069 2.5236540595 -3.1207094423 -12.9087966348 4.5319986510 -3.7592752927
1784244796.7848200798 -0.7777282595 0.4922856575 1.2723953513 2.5202452133 -3.1055550873 -13.0984796581 4.4720505124 -3.7731853412
1784244796.7927844524 -0.7841928928 0.4899507486 1.2759530957 2.5164102614 -3.0404470087 -13.3619841086 4.4309122315 -3.8173806528
1784244796.8008708954 -0.7908036195 0.4876158398 1.2794196158 2.5128309729 -2.8859964582 -13.4911043843 4.3919376945 -3.8675081211
1784244796.8088755608 -0.7971952061 0.4851451805 1.2830229723 2.5091664632 -2.7357383797 -13.7161106351 4.3403587055 -3.8747426401
1784244796.8187627792 -0.8036598394 0.4827559715 1.2864894925 2.5052462901 -2.8342512427 -13.7645200865 4.2856491329 -3.8843058216
1784244796.8268735409 -0.8110375566 0.4796337097 1.2907314185 2.5005591266 -3.5902670161 -13.8888296393 4.2361199632 -3.9228985610
1784244796.8347871304 -0.8171369564 0.4770272999 1.2942891629 2.4964685111 -3.3305081201 -14.1017255410 4.1538305576 -3.9517724844
1784244796.8429317474 -0.8232363562 0.4745023404 1.2977100710 2.4924631168 -3.1739001857 -14.1673215346 4.0533486177 -3.9778117022
1784244796.8508753777 -0.8291896626 0.4717601800 1.3014046517 2.4884577226 -2.8864351214 -14.0250941947 3.9185719477 -3.9883951783
1784244796.8590211868 -0.8351429689 0.4689365694 1.3049623960 2.4841966648 -2.1897143430 -13.7465693966 3.8287162568 -3.9376782411
1784244796.8688166142 -0.8425572094 0.4653527558 1.3093411584 2.4789981744 -2.4957895680 -13.7556186096 3.7520086923 -3.9761909001
1784244796.8769304752 -0.8481452823 0.4622576442 1.3129901270 2.4747371166 -3.1405121394 -14.0152981486 3.6727162547 -4.1025267837
1784244796.8847949505 -0.8539524953 0.4591625325 1.3164566471 2.4703056166 -2.9847528071 -13.8764955167 3.5724143877 -4.1348118265
1784244796.8928349018 -0.8595770915 0.4558230699 1.3201512278 2.4659593377 -2.8034923671 -13.7247635749 3.4701925800 -4.1500290220
1784244796.9009602070 -0.8651286410 0.4524564572 1.3236177480 2.4613573953 -2.5766693070 -13.5548004769 3.3517875649 -4.1804903868
1784244796.9110267162 -0.8708628073 0.4489269439 1.3272667166 2.4568406741 -2.7080476498 -13.3587127493 3.2557779387 -4.1864324567
1784244796.9208638668 -0.8787883747 0.4435512236 1.3323752727 2.4498525394 -2.7539023314 -13.2019399875 3.2354222231 -4.1710227965
1784244796.9288866520 -0.8841207841 0.4397230591 1.3357049565 2.4450801547 -2.9577651486 -13.3939532176 3.3044173860 -4.1858685761
1784244796.9369368553 -0.8893071001 0.4359763450 1.3387153556 2.4400521066 -2.8593097184 -13.2324778668 3.2842053270 -4.2148496705
1784244796.9450061321 -0.8945299394 0.4319309797 1.3418625910 2.4352797219 -2.7002533301 -13.1910154681 3.3256880412 -4.2345280939
1784244796.9529690742 -0.9005928159 0.4270982615 1.3452378870 2.4292290199 -2.4584456095 -13.0253138267 3.3447456990 -4.2298232590
1784244796.9626734257 -0.9046834313 0.4238402492 1.3475184924 2.4254792891 -2.1559135813 -13.1546667761 3.4602624500 -4.2965344457
1784244796.9707286358 -0.9107097844 0.4188717805 1.3505745036 2.4192581448 -2.6443176514 -13.4129011243 3.5567087120 -4.4065114929
1784244796.9789340496 -0.9156039136 0.4147178148 1.3530831695 2.4143153178 -2.5659037955 -13.5387843360 3.6379631798 -4.4412722511
1784244796.9868335724 -0.9204980428 0.4105366990 1.3552725506 2.4089463851 -2.5659161752 -13.4779526229 3.6632487032 -4.4972665108
1784244796.9949507713 -0.9250634618 0.4062198327 1.3576899923 2.4039183369 -2.4505306597 -13.3342242026 3.6174301106 -4.5308014168
1784244797.0046467781 -0.9298114976 0.4017943660 1.3601074340 2.3986346253 -2.0512129759 -13.2609153118 3.5802091739 -4.5037590395
1784244797.0126659870 -0.9355091405 0.3964729459 1.3627529363 2.3921578176 -2.4067057484 -13.4143590948 3.5331017298 -4.5914787316
1784244797.0208296776 -0.9398919427 0.3919660289 1.3651247659 2.3868741060 -2.4985072604 -13.5367946251 3.4728216493 -4.6546539926
1784244797.0288791656 -0.9443477917 0.3873776616 1.3674509833 2.3813347309 -2.3863663794 -13.3286494778 3.3663714811 -4.6858495833
1784244797.0387845039 -0.9495341077 0.3815946898 1.3702333219 2.3746874808 -2.5088288906 -13.1306028768 3.2848928828 -4.7828605270
1784244797.0469243526 -0.9538073399 0.3766262211 1.3726507636 2.3690628846 -2.3904832801 -12.8422751556 3.2175852779 -4.7671292599
1784244797.0548348427 -0.9580075254 0.3714948517 1.3748857569 2.3630974037 -2.3100741201 -12.6323988048 3.1544471521 -4.7697334423
1784244797.0628323555 -0.9620616175 0.3663906324 1.3770751380 2.3575580287 -2.4392982487 -12.3461917711 3.0622343995 -4.7877919258
1784244797.0709385872 -0.9658235227 0.3611235126 1.3793557434 2.3516777690 -2.4706459760 -12.0941633070 3.0466908475 -4.7160167937
1784244797.0789194107 -0.9695854280 0.3557749424 1.3812258398 2.3456270670 -2.4864178525 -11.9927436004 3.0228562958 -4.7088834641
1784244797.0869698524 -0.9732012399 0.3504263722 1.3830959362 2.3398320285 -2.5360902485 -11.9073914679 3.0361596503 -4.7346854878
1784244797.0949754715 -0.9767074817 0.3449420515 1.3850116447 2.3339517688 -2.1066512336 -11.2947149040 2.9999083851 -4.6533625492
1784244797.1047894955 -0.9802502468 0.3394848809 1.3864256201 2.3279010668 -2.4934844315 -11.9305649627 3.1105245585 -4.8280015882
1784244797.1129257679 -0.9843408622 0.3328059557 1.3883413286 2.3207424898 -2.7048398310 -12.0318518823 3.1996350389 -4.9607442997
1784244797.1209740639 -0.9882488609 0.3259641299 1.3898009160 2.3132430281 -2.7862957556 -12.1160191950 3.2672852911 -5.0913687479
1784244797.1290202141 -0.9914263926 0.3203169086 1.3907131582 2.3071923261 -2.7593915074 -12.4016004548 3.3648367215 -5.2041808530
1784244797.1387920380 -0.9945308775 0.3146425372 1.3918534609 2.3011416241 -2.5550759204 -12.3065563237 3.3608784450 -5.2749406073
1784244797.1468994617 -0.9976718858 0.3087781151 1.3929481514 2.2946648164 -2.3213103403 -12.1001972757 3.3531555545 -5.2299581437
1784244797.1550199986 -1.0013972677 0.3016104880 1.3941340662 2.2867392490 -2.1932099336 -11.9111603491 3.3261886947 -5.1808639282
1784244797.1647496223 -1.0043556592 0.2956374655 1.3952287568 2.2799215566 -2.1336531377 -11.8105830833 3.1933113458 -5.1309628862
1784244797.1728777885 -1.0073140507 0.2894743922 1.3963690595 2.2730186430 -1.9893404995 -11.4595524749 3.0288253155 -5.1197105537
1784244797.1809370518 -1.0102724422 0.2831212682 1.3975549743 2.2662009506 -1.7858113594 -10.8756073644 2.8814397219 -5.0358003282
1784244797.1908061504 -1.0131212637 0.2766052437 1.3988321133 2.2592128159 -1.8007371924 -10.6328614936 2.7461501508 -4.9571452602
1784244797.1989362240 -1.0163353187 0.2688946146 1.4001092523 2.2507759216 -2.0496287367 -10.5799233576 2.6396258326 -5.0183341215
1784244797.2069489956 -1.0187458599 0.2622428395 1.4013407792 2.2437025657 -2.1343756868 -10.3070838805 2.4822083038 -5.0850792759
1784244797.2149810791 -1.0215581580 0.2542064091 1.4030740393 2.2353508926 -2.2568845479 -10.3724006508 2.4188941691 -5.1966585274
1784244797.2246749401 -1.0233112789 0.2489664394 1.4037582209 2.2298967387 -1.9968032129 -9.6586163901 2.3881574946 -5.1079237975
1784244797.2328255177 -1.0257583435 0.2407942585 1.4052634205 2.2215450655 -2.4427585201 -10.3282634893 2.2843693619 -5.3810306126
1784244797.2408967018 -1.0277671279 0.2340067329 1.4060844384 2.2143864885 -2.2685907707 -10.1142565355 2.3469261431 -5.3759111612
1784244797.2489025593 -1.0297028655 0.2272463574 1.4064949474 2.2073131326 -2.2093003184 -10.0778398776 2.3511245745 -5.4135793336
1784244797.2569122314 -1.0315290331 0.2205945823 1.4070879048 2.2002397768 -2.1987345112 -10.0538140733 2.3689552060 -5.4824448352
1784244797.2649791241 -1.0332091073 0.2137799066 1.4076808622 2.1933368632 -2.1229381746 -9.7119387897 2.4035791756 -5.4751632815
1784244797.2748050690 -1.0352178917 0.2054448252 1.4079089227 2.1843886419 -2.2480010810 -10.0260522926 2.4598525578 -5.5582421824
1784244797.2828388214 -1.0367518725 0.1983857985 1.4081825954 2.1768891803 -2.1466473453 -9.7496897951 2.4374700601 -5.5584366488
1784244797.2909626961 -1.0382128066 0.1912453216 1.4085931043 2.1693897187 -2.0327012178 -9.4522353819 2.3557277795 -5.5238494502
1784244797.2989711761 -1.0396372173 0.1841319948 1.4090492254 2.1618050359 -1.8238401491 -9.0543600198 2.2306771990 -5.4875860466
1784244797.3087954521 -1.0410251047 0.1769915178 1.4093685102 2.1543055743 -1.8082157444 -8.8555928279 2.0652693666 -5.4052829524
1784244797.3168876171 -1.0425225621 0.1682220347 1.4103263644 2.1451016895 -1.8943066774 -8.8839003998 1.8743835382 -5.4768398712
1784244797.3249700069 -1.0438739262 0.1593168011 1.4109649339 2.1354716990 -1.9742848124 -8.8117900088 1.7346340760 -5.5226101565
1784244797.3329424858 -1.0448600567 0.1518505229 1.4114666671 2.1276313528 -2.0028808340 -8.7810498331 1.6575662083 -5.6100759171
1784244797.3426845074 -1.0454809536 0.1460132509 1.4119684003 2.1217510931 -1.8819415764 -8.3256474922 1.6215183117 -5.6157332846
1784244797.3508028984 -1.0464305608 0.1369451167 1.4119684003 2.1122063238 -2.0613020396 -8.5326177962 1.6847889180 -5.6881446364
1784244797.3607175350 -1.0470879811 0.1293702381 1.4121052366 2.1041103140 -2.0121416583 -8.5028624972 1.7382052477 -5.7202047611
1784244797.3689379692 -1.0478184482 0.1201663534 1.4118771761 2.0943098812 -1.9836835023 -8.3894386493 1.7752828235 -5.7418291575
1784244797.3770234585 -1.0482932518 0.1125643247 1.4115122792 2.0861286504 -1.8100276469 -8.0720507106 1.7851983280 -5.6977520912
1784244797.3867943287 -1.0488045787 0.1033604400 1.4111929945 2.0762429964 -1.7017341303 -8.2372725411 1.7998530180 -5.7659835880
1784244797.3967106342 -1.0492063356 0.0956769610 1.4107824855 2.0678913232 -1.5374300726 -8.2133923362 1.7495422939 -5.7912763566
1784244797.4047455788 -1.0496080924 0.0863916260 1.4103263644 2.0577500058 -1.4289051313 -7.9384786092 1.6282813982 -5.7865341450
1784244797.4127962589 -1.0498637559 0.0786809969 1.4102351402 2.0494835538 -1.2586571460 -7.5286248952 1.5422208088 -5.7541557772
1784244797.4209816456 -1.0500828960 0.0707803171 1.4097334070 2.0409614383 -1.1120216480 -7.0109151342 1.3852255170 -5.6579109914
1784244797.4309098721 -1.0502655128 0.0611420307 1.4095965707 2.0303940151 -1.0426729032 -6.8894409121 1.1845701122 -5.7281211189
1784244797.4389691353 -1.0503385595 0.0528069492 1.4097334070 2.0217014573 -0.8667756229 -6.2285819165 1.0169072684 -5.6259421075
1784244797.4486591816 -1.0503385595 0.0430329124 1.4096421828 2.0111340341 -0.7973815498 -6.3418179819 0.8707363853 -5.6484333337
1784244797.4568221569 -1.0503020361 0.0349150317 1.4098702433 2.0025266974 -0.5034502841 -6.0794330996 0.6517043869 -5.7735207542
1784244797.4648468494 -1.0503020361 0.0265256501 1.4099158554 1.9936636973 -0.2583172151 -5.6102900537 0.5240990877 -5.7386909506
1784244797.4729428291 -1.0502655128 0.0181634185 1.4099158554 1.9847154761 -0.1584414822 -4.6325782693 0.4863936824 -5.5815369997
1784244797.4827048779 -1.0502289894 0.0100455379 1.4095965707 1.9759376971 0.0908704546 -4.4093780299 0.4461016838 -5.4988915401
1784244797.4907457829 -1.0501924661 0.0002715010 1.4093228980 1.9654554951 0.4737476766 -5.5540093210 0.4345022126 -5.7185149182
1784244797.4988255501 -1.0501194194 -0.0078463796 1.4086387164 1.9565072738 0.7839458345 -5.4172080029 0.4544807326 -5.7350850067
1784244797.5068805218 -1.0500463727 -0.0161543110 1.4081825954 1.9474738314 1.0597433903 -4.9363038517 0.4019263513 -5.7922166952
1784244797.5148892403 -1.0499733260 -0.0244622423 1.4077264743 1.9387812736 1.1644170952 -4.1247417891 0.4152024940 -5.6748053534
1784244797.5228397846 -1.0499368026 -0.0326072730 1.4070879048 1.9297478312 1.6002931989 -4.5381628135 0.3210712297 -5.8156558311
1784244797.5308508873 -1.0498637559 -0.0408337541 1.4064037232 1.9209700522 1.7908212591 -4.3136736250 0.1596632310 -5.8200842378
1784244797.5389344692 -1.0497541858 -0.0491959856 1.4062212747 1.9121070521 1.9713641529 -3.9431024309 0.0363866002 -5.7901379802
1784244797.5468809605 -1.0496080924 -0.0575582172 1.4056739294 1.9029883885 2.0610584833 -3.6415083793 -0.1415420943 -5.7904259464
1784244797.5548431873 -1.0493524290 -0.0658389984 1.4054458689 1.8941253884 2.1275066671 -3.5326632525 -0.3229498622 -5.8568859597
1784244797.5628845692 -1.0490237188 -0.0742555302 1.4055370931 1.8852623883 2.2499724228 -3.4573392160 -0.4030057127 -5.8757924949
1784244797.5708734989 -1.0486950086 -0.0824820112 1.4052178084 1.8763993882 2.4138445536 -3.3260682033 -0.4765507100 -5.8656060919
1784244797.5788795948 -1.0482932518 -0.0908170927 1.4045336268 1.8671955035 2.5790007311 -3.2175951517 -0.5022484560 -5.8511072033
1784244797.5869581699 -1.0478914949 -0.0990707238 1.4042599541 1.8581620611 2.6733645587 -3.2078320456 -0.4620038868 -5.8278411716
1784244797.5949409008 -1.0472705979 -0.1089805112 1.4033933241 1.8469980898 2.8158275762 -3.4068785122 -0.4468230275 -5.9721631625
1784244797.6029851437 -1.0467227476 -0.1172612924 1.4022530214 1.8378794262 3.0456874853 -3.3439043803 -0.4154657851 -6.0285127819
1784244797.6126837730 -1.0461748973 -0.1255963739 1.4012039429 1.8286755415 3.2340643169 -3.1577747473 -0.3160151733 -6.0540529434
1784244797.6206936836 -1.0455540004 -0.1340672059 1.3999268039 1.8191307721 3.4067855350 -3.0324138706 -0.2422096012 -5.9716365267
1784244797.6288387775 -1.0449331034 -0.1423208370 1.3985584407 1.8096712239 3.6187799894 -2.7366658850 -0.2494808367 -5.9480078337
1784244797.6370236874 -1.0442756830 -0.1508731193 1.3972356896 1.7998707911 3.7069702190 -2.0981744792 -0.3227940267 -5.7247052664
1784244797.6449346542 -1.0433625992 -0.1610544077 1.3958217142 1.7879398294 3.8581855238 -2.0415753688 -0.4746943958 -5.6890418906
1784244797.6546676159 -1.0426321322 -0.1695252396 1.3952743689 1.7782246178 4.0159043373 -1.9335951604 -0.7038953426 -5.6818346183
1784244797.6627006531 -1.0417555717 -0.1780775219 1.3944989631 1.7681685215 4.1092884900 -1.6330150454 -0.9963075188 -5.6276605065
1784244797.6707475185 -1.0408059646 -0.1866026541 1.3943165147 1.7584533098 4.1338079551 -1.2782127603 -1.2690863320 -5.6744255964
1784244797.6787447929 -1.0397833107 -0.1951820864 1.3936779452 1.7484824347 4.1625207858 -1.1102730162 -1.4144957379 -5.6521442390
1784244797.6869385242 -1.0386876102 -0.2036257683 1.3933586604 1.7385967808 4.1379489019 -0.8144929179 -1.5486381124 -5.6425953456
1784244797.6950266361 -1.0374092928 -0.2122052007 1.3928113151 1.7286259056 4.0858216463 -0.4973582546 -1.5447754880 -5.5912621642
1784244797.7046730518 -1.0357657420 -0.2224950895 1.3915797882 1.7166949440 4.1337988471 -0.3883285218 -1.5170759397 -5.6032921160
1784244797.7128922939 -1.0343778546 -0.2309659215 1.3907587703 1.7069797323 4.1960931701 -0.4117935466 -1.4797814735 -5.7753551213
1784244797.7209441662 -1.0328073505 -0.2395725039 1.3894360192 1.6970940783 4.2264317545 -0.0710204443 -1.3651527745 -5.7332649805
1784244797.7289571762 -1.0312368463 -0.2480433359 1.3878852075 1.6871232032 4.3025049920 0.3141582128 -1.3157239419 -5.6511735453
1784244797.7386772633 -1.0296298188 -0.2564327176 1.3867449048 1.6774932127 4.3806154720 0.6266024467 -1.2973749874 -5.5436253696
1784244797.7450337410 -1.0275479878 -0.2666140060 1.3850572568 1.6653065876 4.5527093930 0.6224404434 -1.4038279678 -5.5434470239
1784244797.7548003197 -1.0258679136 -0.2748947872 1.3840994026 1.6555061547 4.7030219031 0.5687900035 -1.5924902109 -5.5567863164
1784244797.7629306316 -1.0240417460 -0.2834199194 1.3833696089 1.6452796162 4.7073987970 0.9353232845 -1.8477955005 -5.5276700560
1784244797.7709832191 -1.0220694850 -0.2919993517 1.3827310394 1.6350530776 4.7273090630 1.3219767228 -2.0980255892 -5.4680024824
1784244797.7806720734 -1.0196589437 -0.3021263400 1.3820468577 1.6229516736 4.6497077339 1.4250086278 -2.2326369901 -5.4760755670
1784244797.7889404297 -1.0174675426 -0.3105700218 1.3810890035 1.6127251350 4.6789462551 1.7080955305 -2.4136329282 -5.5228763330
1784244797.7968952656 -1.0151665714 -0.3191766043 1.3804960461 1.6024133753 4.7089177661 2.1133449476 -2.4408242461 -5.4883815616
1784244797.8049807549 -1.0123542733 -0.3294936432 1.3789452344 1.5901415290 4.7176812031 2.3623623388 -2.3633873305 -5.5322042477
1784244797.8129751682 -1.0104185356 -0.3361997185 1.3780786044 1.5822159615 4.6331449290 2.8128578992 -2.2215151053 -5.4120895123
1784244797.8209767342 -1.0073140507 -0.3463267067 1.3762085080 1.5700293364 4.6188038123 2.9369031701 -2.0618084538 -5.3716654379
1784244797.8289408684 -1.0046843694 -0.3546889383 1.3742015753 1.5597175767 4.7852474068 2.8502454202 -1.9748393175 -5.4401397213
1784244797.8368484974 -1.0026025383 -0.3613135633 1.3730156605 1.5518772304 4.8488506765 3.1290669413 -1.9673426346 -5.3140730887
1784244797.8449325562 -0.9999363336 -0.3694314439 1.3715104609 1.5417359130 4.7361597374 3.3084614122 -1.9406015098 -5.2003293579
1784244797.8528816700 -0.9970875121 -0.3775764746 1.3697772008 1.5314241532 4.8351504311 3.4312254949 -2.0328708188 -5.1311823713
1784244797.8608832359 -0.9943117374 -0.3855586048 1.3685000618 1.5214532781 4.8703514395 3.6168763535 -2.2472732698 -5.0936265764
1784244797.8689420223 -0.9913533458 -0.3936221852 1.3676334318 1.5113971818 4.9061031943 3.7017387841 -2.5137833446 -5.0240130368
1784244797.8769757748 -0.9877375340 -0.4030975709 1.3667668017 1.4989548932 4.9782417142 3.6274808526 -2.8064797731 -5.1170798694
1784244797.8848500252 -0.9844869557 -0.4111611514 1.3659001717 1.4889840181 4.9776893286 3.8583430024 -3.0062504819 -5.2288773894
1784244797.8928887844 -0.9819668444 -0.4175957256 1.3655808869 1.4810584507 5.0105719324 4.3076914571 -3.1284151209 -5.2057871361
1784244797.9008462429 -0.9786797427 -0.4256593061 1.3647142569 1.4710875756 4.9089593244 4.8956677721 -3.1203141228 -5.1016343216
1784244797.9109437466 -0.9752830709 -0.4338586370 1.3635283421 1.4608610370 5.1343345871 5.2554955241 -3.1434308612 -5.1404293952
1784244797.9207546711 -0.9711194088 -0.4441213757 1.3623424273 1.4485039695 5.0875465733 5.6483802424 -3.0775994732 -5.0548260170
1784244797.9289536476 -0.9667366065 -0.4541669136 1.3607003914 1.4361469021 5.1713692786 6.0751308016 -2.9995783752 -5.0824353971
1784244797.9369521141 -0.9630842713 -0.4625291452 1.3592408040 1.4259203635 5.0860499306 6.4683083534 -2.9580050840 -4.9765609119
1784244797.9449915886 -0.9593223661 -0.4707284761 1.3577812165 1.4155233826 4.5944746996 7.5213591885 -2.9360960883 -4.7514495400
1784244797.9529364109 -0.9547934704 -0.4802310120 1.3560479565 1.4033367575 5.1462705772 6.2827135445 -2.9999405503 -4.8353410985
1784244797.9608688354 -0.9517620322 -0.4863397850 1.3550901022 1.3950703054 5.1616563197 6.4407859896 -3.0338734128 -4.7817437687
1784244797.9688146114 -0.9477444634 -0.4941590145 1.3536305148 1.3850142092 5.1672160841 6.5949762202 -3.1148563612 -4.7350201182
1784244797.9768571854 -0.9437634181 -0.5018967937 1.3526726605 1.3748728917 5.2438448885 6.6732676165 -3.1460655928 -4.6669654742
1784244797.9848001003 -0.9397093260 -0.5095259725 1.3514411336 1.3645611320 5.1526279499 7.0273435465 -3.2153180297 -4.6539439169
1784244797.9928839207 -0.9355091405 -0.5173180519 1.3501183825 1.3545902569 5.2788469566 7.3849963075 -3.3279871045 -4.6012297462
1784244798.0008463860 -0.9313454784 -0.5251101313 1.3491605282 1.3444489394 5.3961832180 7.6509907918 -3.3619378694 -4.5752755417
1784244798.0106518269 -0.9271818162 -0.5327393101 1.3480202255 1.3344780643 5.5363940416 8.2413383551 -3.4055755135 -4.5206940742
1784244798.0187110901 -0.9220320236 -0.5421875457 1.3465606381 1.3220357757 5.6249883985 8.2830721842 -3.4463016480 -4.5409197841
1784244798.0268576145 -0.9175761746 -0.5501968260 1.3453291112 1.3115535736 5.2710334263 9.1052961231 -3.4380440292 -4.3894311891
1784244798.0348517895 -0.9130472790 -0.5582604064 1.3440975843 1.3012418139 5.7877167093 9.2617997142 -3.5722632161 -4.4743974766
1784244798.0428493023 -0.9086644767 -0.5661067860 1.3431397300 1.2913561599 5.7090031124 9.3561347340 -3.5819620687 -4.3757495738
1784244798.0508470535 -0.9040625343 -0.5736816646 1.3419994273 1.2811296213 5.6532768524 9.4850116724 -3.6393485836 -4.2748962063
1784244798.0589387417 -0.8993510219 -0.5812565431 1.3407679004 1.2707326405 5.7172758951 9.7508966419 -3.7260741898 -4.1959560309
1784244798.0669901371 -0.8946760329 -0.5888857219 1.3397188220 1.2604208807 5.4022618676 10.5356602118 -3.7467263019 -4.0358953073
1784244798.0749013424 -0.8890879600 -0.5976823551 1.3384416830 1.2479785921 6.0821619284 9.5273996016 -3.8206443418 -4.0767365273
1784244798.0828912258 -0.8853625781 -0.6034381768 1.3377118892 1.2399678035 6.1082542559 9.8146322041 -3.8553407057 -3.9576540325
1784244798.0909881592 -0.8806145423 -0.6106601041 1.3367084229 1.2299117073 5.9255436674 9.9550492127 -3.7827737843 -3.8971406696
1784244798.0989899635 -0.8756108431 -0.6178277311 1.3353400597 1.2197703898 5.7589897672 10.2571502849 -3.7379691810 -3.8892575625
1784244798.1068849564 -0.8705340971 -0.6249410580 1.3342453691 1.2099699570 5.5959841918 10.5566160569 -3.7735101500 -3.9565818731
1784244798.1149368286 -0.8654573512 -0.6320815349 1.3332875148 1.2003399665 5.0847025443 11.4032371547 -3.7792042835 -3.8268175694
1784244798.1229815483 -0.8601979885 -0.6392220119 1.3320559879 1.1904543126 5.0166223245 11.7584661435 -3.7911063868 -3.8337825722
1784244798.1327815056 -0.8549751491 -0.6463624888 1.3312805821 1.1808243221 5.7946141735 11.6851755365 -4.0320043809 -3.9497262006
1784244798.1408917904 -0.8485470392 -0.6552405723 1.3303227278 1.1686376969 5.8684050011 11.7441738170 -4.0885238498 -3.9035151474
1784244798.1488909721 -0.8431415831 -0.6623810492 1.3293648736 1.1585816006 6.0272914689 12.1126694802 -4.1936141958 -3.8726681482
1784244798.1569247246 -0.8378456970 -0.6695758264 1.3288631404 1.1488663890 6.0741604865 12.4533878735 -4.3028246719 -3.7822867187
1784244798.1649591923 -0.8324402409 -0.6765805528 1.3283157951 1.1388102927 6.0703898100 12.7276520022 -4.3777726492 -3.7155358759
1784244798.1730024815 -0.8268521680 -0.6836667296 1.3274491651 1.1289246387 6.3527077176 12.9322846053 -4.4570663228 -3.6640526461
1784244798.1826782227 -0.8202414413 -0.6921918617 1.3267193713 1.1169084559 6.5115041336 12.9436317659 -4.4545095988 -3.6732523640
1784244798.1907522678 -0.8145803217 -0.6992508884 1.3258983534 1.1066819173 6.6049998461 13.0648551533 -4.4026041520 -3.5882364375
1784244798.1988883018 -0.8088096321 -0.7062827649 1.3249404991 1.0962849364 6.7000816194 13.1365177334 -4.3563623090 -3.5725980499
1784244798.2086977959 -0.8031119892 -0.7131245907 1.3240282570 1.0865697248 6.5432161573 13.4371550438 -4.1842685323 -3.4176002878
1784244798.2168037891 -0.7959168888 -0.7213510717 1.3226142817 1.0742126573 6.4833856387 13.5263254644 -4.1082113595 -3.4443797685
1784244798.2248959541 -0.7897809656 -0.7282471978 1.3213371426 1.0640713399 6.2354634958 14.0726001673 -3.9904066642 -3.3011188124
1784244798.2328200340 -0.7836450425 -0.7350075733 1.3199231673 1.0539300224 6.2513645429 14.3737341036 -3.9175798427 -3.1605910069
1784244798.2409787178 -0.7776917361 -0.7416050482 1.3188740888 1.0441295896 6.2206722700 14.6917943424 -3.8991755403 -3.0085194520
1784244798.2506935596 -0.7702774956 -0.7496143284 1.3174601135 1.0318577433 6.7039670286 14.6164999368 -4.0221127992 -3.0445320340
1784244798.2589066029 -0.7641780958 -0.7562118033 1.3167759319 1.0221425317 6.7867535948 14.7098308296 -4.1036368169 -3.0106533573
1784244798.2669448853 -0.7578595559 -0.7628092782 1.3158180776 1.0120012142 6.4181115007 15.2612941595 -4.1422808013 -2.9012540907
1784244798.2749133110 -0.7515410160 -0.7693253028 1.3149970597 1.0021155603 6.6503795517 15.6353583515 -4.2320205207 -2.8644531979
1784244798.2829523087 -0.7454781396 -0.7758141772 1.3144953265 0.9924855698 6.7947523277 15.9101950785 -4.3027519546 -2.8075188269
1784244798.2909498215 -0.7393422164 -0.7822216014 1.3138567570 0.9826851370 6.8100776472 16.1813680985 -4.4217751636 -2.7714112455
1784244798.3007090092 -0.7329871531 -0.7885475753 1.3134462480 0.9732255888 6.8109979566 16.3387772580 -4.4904597955 -2.7536360978
1784244798.3087673187 -0.7252442025 -0.7963396547 1.3128532906 0.9615502905 7.0143505080 16.3493972048 -4.5584558361 -2.8614893723
1784244798.3167724609 -0.7188160925 -0.8025841782 1.3125796180 0.9522611847 6.9473517043 16.5940709472 -4.5770575587 -2.8422937233
1784244798.3247606754 -0.7121688425 -0.8088287018 1.3119410485 0.9424607518 7.0605054583 16.7561329453 -4.6002941105 -2.8016287985
1784244798.3328185081 -0.7057042091 -0.8148831746 1.3115305395 0.9330012037 7.1564157540 16.9188059201 -4.5161319062 -2.7268067011
1784244798.3408184052 -0.6991665291 -0.8209647976 1.3107095216 0.9233712132 7.2703336390 17.1365446070 -4.4524199339 -2.6108646095
1784244798.3489818573 -0.6927018958 -0.8268835199 1.3101621763 0.9139116650 6.9876609520 17.3607117651 -4.3606624970 -2.4369629282
1784244798.3586621284 -0.6843745715 -0.8339968468 1.3091587099 0.9021511456 7.1655246177 17.1420676114 -4.2733202495 -2.4926658880
1784244798.3668403625 -0.6777638448 -0.8397255184 1.3085657525 0.8929472609 7.0526855145 17.3192434403 -4.2861517480 -2.5121634526
1784244798.3749511242 -0.6707878845 -0.8455084902 1.3079727951 0.8834024915 6.9872464902 17.4568441208 -4.2273823117 -2.4068336640
1784244798.3829519749 -0.6624240369 -0.8523503160 1.3069693288 0.8717271933 7.3871169496 17.4803047599 -4.2228511322 -2.4324099683
1784244798.3909547329 -0.6570551041 -0.8566943324 1.3065132077 0.8644833951 7.0433050395 18.1295538845 -4.1749257793 -2.3069338874
1784244798.3990042210 -0.6500426205 -0.8623415537 1.3056921898 0.8550238469 6.5389031171 18.4121109843 -4.1491562304 -2.1811641434
1784244798.4086582661 -0.6412770160 -0.8689118785 1.3049623960 0.8439450968 6.8290174731 18.2743920988 -4.1253428704 -2.1679281458
1784244798.4167718887 -0.6342280091 -0.8742061485 1.3043694386 0.8349968755 7.0830564008 18.4894576185 -4.1621633339 -2.2413656504
1784244798.4248986244 -0.6269963854 -0.8797176193 1.3038677055 0.8255373273 7.2132820000 18.8327620772 -4.1840079431 -2.0958754674
1784244798.4345746040 -0.6197647617 -0.8852019400 1.3033203602 0.8158221157 7.0882378748 19.0786675484 -4.1703609125 -1.9250194701
1784244798.4427895546 -0.6110722039 -0.8915550639 1.3026817907 0.8044877021 7.4998875063 19.0817794907 -4.1966639898 -1.9393781319
1784244798.4509005547 -0.6039866736 -0.8967407335 1.3023625059 0.7954542597 7.4634286576 19.4148056628 -4.2497196029 -1.8884621929
1784244798.4588942528 -0.5966454798 -0.9020621536 1.3020888333 0.7860799326 7.4265698086 19.7590189284 -4.2405291583 -1.7802475912
1784244798.4669554234 -0.5894503794 -0.9072206730 1.3016327122 0.7768760479 7.5391804006 19.9669241717 -4.2292161361 -1.7848621009
1784244798.4749653339 -0.5823648491 -0.9122434420 1.3014046517 0.7681834901 7.4055062357 20.2273847194 -4.1970874948 -1.7032967788
1784244798.4829576015 -0.5751697488 -0.9171847606 1.3010397548 0.7591500477 7.1368086414 20.4426939727 -4.1921499730 -1.6252642599
1784244798.4909574986 -0.5675728915 -0.9221260793 1.3005836337 0.7502870476 6.9834325616 20.5736538398 -4.1738413301 -1.6288903618
1784244798.4989941120 -0.5601951744 -0.9269859476 1.3003555732 0.7417649321 7.2005812461 20.6589952066 -4.1394267759 -1.5681061295
1784244798.5070133209 -0.5511739064 -0.9327146192 1.2998538400 0.7309418454 7.5199060258 20.5558894350 -4.1395952924 -1.6137770246
1784244798.5166902542 -0.5437231426 -0.9373301367 1.2995801674 0.7223345088 7.6199147109 20.7363658428 -4.0869842623 -1.5750557170
1784244798.5247719288 -0.5362358554 -0.9419728042 1.2993521068 0.7135567298 7.6111713739 20.6643443136 -4.0483241723 -1.6474291286
1784244798.5328972340 -0.5283833347 -0.9465068713 1.2989415979 0.7047789509 7.4877646237 20.8490628801 -4.0180019507 -1.6350852792
1784244798.5408928394 -0.5205308140 -0.9510137883 1.2986679252 0.6960863931 7.3521654872 21.0923997462 -3.9860822549 -1.5355499405
1784244798.5489928722 -0.5128974334 -0.9553306546 1.2983486405 0.6874790564 7.2199956511 21.3214835102 -3.9442513628 -1.4663392421
1784244798.5586781502 -0.5050449127 -0.9596475209 1.2980293557 0.6792126044 6.5099092345 21.5488014223 -3.8852607783 -1.2907554306
1784244798.5666966438 -0.4956218879 -0.9646431397 1.2977556831 0.6690712870 6.7452595047 21.4482835520 -3.8991817736 -1.2940085287
1784244798.5747334957 -0.4874406570 -0.9687971054 1.2974363983 0.6604639503 7.2150251354 21.4397066262 -3.8952197976 -1.3074317338
1784244798.5828466415 -0.4795150896 -0.9728424706 1.2972995620 0.6519418349 7.2910423647 21.5769948681 -3.8752092974 -1.2414173788
1784244798.5909328461 -0.4714799522 -0.9768606858 1.2971171136 0.6432492771 7.1251500744 21.9294725384 -3.8515036455 -1.1130056929
1784244798.5989933014 -0.4634448147 -0.9808789010 1.2969346651 0.6348123827 6.7210479035 22.1473111534 -3.8294237309 -0.9748777232
1784244798.6087749004 -0.4553366305 -0.9847070654 1.2967978288 0.6263754884 7.2210556528 22.1272501529 -3.7935479052 -0.9001490332
1784244798.6168205738 -0.4459501290 -0.9891868323 1.2966609925 0.6164898344 7.4565657815 22.2466007526 -3.7528653157 -0.9030478180
1784244798.6249003410 -0.4379149916 -0.9929878467 1.2964785440 0.6081381612 7.6679038846 22.4238564185 -3.7372347002 -0.9509473787
1784244798.6346971989 -0.4300989942 -0.9966531105 1.2964329319 0.6002125938 7.2998819587 22.5809650414 -3.6815820049 -0.9766725367
1784244798.6427588463 -0.4201281191 -1.0010514271 1.2962504835 0.5904121610 7.4521788457 22.6608568621 -3.6846071501 -1.1104034768
1784244798.6508390903 -0.4118373182 -1.0046080905 1.2962048714 0.5827422571 7.4291853011 22.8001205693 -3.6734763422 -1.1204479322
1784244798.6589601040 -0.4036926107 -1.0080290034 1.2962048714 0.5749871320 7.2757796649 22.9044066712 -3.6315074532 -1.0631014842
1784244798.6686697006 -0.3954018098 -1.0113956161 1.2961136472 0.5671467857 6.8990120904 23.0485765014 -3.5550159255 -0.9306546233
1784244798.6767165661 -0.3852848412 -1.0154138313 1.2959311988 0.5575167952 6.9548279347 23.2772129075 -3.5501047304 -0.8794183910
1784244798.6847116947 -0.3769940403 -1.0187532939 1.2960680351 0.5497616701 7.2066590519 23.3161196423 -3.5332919839 -0.8286613608
1784244798.6909599304 -0.3685571460 -1.0218484056 1.2959768109 0.5417508816 7.2003757478 23.3489072266 -3.4872051132 -0.7767554632
1784244798.6989879608 -0.3620559893 -1.0242376146 1.2958855866 0.5357001796 6.8460060715 23.6271020547 -3.4154765452 -0.6409879957
1784244798.7069582939 -0.3538382351 -1.0272512759 1.2958399745 0.5282007180 6.6371743130 23.8858355606 -3.3522267426 -0.6166162637
1784244798.7149794102 -0.3453648174 -1.0302377872 1.2957487503 0.5209569198 6.1178763712 23.9254840619 -3.2935413250 -0.6215783288
1784244798.7229962349 -0.3365626895 -1.0330885480 1.2956119140 0.5135426793 5.9946051131 24.0349268143 -3.2489681736 -0.6586331080
1784244798.7309229374 -0.3262265809 -1.0365366110 1.2955663019 0.5049353427 6.4930196475 23.9830549474 -3.2004622200 -0.7788709773
1784244798.7389044762 -0.3196523775 -1.0386814691 1.2955206898 0.4994811888 6.5804829865 24.3127093856 -3.1599133960 -0.7351744310
1784244798.7468481064 -0.3112520065 -1.0414779296 1.2953838535 0.4922373906 6.6191149209 24.1730355142 -3.1490071576 -0.7333219693
1784244798.7548933029 -0.3026324954 -1.0439485889 1.2954294656 0.4852492559 6.7743517334 24.2364543285 -3.1611198014 -0.6661467039
1784244798.7628519535 -0.2942686478 -1.0465006986 1.2956119140 0.4781759000 7.2367519972 24.2209971853 -3.1753302659 -0.5483074774
1784244798.7708942890 -0.2861239403 -1.0488627575 1.2957487503 0.4710173230 7.2615075326 24.2910482937 -3.1479869675 -0.5134255266
1784244798.7789025307 -0.2776505226 -1.0512248164 1.2957943624 0.4639439672 7.0212605830 24.4665930510 -3.1120483558 -0.4630889132
1784244798.7868916988 -0.2691040582 -1.0535868753 1.2959311988 0.4570410536 6.9067801156 24.6155281570 -3.0616241204 -0.4144621889
1784244798.7948999405 -0.2607036872 -1.0558403338 1.2959768109 0.4501381401 6.8185363277 24.7542466512 -3.0195159319 -0.4755388499
1784244798.8029041290 -0.2520476528 -1.0580666422 1.2959768109 0.4436613323 5.9044576404 24.9914870460 -3.0022842938 -0.3796596171
1784244798.8109524250 -0.2435377118 -1.0601300500 1.2960680351 0.4372697457 6.5049013953 24.7924177547 -2.8977247213 -0.5195142233
1784244798.8189568520 -0.2349182007 -1.0621663077 1.2960224230 0.4306224956 6.3272415822 24.9000202797 -2.8330505992 -0.5612524397
1784244798.8286833763 -0.2260430261 -1.0641482652 1.2959768109 0.4243161302 6.9120620085 24.8059505066 -2.7781646195 -0.5487905288
1784244798.8368604183 -0.2156703941 -1.0663745736 1.2960680351 0.4163905628 6.8532171880 24.9269778964 -2.7119971329 -0.4752336737
1784244798.8448550701 -0.2065760794 -1.0682750807 1.2959768109 0.4094876492 6.5260006416 25.0854303013 -2.6641365685 -0.3703154545
1784244798.8528540134 -0.1977739516 -1.0700126873 1.2959768109 0.4030108414 5.5006141801 25.2796393816 -2.6543650787 -0.2630522165
1784244798.8609058857 -0.1889353004 -1.0716145433 1.2960224230 0.3968749183 6.0884605013 25.1823368324 -2.5790557779 -0.2899761633
1784244798.8689508438 -0.1800236025 -1.0732435495 1.2960224230 0.3903128894 6.0553827446 25.2214774482 -2.5383929282 -0.2087545238
1784244798.8769507408 -0.1712945213 -1.0747368051 1.2960680351 0.3840065239 6.3825263712 25.2208977728 -2.4953839520 -0.1610278120
1784244798.8866803646 -0.1626384869 -1.0761486104 1.2960680351 0.3777853796 6.3782282018 25.3067036687 -2.4413131225 -0.0715739863
1784244798.8948187828 -0.1518640980 -1.0778590669 1.2961136472 0.3698598122 6.7650146089 25.2896967091 -2.3881166180 -0.0892137657
1784244798.9029498100 -0.1430254468 -1.0791351217 1.2960680351 0.3637238890 6.6663919828 25.2913401493 -2.3165275860 -0.0513940771
1784244798.9107367992 -0.1341502722 -1.0802754260 1.2959768109 0.3575027447 6.2787195881 25.4344430908 -2.3065934321 0.0050479708
1784244798.9169952869 -0.1257133779 -1.0814157303 1.2961592593 0.3517077062 6.1927854294 25.4725951697 -2.3038525935 -0.0441226645
1784244798.9249541759 -0.1169477734 -1.0824474342 1.2962504835 0.3462535523 6.3609705086 25.4642422657 -2.2958872009 -0.1850253265
1784244798.9329693317 -0.1097161497 -1.0831804870 1.2962960956 0.3417368311 6.1143343570 25.5762417567 -2.2486918942 -0.1586189637
1784244798.9408779144 -0.1009140218 -1.0841035904 1.2962960956 0.3360270137 5.8933170427 25.5624686796 -2.1753859970 -0.1646353066
1784244798.9488658905 -0.0920753706 -1.0849180935 1.2962960956 0.3306580809 4.9775259512 25.6696470904 -2.1502446615 -0.0678717524
1784244798.9569947720 -0.0829810560 -1.0856511463 1.2962504835 0.3249482636 4.7685044284 25.6601341495 -2.0810950152 0.0231937873
1784244798.9649684429 -0.0722066671 -1.0863841991 1.2962048714 0.3178749077 5.2057475576 25.4856588165 -2.0067752519 0.1111847003
1784244798.9746880531 -0.0653037535 -1.0868186007 1.2962048714 0.3131877442 5.7255233586 25.4931490179 -1.9608305842 0.2736145870
1784244798.9826884270 -0.0544197946 -1.0874159029 1.2962960956 0.3061996095 5.8446313071 25.4926224291 -1.9365218871 0.2858361032
1784244798.9907310009 -0.0453985267 -1.0878503046 1.2962960956 0.3005750133 5.1156140767 25.5393380934 -1.9338255459 0.3326236077
1784244798.9987652302 -0.0360850719 -1.0881489557 1.2963417077 0.2952060805 5.8214211922 25.4718608478 -1.8656650069 0.2174430395
1784244799.0067334175 -0.0271003273 -1.0883933066 1.2963873198 0.2899223689 5.6861581874 25.5230991912 -1.8281784324 0.1302270827
1784244799.0147616863 -0.0179329659 -1.0886105075 1.2963873198 0.2848943208 5.7349132338 25.5224472510 -1.7792209712 0.0512586736
1784244799.0229144096 -0.0089116979 -1.0886919578 1.2963417077 0.2799514938 5.4737154145 25.5773211960 -1.7445750696 0.0365532165
1784244799.0309076309 0.0003652335 -1.0887734081 1.2963873198 0.2749234457 5.6207029221 25.6301328113 -1.7019984802 0.0771815483
1784244799.0389013290 0.0090943147 -1.0887734081 1.2963873198 0.2699806187 5.9325262765 25.6708832371 -1.6547122196 0.1427290907
1784244799.0468525887 0.0177868725 -1.0887191079 1.2963873198 0.2649525705 5.5355151559 25.7464023421 -1.6107415847 0.2337583100
1784244799.0548515320 0.0269542338 -1.0886376576 1.2963417077 0.2599245224 5.3464641187 25.7809074346 -1.5821878943 0.3142078655
1784244799.0629484653 0.0358659318 -1.0885019070 1.2963873198 0.2550669166 5.1030518937 25.8993078452 -1.5536133065 0.3108723590
1784244799.0709087849 0.0449967698 -1.0883390064 1.2963873198 0.2503797530 5.1705751494 26.0822376772 -1.5241835906 0.2799960054
1784244799.0789020061 0.0539084677 -1.0882032559 1.2964329319 0.2458630318 4.9559801241 26.1514750517 -1.5067731797 0.2709973326
1784244799.0868659019 0.0628932123 -1.0879860551 1.2965241562 0.2413463106 4.9356291809 26.2726631570 -1.4748366183 0.2481405486
1784244799.0948994160 0.0719510036 -1.0877688543 1.2965241562 0.2370000317 4.8181767823 26.4848082517 -1.4821912598 0.1847667363
1784244799.1029028893 0.0811183650 -1.0876059537 1.2967066046 0.2329094163 4.8776233024 26.6568619784 -1.4708429506 0.1706566469
1784244799.1109914780 0.0899935396 -1.0873887528 1.2967978288 0.2286483585 4.5064206583 26.7705194735 -1.4637702544 0.2045227133
1784244799.1190078259 0.0993069943 -1.0871715520 1.2969802772 0.2243873008 4.2399992349 26.9719922973 -1.4315803244 0.2580094027
1784244799.1287715435 0.1084378324 -1.0869815013 1.2970258893 0.2202966854 4.2068783175 27.0801431125 -1.3831785533 0.3055408170
1784244799.1369190216 0.1194678847 -1.0866557001 1.2971171136 0.2151834161 4.8196483313 27.1873518347 -1.3382090838 0.3623449151
1784244799.1466977596 0.1284526293 -1.0863841991 1.2971171136 0.2108371372 5.0925415442 27.3549033029 -1.2824381143 0.4748391808
1784244799.1549541950 0.1390809248 -1.0860583978 1.2971171136 0.2057238679 4.9916430191 27.4724646253 -1.2363713786 0.4940989762
1784244799.1629993916 0.1483578562 -1.0857054465 1.2971627257 0.2015480313 4.9524450197 27.6346343090 -1.2063508546 0.4897309223
1784244799.1710062027 0.1587670115 -1.0853524952 1.2972083378 0.1970313101 5.2299139218 27.7943163504 -1.1912761703 0.4047565001
1784244799.1789951324 0.1676787095 -1.0849995438 1.2973451741 0.1933668004 5.1165194548 27.8944147058 -1.2049651671 0.3349840234
1784244799.1869504452 0.1745816230 -1.0846737426 1.2974363983 0.1906397235 3.9425927768 27.8936268579 -1.2086428376 0.4029989142
1784244799.1949079037 0.1834567976 -1.0842393410 1.2976188467 0.1872308773 4.6857043111 28.0805984874 -1.1997940971 0.2584223353
1784244799.2028744221 0.1919302152 -1.0838592395 1.2977100710 0.1840776945 3.8559959367 28.0657241070 -1.1841307488 0.3083708802
1784244799.2109680176 0.2007688665 -1.0833705377 1.2976188467 0.1806688484 4.2321267294 28.1021898401 -1.0737270199 0.4171742047
1784244799.2190065384 0.2096805644 -1.0828275356 1.2976188467 0.1770043387 4.2536143506 28.1634108784 -1.0633904845 0.5091729561
1784244799.2270054817 0.2181905054 -1.0823116837 1.2977556831 0.1735954925 4.3891300690 28.1990519624 -1.0980867779 0.5858379358
1784244799.2367057800 0.2284535673 -1.0815514808 1.2980293557 0.1694196559 4.1676351423 28.1602630588 -1.1199989154 0.6321916152
1784244799.2448637486 0.2372556952 -1.0808727283 1.2983486405 0.1659255886 4.8294526077 28.3180483612 -1.1975671196 0.6114807248
1784244799.2529566288 0.2460943464 -1.0802211258 1.2987135373 0.1627724058 4.5697559601 28.4211401791 -1.2216763037 0.5194667542
1784244799.2609579563 0.2548234275 -1.0795695233 1.2989872100 0.1599601077 3.8930329550 28.4834829138 -1.1783302348 0.4308719701
1784244799.2689158916 0.2636986021 -1.0788636207 1.2990784342 0.1573182519 3.9787706637 28.5333073803 -1.0538931482 0.3805132451
1784244799.2769105434 0.2721354964 -1.0781305679 1.2988503736 0.1545911750 4.3279664084 28.5403627577 -0.9178749996 0.3977825850
1784244799.2849943638 0.2804993441 -1.0773432149 1.2986223131 0.1518640980 4.2027793424 28.5872011353 -0.8294249881 0.4886346793
1784244799.2947709560 0.2890823318 -1.0765287119 1.2985310889 0.1488813576 4.5606252616 28.5804063868 -0.8268873320 0.6069317783
1784244799.3027381897 0.2989801602 -1.0754427078 1.2986223131 0.1453020691 5.0972986410 28.6218769751 -0.9120560330 0.6288703705
1784244799.3107700348 0.3072709612 -1.0745196043 1.2989872100 0.1425749921 4.2487078021 28.5640359773 -0.9528913458 0.6891447929
1784244799.3188250065 0.3154521920 -1.0735693507 1.2995801674 0.1396774729 4.1382490351 28.5765286441 -1.1028072386 0.7501883321
1784244799.3268709183 0.3239256097 -1.0725647969 1.2999906763 0.1372912805 4.4589053787 28.6274464925 -1.1664774248 0.6100034203
1784244799.3348648548 0.3320703172 -1.0715330930 1.3001731248 0.1350755305 4.1656099474 28.7074881330 -1.0951622259 0.5471295492
1784244799.3429009914 0.3405072116 -1.0705285392 1.3002187369 0.1328597805 4.2463683027 28.7125243068 -1.0076627236 0.5210782732
1784244799.3509101868 0.3486519191 -1.0694153850 1.3002643490 0.1307292516 4.0010467275 28.6859525414 -0.9623602726 0.5191524363
1784244799.3589043617 0.3569792434 -1.0683022308 1.3004011853 0.1285987227 3.9368301326 28.7996654658 -0.9426369463 0.5471703843
1784244799.3669998646 0.3650874275 -1.0672433768 1.3005380216 0.1263829727 3.8653227881 28.7705156490 -0.9308559144 0.6411512387
1784244799.3749139309 0.3749122092 -1.0657229711 1.3006292458 0.1237411169 4.1374778700 28.6874640002 -0.9185359667 0.6698258744
1784244799.3829028606 0.3814498893 -1.0647184173 1.3007660822 0.1219514726 4.0528856326 28.6957060590 -0.8956345552 0.7805025781
1784244799.3908603191 0.3894119800 -1.0634695126 1.3008573064 0.1197357226 3.8755998611 28.7181476350 -0.8678799266 0.8571026759
1784244799.3990147114 0.3974105941 -1.0621663077 1.3008573064 0.1176051937 3.4780323052 28.6612940293 -0.8425611715 0.9037303858
1784244799.4069697857 0.4073449459 -1.0604830013 1.3009485306 0.1151337802 3.7467195880 28.6596599396 -0.8233648791 0.9179846470
1784244799.4148719311 0.4136269624 -1.0593969972 1.3009485306 0.1135145783 3.5962919774 28.6921688766 -0.8368616985 0.9714634071
1784244799.4227576256 0.4215160065 -1.0580123420 1.3010853669 0.1115544917 2.7681757720 28.5131268202 -0.8445433243 1.0024757855
1784244799.4309027195 0.4291859104 -1.0565190864 1.3014046517 0.1098500686 2.9968021497 28.4365562146 -0.8979382374 0.9814746702
1784244799.4389495850 0.4372210479 -1.0549986806 1.3016783243 0.1079752032 3.5848205856 28.5194783813 -0.9547875191 1.0026320138
1784244799.4469034672 0.4450005219 -1.0534511248 1.3018151606 0.1061003378 3.4339604584 28.4554122143 -0.9669895340 0.9975011177
1784244799.4567263126 0.4526704258 -1.0518764189 1.3020888333 0.1045663570 3.9750313407 28.3955679358 -0.9061634789 1.0202515753
1784244799.4646871090 0.4616186471 -1.0498401612 1.3020432212 0.1025210493 3.8846876263 28.3638925773 -0.8638515546 1.0738307244
1784244799.4710023403 0.4690328876 -1.0482383051 1.3019063848 0.1008166262 4.0211717139 28.4965306310 -0.8066663762 1.1033974898
1784244799.4789593220 0.4767393149 -1.0465549988 1.3019063848 0.0991974243 3.8892054292 28.4495081603 -0.7951851206 1.0800950826
1784244799.4887044430 0.4826195746 -1.0451431934 1.3019063848 0.0981747704 2.8794263079 28.2117646135 -0.8119716227 1.1054461088
1784244799.4968693256 0.4918234593 -1.0429983354 1.3021344454 0.0966407896 3.6973532533 28.4006642167 -0.8691399142 1.0264289111
1784244799.5049214363 0.4993107465 -1.0412335787 1.3021800575 0.0953624723 3.4746421538 28.2557763023 -0.8364176717 1.0020104598
1784244799.5129094124 0.5066519402 -1.0393602216 1.3020432212 0.0942545973 3.0875902937 28.0965360108 -0.8043438084 1.0264971014
1784244799.5209093094 0.5142122741 -1.0374325644 1.3019976091 0.0930615011 3.1944216645 28.0476325638 -0.7419251702 1.0441174605
1784244799.5289516449 0.5213708511 -1.0355320572 1.3018151606 0.0919536261 3.0186237241 28.1203892189 -0.7417156122 1.1043082390
1784244799.5369255543 0.5287120449 -1.0337130003 1.3017695485 0.0907605299 2.9600284124 27.8925255739 -0.8002407507 1.1955338160
1784244799.5448663235 0.5358340985 -1.0316224424 1.3019063848 0.0894822126 3.2200809591 27.8589441312 -0.8214429537 1.2906541561
1784244799.5529046059 0.5427735354 -1.0296133348 1.3018151606 0.0882891165 3.3344421243 27.9803173367 -0.8073953289 1.3415547101
1784244799.5609169006 0.5497860190 -1.0276856776 1.3016783243 0.0871812414 2.6919945070 27.8033002554 -0.7817113272 1.3840241578
1784244799.5689070225 0.5568715494 -1.0255136694 1.3014046517 0.0860733664 2.8446392174 27.5847591024 -0.6819067777 1.3907508616
1784244799.5769119263 0.5640666497 -1.0233416612 1.3010397548 0.0852211549 3.0959334730 27.8123624293 -0.6179815010 1.3127463654
1784244799.5849769115 0.5708599932 -1.0213597037 1.3006292458 0.0846246068 2.9425868293 27.6549279508 -0.6337565752 1.2406514601
1784244799.5929081440 0.5792603642 -1.0185903933 1.3004467974 0.0839428376 3.1711952255 27.5409512894 -0.6780706443 1.1616989644
1784244799.6009922028 0.5845927736 -1.0168799368 1.3003099611 0.0836019529 2.9442390525 27.5882139450 -0.7412256151 1.1180982300
1784244799.6107285023 0.5927374811 -1.0142735270 1.3002187369 0.0831758472 3.3794218401 27.4773007240 -0.7953430062 1.0404042679
1784244799.6188347340 0.5994943012 -1.0119114681 1.3000819005 0.0828349625 3.1909667846 27.3367252316 -0.8431434888 1.0719466638
1784244799.6269218922 0.6062145980 -1.0095765592 1.2999906763 0.0824088568 3.3527087027 27.3231802947 -0.8717848940 1.1320569944
1784244799.6349627972 0.6126061846 -1.0072416504 1.2998082279 0.0819827510 3.1705405637 27.2010860379 -0.8721853778 1.1369662277
1784244799.6446969509 0.6190708180 -1.0048524414 1.2996257795 0.0818975298 3.1212043677 27.0586179127 -0.7851299376 1.1927028744
1784244799.6527781487 0.6267407219 -1.0019202304 1.2989872100 0.0813862029 2.9870751031 26.9935805819 -0.7115103671 1.2580264016
1784244799.6608574390 0.6333149253 -0.9994495710 1.2984854768 0.0810453183 3.0551129007 26.9675256765 -0.7074611321 1.3023734680
1784244799.6689186096 0.6396699885 -0.9969789117 1.2981661920 0.0807896548 2.9249688482 26.7978101053 -0.7833133491 1.3227775399
1784244799.6787047386 0.6458424351 -0.9944811023 1.2979837436 0.0806192125 2.4061548181 26.5590893344 -0.8630665302 1.3623827856
1784244799.6869676113 0.6534392923 -0.9913859906 1.2978012952 0.0804487702 2.9727116698 26.7414254081 -0.9464326833 1.3485421680
1784244799.6949748993 0.6596847855 -0.9888881812 1.2976188467 0.0804487702 2.4465517145 26.5195387898 -0.9570728828 1.3383686484
1784244799.7029273510 0.6659302787 -0.9862546213 1.2972995620 0.0805339914 2.3802438328 26.3781513153 -0.9703004303 1.3507359337
1784244799.7110102177 0.6718105384 -0.9837025116 1.2970258893 0.0805339914 2.4641857304 26.3859592409 -0.9537906157 1.4216426904
1784244799.7207305431 0.6790056388 -0.9806073999 1.2965697683 0.0804487702 2.8600432077 26.3374160700 -0.9798043478 1.4897373847
1784244799.7289490700 0.6846667583 -0.9779466899 1.2962048714 0.0804487702 2.9695913663 26.2057711399 -1.0218178508 1.5503286717
1784244799.7369198799 0.6905470180 -0.9752316797 1.2959311988 0.0804487702 2.4604199619 26.1472520087 -1.1015904544 1.5734642395
1784244799.7449591160 0.6963542310 -0.9726524199 1.2958855866 0.0805339914 2.4350717389 26.0420322262 -1.1713783349 1.5812702068
1784244799.7529296875 0.7019788272 -0.9699645598 1.2956575261 0.0807044337 2.1783398205 25.8741616893 -1.2472793671 1.6436999715
1784244799.7609219551 0.7076399468 -0.9672495495 1.2955663019 0.0807044337 2.4077788167 25.8520945427 -1.2833544941 1.7318468406
1784244799.7689237595 0.7128993095 -0.9646431397 1.2952926293 0.0806192125 2.7201306475 25.8349527414 -1.2935219258 1.7972049436
1784244799.7770061493 0.7180491021 -0.9619824297 1.2950189566 0.0807044337 2.6285945501 25.5317806190 -1.2735089053 1.8732941406
1784244799.7849621773 0.7244041654 -0.9586158170 1.2946540597 0.0807044337 2.7655645648 25.5942485916 -1.2908782218 1.9224956789
1784244799.7930083275 0.7283852108 -0.9565252591 1.2943347750 0.0807896548 2.4581815452 25.4222890254 -1.3068040004 1.9448032400
1784244799.8009512424 0.7343385172 -0.9532672468 1.2938786539 0.0810453183 2.4329475891 25.3101154341 -1.2955923999 1.9445744503
1784244799.8090698719 0.7383195626 -0.9511495388 1.2936049813 0.0813009818 2.6643497086 25.2943056825 -1.2581852829 2.0050540517
1784244799.8188464642 0.7440537288 -0.9477829261 1.2927839633 0.0813862029 3.1493521599 25.3535129787 -1.2352960085 2.0724390968
1784244799.8268811703 0.7487287179 -0.9450407657 1.2922822302 0.0815566452 3.0462487157 25.1887666012 -1.2744750117 2.1463435340
1784244799.8349704742 0.7534037070 -0.9422443052 1.2918717212 0.0816418664 3.0498013893 25.0318431984 -1.2942267004 2.2083191994
1784244799.8447320461 0.7586995930 -0.9389319927 1.2912331517 0.0818123087 2.9979906520 24.8949025371 -1.2881559619 2.2310393026
1784244799.8528106213 0.7631554420 -0.9361626822 1.2906858064 0.0820679722 2.8958828065 24.8234951129 -1.3037483466 2.2539511760
1784244799.8609158993 0.7675747676 -0.9333390716 1.2900472369 0.0823236356 3.1503656075 24.8977790991 -1.2861210162 2.2698846852
1784244799.8689224720 0.7718114764 -0.9305697611 1.2892262190 0.0827497414 2.9243400477 24.8204761712 -1.2438901448 2.2825043132
1784244799.8769824505 0.7760847086 -0.9278547509 1.2883139768 0.0830906260 2.5944181847 24.5598127024 -1.2103810946 2.2771897555
1784244799.8849203587 0.7811979779 -0.9244881382 1.2872192862 0.0836019529 2.6421238487 24.5005743685 -1.1503621411 2.2999206049
1784244799.8928625584 0.7845216029 -0.9222618298 1.2863982683 0.0839428376 2.5695985196 24.5258466915 -1.0925431336 2.3306874633
1784244799.9008657932 0.7884296016 -0.9196011198 1.2852123535 0.0843689433 2.6110801115 24.4480139025 -1.0261577568 2.3516660186
1784244799.9109313488 0.7922645536 -0.9168861095 1.2839352145 0.0848802703 2.3581082557 24.1317296006 -0.9989257911 2.3565832408
1784244799.9188749790 0.7970491127 -0.9134108964 1.2824756270 0.0855620395 2.6455291117 24.2524121632 -1.0469978441 2.3977398359
1784244799.9268763065 0.8007379713 -0.9107501864 1.2813809365 0.0859029241 2.6214552128 24.1729494078 -1.0879622150 2.4491639852
1784244799.9349217415 0.8043172598 -0.9080894763 1.2803774701 0.0864994722 2.5832134300 23.9601795998 -1.1321990208 2.4550644372
1784244799.9429733753 0.8078965483 -0.9052930158 1.2792371674 0.0870960203 2.3421031130 23.9210379321 -1.1550235485 2.4770147044
1784244799.9527359009 0.8114758368 -0.9026866059 1.2781424768 0.0876925684 1.8160940029 23.5920160796 -1.1326373514 2.4921563325
1784244799.9608047009 0.8154934055 -0.8995100440 1.2765460531 0.0883743376 2.7137213060 23.9375311715 -1.2051922859 2.5475641087
1784244799.9687809944 0.8187074605 -0.8968221838 1.2754969746 0.0889708857 2.7111560012 23.7979547714 -1.2263116922 2.6007930714
1784244799.9767096043 0.8218484688 -0.8941614738 1.2741286114 0.0894822126 2.6653321988 23.8072651772 -1.2732716330 2.6709581554
1784244799.9848804474 0.8249164304 -0.8915822140 1.2728970845 0.0900787607 2.3946888413 23.5848001491 -1.2586971248 2.6707038680
1784244799.9929289818 0.8278748219 -0.8889758042 1.2714374970 0.0909309723 2.7439335380 23.6988103529 -1.2777950830 2.5804570458
1784244800.0009555817 0.8307601667 -0.8864236946 1.2700691338 0.0918684050 2.5434659301 23.5890805038 -1.2433265359 2.5667263657
1784244800.0088732243 0.8336089882 -0.8838715849 1.2684270979 0.0926353954 2.4810654271 23.4914981740 -1.2117967987 2.5190716551
1784244800.0169231892 0.8362751929 -0.8814009256 1.2668306742 0.0936580492 2.4988636949 23.4334594960 -1.2609020773 2.4399111457
1784244800.0249280930 0.8389413976 -0.8789031162 1.2654623109 0.0949363665 2.3976681067 23.3788263434 -1.3142303343 2.4555691717
1784244800.0329704285 0.8415345556 -0.8764596070 1.2640027235 0.0957885781 2.4532502262 23.2326106489 -1.3545743404 2.4838903438
1784244800.0409157276 0.8444929471 -0.8733916454 1.2621326271 0.0969816743 2.6153832332 23.1981338814 -1.4211879196 2.5462635617
1784244800.0488719940 0.8463191147 -0.8714368380 1.2610379365 0.0976634435 2.5296254550 23.1671365350 -1.4863348567 2.6191475815
1784244800.0568423271 0.8485835625 -0.8691019292 1.2595783491 0.0985156550 2.5842304710 23.0400194378 -1.5169115381 2.7059877782
1784244800.0649216175 0.8507019169 -0.8666041198 1.2579363132 0.0993678666 2.5223843588 22.8632763657 -1.5211574677 2.7213494130
1784244800.0729098320 0.8528202714 -0.8641606106 1.2562942773 0.1003905205 2.5170585753 22.8093662321 -1.5272904960 2.6791822429
1784244800.0809738636 0.8547925324 -0.8617985517 1.2546066293 0.1015836166 2.5050812686 22.7848255085 -1.5581866526 2.6257048869
1784244800.0907201767 0.8566552233 -0.8594364928 1.2529189814 0.1027767128 2.4994843388 22.7998840051 -1.5921710860 2.5498047355
1784244800.0969755650 0.8589561945 -0.8566400322 1.2508664365 0.1043959147 2.4281390949 22.6881952869 -1.5991644779 2.5276059706
1784244800.1067245007 0.8603440819 -0.8547666751 1.2493612370 0.1054185686 2.3826941587 22.5751023371 -1.6071467488 2.4829691314
1784244800.1147398949 0.8623528663 -0.8520245148 1.2471262437 0.1071229917 2.5283749306 22.5838147373 -1.6204505223 2.4737862163
1784244800.1227533817 0.8638503237 -0.8497710563 1.2451649231 0.1085717513 2.3708990724 22.3404851736 -1.5893979498 2.4651487812
1784244800.1307709217 0.8652382111 -0.8474904477 1.2430667661 0.1099352898 2.3837212606 22.2087862703 -1.5627916093 2.4948722555
1784244800.1387422085 0.8665165284 -0.8452912894 1.2407405487 0.1112136071 2.6051078484 22.3935781721 -1.5038555191 2.5838388746
1784244800.1468374729 0.8676852757 -0.8431735814 1.2384599433 0.1125771456 2.5035492514 22.1722439941 -1.4506531382 2.5775871915
1784244800.1549320221 0.8688174996 -0.8409472730 1.2359056653 0.1139406841 2.4178294168 21.9358942822 -1.3753867153 2.5882305598
1784244800.1630048752 0.8698766768 -0.8388295650 1.2333513872 0.1153894437 2.3181425630 21.8073319712 -1.2967973268 2.5736827625
1784244800.1709744930 0.8709358540 -0.8363317556 1.2301585397 0.1171790880 2.4539955998 21.8690257637 -1.2525239194 2.5629261708
1784244800.1808500290 0.8716297977 -0.8347841997 1.2281972191 0.1183721841 2.2868450733 21.7373811203 -1.2588855804 2.5399021601
1784244800.1889991760 0.8726159282 -0.8322863903 1.2250955958 0.1204174918 2.2618643111 21.6208659676 -1.3011583070 2.4878129176
1784244800.1968891621 0.8733098719 -0.8303044328 1.2224957057 0.1221219149 2.2981557606 21.8777058312 -1.4046058687 2.4562835805
1784244800.2048816681 0.8738942455 -0.8284582259 1.2199414276 0.1238263380 2.2237560016 21.6598915060 -1.4088685549 2.4493821634
1784244800.2129273415 0.8744420958 -0.8264491183 1.2171134770 0.1255307611 2.1838237789 21.6744624383 -1.4199162166 2.4117824677
1784244800.2210006714 0.8748803760 -0.8246843616 1.2143311384 0.1273204054 2.1580732196 21.7103938423 -1.4322526207 2.4284979633
1784244800.2307345867 0.8752456095 -0.8229467551 1.2115031877 0.1290248285 2.2140990737 21.6634304242 -1.4330034920 2.4225547419
1784244800.2387764454 0.8755377964 -0.8207747469 1.2078542191 0.1312405785 2.1955632108 21.5347412630 -1.4152880164 2.4800236259
1784244800.2468669415 0.8757204131 -0.8189828401 1.2047525958 0.1328597805 2.0830227076 21.5275114805 -1.4814477311 2.4991471402
1784244800.2550070286 0.8758299832 -0.8172995338 1.2019246452 0.1347346459 1.9661259276 21.4128376244 -1.5773413066 2.5012147446
1784244800.2647407055 0.8759030299 -0.8156162274 1.1991879187 0.1365242901 1.8148465499 21.2545627276 -1.6740926152 2.4464953585
1784244800.2728676796 0.8759395532 -0.8135799697 1.1956757864 0.1389104825 1.6593866882 21.1836839987 -1.7487977632 2.4416464441
1784244800.2810153961 0.8759395532 -0.8119238135 1.1928022237 0.1407853479 1.5585698870 20.9526957253 -1.7303642532 2.4031854447
1784244800.2889606953 0.8759395532 -0.8100233063 1.1895181519 0.1433419825 1.2045449356 21.0089804353 -1.9499833089 2.3055749560
1784244800.2970154285 0.8759030299 -0.8087472515 1.1872831587 0.1450464056 0.8567235438 20.7663099277 -2.0121219994 2.2253906859
1784244800.3066978455 0.8758665065 -0.8068738944 1.1839534748 0.1477734826 0.7544501714 20.7163269993 -2.0534280690 2.1872397544
1784244800.3147728443 0.8757934598 -0.8053263386 1.1811711362 0.1500744537 0.5768126823 20.6452314657 -2.1600374089 2.1517304653
1784244800.3229718208 0.8757934598 -0.8038059329 1.1784344098 0.1523754249 0.0812515725 20.4251804937 -2.3457781850 2.0966241287
1784244800.3309679031 0.8757569365 -0.8022040768 1.1755608470 0.1547616173 0.0022606561 20.1698710124 -2.3105732683 2.0436988451
1784244800.3408193588 0.8756838898 -0.8006836711 1.1726416721 0.1569773673 -0.2292140799 20.0192413877 -2.3346911764 2.0416872058
1784244800.3488903046 0.8756108431 -0.7989189144 1.1692207641 0.1597896654 -0.6314878946 20.0467885225 -2.4693323503 2.0576402749
1784244800.3569116592 0.8755377964 -0.7973713586 1.1661647529 0.1621758577 -0.8945985541 19.7800530835 -2.4740628607 2.0761475024
1784244800.3667056561 0.8754282263 -0.7958238027 1.1630175175 0.1643063866 -0.9746434354 19.5823280082 -2.4267324877 2.0563068019
1784244800.3749251366 0.8752821329 -0.7940861962 1.1593685489 0.1670334636 -1.3309930687 19.5161479965 -2.5427153505 2.1785684127
1784244800.3830311298 0.8751725628 -0.7925114902 1.1560844771 0.1692492136 -1.6292049422 19.3315939572 -2.5489877657 2.2047286831
1784244800.3927431107 0.8750264694 -0.7908010338 1.1521162238 0.1718910694 -1.9054183936 19.3648772888 -2.5827232683 2.2414121661
1784244800.4008758068 0.8748438527 -0.7894163786 1.1487865399 0.1741068194 -2.0027704031 19.2130424530 -2.5595327334 2.2099456560
1784244800.4089813232 0.8746612359 -0.7879502730 1.1453200197 0.1764077906 -2.3687594036 18.9852818186 -2.5587225297 2.2544059445
1784244800.4187042713 0.8744786192 -0.7865656178 1.1417166632 0.1785383195 -2.4208813056 18.7714785354 -2.4803289054 2.2011046494
1784244800.4267909527 0.8741864323 -0.7850452121 1.1373379009 0.1811801753 -2.7104729388 18.8897948126 -2.4892459539 2.2390935832
1784244800.4348902702 0.8739307689 -0.7837691573 1.1336433202 0.1833959253 -2.9932295564 18.6680184176 -2.5202860715 2.2886943915
1784244800.4429309368 0.8736751054 -0.7824388022 1.1299487395 0.1854412330 -3.1597977367 18.6120672704 -2.5977762415 2.2936056584
1784244800.4528386593 0.8733098719 -0.7812984979 1.1264822193 0.1876569831 -3.2192345331 18.4623722416 -2.6022998841 2.2604312195
1784244800.4609644413 0.8728715917 -0.7798866926 1.1221946812 0.1902988389 -3.5452301660 18.4778640815 -2.7753711990 2.3227501868
1784244800.4706506729 0.8725063581 -0.7787192382 1.1185001005 0.1924293677 -3.7125973818 18.3300749860 -2.7752537762 2.3110121277
1784244800.4787802696 0.8719219845 -0.7773617331 1.1137564413 0.1950712235 -3.8887715341 18.4191026369 -2.7588054179 2.3214516173
1784244800.4868817329 0.8714837043 -0.7764114795 1.1097881880 0.1972869736 -3.9556609768 18.3088714283 -2.7107582364 2.2920983581
1784244800.4950070381 0.8709358540 -0.7754340758 1.1056830983 0.1994175024 -4.1335057894 18.1618106872 -2.6697608392 2.3307971941
1784244800.5047211647 0.8702784337 -0.7744566721 1.1013955602 0.2016332525 -4.0985323426 18.0537259780 -2.5880450260 2.2834827923
1784244800.5127456188 0.8694383966 -0.7734249682 1.0961957799 0.2041898871 -4.3715176069 18.1696104323 -2.6194214356 2.3809918941
1784244800.5208933353 0.8687444529 -0.7726376153 1.0919538539 0.2061499737 -4.5269151180 18.0384834526 -2.6663775914 2.4144210872
1784244800.5289814472 0.8679409391 -0.7718231122 1.0876663158 0.2082805025 -4.5369972294 17.9428165713 -2.6779792004 2.4409030763
1784244800.5387008190 0.8670278553 -0.7710629093 1.0833787777 0.2102405891 -4.4561840485 17.8314771639 -2.6051578785 2.4076983816
1784244800.5468752384 0.8658591081 -0.7702484062 1.0780877733 0.2127120026 -4.5904444067 17.8443466032 -2.6723245981 2.4493544026
1784244800.5549340248 0.8648364542 -0.7695968038 1.0738002352 0.2146720891 -4.8095165819 17.8371200916 -2.8645447217 2.4912044316
1784244800.5629198551 0.8637407536 -0.7689995015 1.0695126970 0.2167173969 -4.8189361294 17.7526055223 -2.9145441830 2.4909687178
1784244800.5709178448 0.8625354830 -0.7684564995 1.0652251589 0.2187627046 -4.9060219495 17.6946354587 -2.9507458758 2.4862899543
1784244800.5789358616 0.8613302124 -0.7679134974 1.0608463966 0.2207227911 -4.8336911348 17.5945495311 -2.8943677445 2.4502122583
1784244800.5869722366 0.8600518951 -0.7675333960 1.0564676343 0.2228533200 -5.0452221003 17.5644233157 -3.0139330009 2.3840518769
1784244800.5967028141 0.8587005310 -0.7670446941 1.0519976478 0.2250690700 -4.9368966269 17.4789463929 -2.9286351370 2.3337374585
1784244800.6049239635 0.8569839335 -0.7666917428 1.0464785827 0.2276257047 -5.1231340930 17.5889911698 -3.0319570210 2.3876980977
1784244800.6128809452 0.8553403827 -0.7663659416 1.0416436994 0.2295857913 -5.0425856994 17.4179913617 -3.0450091606 2.4058181156
1784244800.6209740639 0.8536237851 -0.7660401404 1.0369912644 0.2316310990 -4.8520319364 17.3542822109 -2.9723477333 2.3873677907
1784244800.6290099621 0.8518341409 -0.7658500896 1.0322932173 0.2334207432 -5.1130263437 17.3398868944 -3.0542205837 2.5631783248
1784244800.6369287968 0.8500444966 -0.7656328888 1.0274583339 0.2350399452 -4.9653750593 17.3334513982 -2.9882944736 2.5599927290
1784244800.6449701786 0.8480722356 -0.7655514385 1.0226690626 0.2369148106 -4.8783487637 17.2677958526 -2.9939285123 2.5775252990
1784244800.6547420025 0.8459904045 -0.7654699882 1.0176973429 0.2388748971 -5.2068019057 17.2672383739 -3.1141358758 2.5629488326
1784244800.6628735065 0.8435433399 -0.7654428381 1.0118133810 0.2411758683 -5.3473553506 17.2653562447 -3.2088255156 2.5497035925
1784244800.6726472378 0.8413519388 -0.7654699882 1.0068416613 0.2432211760 -5.2745613216 17.2913179283 -3.3284920961 2.4713040930
1784244800.6789841652 0.8385396407 -0.7656328888 1.0010945358 0.2457778107 -5.4612958685 17.1936568273 -3.4616104908 2.4993988895
1784244800.6869835854 0.8363117162 -0.7657414892 0.9962596524 0.2475674549 -5.6632242124 17.1352124915 -3.5682459718 2.5665071546
1784244800.6949818134 0.8339376983 -0.7658772397 0.9912879327 0.2492718780 -5.4755662544 17.1082097134 -3.5711157339 2.5931695984
1784244800.7029945850 0.8312349703 -0.7661215907 0.9859513161 0.2512319646 -5.3726818973 17.0275545679 -3.4728153005 2.6334970438
1784244800.7109768391 0.8285687656 -0.7663930917 0.9802954147 0.2528511665 -5.3917468659 17.0078747375 -3.3258779627 2.7277513501
1784244800.7189803123 0.8263773644 -0.7666102925 0.9756429798 0.2539590415 -5.2483743317 17.0622526021 -3.1160201566 2.7315020144
1784244800.7269890308 0.8227980759 -0.7671261445 0.9683906547 0.2560895704 -5.1638108068 17.0066424934 -3.0407910553 2.7661104316
1784244800.7349946499 0.8198396844 -0.7675333960 0.9625066928 0.2577087724 -5.2381518721 16.9911725389 -3.0606469007 2.7645322714
1784244800.7429919243 0.8168082462 -0.7679949477 0.9568051794 0.2594984166 -5.1977030144 17.0123200590 -3.1359909949 2.7558818133
1784244800.7527148724 0.8135576679 -0.7685379498 0.9511492780 0.2612028397 -5.2769991332 16.9119201230 -3.2709544065 2.7023249019
1784244800.7608494759 0.8103436129 -0.7691081019 0.9456302130 0.2631629263 -5.2477146163 16.9952755741 -3.4166232197 2.6234923839
1784244800.7689411640 0.8069469411 -0.7697597044 0.9399743117 0.2650377917 -5.1992975479 17.0689486205 -3.4784188216 2.5895631088
1784244800.7788031101 0.8034772227 -0.7705199073 0.9343184104 0.2669126571 -5.1650422145 17.0791520350 -3.4883105774 2.5363443318
1784244800.7869799137 0.7991674671 -0.7714158606 0.9272485337 0.2692136283 -5.1958746246 16.9467851109 -3.5006250643 2.5637318167
1784244800.7966589928 0.7955516553 -0.7721489134 0.9213645718 0.2709180514 -5.0435242201 16.9532034801 -3.4297078219 2.6001369082
1784244800.8047237396 0.7910227596 -0.7730991670 0.9140210225 0.2727929168 -5.1077378295 16.8717003897 -3.4419086043 2.7118129808
1784244800.8128509521 0.7870782376 -0.7740222705 0.9078177759 0.2742416764 -5.0695375395 16.8797017828 -3.3876476663 2.7666829570
1784244800.8208801746 0.7830241455 -0.7749725241 0.9013864687 0.2757756572 -4.8945873642 16.8892019483 -3.3206969381 2.8004087729
1784244800.8306753635 0.7788604834 -0.7759499277 0.8950007737 0.2773096380 -4.9527824024 16.8317597310 -3.2959751453 2.7835440068
1784244800.8387033939 0.7739298308 -0.7770902321 0.8874291638 0.2790992822 -5.2053147698 16.8270310351 -3.3653442276 2.7762877188
1784244800.8467164040 0.7698392154 -0.7782033863 0.8810890809 0.2808037053 -5.3645276678 16.7374748737 -3.4517942088 2.7353509211
1784244800.8547196388 0.7655659832 -0.7792622402 0.8748402222 0.2824229073 -5.4237787775 16.7001033931 -3.5516198607 2.6641572145
1784244800.8627319336 0.7612927510 -0.7804025445 0.8686369755 0.2842125515 -5.4675645752 16.8221481981 -3.5830590309 2.6394270779
1784244800.8706746101 0.7569099488 -0.7817057495 0.8621600563 0.2858317535 -5.5584111813 16.7638222282 -3.5773297598 2.6601424154
1784244800.8769340515 0.7525271465 -0.7829003540 0.8555919128 0.2873657343 -5.1521604909 16.8825414761 -3.4822084084 2.6432007492
1784244800.8848872185 0.7489478580 -0.7838777577 0.8503009083 0.2885588304 -5.0210589856 16.7939437955 -3.3746542208 2.7181472418
1784244800.8929016590 0.7443093923 -0.7851809626 0.8435503164 0.2898371478 -4.7864264153 16.8855945072 -3.2540470388 2.7744846450
1784244800.9009273052 0.7394517865 -0.7866199180 0.8365716640 0.2912006862 -4.8297021183 16.8073459533 -3.2304895153 2.7712774380
1784244800.9109373093 0.7346307040 -0.7879774231 0.8298210720 0.2926494459 -4.8234670131 16.8999733965 -3.2545900768 2.7732934844
1784244800.9188923836 0.7284582575 -0.7899050804 0.8212916079 0.2944390901 -4.7927698328 17.0627575613 -3.3028026975 2.7305559570
1784244800.9269332886 0.7235276050 -0.7915069364 0.8146778524 0.2958878498 -5.0384720379 17.0357240253 -3.3803095137 2.6929042173
1784244800.9349262714 0.7186699991 -0.7930273422 0.8080184847 0.2974218305 -5.0408798579 17.0353665629 -3.4555986409 2.6700925433
1784244800.9429330826 0.7135202065 -0.7947106485 0.8013591170 0.2988705902 -4.9972398785 17.0840048306 -3.5549889935 2.6763517787
1784244800.9509274960 0.7083338905 -0.7964211050 0.7947453614 0.3002341287 -4.9836779980 16.9973905499 -3.5834934433 2.6921604562
1784244800.9589250088 0.7031475745 -0.7980229610 0.7879491573 0.3015976671 -4.9141882513 17.0703215105 -3.5617450222 2.7448941638
1784244800.9668946266 0.6977421184 -0.7998420179 0.7810617291 0.3027907633 -4.9214576348 17.0773081576 -3.5473506054 2.8060527684
1784244800.9748811722 0.6923366623 -0.8016339247 0.7740374646 0.3039838595 -5.0835043809 16.9778647333 -3.5040917701 2.8259348526
1784244800.9829082489 0.6870042529 -0.8033715312 0.7669219758 0.3051769556 -5.1189860269 17.0055294869 -3.4225493025 2.9037884465
1784244800.9908909798 0.6814527033 -0.8052991885 0.7594872023 0.3061143883 -5.2191453857 16.9811174403 -3.3452996975 2.9624697873
1784244800.9988958836 0.6760107239 -0.8071453955 0.7521892651 0.3071370422 -5.3192875468 17.0090859786 -3.3103125456 3.0135311754
1784244801.0068798065 0.6704591744 -0.8090730527 0.7447544915 0.3081596961 -5.0658954514 17.1512695339 -3.2425157095 3.0294287420
1784244801.0148925781 0.6646519614 -0.8111093104 0.7371372696 0.3091823499 -5.1273557058 17.1565351832 -3.2159492427 3.0332263520
1784244801.0228767395 0.6589543185 -0.8131455681 0.7296112718 0.3102050038 -5.3368723169 17.2008295476 -3.2012525799 3.0403676808
1784244801.0308809280 0.6533297222 -0.8152089759 0.7219484378 0.3112276576 -5.2990475298 17.4187148294 -3.1390595979 3.0093256103
1784244801.0389356613 0.6474129392 -0.8174624344 0.7141487674 0.3124207538 -5.4151399411 17.3903396973 -3.1144805070 3.0150285708
1784244801.0468730927 0.6416057262 -0.8196344426 0.7063947091 0.3133581865 -5.4337496065 17.4682370172 -3.0954796083 3.0346295256
1784244801.0548872948 0.6357254665 -0.8219150512 0.6987318750 0.3142956192 -5.3152592619 17.6070195840 -3.0931442799 3.0830148671
1784244801.0629391670 0.6295530200 -0.8243042602 0.6908865926 0.3151478308 -5.2275356762 17.5945496510 -3.1396614033 3.1216980491
1784244801.0708944798 0.6234170969 -0.8266391690 0.6832237585 0.3159148211 -5.3846216642 17.5603503957 -3.1774958145 3.1734789924
1784244801.0789270401 0.6173907438 -0.8289740778 0.6754697002 0.3165965904 -5.0834555162 17.7990442105 -3.1100294796 3.1777436353
1784244801.0868766308 0.6111452506 -0.8315533375 0.6675788056 0.3174488019 -5.6175061742 17.7899194584 -3.2303218945 3.1666934746
1784244801.0948789120 0.6050458508 -0.8340239969 0.6598703594 0.3183010135 -5.7817197088 17.7805238671 -3.3047747754 3.1251181927
1784244801.1028814316 0.5988734043 -0.8365218063 0.6521163012 0.3192384462 -5.5329065222 17.9893182257 -3.2937832496 3.1082765626
1784244801.1108911037 0.5923357242 -0.8392368165 0.6439973460 0.3200906577 -5.5300737525 17.9097869201 -3.2989783323 3.0976720340
1784244801.1189355850 0.5859076143 -0.8418160763 0.6361064514 0.3209428693 -5.5533189908 17.8896525985 -3.2756153162 3.1263233643
1784244801.1269738674 0.5794429809 -0.8443953360 0.6280331084 0.3216246385 -5.3643893184 17.9885558583 -3.1891031223 3.1749445757
1784244801.1349084377 0.5726861608 -0.8471103462 0.6196404806 0.3223064078 -5.0664882101 18.1575716431 -3.1289873964 3.2311941540
1784244801.1428954601 0.5660023874 -0.8497982064 0.6116583618 0.3228177347 -5.0004413692 18.0702348930 -3.1466149058 3.2465477270
1784244801.1508889198 0.5592820906 -0.8524046162 0.6037218551 0.3234995039 -4.9459954723 18.0430362858 -3.1868750071 3.2877711251
1784244801.1589593887 0.5522330836 -0.8551739267 0.5956028999 0.3240108309 -5.1137813774 18.1189590783 -3.2748172412 3.3190316489
1784244801.1669497490 0.5439422827 -0.8585133893 0.5860699695 0.3246073789 -5.5779417141 17.9564240829 -3.4535795553 3.3298322251
1784244801.1749441624 0.5385733500 -0.8607125476 0.5797298865 0.3251187059 -5.4510819829 18.1565426046 -3.4408178665 3.3179551112
1784244801.1828906536 0.5315608664 -0.8636447586 0.5715197072 0.3257152540 -5.2210970977 18.4188147013 -3.3525798805 3.3203218451
1784244801.1908309460 0.5246579528 -0.8666584200 0.5632639157 0.3261413597 -5.5944682717 18.4271637462 -3.3073344645 3.3230403461
1784244801.1989374161 0.5177550393 -0.8695363309 0.5547800637 0.3267379078 -5.5050104922 18.5736397241 -3.1800132115 3.3230792063
1784244801.2086548805 0.5104868922 -0.8726585926 0.5459769270 0.3272492347 -5.6006781211 18.6109345821 -3.0861867827 3.3647931774
1784244801.2169880867 0.5019769512 -0.8762967064 0.5355773665 0.3275901194 -5.8715907177 18.5102586258 -3.0894443037 3.4347905469
1784244801.2249891758 0.4929922065 -0.8800977207 0.5247216849 0.3281014463 -6.0665825006 18.5230200131 -3.1678979442 3.4727631315
1784244801.2329859734 0.4857971062 -0.8832199825 0.5161922208 0.3282718886 -5.9369168011 18.6464387685 -3.2413173433 3.5161770101
1784244801.2409837246 0.4797707531 -0.8857992422 0.5093047925 0.3285275521 -5.6930228668 18.6350982284 -3.1838741654 3.5325878986
1784244801.2489938736 0.4723930360 -0.8888400537 0.5005472679 0.3287832155 -4.6991209457 19.1174712802 -2.9853078614 3.5343292603
1784244801.2569928169 0.4637004782 -0.8926953682 0.4899652589 0.3288684367 -5.3046402379 19.1536173613 -2.9467440057 3.6046919132
1784244801.2649853230 0.4562497143 -0.8959533805 0.4810252859 0.3291241002 -6.0692525311 18.9430654002 -3.0387246828 3.6197019355
1784244801.2747509480 0.4504059780 -0.8985326403 0.4739554092 0.3292945425 -5.0556912563 19.4436291418 -2.8580210193 3.6104115273
1784244801.2827408314 0.4410194765 -0.9027409061 0.4631453397 0.3294649848 -5.5077363520 19.4095402074 -2.9515771645 3.6213916734
1784244801.2907879353 0.4334591426 -0.9060803687 0.4542509788 0.3296354271 -5.7574919806 19.6434479177 -2.9519647751 3.6166389175
1784244801.2987639904 0.4258622854 -0.9096913324 0.4451741694 0.3297206482 -5.6642485106 19.7341461563 -3.0028611557 3.6571516545
1784244801.3069989681 0.4179732413 -0.9131665455 0.4365078689 0.3297206482 -5.5362740333 19.7189393164 -3.0209760066 3.6728685532
1784244801.3148517609 0.4083675997 -0.9173476613 0.4256521873 0.3298058694 -5.7295114813 19.6359421456 -3.1264197146 3.7207849127
1784244801.3228452206 0.4022316766 -0.9201441218 0.4186735349 0.3296354271 -5.4459081146 19.7716703421 -3.1457190588 3.7401531363
1784244801.3308522701 0.3941600158 -0.9236464850 0.4099616224 0.3297206482 -5.0429208782 20.0328846598 -3.1307672649 3.7281144974
1784244801.3389935493 0.3859787849 -0.9273117489 0.4011584856 0.3297206482 -5.5046921955 20.0714430792 -3.1447523479 3.7245651816
1784244801.3470237255 0.3767018535 -0.9315743149 0.3907133130 0.3297206482 -5.9081517146 20.1093707040 -3.2698229650 3.7236930277
1784244801.3566410542 0.3686301927 -0.9352938790 0.3820014005 0.3298058694 -5.5350921398 20.2121318562 -3.2894100289 3.7023050876
1784244801.3629524708 0.3606315786 -0.9388505424 0.3735631606 0.3298058694 -5.9439269703 20.0178861697 -3.5069022570 3.6938063457
1784244801.3708956242 0.3543860854 -0.9416470029 0.3667669565 0.3297206482 -5.8179627015 20.2520450709 -3.3735881838 3.7502614274
1784244801.3789823055 0.3464605179 -0.9452579666 0.3578725956 0.3295502059 -5.7184778498 20.4269481551 -3.1273715262 3.7705031245
1784244801.3869898319 0.3383523338 -0.9489775306 0.3484308893 0.3294649848 -6.0244824929 20.4812719123 -2.9858818205 3.7538472681
1784244801.3949034214 0.3285640754 -0.9535658979 0.3372559230 0.3294649848 -6.0051602027 20.6757861220 -2.9607043721 3.7247869709
1784244801.4029479027 0.3221724888 -0.9565524092 0.3300492100 0.3294649848 -5.8853426469 20.9304913878 -2.8437586210 3.6534465238
1784244801.4109401703 0.3139547346 -0.9604348738 0.3206987279 0.3296354271 -6.1481202706 20.9640558808 -2.8245516736 3.6601996714
1784244801.4189407825 0.3061022139 -0.9641815880 0.3117587549 0.3294649848 -6.0137061995 21.1511806397 -2.8649455738 3.7016471085
1784244801.4268233776 0.2979940297 -0.9680097524 0.3031380666 0.3292945425 -5.9099305212 20.9956758098 -3.0358860432 3.7292177031
1784244801.4349429607 0.2898493222 -0.9716478661 0.2947454388 0.3291241002 -6.0799891471 20.9334132167 -3.2106098693 3.7353152098
1784244801.4429888725 0.2815219979 -0.9755031807 0.2860791383 0.3289536578 -6.1570721256 21.0843861649 -3.3242590980 3.7552595764
1784244801.4509334564 0.2716606929 -0.9800643979 0.2758620263 0.3287832155 -6.1540048252 21.1683460240 -3.4390749291 3.7193168691
1784244801.4588799477 0.2647577793 -0.9832681100 0.2688377617 0.3287832155 -5.8249921807 21.4436685105 -3.3581228903 3.6372327114
1784244801.4670059681 0.2563208850 -0.9871505746 0.2599434007 0.3288684367 -5.3832848623 21.7793172966 -3.1524610642 3.5945906666
1784244801.4749360085 0.2460578230 -0.9918746925 0.2488140465 0.3288684367 -5.8173681179 21.6308813009 -3.0392352705 3.5884503829
1784244801.4829359055 0.2391914329 -0.9951055546 0.2411968245 0.3287832155 -5.6559860188 21.8078934687 -2.8136705689 3.5848396175
1784244801.4909431934 0.2307910619 -0.9990423195 0.2317551183 0.3286979944 -5.6961701168 22.0290708825 -2.6369308360 3.6302028036
1784244801.4989440441 0.2223541675 -1.0030333846 0.2224046363 0.3284423309 -5.7213161585 22.1309835805 -2.5411913162 3.6573263624
1784244801.5068845749 0.2137346564 -1.0070787498 0.2129629300 0.3282718886 -5.9004756611 22.0589864701 -2.5926581873 3.6952204999
1784244801.5149383545 0.2053342855 -1.0109340644 0.2040229569 0.3279310040 -5.9091845615 22.2308273389 -2.7136215446 3.7665618221
1784244801.5229287148 0.1968608678 -1.0149522795 0.1953566565 0.3275048982 -5.9901877374 22.2949289849 -2.8676483218 3.7980361814
1784244801.5309290886 0.1883144034 -1.0189433446 0.1866447440 0.3272492347 -6.0532918810 22.3179850812 -3.0098782374 3.7581057062
1784244801.5389399529 0.1800236025 -1.0227986591 0.1782521162 0.3270787924 -6.0467924765 22.3808164962 -3.1058139678 3.6944060244
1784244801.5469880104 0.1715501848 -1.0266811238 0.1698138763 0.3269935713 -6.0209751975 22.3746781512 -3.1267612775 3.6356514727
1784244801.5550217628 0.1628941503 -1.0305907385 0.1609651274 0.3269083501 -6.1480969282 22.4328805494 -3.0382401245 3.5738232974
1784244801.5628905296 0.1527771818 -1.0352605562 0.1502006701 0.3268231290 -6.5429833175 22.3320159392 -3.0191182281 3.5633980981
1784244801.5709402561 0.1461299317 -1.0383285177 0.1430395692 0.3266526867 -6.2144230065 22.4715530662 -2.8810462490 3.5660312668
1784244801.5790216923 0.1371817105 -1.0422924327 0.1336434750 0.3264822444 -6.0248088566 22.3056777496 -2.6873752991 3.5722398081
1784244801.5869450569 0.1266629851 -1.0467993497 0.1220579997 0.3261413597 -6.2343728458 22.3615370880 -2.5426671971 3.6344936778
1784244801.5950229168 0.1199061649 -1.0498673113 0.1145320020 0.3258004751 -5.7736166195 22.6666387878 -2.3287411889 3.6933546212
1784244801.6046702862 0.1089856826 -1.0545914291 0.1027640782 0.3252891482 -5.7354068247 22.5286166627 -2.3143073091 3.6697410989
1784244801.6127600670 0.1000374614 -1.0582838430 0.0934592083 0.3251187059 -5.4789084002 22.6231106347 -2.3058748076 3.6724124969
1784244801.6210303307 0.0909066234 -1.0622749081 0.0841087263 0.3245221578 -5.3618923787 22.9652193523 -2.3408349405 3.7680612080
1784244801.6290283203 0.0801322345 -1.0668904255 0.0730705962 0.3239256097 -6.2658471043 22.5576746809 -2.6300068193 3.7652959920
1784244801.6370213032 0.0711109665 -1.0706371396 0.0640393990 0.3234142828 -6.2627118321 22.6523592868 -2.7245695218 3.8112900856
1784244801.6450338364 0.0623088387 -1.0743838538 0.0550994259 0.3228177347 -6.0258413544 22.9556729518 -2.6971297361 3.8495706715
1784244801.6530222893 0.0533971408 -1.0781034178 0.0460226165 0.3223064078 -6.2683983332 22.9069040869 -2.6645247410 3.7790793769
1784244801.6627476215 0.0443393494 -1.0819044321 0.0366265223 0.3220507443 -6.3354027898 23.1550149815 -2.5089933701 3.7465561253
1784244801.6708359718 0.0355372216 -1.0857868968 0.0270023676 0.3215394174 -5.5380676429 23.5857878474 -2.3302064218 3.7525043872
1784244801.6788952351 0.0262968135 -1.0897236617 0.0171957645 0.3211133116 -5.9666122890 23.5499242325 -2.0701418403 3.7232822454
1784244801.6868884563 0.0171294521 -1.0935789762 0.0071611009 0.3206872058 -6.1284109665 23.6279791430 -1.9032413644 3.7475109231
1784244801.6949901581 0.0083638476 -1.0973528404 -0.0024630538 0.3200906577 -5.8459917535 23.9394022033 -1.7654624715 3.8164335668
1784244801.7030329704 -0.0006939437 -1.1012353051 -0.0120872085 0.3194088885 -5.5441583952 23.9505276665 -1.7618871899 3.8412465380
1784244801.7127110958 -0.0114683326 -1.1056879219 -0.0229428901 0.3187271193 -5.8760019665 23.7675730554 -2.1018062717 3.8445487950
1784244801.7207601070 -0.0206356939 -1.1094074859 -0.0314723542 0.3180453500 -5.9849447787 23.9412545906 -2.3829386474 3.8298440333
1784244801.7287275791 -0.0296204385 -1.1132628005 -0.0400474304 0.3175340231 -6.0075026223 23.8478091903 -2.6409507809 3.7693005650
1784244801.7366738319 -0.0386051832 -1.1168194639 -0.0482119976 0.3171079173 -5.7340720394 23.8759042763 -2.7541690448 3.7141663328
1784244801.7430143356 -0.0477725445 -1.1204575776 -0.0565134012 0.3167670327 -5.9770492298 23.9611648379 -2.8492452758 3.6865768160
1784244801.7527229786 -0.0567572892 -1.1240956913 -0.0649972532 0.3161704846 -5.5771803845 24.1012970400 -2.8075240678 3.6776808503
1784244801.7608537674 -0.0660707439 -1.1277609552 -0.0740740626 0.3156591577 -5.2444224751 24.2355259098 -2.6691589501 3.6700690644
1784244801.7689971924 -0.0753476754 -1.1313719188 -0.0834245446 0.3150626096 -4.7260879277 24.5647664410 -2.3528936863 3.7066230253
1784244801.7786595821 -0.0866333912 -1.1357973855 -0.0948731836 0.3138695134 -4.7761548576 24.6331368143 -2.0400665400 3.8497028358
1784244801.7849905491 -0.0955450891 -1.1392182984 -0.1039956051 0.3130173019 -5.8277873822 24.2938328713 -2.0140728253 3.9617376337
1784244801.7929964066 -0.1028862828 -1.1420419091 -0.1112023181 0.3122503115 -4.6317789579 24.8566418744 -1.8183114080 3.9913876693
1784244801.8010263443 -0.1117614574 -1.1455171222 -0.1197773943 0.3113128788 -4.3832613501 25.0801074594 -1.8034579311 4.0381597937
1784244801.8107230663 -0.1225358463 -1.1497253880 -0.1297664459 0.3104606672 -6.0627543988 24.6567859701 -2.3589609350 3.8917118509
1784244801.8187077045 -0.1316666843 -1.1532820515 -0.1378397889 0.3099493403 -6.5083351365 24.6909364939 -2.6528045634 3.8302060934
1784244801.8266730309 -0.1405053355 -1.1567301145 -0.1456394593 0.3092675711 -6.7213803820 24.7952515244 -2.8354618401 3.7727622883
1784244801.8329610825 -0.1492709400 -1.1602053276 -0.1534847418 0.3087562441 -6.1810346616 25.0180103949 -2.7976595896 3.7296418736
1784244801.8409988880 -0.1566121338 -1.1629746380 -0.1600528853 0.3084153595 -5.8165278612 25.2224519302 -2.6409498276 3.6064020152
1784244801.8506352901 -0.1655603550 -1.1663955509 -0.1683542888 0.3080744749 -4.4784951956 25.6780456104 -2.4123849437 3.6065445102
1784244801.8586692810 -0.1763712673 -1.1704680663 -0.1786626251 0.3074779268 -5.0309635530 25.5341406695 -2.2172144266 3.5696825713
1784244801.8649113178 -0.1856116753 -1.1738618291 -0.1873745377 0.3067109364 -5.6673254395 25.4191757951 -2.1405756012 3.6627899092
1784244801.8728992939 -0.1928432990 -1.1764953891 -0.1940795175 0.3060291672 -4.9402616676 25.4746916505 -2.0173431866 3.7551087113
1784244801.8809967041 -0.2020837071 -1.1796719510 -0.2025177574 0.3051769556 -5.2589609392 25.4436603654 -1.9070679841 3.8858043114
1784244801.8889467716 -0.2128215726 -1.1835272656 -0.2128260937 0.3036429748 -5.8678677659 25.5244040463 -1.9592555563 4.0295395301
1784244801.8969395161 -0.2200166730 -1.1862422758 -0.2194854614 0.3027055421 -5.5156083523 25.6623797263 -1.9910758361 4.1183662247
1784244801.9049029350 -0.2291109877 -1.1893645376 -0.2274675802 0.3015124460 -5.4111874960 25.7019528313 -2.0613744204 4.0596889203
1784244801.9109132290 -0.2379861622 -1.1924867994 -0.2352672506 0.3008306767 -5.5418019439 25.9758888429 -2.0756783197 3.9841317324
1784244801.9189474583 -0.2445603656 -1.1949846088 -0.2411968245 0.3003193498 -5.6848622678 26.3396167529 -2.1127581179 3.8568287351
1784244801.9269020557 -0.2535085869 -1.1983512215 -0.2490421070 0.2997228017 -5.4412053503 26.3480405825 -2.2069270197 3.6974384594
1784244801.9349439144 -0.2624202848 -1.2014191831 -0.2563856563 0.2993819171 -5.3639977738 26.3032652030 -2.3095820830 3.6114701494
1784244801.9430346489 -0.2712224126 -1.2044871447 -0.2637292057 0.2987853690 -5.5585886533 26.3949096905 -2.2745781734 3.6520556790
1784244801.9510321617 -0.2818141847 -1.2082067087 -0.2731709119 0.2977627152 -5.9793366223 26.1636435636 -2.2544107367 3.7094031313
1784244801.9589946270 -0.2905067425 -1.2110031693 -0.2808793581 0.2967400613 -6.0822235786 25.9177383379 -2.2581285979 3.8342137324
1784244801.9688041210 -0.2977383663 -1.2133109280 -0.2871282168 0.2957174074 -5.8712670633 26.0127501630 -2.0654695517 4.0185365527
1784244801.9769568443 -0.3081475216 -1.2166775407 -0.2967067594 0.2941834267 -6.2715181576 25.9035068761 -1.9264123904 4.0094095651
1784244801.9867732525 -0.3169496495 -1.2193925509 -0.3049169387 0.2933312151 -5.3677641323 26.2900699337 -1.7538413801 3.9865151930
1784244801.9948165417 -0.3281623186 -1.2229220642 -0.3145867055 0.2921381189 -5.5033478588 26.3487715290 -1.8216317742 3.8708103639
1784244802.0029039383 -0.3370740165 -1.2256642246 -0.3222039275 0.2915415709 -5.3461605257 26.6026982006 -1.8047124742 3.7354196581
1784244802.0108618736 -0.3460222377 -1.2284606851 -0.3298211495 0.2909450228 -5.0127810213 26.8365568653 -1.7819374351 3.7195859742
1784244802.0189905167 -0.3546782722 -1.2311485453 -0.3370734745 0.2901780324 -4.9721826778 26.8923176243 -1.9254014109 3.7008004371
1784244802.0269448757 -0.3652335209 -1.2342436569 -0.3453748781 0.2890701574 -5.5873911766 26.7212270459 -2.1626718142 3.7522220035
1784244802.0349972248 -0.3722094812 -1.2363885150 -0.3508027189 0.2883031670 -5.6757320696 26.8102720915 -2.2382545554 3.8670495244
1784244802.0429928303 -0.3823629731 -1.2393478762 -0.3589672862 0.2868544073 -5.8104182234 26.6789002486 -2.3067863725 3.9344884029
1784244802.0510277748 -0.3894119800 -1.2412755335 -0.3644863512 0.2859169746 -5.5394939153 26.6651432932 -2.1967747100 4.0138144955
1784244802.0590045452 -0.3997115653 -1.2440448439 -0.3730614274 0.2844682150 -5.9966514950 26.6784287320 -2.0964411306 4.0502527442
1784244802.0669825077 -0.4080023662 -1.2463254525 -0.3803593646 0.2834455611 -6.0800721652 26.7700524220 -1.9171933384 3.9765541850
1784244802.0767636299 -0.4165488306 -1.2485517609 -0.3877485260 0.2826785707 -5.8316781273 26.8318997348 -1.7215851239 3.8270674175
1784244802.0848646164 -0.4254970519 -1.2508866697 -0.3955025843 0.2820820227 -5.5818621581 27.0450082811 -1.5222928750 3.6688854370
1784244802.0930624008 -0.4341530863 -1.2531401282 -0.4031198062 0.2816559169 -5.5460104843 27.2814708636 -1.3640173275 3.5235365517
1784244802.1026747227 -0.4426265040 -1.2554207368 -0.4105089676 0.2812298111 -5.6149393620 27.2095780671 -1.3638822170 3.4826191081
1784244802.1108343601 -0.4528165192 -1.2579185463 -0.4187191470 0.2804628207 -5.7655014245 27.0963252816 -1.6564633817 3.5477791147
1784244802.1188831329 -0.4614360303 -1.2599819541 -0.4251960663 0.2795253880 -5.5600505421 27.2450361555 -1.8440171035 3.6890737646
1784244802.1269638538 -0.4700555414 -1.2620725119 -0.4315361492 0.2783322918 -5.6981390343 27.2219502165 -2.0246279211 3.8110650648
1784244802.1349930763 -0.4784193891 -1.2639187189 -0.4375569474 0.2772244168 -5.0617800692 27.3341360269 -2.0675982325 3.9484918221
1784244802.1447694302 -0.4889015911 -1.2661450273 -0.4450373330 0.2756904360 -5.2734531060 27.2988165574 -2.1079153463 4.0258840190
1784244802.1528031826 -0.4975576256 -1.2680183844 -0.4514686402 0.2745825610 -4.4831635578 27.5429161070 -1.9968913393 4.0534837266
1784244802.1608948708 -0.5060310432 -1.2698102911 -0.4579455595 0.2735599072 -5.1259194304 27.4445942720 -1.8747421856 3.9521496563
1784244802.1690025330 -0.5146505543 -1.2714935975 -0.4645137029 0.2727929168 -4.7636876816 27.6133338460 -1.7103189597 3.8840651910
1784244802.1769587994 -0.5249136163 -1.2736113055 -0.4723589854 0.2718554841 -5.1216802240 27.7299026808 -1.6844349649 3.7714084712
1784244802.1849031448 -0.5313782496 -1.2749416605 -0.4772394809 0.2713441571 -4.7755536290 27.8348763801 -1.6520769205 3.7080866891
1784244802.1928665638 -0.5397786206 -1.2764620662 -0.4831690549 0.2706623879 -4.8102041107 27.7121122476 -1.6793024693 3.7032041735
1784244802.2009489536 -0.5478868047 -1.2779010217 -0.4889617926 0.2698101764 -4.8485058093 27.7599549970 -1.7226479037 3.7847975047
1784244802.2089424133 -0.5560315123 -1.2793399771 -0.4946633060 0.2687023013 -4.9846898409 27.6376952604 -1.7673737096 3.9004686980
1784244802.2168717384 -0.5640666497 -1.2805345816 -0.5001367589 0.2675944263 -5.0205505552 27.5398201315 -1.7987506112 3.9738955569
1784244802.2266521454 -0.5720652638 -1.2817020360 -0.5056558239 0.2664865513 -4.7349782914 27.6422444034 -1.8126615807 4.0751531285
1784244802.2347211838 -0.5818900455 -1.2831952916 -0.5122695795 0.2650377917 -5.4020387880 27.6321307845 -1.9000273426 4.0410550434
1784244802.2429234982 -0.5898886596 -1.2842812957 -0.5176518082 0.2641855801 -5.6113398860 27.7057568536 -1.9622235956 3.9060625554
1784244802.2510030270 -0.5977777037 -1.2853672998 -0.5228515885 0.2636742532 -5.1288835333 27.9712985550 -1.9201155393 3.7763543517
1784244802.2607436180 -0.6076755321 -1.2866705048 -0.5293285077 0.2631629263 -5.1462805354 28.0006883386 -1.8943108128 3.5227026828
1784244802.2687191963 -0.6158932863 -1.2877293588 -0.5347563485 0.2630777051 -5.1306366477 28.0559616746 -1.8378162667 3.4003342293
1784244802.2767484188 -0.6238188537 -1.2886524622 -0.5400473530 0.2627368205 -5.1033639853 28.0040903224 -1.8011042145 3.3557427908
1784244802.2847316265 -0.6317078978 -1.2894398152 -0.5452015211 0.2623959359 -4.8806226989 27.9911034063 -1.7627262865 3.3799552599
1784244802.2927439213 -0.6399256520 -1.2902271682 -0.5503556893 0.2617993878 -4.8173051496 27.9337220109 -1.7569418972 3.5202983189
1784244802.3007595539 -0.6479242661 -1.2908516205 -0.5553274090 0.2608619551 -4.5496887272 27.8795507293 -1.7520828070 3.6796998324
1784244802.3089048862 -0.6560324503 -1.2913946226 -0.5602535166 0.2599245224 -4.5996711595 27.9157491408 -1.7568163020 3.7787196187
1784244802.3169848919 -0.6639580177 -1.2919376246 -0.5650884000 0.2590723108 -4.6765737188 28.0434043545 -1.7622923638 3.8533217320
1784244802.3249464035 -0.6715548749 -1.2924534766 -0.5696039987 0.2582200993 -4.0732632077 28.1400465063 -1.8048638676 3.8373299660
1784244802.3329479694 -0.6794804423 -1.2928878782 -0.5738003126 0.2577087724 -3.7969164346 28.2962991409 -1.8675973301 3.7463607906
1784244802.3409948349 -0.6871868696 -1.2933494300 -0.5779510143 0.2573678877 -4.0464686040 28.3804413900 -1.9471986278 3.6635056357
1784244802.3507733345 -0.6961716142 -1.2937838316 -0.5827858977 0.2569417820 -4.8024701561 28.3795685901 -2.0774594650 3.6001262827
1784244802.3586406708 -0.7038780415 -1.2940824827 -0.5867541511 0.2565156762 -4.4435990268 28.4821201615 -2.0872214501 3.5964149152
1784244802.3649103642 -0.7114383754 -1.2943811338 -0.5906311802 0.2560895704 -4.4937137901 28.6213366054 -2.0854931465 3.5851414143
1784244802.3729045391 -0.7172455884 -1.2945711846 -0.5936871914 0.2558339070 -3.5950353441 28.7045298676 -1.9976704065 3.5649668053
1784244802.3809053898 -0.7246598289 -1.2946797850 -0.5976098327 0.2557486858 -4.2035836203 28.6523210064 -1.9177533029 3.5001325848
1784244802.3888177872 -0.7321471160 -1.2948155355 -0.6014868618 0.2553225800 -4.2109945696 28.6866601657 -1.8546120974 3.5347462533
1784244802.3969120979 -0.7392691697 -1.2948155355 -0.6052270546 0.2549816954 -4.5527753871 28.5856202253 -1.8153478581 3.5686475269
1784244802.4049518108 -0.7463547000 -1.2946526349 -0.6089672475 0.2546408108 -4.2206800631 28.7468963917 -1.7902971055 3.6041037138
1784244802.4129493237 -0.7537689405 -1.2946526349 -0.6125249918 0.2542999262 -4.0292008388 28.6556320552 -1.7856788684 3.6107292622
1784244802.4209911823 -0.7609640408 -1.2943539837 -0.6159458999 0.2540442627 -3.9340439826 28.7214134737 -1.8150869713 3.5948046667
1784244802.4289464951 -0.7681956646 -1.2941639330 -0.6191843595 0.2537885992 -3.8388073839 29.0026859226 -1.8331120789 3.6044517874
1784244802.4369986057 -0.7752081482 -1.2940281825 -0.6223315950 0.2535329358 -3.8697670388 28.8497405046 -1.8057085243 3.6061420612
1784244802.4450063705 -0.7836815658 -1.2934037302 -0.6262998483 0.2532772723 -4.0495942026 28.7720791683 -1.8180861286 3.6203919468
1784244802.4529480934 -0.7894887788 -1.2931050790 -0.6287172900 0.2530216088 -3.6582738302 29.0156201280 -1.7772200645 3.6611236041
1784244802.4609603882 -0.7965012624 -1.2927521277 -0.6317733012 0.2527659454 -3.7335688184 28.9261005790 -1.7257932761 3.6859273176
1784244802.4689490795 -0.8034041760 -1.2921005252 -0.6348749245 0.2525955031 -3.7403739466 28.8922524070 -1.6564073901 3.6943597686
1784244802.4769365788 -0.8103801362 -1.2914760729 -0.6379309357 0.2523398396 -4.0241873439 28.9159982569 -1.5696190792 3.7371811111
1784244802.4848425388 -0.8170273863 -1.2907973203 -0.6409869469 0.2520841761 -3.8973550006 28.9525761960 -1.4677116797 3.7455991515
1784244802.4929218292 -0.8237111597 -1.2900371175 -0.6440885702 0.2519137338 -4.1640048862 28.9478711166 -1.4257771950 3.7672845174
1784244802.5009467602 -0.8302853631 -1.2891683142 -0.6469165209 0.2517432915 -3.9498176962 29.0242930253 -1.3944772678 3.7666351275
1784244802.5090351105 -0.8370787066 -1.2883266610 -0.6496988595 0.2516580704 -3.8038799135 29.0179066117 -1.3624712443 3.7358432599
1784244802.5187716484 -0.8449677507 -1.2871049064 -0.6529373191 0.2516580704 -4.5188379115 28.9931082964 -1.4067598155 3.6854037401
1784244802.5267949104 -0.8515054307 -1.2860460524 -0.6556284334 0.2517432915 -4.4917841368 29.1360829083 -1.4351718597 3.7325317103
1784244802.5348291397 -0.8579700640 -1.2849600483 -0.6580002630 0.2515728492 -4.3815403298 29.0792143134 -1.4254007397 3.7343786242
1784244802.5428612232 -0.8645077440 -1.2837382937 -0.6604177047 0.2516580704 -4.2687366919 29.0504302202 -1.3566576080 3.7433439812
1784244802.5509154797 -0.8708262839 -1.2824350888 -0.6629719828 0.2516580704 -4.0919795430 29.1123739742 -1.2487290440 3.7760159272
1784244802.5590133667 -0.8772909173 -1.2811047338 -0.6655718729 0.2516580704 -3.8684643402 28.9897080408 -1.1194620836 3.8067266560
1784244802.5670037270 -0.8849242978 -1.2793128270 -0.6685822720 0.2516580704 -4.1163666928 29.0628926914 -1.0525350976 3.8358838988
1784244802.5749158859 -0.8910236976 -1.2778467215 -0.6709541016 0.2517432915 -4.2221580259 29.1758878896 -1.0114516187 3.8462910728
1784244802.5829517841 -0.8958082568 -1.2765978168 -0.6728698101 0.2517432915 -3.6462225908 29.1896082165 -0.9053205996 3.8684736046
1784244802.5926868916 -0.9021998434 -1.2749688106 -0.6752416397 0.2518285127 -3.4662291343 29.1607046257 -0.7891733120 3.8585441103
1784244802.6007909775 -0.9096506072 -1.2729868531 -0.6782976509 0.2519989550 -3.3126824189 29.1580913564 -0.6622693017 3.8672848806
1784244802.6087307930 -0.9158961004 -1.2711949464 -0.6809431531 0.2521693973 -3.6734434091 29.2628895247 -0.4490957145 3.9230972942
1784244802.6167371273 -0.9219224535 -1.2693487394 -0.6834974311 0.2521693973 -3.6050448936 29.3270558855 -0.3619493905 3.9954304277
1784244802.6230115891 -0.9279488066 -1.2675025324 -0.6858692607 0.2521693973 -3.3378794004 29.3617682949 -0.3053939084 4.0280067822
1784244802.6310019493 -0.9339021130 -1.2656291754 -0.6881042540 0.2522546185 -3.3505363898 29.5088823506 -0.2812647334 4.0579813246
1784244802.6390159130 -0.9398919427 -1.2637558183 -0.6901567988 0.2524250608 -3.2087722936 29.5416440915 -0.2700082656 4.0813711471
1784244802.6470038891 -0.9461374360 -1.2617195606 -0.6922093437 0.2525102819 -3.0742820467 29.6420406293 -0.2743362869 4.0995402455
1784244802.6549520493 -0.9519811723 -1.2597376031 -0.6940794401 0.2527659454 -3.1527398925 29.7649147162 -0.2871518343 4.1170937723
1784244802.6629524231 -0.9566926847 -1.2581628972 -0.6953565791 0.2529363877 -3.0036350015 29.8021621926 -0.3033675278 4.1583235963
1784244802.6708955765 -0.9623903276 -1.2560723393 -0.6968617786 0.2531068300 -2.9773940974 29.7485081453 -0.3265474951 4.1777001601
1784244802.6789097786 -0.9679418772 -1.2539274812 -0.6983669782 0.2533624935 -2.9630857931 29.7992880239 -0.3537789421 4.2059700082
1784244802.6869096756 -0.9735299500 -1.2517554730 -0.6997353414 0.2535329358 -2.9005087808 29.8557125387 -0.3144133133 4.2365162014
1784244802.6948783398 -0.9791910696 -1.2495563147 -0.7011493167 0.2537885992 -2.7898346248 29.8474277458 -0.2739141673 4.2712741910
1784244802.7030088902 -0.9845965257 -1.2472214059 -0.7025176800 0.2540442627 -2.1852784971 29.6008651869 -0.2308954113 4.2746595149
1784244802.7110123634 -0.9911707291 -1.2444249454 -0.7040228795 0.2543851473 -3.0594458775 30.0774100649 -0.1921099945 4.2872152529
1784244802.7190155983 -0.9964666151 -1.2420357363 -0.7053000185 0.2548112531 -3.0301080230 30.1588751438 -0.1381311028 4.2975921528
1784244802.7269599438 -1.0016529311 -1.2395107768 -0.7066227696 0.2552373589 -3.2185966348 30.2151281662 -0.0610428972 4.3112761506
1784244802.7349112034 -1.0058896400 -1.2375831195 -0.7074893997 0.2555782435 -2.9854736699 30.2070025615 0.0292307297 4.2999231369
1784244802.7429063320 -1.0109663859 -1.2350853101 -0.7085840903 0.2561747916 -3.0222693356 30.1229716894 0.0799380261 4.2719888334
1784244802.7509121895 -1.0158970385 -1.2324517502 -0.7096331687 0.2567713397 -2.9257215700 30.0921901303 0.0968563179 4.2858197187
1784244802.7589619160 -1.0209372610 -1.2298181902 -0.7104085746 0.2572826666 -2.8222949985 30.1632991136 0.0772399652 4.3589338509
1784244802.7669200897 -1.0269270908 -1.2265601780 -0.7111383683 0.2577939935 -3.1819827431 30.1995718218 0.0272787226 4.4127447308
1784244802.7749099731 -1.0306159493 -1.2242795693 -0.7115944894 0.2582200993 -3.0433646303 30.1494083781 0.0267116454 4.4814813789
1784244802.7829630375 -1.0353639851 -1.2214559587 -0.7120506104 0.2586462051 -3.0604320746 30.1531452140 0.0903750886 4.5490258142
1784244802.7909233570 -1.0400754975 -1.2185508977 -0.7126435678 0.2590723108 -3.0687367652 30.0846065710 0.1680968127 4.5353668975
1784244802.7990028858 -1.0445313465 -1.2155372364 -0.7132365252 0.2598393012 -2.8578557011 30.1057978628 0.2417834371 4.5061567051
1784244802.8070094585 -1.0501194194 -1.2118719725 -0.7138294826 0.2607767339 -2.9847413376 30.3020400823 0.2956556649 4.4739062160
1784244802.8166794777 -1.0546848384 -1.2088311611 -0.7141943795 0.2617141666 -2.6733695298 30.1221348164 0.3225123618 4.4400602627
1784244802.8247563839 -1.0591772107 -1.2057088993 -0.7145136642 0.2626515993 -3.0295029098 30.4031518647 0.3815169407 4.4122509927
1784244802.8329279423 -1.0637061063 -1.2024237369 -0.7146505006 0.2636742532 -2.9558051058 30.4384026878 0.3857728558 4.4198424484
1784244802.8426930904 -1.0681254319 -1.1991657246 -0.7146505006 0.2646116859 -2.8548642261 30.3070206015 0.3593464217 4.4573538936
1784244802.8507258892 -1.0733847946 -1.1950932092 -0.7144680521 0.2658047821 -2.9940971363 30.3547116716 0.3924066220 4.5287065391
1784244802.8588130474 -1.0774754101 -1.1916994464 -0.7144224400 0.2665717725 -2.8641972851 30.3346634118 0.4596324307 4.6154096700
1784244802.8669095039 -1.0817486423 -1.1881970832 -0.7141943795 0.2674239840 -2.7211714875 30.1964667831 0.5377573121 4.6557328863
1784244802.8750047684 -1.0859123044 -1.1845318194 -0.7140575432 0.2684466379 -2.5985283910 30.1182801896 0.6450399030 4.6782598682
1784244802.8847413063 -1.0907699102 -1.1802149531 -0.7139207068 0.2696397340 -2.6597496748 30.2225168509 0.7281643298 4.6939720478
1784244802.8927915096 -1.0949335724 -1.1764953891 -0.7136014221 0.2708328302 -2.5538851436 30.1915013805 0.7286608433 4.6350462368
1784244802.9009137154 -1.0988050477 -1.1727486749 -0.7130540768 0.2722815898 -2.6370950967 30.2895773678 0.7628130249 4.5788810292
1784244802.9109222889 -1.1026765230 -1.1690291109 -0.7125523436 0.2736451283 -2.5595584645 30.2556127568 0.6994406200 4.5732027329
1784244802.9189648628 -1.1074610821 -1.1642506929 -0.7115488773 0.2752643303 -2.5065238416 29.9625815192 0.6754500409 4.5765419903
1784244802.9270200729 -1.1117343143 -1.1594994249 -0.7105910230 0.2770539745 -2.8022753465 30.0469131493 0.7219017566 4.5923170579
1784244802.9349751472 -1.1152770795 -1.1554812098 -0.7095875566 0.2783322918 -2.7376449194 30.1397285288 0.7740982729 4.6594600774
1784244802.9447605610 -1.1187467979 -1.1514358445 -0.7087209266 0.2797810515 -2.7568006967 30.0281037972 0.8427810144 4.6116006377
1784244802.9528133869 -1.1222165164 -1.1471732784 -0.7077630723 0.2816559169 -2.4653716721 29.6510093892 0.8470218971 4.5602704601
1784244802.9608540535 -1.1256131881 -1.1430193127 -0.7066227696 0.2836160034 -2.4489511105 29.9469563375 0.9380938165 4.4450346982
1784244802.9689605236 -1.1289733365 -1.1388110469 -0.7056649154 0.2854908689 -2.2063292441 29.6978313273 0.9520758874 4.3447940582
1784244802.9768755436 -1.1323334849 -1.1343855802 -0.7042509401 0.2877066189 -2.2864172180 29.5480096762 0.9465503919 4.2694689446
1784244802.9850058556 -1.1353649231 -1.1300687139 -0.7030194132 0.2898371478 -2.3916722121 29.6798306355 0.9538058969 4.2579417356
1784244802.9947416782 -1.1384328847 -1.1257246975 -0.7014686015 0.2919676766 -1.9603027726 29.0921690994 0.9196490838 4.2287666081
1784244803.0028731823 -1.1421582666 -1.1201860766 -0.6996441172 0.2944390901 -2.5142720429 29.3639956121 0.9919499944 4.3679069889
1784244803.0109720230 -1.1449705647 -1.1154348087 -0.6979564692 0.2964843978 -2.6367861993 29.1492615294 1.0174778880 4.4351444865
1784244803.0206372738 -1.1476732928 -1.1107378409 -0.6962688212 0.2984444844 -2.6341830689 29.0476216934 1.0774135696 4.4862389122
1784244803.0287754536 -1.1509238711 -1.1050363194 -0.6943531127 0.3010011190 -2.4836512074 28.7842455926 1.1271672329 4.4796777540
1784244803.0368194580 -1.1535900758 -1.1002036012 -0.6926198526 0.3032168691 -2.3943371785 28.8406444842 1.2469352453 4.4841501742
1784244803.0449557304 -1.1561832338 -1.0953708830 -0.6910690410 0.3055178403 -2.5811759656 29.3460741073 1.5259570664 4.4259587290
1784244803.0529665947 -1.1586302984 -1.0905110146 -0.6896550656 0.3082449172 -2.4471163956 29.1155541737 1.6661199360 4.3612013451
1784244803.0609858036 -1.1616252133 -1.0845651422 -0.6876937450 0.3113128788 -2.3621281514 29.1984311794 1.7472944764 4.3715977403
1784244803.0689980984 -1.1640722779 -1.0796781237 -0.6860517092 0.3136990711 -2.3230564494 29.2329045447 1.7841634950 4.3835047091
1784244803.0770063400 -1.1663732491 -1.0745467544 -0.6839991643 0.3163409269 -2.4577877399 29.1319921628 1.7707722737 4.4171329294
1784244803.0850088596 -1.1684916035 -1.0694425351 -0.6819922316 0.3188975616 -2.3336296606 28.7532932058 1.7263174400 4.4187902883
1784244803.0930147171 -1.1706464813 -1.0644197662 -0.6797572383 0.3213689751 -2.3017842896 28.7629134765 1.7169009239 4.4813126066
1784244803.1009423733 -1.1723996022 -1.0602658005 -0.6777046935 0.3235847251 -2.2963694667 28.6765324204 1.6540384894 4.4738369020
1784244803.1089587212 -1.1743353398 -1.0550529808 -0.6752416397 0.3263970232 -2.3868279317 28.4651679556 1.6542996842 4.3922694106
1784244803.1170206070 -1.1762345541 -1.0497587109 -0.6729154222 0.3292945425 -2.2306634271 28.3047414695 1.6415417575 4.3703840895
1784244803.1249308586 -1.1786085720 -1.0432698364 -0.6695857383 0.3327033887 -2.1980482161 28.3886937587 1.6537431557 4.3750682894
1784244803.1328809261 -1.1800695061 -1.0390072703 -0.6675331935 0.3350895810 -2.2243724597 28.0932419242 1.7115399099 4.3285427151
1784244803.1409695148 -1.1817495803 -1.0334686494 -0.6650701397 0.3382427637 -2.2591875063 27.9501213154 1.7420744058 4.2673493180
1784244803.1489696503 -1.1834296545 -1.0279300285 -0.6623334132 0.3414811676 -2.0080114121 27.2944344828 1.6947495604 4.2006080512
1784244803.1554248333 -1.1850732053 -1.0223642575 -0.6596422989 0.3446343503 -1.9462529660 27.0504606661 1.7056060621 4.1720808991
1784244803.1667790413 -1.1868993730 -1.0154681315 -0.6559021061 0.3488954081 -2.3516899204 27.7967669402 1.7804956087 4.1503496294
1784244803.1748785973 -1.1882872603 -1.0098752104 -0.6529829312 0.3523042543 -2.2749826409 27.8458922685 1.8073802159 4.1806627808
1784244803.1829159260 -1.1897481944 -1.0040379384 -0.6496532474 0.3556278793 -2.1714286127 27.4958231496 1.7438717568 4.1133773657
1784244803.1927406788 -1.1910630351 -0.9981735162 -0.6461867272 0.3593776101 -2.0030324323 26.7622303223 1.6782597870 4.0268416781
1784244803.2007236481 -1.1925239692 -0.9912773902 -0.6423553102 0.3638091102 -2.2843847597 27.4972643894 1.8358444727 4.0396675806
1784244803.2088179588 -1.1936561931 -0.9853043677 -0.6387975658 0.3674736199 -2.0900616737 26.8795528975 1.7853334349 3.9897275544
1784244803.2169935703 -1.1947884170 -0.9792498948 -0.6354678819 0.3713085718 -2.1852922266 27.0698837346 1.9037549931 4.0834441401
1784244803.2249619961 -1.1959571643 -0.9718922171 -0.6309522833 0.3757400719 -2.2824463839 27.0068243982 1.9081661821 4.1086667245
1784244803.2329251766 -1.1966876313 -0.9670051986 -0.6279418842 0.3788932546 -2.1239112286 26.5052730147 1.8722566466 4.0345889949
1784244803.2408711910 -1.1976007151 -0.9608149753 -0.6241104671 0.3828134277 -2.0301549340 26.2914405946 1.8249708955 4.0168899554
1784244803.2489271164 -1.1984407522 -0.9546790521 -0.6203702743 0.3866483797 -2.1025288301 26.1554405660 1.7809551831 3.9880285850
1784244803.2569055557 -1.1991346959 -0.9483802283 -0.6161739604 0.3907389951 -2.1299851225 25.8779709502 1.8044251923 3.9151823701
1784244803.2649126053 -1.1997921162 -0.9419999543 -0.6122057071 0.3950000529 -1.9951752444 25.8865691523 1.8583682683 3.9060511830
1784244803.2729156017 -1.2004860599 -0.9357282806 -0.6082374537 0.3990054472 -1.9641746986 25.7491271060 1.8939806184 3.8783133295
1784244803.2809586525 -1.2010339102 -0.9293480065 -0.6040867519 0.4033517261 -2.0144192193 25.5813204256 1.9812813611 3.7883617085
1784244803.2906422615 -1.2015087138 -0.9229677325 -0.6001184986 0.4077832261 -1.9376738909 25.6001751096 2.0278184515 3.7067188217
1784244803.2970087528 -1.2020930874 -0.9153657038 -0.5952836152 0.4131521589 -1.9081939426 25.9226426334 2.1142376872 3.7672268460
1784244803.3049674034 -1.2024948443 -0.9089582796 -0.5908136287 0.4175836589 -1.9412041299 25.8539876614 2.1857213452 3.7459101351
1784244803.3129594326 -1.2026774611 -0.9038269102 -0.5874839448 0.4213333897 -1.9024172678 25.6055742414 2.1335640523 3.6805564418
1784244803.3209583759 -1.2029331245 -0.8974737863 -0.5829227341 0.4258501109 -1.8538238794 25.4245844295 1.9849395791 3.6784788166
1784244803.3289301395 -1.2031522646 -0.8910663621 -0.5779054022 0.4303668322 -1.8342996705 25.1422941676 1.8433007369 3.6647567719
1784244803.3369605541 -1.2032618347 -0.8845231874 -0.5728424583 0.4350539957 -1.8331053399 24.9326449198 1.7577715742 3.6146094647
1784244803.3449587822 -1.2033348814 -0.8779528626 -0.5678251265 0.4397411592 -1.7449861992 24.8583644470 1.7469554785 3.5907709553
1784244803.3529324532 -1.2034079281 -0.8714911382 -0.5628990189 0.4445987650 -1.6260521640 24.6851071578 1.8094688465 3.5564623128
1784244803.3610153198 -1.2034444514 -0.8647579128 -0.5578816870 0.4496268132 -1.4747141250 24.3209769636 1.8714447888 3.4647627845
1784244803.3708260059 -1.2034809748 -0.8566671823 -0.5520433373 0.4558479575 -1.3446728956 24.5460383432 2.0425161103 3.4067451835
1784244803.3788208961 -1.2034809748 -0.8498796567 -0.5470260054 0.4612168902 -1.1805882443 24.3925423777 2.1344551583 3.3615899536
1784244803.3869049549 -1.2034809748 -0.8430649810 -0.5417806131 0.4665006018 -1.0062594760 24.2715274898 2.2360156272 3.3115772290
1784244803.3949601650 -1.2034809748 -0.8363046055 -0.5368088934 0.4717843134 -0.8456810582 24.0179737017 2.2009648941 3.2249980653
1784244803.4030134678 -1.2034444514 -0.8294899298 -0.5313810526 0.4773236885 -0.7738529559 23.1712440218 2.0686682455 3.0912380886
1784244803.4126379490 -1.2034079281 -0.8213448990 -0.5246304607 0.4841413809 -0.5148096081 23.7039344927 1.9708777080 3.0548646118
1784244803.4207432270 -1.2034079281 -0.8143401726 -0.5185184382 0.4898511983 -0.2744991463 23.5995196638 1.9424614438 3.0543606138
1784244803.4270200729 -1.2033714047 -0.8073354462 -0.5126800885 0.4956462368 -0.1459868000 23.1272896933 1.8401841270 2.9957606859
1784244803.4350039959 -1.2033348814 -0.8003578698 -0.5066136782 0.5016117176 0.0298384014 22.9260970134 1.7956622409 2.9660412492
1784244803.4429311752 -1.2032983580 -0.7931359426 -0.5001367589 0.5073215350 0.2286809090 22.7568658040 1.7363318082 2.9898925329
1784244803.4509258270 -1.2032618347 -0.7875430215 -0.4951194271 0.5118382562 0.4331150016 22.1486379837 1.5624131778 2.9174909235
1784244803.4589612484 -1.2032253113 -0.7803753944 -0.4887337320 0.5177185159 0.5711702001 21.9294945107 1.4648884093 2.8008350118
1784244803.4669382572 -1.2031887880 -0.7733978181 -0.4823936491 0.5238544391 0.7559235231 21.8236121789 1.4495687451 2.7514366882
1784244803.4748897552 -1.2031522646 -0.7662301911 -0.4758255056 0.5297346987 0.9152993502 21.5279923397 1.4974094215 2.6892892107
1784244803.4829418659 -1.2031157413 -0.7590897141 -0.4696678711 0.5358706219 1.0832194474 21.2467552746 1.5870786629 2.5867995993
1784244803.4909191132 -1.2030792179 -0.7519220871 -0.4635558487 0.5421769874 1.2811800165 21.2067608359 1.7024886252 2.5857595188
1784244803.4989271164 -1.2030426946 -0.7447273099 -0.4572157657 0.5480572470 1.3885443729 20.7460689998 1.7507395111 2.5843987731
1784244803.5069630146 -1.2029331245 -0.7373424821 -0.4509212949 0.5541931702 1.4620087033 20.4005151228 1.7544844897 2.5726755382
1784244803.5148832798 -1.2028235545 -0.7299576542 -0.4443531514 0.5604143145 1.5852386346 20.3574324912 1.8079500259 2.6053769225
1784244803.5229649544 -1.2027139844 -0.7227357270 -0.4379674564 0.5662945742 1.7309967238 20.2237918778 1.8682390558 2.6217598952
1784244803.5309228897 -1.2025678910 -0.7154051993 -0.4315817613 0.5723452762 1.8418335174 19.6684950365 1.8203212137 2.5735948844
1784244803.5388734341 -1.2024217976 -0.7078303207 -0.4246943331 0.5786516417 1.9519843047 19.6210187692 1.8064378218 2.5322457988
1784244803.5468828678 -1.2022391808 -0.7006083935 -0.4181261896 0.5848727860 2.1194711836 19.5289937217 1.8198982428 2.4900911451
1784244803.5566928387 -1.2020930874 -0.6933321660 -0.4116492703 0.5911791514 2.3143603315 19.1499302081 1.7936395002 2.3894741089
1784244803.5647399426 -1.2019104707 -0.6842640318 -0.4032566426 0.5992751611 2.3635252016 18.6938782122 1.7225382651 2.2929154025
1784244803.5729653835 -1.2017278539 -0.6768249037 -0.3964148264 0.6060076324 2.6179944347 19.1548077730 1.8940832236 2.2986179618
1784244803.5809614658 -1.2015452371 -0.6692228751 -0.3892993377 0.6128253248 2.7513607295 18.6722755111 1.8903092924 2.1878576128
1784244803.5890228748 -1.2013260970 -0.6617837470 -0.3823662973 0.6194725748 2.8867501660 18.3592149951 1.8547037634 2.1258222222
1784244803.5987544060 -1.2010704336 -0.6527970631 -0.3739280574 0.6273981422 2.9483766005 18.2959448945 1.9321674554 2.1696411092
1784244803.6067531109 -1.2007782467 -0.6451407342 -0.3666301202 0.6343862769 3.0282743750 18.0669587324 1.9751274339 2.1442653547
1784244803.6149191856 -1.2004495366 -0.6375387055 -0.3596058557 0.6411187482 3.0526599377 17.3737711338 1.8892992216 2.0350005756
1784244803.6248264313 -1.2001208264 -0.6299638269 -0.3523535306 0.6482773252 3.1495308492 17.5021741846 1.9824083652 1.9610082268
1784244803.6329324245 -1.1996460228 -0.6206513418 -0.3433679454 0.6570551041 3.1893709825 17.3712160004 2.0321300869 1.8486764134
1784244803.6428186893 -1.1992077426 -0.6132393638 -0.3364805171 0.6642136812 3.2618868577 17.0728591090 2.0108528890 1.7316305154
1784244803.6509754658 -1.1986233690 -0.6039540288 -0.3272668714 0.6730766813 3.2169796227 16.9674755899 2.0554073629 1.6236352515
1784244803.6606748104 -1.1980024720 -0.5964877506 -0.3201057706 0.6804909217 3.1771084613 16.2394446278 1.9626296402 1.5194843418
1784244803.6669657230 -1.1972354816 -0.5872024156 -0.3108921248 0.6891834795 3.2515735534 16.1612381921 1.9467492880 1.5572531410
1784244803.6749613285 -1.1967241547 -0.5812836933 -0.3048713266 0.6948932969 3.2470820345 15.5663870604 1.7565996200 1.4482393002
1784244803.6829226017 -1.1959571643 -0.5736002143 -0.2967979836 0.7023927585 3.1817753452 15.3698547786 1.6654177084 1.3188776440
1784244803.6909687519 -1.1951171272 -0.5661339361 -0.2890895374 0.7098069990 3.1241631352 15.2217603866 1.6581359409 1.2223330236
1784244803.6989648342 -1.1940579500 -0.5570115017 -0.2798758917 0.7188404414 3.2169009054 15.1066803064 1.7679978485 1.2111056204
1784244803.7069287300 -1.1931813895 -0.5494909233 -0.2722586698 0.7266807877 3.2885067814 15.0168201754 1.9417184434 1.2173892467
1784244803.7149686813 -1.1924143991 -0.5432735498 -0.2661010353 0.7325610474 3.4066982743 14.3638045295 1.9120154172 1.1006826618
1784244803.7246897221 -1.1915378387 -0.5356172209 -0.2583469770 0.7401457302 3.3011554912 13.3193281491 1.7650174337 0.9219876083
1784244803.7328114510 -1.1902960447 -0.5262775857 -0.2485859860 0.7495200572 3.4049407094 13.5518795268 1.7536760563 0.9815229565
1784244803.7390267849 -1.1892368675 -0.5183226057 -0.2402389703 0.7573604034 3.4402489819 13.2977401778 1.7380891579 0.9588608846
1784244803.7486963272 -1.1881411669 -0.5108020273 -0.2326217483 0.7650303074 3.4526443116 13.2179757560 1.8167934775 0.9439471760
1784244803.7549791336 -1.1869724197 -0.5028741974 -0.2242291206 0.7728706536 3.3900385454 12.8709739874 1.8298690409 0.8660665382
1784244803.7647306919 -1.1859862891 -0.4967111241 -0.2179802618 0.7791770191 3.4154047962 12.4592116908 1.7511368258 0.6572197035
1784244803.7727835178 -1.1844523084 -0.4872628885 -0.2077631497 0.7893183365 3.3937417954 12.7033703729 1.8045572871 0.4869936578
1784244803.7808763981 -1.1831374677 -0.4798237604 -0.1998266430 0.7974995674 3.3357938884 12.4224016742 1.8302520099 0.3317671056
1784244803.7906551361 -1.1816765336 -0.4720859812 -0.1915708516 0.8060216829 3.1416781865 11.3600617681 1.6847824782 0.1113116439
1784244803.7987449169 -1.1798138426 -0.4627191959 -0.1812169032 0.8160777792 3.0730039748 11.5514148488 1.7196299316 0.1982695748
1784244803.8069293499 -1.1782068152 -0.4549271165 -0.1728698875 0.8243442312 3.0718501868 11.0209034846 1.7233907825 0.1908472215
1784244803.8149294853 -1.1765632643 -0.4469178363 -0.1643404234 0.8326959044 3.0571320968 10.4389087731 1.6957903184 0.0867501972
1784244803.8229727745 -1.1749197135 -0.4392615074 -0.1561302440 0.8408771352 3.0521100869 10.2806076665 1.7050096304 0.0505597126
1784244803.8310244083 -1.1728744057 -0.4300576227 -0.1461411925 0.8507627892 3.0854248998 10.1783932688 1.7355952757 -0.0081755904
1784244803.8409252167 -1.1710482381 -0.4221840929 -0.1374748921 0.8593701258 3.1201298139 10.1430587317 1.8663511452 -0.0642505149
1784244803.8489360809 -1.1691490238 -0.4143920135 -0.1290366522 0.8681479048 2.9338740970 9.4613334048 1.7334174849 -0.2617889012
1784244803.8587303162 -1.1671767628 -0.4066270843 -0.1201879033 0.8769256837 2.7254310866 8.4140461929 1.5440153491 -0.4641704621
1784244803.8649690151 -1.1648392683 -0.3973960494 -0.1097883428 0.8871522223 2.9716629121 8.8946702947 1.5643433884 -0.4464322602
1784244803.8729672432 -1.1633052875 -0.3914230269 -0.1028553024 0.8938846936 2.9128375959 8.2517443645 1.3946071711 -0.5961547132
1784244803.8827066422 -1.1612234564 -0.3835494972 -0.0936416567 0.9027476937 2.9128773743 7.9942304564 1.3009754233 -0.6840876563
1784244803.8890106678 -1.1587398685 -0.3743456124 -0.0830140357 0.9129742323 2.9533057125 8.0577007721 1.3521665467 -0.6525011312
1784244803.8969380856 -1.1565849907 -0.3666621335 -0.0741196747 0.9214963477 2.9631747889 7.7475752043 1.4204003426 -0.5702042392
1784244803.9049324989 -1.1548683932 -0.3605533604 -0.0672322465 0.9284844824 2.9536816100 7.2815496107 1.4318245156 -0.6862023751
1784244803.9109301567 -1.1526769920 -0.3528698814 -0.0583378855 0.9371770402 2.9540409004 7.0145057585 1.4030796242 -0.7333159667
1784244803.9206995964 -1.1510699645 -0.3472498102 -0.0517241299 0.9434834057 3.0496040799 6.7478595024 1.4244819414 -0.8108843451
1784244803.9269745350 -1.1484037598 -0.3381816760 -0.0413245694 0.9543064924 3.1799327564 6.9083175693 1.5911072849 -0.8696753165
1784244803.9349753857 -1.1466871623 -0.3321543533 -0.0342090806 0.9612946271 3.2002405129 6.5050195248 1.6650404172 -0.9894003523
1784244803.9447054863 -1.1444592378 -0.3247423753 -0.0256796165 0.9699019637 3.0090636334 5.8702258264 1.5869412982 -1.1190693508
1784244803.9509701729 -1.1415738930 -0.3157013912 -0.0152344439 0.9807250504 3.1099043966 5.8947990141 1.6805506442 -1.1047566281
1784244803.9589743614 -1.1397477254 -0.3095654680 -0.0079365067 0.9877131851 3.0720228214 5.2950889814 1.6245420872 -1.2136162515
1784244803.9654521942 -1.1373737075 -0.3020448897 0.0008666300 0.9964057429 2.8302947768 4.3625744786 1.4553709641 -1.3781971822
1784244803.9767899513 -1.1344518393 -0.2929767554 0.0118135358 1.0072288296 3.1767825897 5.1918775020 1.6666776197 -1.2540642583
1784244803.9848036766 -1.1320047748 -0.2855919276 0.0205710605 1.0160066085 3.1905748012 4.7721007356 1.6557176610 -1.2938729613
1784244803.9927015305 -1.1294846635 -0.2779627488 0.0298303183 1.0252104932 3.2021354293 4.3909245719 1.6416910643 -1.3522841971
1784244803.9990239143 -1.1270375989 -0.2707951217 0.0384053945 1.0341587145 3.3065847064 4.1814356909 1.6642548600 -1.3917668218
1784244804.0069329739 -1.1245905343 -0.2631387929 0.0478927129 1.0432773781 3.4343622296 3.8961756920 1.6044537245 -1.4726789458
1784244804.0149297714 -1.1226547966 -0.2572743707 0.0551906501 1.0505211762 3.3522411469 3.3413653019 1.4336636836 -1.7309980987
1784244804.0229654312 -1.1201346853 -0.2498895429 0.0644042958 1.0600659456 3.1444899120 2.8032308200 1.2802498353 -1.9062528360
1784244804.0309240818 -1.1174319573 -0.2423689645 0.0739372263 1.0695254938 3.1697109655 2.5616900130 1.2522444406 -2.0871576577
1784244804.0389266014 -1.1148753226 -0.2350927370 0.0829684236 1.0788145997 3.2463968477 2.1613445091 1.3253863925 -2.1615236805
1784244804.0469279289 -1.1122821646 -0.2276807591 0.0916803361 1.0881037055 3.2103441822 1.9583346055 1.4548085775 -2.2615794207
1784244804.0549280643 -1.1095794366 -0.2204588318 0.1003466365 1.0977336960 3.3278681776 1.8097978295 1.6061761393 -2.2463967985
1784244804.0629706383 -1.1069862786 -0.2130468539 0.1092409975 1.1068523596 3.3771064302 1.4965268734 1.7225580449 -2.2251753274
1784244804.0709283352 -1.1043200739 -0.2057977765 0.1177704616 1.1159710232 3.3144805875 1.0347834484 1.7082995225 -2.2468019259
1784244804.0789270401 -1.1015808225 -0.1984400987 0.1268472710 1.1253453502 3.4295340649 0.9725435552 1.7902769598 -2.2081973262
1784244804.0869779587 -1.0989511411 -0.1912996218 0.1354679593 1.1342935715 3.4331238518 0.6307668936 1.7823991579 -2.2562147495
1784244804.0949718952 -1.0957370861 -0.1826115890 0.1460499683 1.1452871005 3.5816019185 0.6371365501 1.8960943976 -2.1913942126
1784244804.1028802395 -1.0935456850 -0.1768557673 0.1532566813 1.1528717833 3.6526422872 0.1745196121 1.8853101076 -2.3157358795
1784244804.1109473705 -1.0909160037 -0.1697424405 0.1620142059 1.1620756680 3.7341005487 -0.1399573805 1.8455284836 -2.4145018841
1784244804.1189682484 -1.0882497989 -0.1626562637 0.1708173426 1.1714499950 3.6056234143 -0.7685380072 1.7186917463 -2.5799110413
1784244804.1269304752 -1.0855470709 -0.1555157868 0.1800766005 1.1812504278 3.7912633415 -0.5475365049 1.7464211846 -2.7061259652
1784244804.1349294186 -1.0828808662 -0.1485653606 0.1889253493 1.1907099760 3.8270020271 -0.7811114096 1.6981884219 -2.8003062196
1784244804.1446373463 -1.0801781381 -0.1416420844 0.1979109345 1.2002547454 3.5416696387 -1.6847545163 1.5361749937 -3.0226681573
1784244804.1509292126 -1.0768179897 -0.1329540517 0.2093139614 1.2119300436 3.8921928917 -1.3329743316 1.6610516192 -2.8546590251
1784244804.1589283943 -1.0746631120 -0.1274154308 0.2164294502 1.2193442841 3.9062827181 -1.9498864012 1.5833546967 -2.8842804749
1784244804.1669387817 -1.0719238606 -0.1203835542 0.2255974838 1.2288038323 3.8352386233 -2.4142039603 1.5035267386 -2.9305171541
1784244804.1749768257 -1.0690750391 -0.1132159272 0.2349935779 1.2385190439 3.4797718549 -3.3286798649 1.3355108492 -3.1137766453
1784244804.1829471588 -1.0662627410 -0.1063469513 0.2438879389 1.2478933709 3.6571368404 -2.6168465097 1.6047158240 -2.9793449254
1784244804.1910300255 -1.0633773962 -0.0995865758 0.2525998514 1.2572676980 3.6459981764 -2.7536310214 1.7704684866 -3.0975773252
1784244804.1989369392 -1.0598346310 -0.0913329446 0.2631818604 1.2691134385 3.7630665770 -2.5750631979 2.0302960250 -3.0225756472
1784244804.2069354057 -1.0575701832 -0.0860115245 0.2700236765 1.2766129001 3.7829020454 -2.8950608524 2.0986165319 -3.0959253466
1784244804.2149705887 -1.0546848384 -0.0793868995 0.2786899769 1.2862428906 3.8027906957 -3.1215639342 2.1214342197 -3.1914439533
1784244804.2229623795 -1.0517994936 -0.0727351244 0.2875843379 1.2961285446 4.0127858268 -3.2334533363 2.1382319562 -3.2453044158
1784244804.2309651375 -1.0490602422 -0.0662190999 0.2963418625 1.3055880928 4.0779799495 -3.5285189288 2.1012977981 -3.3263805421
1784244804.2389659882 -1.0462479440 -0.0597030753 0.3051906114 1.3153885256 4.1499547084 -3.9614167935 2.0512718399 -3.3213267394
1784244804.2469673157 -1.0434356459 -0.0530513002 0.3142674208 1.3249332950 4.3076398595 -4.2080092893 2.0732038407 -3.2727734262
1784244804.2549862862 -1.0407329179 -0.0465352756 0.3230249454 1.3343076220 4.3246809272 -4.5026808311 2.0353751816 -3.3525514526
1784244804.2629697323 -1.0374092928 -0.0387974964 0.3336525665 1.3458124779 4.3950448819 -4.3263139226 2.1539588567 -3.2136019861
1784244804.2709696293 -1.0351083217 -0.0336661270 0.3408136674 1.3534823818 4.2508394521 -4.4938347125 2.1849022752 -3.3166961751
1784244804.2789719105 -1.0322229768 -0.0274216035 0.3495711920 1.3632828147 4.1317907437 -4.6704042232 2.1510306264 -3.4649675204
1784244804.2869763374 -1.0293376320 -0.0212585302 0.3583743288 1.3729980263 4.0348626071 -5.0071762834 2.1049340759 -3.5338025409
1784244804.2949731350 -1.0263792405 -0.0149054062 0.3674967503 1.3828836803 4.1281355962 -5.2151556835 2.1225714022 -3.6420939082
1784244804.3030292988 -1.0235304190 -0.0087423330 0.3762998870 1.3927693342 4.0613432134 -5.6283014028 2.0613068614 -3.7937237945
1784244804.3109319210 -1.0200607006 -0.0013303550 0.3870187323 1.4047855171 4.1769225406 -5.4995659429 2.1797391975 -3.6700620806
1784244804.3189368248 -1.0176501594 0.0035838135 0.3940886089 1.4123701999 4.1378223547 -5.8343453078 2.1867854489 -3.7483425895
1784244804.3270282745 -1.0147282912 0.0096654365 0.4029373578 1.4223410750 4.0338640516 -6.1298070141 2.1298057324 -3.8207028152
1784244804.3349308968 -1.0111490027 0.0168602136 0.4136562031 1.4342720367 3.9667374473 -6.2135641476 2.1361330460 -3.8112537028
1784244804.3429763317 -1.0087384614 0.0216114815 0.4209085282 1.4418567195 4.1411063685 -6.0302087437 2.2769651949 -3.6945811094
1784244804.3509778976 -1.0051956963 0.0286433581 0.4314449250 1.4537024600 4.2612093443 -5.9251165645 2.4210619798 -3.6525707108
1784244804.3589282036 -1.0028947251 0.0330959749 0.4381042927 1.4616280274 4.1817373304 -6.3550056885 2.4018801369 -3.7017853890
1784244804.3669319153 -0.9998998102 0.0389332469 0.4470898779 1.4712580179 4.2091318760 -6.4858079871 2.4144159951 -3.8127959243
1784244804.3749461174 -0.9970144654 0.0444718678 0.4555737299 1.4811436719 4.1640951665 -6.5373405018 2.4298044243 -3.9069388978
1784244804.3829457760 -0.9940560739 0.0499833386 0.4641944182 1.4911145470 4.0339132547 -6.8780061890 2.3723604249 -3.9410733164
1784244804.3909373283 -0.9909881123 0.0556305599 0.4731343913 1.5008297586 4.0706304271 -7.0386334644 2.3551731883 -3.9993931595
1784244804.4007167816 -0.9880662442 0.0610877305 0.4818463038 1.5106301914 3.7254994740 -7.7323713840 2.1874671854 -4.1582043616
1784244804.4087979794 -0.9843408622 0.0676309052 0.4924739249 1.5224759320 4.1847567504 -6.9124425999 2.4609585931 -3.8351906325
1784244804.4169418812 -0.9813824707 0.0731152259 0.5014138979 1.5321911436 4.1024856660 -7.2204472415 2.4551490061 -3.7461513689
1784244804.4249203205 -0.9782779858 0.0785723965 0.5104907073 1.5420767976 3.9878503953 -7.5608864022 2.3700499023 -3.8098420149
1784244804.4329452515 -0.9752465476 0.0838666664 0.5194762925 1.5519624516 4.0401807293 -7.6452114326 2.3693363172 -3.8804791058
1784244804.4408879280 -0.9723977261 0.0889980358 0.5280969808 1.5615072209 4.1165781691 -7.8395695592 2.3574309416 -3.9256194166
1784244804.4488997459 -0.9694028112 0.0940479549 0.5367632813 1.5713928749 4.0396621886 -8.0222977393 2.3450073196 -3.9640912505
1784244804.4587128162 -0.9663713730 0.0991521741 0.5455208059 1.5812785288 3.6789717425 -8.6006087438 2.2097369065 -4.1339427088
1784244804.4666218758 -0.9627555612 0.1051523468 0.5557835301 1.5930390482 3.9438023186 -8.1712726645 2.5484683201 -3.9490281525
1784244804.4729719162 -0.9596510762 0.1101479656 0.5642673821 1.6030951445 3.8742072915 -8.1991374032 2.7234318209 -3.8644304648
1784244804.4809875488 -0.9570579182 0.1142204810 0.5711091982 1.6105946061 3.6106115560 -8.3840701210 2.7823152691 -3.9057529393
1784244804.4906947613 -0.9531864429 0.1200306029 0.5812350861 1.6222699043 3.6718518696 -8.3813884510 2.9327353512 -3.8519774799
1784244804.4986569881 -0.9500819580 0.1248361710 0.5893996533 1.6317294525 3.6772832215 -8.6178549419 3.0054763466 -3.7496440314
1784244804.5050313473 -0.9468313796 0.1295874389 0.5977466690 1.6417003277 3.7659981065 -8.5182515185 3.1110097437 -3.7005957671
1784244804.5129766464 -0.9436903714 0.1343658570 0.6062305210 1.6514155393 3.7816796419 -8.5973122093 3.1985644496 -3.7222482642
1784244804.5209922791 -0.9412798301 0.1379496705 0.6125249918 1.6592558856 3.5950846774 -9.0698464380 3.1451700327 -3.8505258483
1784244804.5289764404 -0.9374448782 0.1435968918 0.6225596555 1.6710164049 3.6965609954 -8.8335146833 3.2294658541 -3.8715000929
1784244804.5369434357 -0.9349978136 0.1470178047 0.6289453505 1.6787715300 3.5983816666 -9.0574654750 3.2017342348 -3.9899085776
1784244804.5449776649 -0.9318933286 0.1514161213 0.6369730815 1.6884015205 3.5542646716 -9.3792749610 3.1714690542 -4.0447091263
1784244804.5529875755 -0.9287888437 0.1559230383 0.6451832608 1.6982871745 3.6194454593 -9.5050726443 3.1563776680 -4.1080747593
1784244804.5609385967 -0.9258669755 0.1601856044 0.6532566039 1.7077467227 3.8142397097 -9.5096471152 3.1475023066 -4.0181679669
1784244804.5689427853 -0.9229085840 0.1644210204 0.6612843348 1.7172062709 3.7676465857 -9.6670509093 3.1513939113 -4.0043399697
1784244804.5769815445 -0.9199136692 0.1687107366 0.6694032899 1.7268362614 3.7607604039 -9.7694338180 3.2329239124 -3.9650865168
1784244804.5849864483 -0.9169918010 0.1728918523 0.6771573482 1.7360401461 3.7183945617 -9.8630811953 3.3155883947 -3.9433811686
1784244804.5930228233 -0.9133394658 0.1778060209 0.6864166060 1.7471188962 3.5895490386 -9.9660869979 3.3734048341 -3.8754965172
1784244804.6010048389 -0.9102349808 0.1819599866 0.6942162764 1.7564932233 3.4500789559 -10.0938346990 3.5220586630 -3.7458773900
1784244804.6107172966 -0.9078609630 0.1850822483 0.7000090141 1.7637370214 3.6433902132 -9.8724552151 3.8250810652 -3.6227647656
1784244804.6169440746 -0.9042086278 0.1896977658 0.7087665387 1.7752418774 3.6262708004 -9.8199155092 3.9130595671 -3.5758404627
1784244804.6249418259 -0.9017615632 0.1927385772 0.7146961127 1.7824004544 3.6098185459 -10.0236881880 3.9470562383 -3.6705633437
1784244804.6328985691 -0.8988762183 0.1964852914 0.7219940499 1.7917747814 3.7185105973 -10.0630679467 3.9426822372 -3.7807740682
1784244804.6408998966 -0.8960273969 0.2000691049 0.7293832113 1.8010638873 3.7271356612 -10.3102714548 3.8789221606 -3.8173406910
1784244804.6489882469 -0.8931420521 0.2038429691 0.7370004333 1.8104382143 3.4000492379 -10.8118775987 3.7308754632 -3.9969803801
1784244804.6587421894 -0.8904028007 0.2073996325 0.7444352068 1.8197273202 3.5396995340 -10.8398911201 3.6793336191 -4.0518838906
1784244804.6668019295 -0.8870791756 0.2117164988 0.7536944646 1.8310617338 3.7245052096 -10.7599971211 3.6440721744 -3.9903190044
1784244804.6747989655 -0.8842668775 0.2151645618 0.7612204623 1.8403508397 3.7659281506 -10.7759704706 3.6661950964 -3.9117134443
1784244804.6828875542 -0.8814911028 0.2186940752 0.7687008480 1.8493842821 3.6158842455 -10.9770942065 3.6976158934 -3.8381852185
1784244804.6909289360 -0.8786057579 0.2220878380 0.7761356215 1.8585881668 3.4047591564 -11.0475964488 3.7182321553 -3.8065522777
1784244804.6989045143 -0.8757569365 0.2252643999 0.7832967224 1.8675363881 3.2244740445 -11.0474028359 3.7592626444 -3.8087604389
1784244804.7068955898 -0.8728715917 0.2283323615 0.7902753748 1.8764846094 3.2950518201 -10.5571674424 3.9750611824 -3.6937980189
1784244804.7149000168 -0.8699132001 0.2314003231 0.7974364757 1.8856884941 3.3122137331 -10.5520906408 4.0630775122 -3.7079281742
1784244804.7229778767 -0.8671739487 0.2343325342 0.8042782918 1.8945514942 3.3341616463 -10.5574825142 4.1024169582 -3.7340051833
1784244804.7309784889 -0.8638138003 0.2376991469 0.8125796954 1.9052041386 3.4678183390 -10.3244933165 4.2090296368 -3.5995753927
1784244804.7389819622 -0.8610015022 0.2404956074 0.8196495721 1.9143228021 3.6150014778 -10.2578966564 4.2908797665 -3.5226134536
1784244804.7470271587 -0.8588831478 0.2425590152 0.8251230250 1.9213961580 3.4864197495 -10.3375974709 4.2299309293 -3.6357738009
1784244804.7549450397 -0.8556690928 0.2455998267 0.8335156528 1.9320488023 3.7266932925 -10.3135878556 4.2461916527 -3.5093261041
1784244804.7629482746 -0.8535872618 0.2476903846 0.8392171662 1.9392073794 3.7098373052 -10.5098343145 4.1403310624 -3.5704497210
1784244804.7709348202 -0.8510306271 0.2501881940 0.8463326550 1.9480703795 3.6897538812 -10.5676808483 4.0194406479 -3.6450774611
1784244804.7790312767 -0.8485105158 0.2525231028 0.8533569195 1.9570186007 3.5200996419 -10.6190210955 3.9498763639 -3.6214746753
1784244804.7887642384 -0.8453329842 0.2554553139 0.8619319957 1.9674155816 3.5557844065 -10.3592004989 4.0919631957 -3.4505480527
1784244804.7967970371 -0.8426302561 0.2576273221 0.8687738119 1.9761933606 3.3050702392 -10.3539682936 4.1326890377 -3.3807329483
1784244804.8048493862 -0.8398544814 0.2598264804 0.8757524643 1.9849711395 3.3195064392 -10.3095839959 4.2206328324 -3.2920012503
1784244804.8147108555 -0.8372613234 0.2619441883 0.8825030562 1.9933228127 3.2262550901 -10.4972575306 4.1868394860 -3.3407856064
1784244804.8227186203 -0.8339742217 0.2644962980 0.8909869082 2.0038902359 3.2356505463 -10.3834515660 4.2230098780 -3.1931172533
1784244804.8307018280 -0.8312714936 0.2664782555 0.8978743365 2.0125827937 2.9904980010 -10.5152322307 4.1529461057 -3.2927650440
1784244804.8369798660 -0.8287513823 0.2682973123 0.9047617647 2.0211049092 3.3054690371 -10.4515511446 4.1963186621 -3.2163035750
1784244804.8449900150 -0.8267791213 0.2697905680 0.9100983813 2.0280078227 3.2278145046 -10.5147333278 4.0804781934 -3.3071684681
1784244804.8529422283 -0.8237111597 0.2719082759 0.9183997848 2.0382343613 3.3077516089 -10.3061101716 4.0715952086 -3.2827593986
1784244804.8626413345 -0.8217754221 0.2731571807 0.9237820135 2.0448816114 3.1419019726 -10.5393503480 4.0205191728 -3.4238036829
1784244804.8689415455 -0.8187805072 0.2750848379 0.9316729081 2.0553638135 3.2254855105 -10.3425918962 4.1188761075 -3.3952907345
1784244804.8769445419 -0.8168812929 0.2762794424 0.9368726884 2.0620110635 3.0072461771 -10.3141313651 4.1231574755 -3.4654503041
1784244804.8850231171 -0.8143977050 0.2776640977 0.9433039955 2.0703627367 2.9873764314 -10.2766616461 4.1371567328 -3.4988298723
1784244804.8929193020 -0.8115488835 0.2791845034 0.9509668296 2.0804188330 3.1017303880 -10.0660140240 4.2250373974 -3.3794124371
1784244804.9009096622 -0.8096131458 0.2801619071 0.9560753857 2.0868104196 2.9585916972 -10.1890861605 4.2062870954 -3.3523814535
1784244804.9109811783 -0.8072391279 0.2813565116 0.9623698565 2.0949064293 2.6855364561 -10.2996872766 4.1077480036 -3.4754692143
1784244804.9189410210 -0.8038789796 0.2828769173 0.9716747264 2.1064965064 3.2109191349 -9.9989860307 4.2705592235 -3.0691863260
1784244804.9269492626 -0.8021258587 0.2836642703 0.9766464461 2.1127176507 2.9983415523 -10.1693749598 4.1407853671 -3.1766050965
1784244804.9350237846 -0.7999709809 0.2845330736 0.9831233654 2.1207284393 3.0995181761 -9.9294266913 4.0506384068 -3.0986128362
1784244804.9429559708 -0.7972682528 0.2855376274 0.9908318116 2.1300175451 3.2159012489 -9.8183051017 4.0850962779 -2.9896727690
1784244804.9509799480 -0.7956247020 0.2860806294 0.9958491434 2.1360682471 3.1603365716 -9.8457480553 4.0065776195 -3.0841768895
1784244804.9589660168 -0.7935428709 0.2867050818 1.0021892264 2.1439938145 2.9537467590 -9.7490843644 3.9191120254 -3.0951531237
1784244804.9669814110 -0.7913879931 0.2872480838 1.0084836972 2.1514080550 3.0988047997 -9.5187778415 3.9585253322 -3.0478719206
1784244804.9749858379 -0.7893792088 0.2876281853 1.0145044954 2.1589075166 3.1151343421 -9.3786426461 3.9749746428 -3.1183319809
1784244804.9829847813 -0.7869686675 0.2879268364 1.0217568205 2.1679409591 3.0205289069 -9.2122327478 3.9707800710 -3.0833832059
1784244804.9909169674 -0.7849233598 0.2880354368 1.0276863945 2.1755256418 3.0437405821 -8.9866998796 4.0833674226 -2.9653826013
1784244804.9989943504 -0.7833893790 0.2881168871 1.0323844415 2.1814911227 3.1135022953 -8.9362679661 4.1787445567 -2.9450027428
1784244805.0069396496 -0.7810884079 0.2880625869 1.0394087061 2.1905245651 3.1935625727 -8.7689630695 4.2206809040 -2.8523930247
1784244805.0149347782 -0.7795909504 0.2879811366 1.0441067532 2.1962343825 3.0991723298 -8.7822421851 4.1417906990 -2.9190674126
1784244805.0228445530 -0.7777647828 0.2878453861 1.0499907150 2.2036486230 3.1794435937 -8.6550863461 4.0831315557 -2.9839524258
1784244805.0309433937 -0.7760481853 0.2875738850 1.0558290648 2.2109776423 3.2885290314 -8.5896904381 4.0242839215 -2.9793459279
1784244805.0389084816 -0.7743681111 0.2872480838 1.0619410872 2.2183918827 3.2557015114 -8.4609638685 3.9542504346 -2.9915351652
1784244805.0468957424 -0.7726515135 0.2868136822 1.0677794370 2.2254652386 3.1731638477 -8.3220402644 3.8888471159 -3.0546361935
1784244805.0549647808 -0.7709714393 0.2862706801 1.0737090109 2.2328794791 2.9591450961 -8.2702243744 3.7838201652 -3.1862295314
1784244805.0629813671 -0.7692913651 0.2858091284 1.0794105244 2.2396971715 3.0033515437 -8.2622851670 3.8753650676 -2.9696765118
1784244805.0709788799 -0.7672825808 0.2850217754 1.0861155042 2.2480488446 3.0379866911 -8.1146542440 3.9674762394 -2.8344268365
1784244805.0789790154 -0.7659677401 0.2843701730 1.0904942665 2.2535882197 3.0302807094 -8.0003539147 3.9790188202 -2.7744200621
1784244805.0869829655 -0.7644337593 0.2835828200 1.0959221073 2.2602354698 3.0082172484 -7.9252351550 3.9756021089 -2.7983677295
1784244805.0949871540 -0.7626441150 0.2825239660 1.1022621902 2.2683314795 3.0546262072 -7.8993856888 4.1030908022 -2.6694397982
1784244805.1029844284 -0.7614023211 0.2817909132 1.1065041162 2.2737856334 2.9523440196 -7.9770650206 4.0552952877 -2.6535401651
1784244805.1109809875 -0.7599413870 0.2808949598 1.1118407328 2.2803476623 2.8713147029 -7.8613375756 4.0465509919 -2.7102599250
1784244805.1189877987 -0.7584804529 0.2798361059 1.1169949010 2.2869096913 2.9093087731 -7.9149005956 4.0722381041 -2.7787411680
1784244805.1269509792 -0.7570925655 0.2788587022 1.1221034570 2.2936421625 2.9153353426 -7.8631886867 4.0450741337 -2.7838250623
1784244805.1349880695 -0.7557412015 0.2777998482 1.1272576252 2.3002041914 3.0286758262 -7.7596345179 4.0120847682 -2.7910200544
1784244805.1429469585 -0.7544994075 0.2766052437 1.1323661812 2.3065957781 3.1082932246 -7.7992739887 3.9878186706 -2.7732506015
1784244805.1509923935 -0.7533306603 0.2754377893 1.1374291251 2.3130725858 3.1482381173 -7.7401291206 3.9288234768 -2.7016225694
1784244805.1607632637 -0.7521619130 0.2742431848 1.1425376812 2.3191232878 3.2972615283 -7.6306073094 3.9215284831 -2.6434530847
1784244805.1688125134 -0.7508835957 0.2725870285 1.1486953157 2.3266227494 3.3520232544 -7.5794289831 3.9272123924 -2.5355569947
1784244805.1768102646 -0.7498244185 0.2711480731 1.1539407081 2.3328438938 3.2378776056 -7.5399458066 3.9425083123 -2.4730200244
1784244805.1848440170 -0.7487652412 0.2696548174 1.1588212036 2.3388093746 3.1879993314 -7.4703564543 3.9526212054 -2.4496963953
1784244805.1928119659 -0.7477425874 0.2681615618 1.1637016991 2.3450305189 3.1619504472 -7.3130925336 3.9450552637 -2.4708779856
1784244805.2008798122 -0.7467929802 0.2664511054 1.1686734188 2.3509959997 3.0507357407 -7.2124305891 3.9205760699 -2.4928074425
1784244805.2090356350 -0.7458068497 0.2647677990 1.1735083022 2.3570467017 3.0119534043 -6.9490638516 3.8353758639 -2.5691003478
1784244805.2187240124 -0.7447111492 0.2625414906 1.1794378762 2.3645461634 3.0754225548 -6.9364479980 3.8512303079 -2.5384077844
1784244805.2267642021 -0.7437980654 0.2607224337 1.1843183717 2.3703412019 2.9903651562 -6.9364967154 3.8045177912 -2.5558983984
1784244805.2349739075 -0.7429215049 0.2587404763 1.1893813156 2.3763919039 2.9693159527 -6.6900166052 3.7033340329 -2.5838654225
1784244805.2447335720 -0.7421179912 0.2566227683 1.1943986474 2.3823573847 2.9513899261 -6.5170884420 3.5907824888 -2.5767801440
1784244805.2528595924 -0.7412049074 0.2541249588 1.2003282214 2.3892602983 3.0489854563 -6.4408901618 3.5873563985 -2.5781802481
1784244805.2610108852 -0.7405109637 0.2518443502 1.2053455532 2.3952257791 2.9684712231 -6.3288108534 3.5383305944 -2.5850649058
1784244805.2708530426 -0.7396709266 0.2492107903 1.2110470667 2.4021286927 2.9318345336 -6.3743089986 3.5835901472 -2.5299850109
1784244805.2788596153 -0.7390135062 0.2468215813 1.2158819501 2.4078385101 2.8166654503 -6.3497973351 3.5917897941 -2.5648367231
1784244805.2869863510 -0.7383560859 0.2445681228 1.2203975487 2.4133778851 2.7908598474 -6.2737225706 3.5763519434 -2.5810615329
1784244805.2967307568 -0.7378082356 0.2422060639 1.2249131474 2.4188320390 2.8064467631 -6.2630417141 3.5759825678 -2.5519936137
1784244805.3047151566 -0.7371508153 0.2394367534 1.2301129276 2.4252236256 2.8051522563 -6.3413190030 3.6482658311 -2.4781360333
1784244805.3127644062 -0.7366394884 0.2370475444 1.2344004657 2.4303368949 2.7311562516 -6.3447532714 3.6750725813 -2.4233658796
1784244805.3208506107 -0.7361646848 0.2346583354 1.2385967796 2.4355353854 2.7343577088 -6.3299557223 3.6964255502 -2.4268420059
1784244805.3289515972 -0.7357629279 0.2322148262 1.2427018693 2.4408190970 2.6944111400 -6.2632048033 3.6846011112 -2.4404130952
1784244805.3387906551 -0.7353611710 0.2297441669 1.2468525711 2.4457619240 2.6286367844 -5.9664398100 3.5972048682 -2.5433231130
1784244805.3467249870 -0.7348863675 0.2267848057 1.2518242908 2.4518126260 2.6419430317 -6.3267096658 3.6396358302 -2.4074379692
1784244805.3547158241 -0.7345941806 0.2242869963 1.2559293805 2.4566702318 2.6005264294 -6.3383916403 3.5952793148 -2.4158701987
1784244805.3627185822 -0.7343385172 0.2218163369 1.2600800822 2.4614426165 2.5943142625 -6.3289033188 3.5118188649 -2.3873849354
1784244805.3707890511 -0.7341193771 0.2192370772 1.2644132325 2.4663854435 2.5921643192 -6.1332752563 3.4183259831 -2.4488945796
1784244805.3789796829 -0.7339732837 0.2165492171 1.2688376069 2.4712430493 2.6413967590 -6.0502607015 3.2301388511 -2.4357059190
1784244805.3870313168 -0.7338271902 0.2138070567 1.2733532055 2.4760154340 2.5527629721 -5.8312415460 3.0388849321 -2.5144812148
1784244805.3949835300 -0.7336445735 0.2104675941 1.2788722705 2.4815548090 2.4754421747 -5.6441614334 2.9321768042 -2.5002239729
1784244805.4030351639 -0.7335350034 0.2083227360 1.2823844028 2.4851340975 2.3669014508 -5.6539897340 2.7361562926 -2.4869117700
1784244805.4127321243 -0.7334254334 0.2049832734 1.2878122436 2.4905030303 2.3028301447 -5.6770601909 2.6556513255 -2.4273580171
1784244805.4207065105 -0.7333158633 0.2020239123 1.2925102907 2.4946788669 2.1693591114 -5.6288166718 2.5605270381 -2.3959439580
1784244805.4287209511 -0.7332428166 0.1991731515 1.2971171136 2.4991103669 2.0611607900 -5.7151621334 2.4567789479 -2.3386773260
1784244805.4349980354 -0.7331697699 0.1963223907 1.3017239364 2.5034566458 1.9572972406 -5.7774151300 2.4060557750 -2.4016070891
1784244805.4448096752 -0.7330967232 0.1934173298 1.3063307593 2.5077177036 1.7976850457 -5.7516157703 2.2987713841 -2.3647009116
1784244805.4529323578 -0.7329871531 0.1904851187 1.3111656427 2.5119787613 1.7660539382 -5.7395036820 2.1913022262 -2.4361459753
1784244805.4627890587 -0.7329871531 0.1876343580 1.3157724655 2.5164102614 1.7176159699 -5.8670197303 2.1387627491 -2.5233855948
1784244805.4707255363 -0.7329871531 0.1842948954 1.3211090821 2.5215235307 1.6083297270 -6.0349231907 2.1419548565 -2.5426962464
1784244805.4787235260 -0.7329506298 0.1815527350 1.3254422323 2.5256141461 1.4599104506 -6.0550161940 2.1145009106 -2.5371440644
1784244805.4867253304 -0.7329506298 0.1787834246 1.3298209946 2.5295343192 1.3754430175 -6.2893592449 2.1837370132 -2.4854245919
1784244805.4947099686 -0.7329506298 0.1760412642 1.3340629206 2.5335397135 1.2744448414 -6.2073103961 2.1723714875 -2.5033714652
1784244805.5026493073 -0.7329506298 0.1732991039 1.3382136224 2.5373746655 1.1502793546 -6.2448616590 2.1706022972 -2.4869805644
1784244805.5106849670 -0.7329506298 0.1704754932 1.3425011605 2.5410391751 1.0380531353 -6.3685851087 2.1713326022 -2.4595438069
1784244805.5187857151 -0.7329871531 0.1678147832 1.3466062502 2.5449593483 0.9022285519 -6.2981650494 2.1272054788 -2.4673302598
1784244805.5268614292 -0.7329871531 0.1649640224 1.3508481762 2.5485386368 0.7651651819 -6.2837233065 2.0915664789 -2.4630658662
1784244805.5367288589 -0.7329871531 0.1621947120 1.3549532659 2.5522031464 0.6179409513 -6.1201514025 2.0056394216 -2.5133404563
1784244805.5447921753 -0.7330236765 0.1586651987 1.3601530461 2.5567198676 0.5298187559 -6.1065228000 1.9425282631 -2.4971033154
1784244805.5529816151 -0.7330236765 0.1557601377 1.3643949721 2.5602139350 0.3729476867 -5.9180529685 1.8354434687 -2.5215283107
1784244805.5628061295 -0.7330236765 0.1527193262 1.3687737345 2.5637932235 0.2177122025 -5.7384324503 1.6714937181 -2.5668471752
1784244805.5708663464 -0.7330236765 0.1491626628 1.3740191268 2.5678838389 0.1464949483 -5.7206332066 1.5887079236 -2.5288485295
1784244805.5789091587 -0.7330601998 0.1461218513 1.3783978891 2.5712074640 -0.0192241181 -5.6414447724 1.5404666957 -2.5686142088
1784244805.5887179375 -0.7330601998 0.1430810399 1.3825029788 2.5746163102 -0.1331539649 -5.3648958421 1.4359037303 -2.5944542240
1784244805.5969059467 -0.7330967232 0.1392800255 1.3877027591 2.5783660410 -0.2357656575 -5.4068253818 1.4405217589 -2.5572808522
1784244805.6066484451 -0.7331332466 0.1361577637 1.3917622366 2.5816044449 -0.3976368259 -5.3052006040 1.4335927534 -2.5906064315
1784244805.6148059368 -0.7331697699 0.1323838995 1.3966427322 2.5853541757 -0.3990330184 -5.0933309796 1.4005497509 -2.5947636422
1784244805.6229982376 -0.7332062933 0.1292887878 1.4005653734 2.5881664738 -0.6393606523 -5.4536126758 1.5260037051 -2.5200521876
1784244805.6327242851 -0.7332793400 0.1255420737 1.4050353599 2.5917457623 -0.6856946624 -5.5105842821 1.6168533741 -2.4914362136
1784244805.6408755779 -0.7333523867 0.1225555624 1.4085931043 2.5945580604 -0.7755088969 -5.5283274904 1.6892156975 -2.5053107774
1784244805.6507210732 -0.7334619567 0.1194333006 1.4121964608 2.5974555797 -0.8333882158 -5.4484551638 1.6433793125 -2.5502153358
1784244805.6588101387 -0.7336080501 0.1156865865 1.4166664474 2.6007792047 -0.9272435049 -5.6830532614 1.6593675332 -2.5681430173
1784244805.6668560505 -0.7337176202 0.1127815255 1.4201785796 2.6035062817 -1.0901534581 -5.5983639627 1.5569255502 -2.5800113623
1784244805.6748178005 -0.7338271902 0.1097950143 1.4240099967 2.6059776952 -1.2461999946 -5.6305190235 1.4581339006 -2.6058836417
1784244805.6829125881 -0.7339367603 0.1069171034 1.4276589653 2.6086195510 -1.3227873898 -5.5945949916 1.3405397053 -2.6398803599
1784244805.6909620762 -0.7340828537 0.1039034420 1.4315359944 2.6111761856 -1.3435334355 -5.3727282196 1.2137943158 -2.6490853675
1784244805.6989972591 -0.7342289471 0.1009712310 1.4352761872 2.6134771568 -1.5446159868 -5.2940754573 1.1174268340 -2.6154810375
1784244805.7069869041 -0.7343385172 0.0979032694 1.4390619921 2.6156929068 -1.6623782455 -5.1022230067 1.0488239625 -2.5978530744
1784244805.7149512768 -0.7344846106 0.0948624579 1.4427109607 2.6179086568 -1.7958228419 -4.8903848780 1.0267727137 -2.5739572491
1784244805.7229967117 -0.7345941806 0.0917401961 1.4461318688 2.6199539646 -1.8026085566 -4.4741814401 0.9655780190 -2.6022471107
1784244805.7310388088 -0.7347767974 0.0877762812 1.4505106311 2.6223401569 -1.9044979921 -4.4554763606 0.9933144810 -2.5371165671
1784244805.7407310009 -0.7349228908 0.0845182689 1.4538859271 2.6243854646 -2.0153199293 -4.3284115116 1.0333530213 -2.5185414419
1784244805.7469921112 -0.7350689842 0.0810973560 1.4573524473 2.6262603300 -2.2397907569 -4.2823556167 1.1165395025 -2.4849089680
1784244805.7550013065 -0.7351420309 0.0784637961 1.4599523374 2.6277090896 -2.3378244456 -4.0744294573 1.0897613102 -2.4993159094
1784244805.7629549503 -0.7353611710 0.0743912807 1.4639662028 2.6299248397 -2.3344606306 -4.0833618237 1.0946363136 -2.4808188706
1784244805.7709965706 -0.7355437878 0.0717305706 1.4665204809 2.6312883782 -2.3564003364 -4.0085669150 1.0383977710 -2.5054874576
1784244805.7789852619 -0.7358359746 0.0677123555 1.4705343463 2.6333336859 -2.4069938861 -4.0475009892 1.0351962336 -2.4907206965
1784244805.7869868279 -0.7360551147 0.0650244953 1.4732254607 2.6346120032 -2.5134463466 -3.8298269155 0.9392378058 -2.5312708400
1784244805.7949972153 -0.7363107782 0.0616307325 1.4765551445 2.6362312051 -2.5507084770 -3.7961419217 0.9055362461 -2.5720475175
1784244805.8047130108 -0.7366029650 0.0583184200 1.4797479920 2.6378504071 -2.5455702273 -3.3943610945 0.8282393150 -2.5964624692
1784244805.8127250671 -0.7369681985 0.0543816552 1.4835337970 2.6395548302 -2.6955765649 -3.9907192173 0.9365690052 -2.5177715426
1784244805.8207242489 -0.7372603853 0.0510693427 1.4866354203 2.6409183687 -2.8073580105 -4.0380404278 0.9998445699 -2.5050916074
1784244805.8287363052 -0.7375890955 0.0478384805 1.4895089831 2.6421966860 -2.8640159800 -4.0262390692 1.0304054843 -2.4954319337
1784244805.8350050449 -0.7379543290 0.0445804682 1.4924281579 2.6434750033 -2.8695949023 -3.9300157599 1.0322013689 -2.4946987360
1784244805.8447024822 -0.7382830392 0.0419740584 1.4946175391 2.6444124360 -2.8335320461 -3.5489073553 0.9873046543 -2.5163672126
1784244805.8526926041 -0.7388674128 0.0380101434 1.4982665077 2.6458611956 -2.7974804466 -3.8447140503 0.9927794098 -2.5111010248
1784244805.8607275486 -0.7394152631 0.0347792812 1.5011400705 2.6469690707 -2.7924984967 -3.8205943169 0.9250808857 -2.5144348594
1784244805.8687119484 -0.7399631134 0.0314669687 1.5043329180 2.6479917245 -2.8477285294 -3.6541048286 0.8415980625 -2.5185729605
1784244805.8768157959 -0.7405109637 0.0281546562 1.5073433171 2.6490143784 -2.9163671906 -3.4495858451 0.7614151237 -2.5139227260
1784244805.8848533630 -0.7410953373 0.0247337433 1.5103537162 2.6498665899 -2.9199049681 -3.3415651568 0.7280631429 -2.5198218249
1784244805.8928604126 -0.7417162343 0.0213942807 1.5133185032 2.6507188015 -2.9796334019 -3.1928720936 0.6656845451 -2.5003386826
1784244805.9009571075 -0.7423371313 0.0180005179 1.5162832902 2.6514005707 -2.9966833652 -2.9944467824 0.6080152612 -2.4985049323
1784244805.9127426147 -0.7429945516 0.0144710046 1.5193849135 2.6521675611 -3.0135912101 -2.6446764669 0.5334818875 -2.5062241942
1784244805.9208498001 -0.7439441588 0.0093667853 1.5236724516 2.6531049938 -3.2035897089 -2.5159879218 0.5070589056 -2.4655662034
1784244805.9289164543 -0.7446015791 0.0057829718 1.5266828507 2.6536163207 -3.3081715603 -2.3470715556 0.4520002007 -2.4948215706
1784244805.9387378693 -0.7452589994 0.0021991583 1.5296020256 2.6542128688 -3.3150090965 -2.2791809350 0.4594401629 -2.4888942720
1784244805.9467403889 -0.7461355599 -0.0020091076 1.5329317094 2.6547241957 -3.3745195674 -2.3281982945 0.5043023062 -2.5141370048
1784244805.9547343254 -0.7468660269 -0.0054571706 1.5356228238 2.6552355227 -3.4761823247 -2.3518088250 0.5688373052 -2.5223484037
1784244805.9627361298 -0.7475964940 -0.0089323837 1.5380858776 2.6555764073 -3.5363410088 -2.3392565801 0.6180514985 -2.5418566031
1784244805.9708003998 -0.7483269610 -0.0123804467 1.5405945435 2.6559172919 -3.5041968795 -2.0065058435 0.5908790562 -2.5480331595
1784244805.9789512157 -0.7491304748 -0.0158013596 1.5429663731 2.6560877342 -3.5421505589 -2.2188677842 0.6609879491 -2.5585958717
1784244805.9887609482 -0.7500070352 -0.0192494226 1.5454750390 2.6563433977 -3.3734072246 -2.1660010364 0.6193350492 -2.5342656228
1784244805.9970149994 -0.7511757825 -0.0232404877 1.5485310502 2.6563433977 -3.3123434222 -2.3529675069 0.6363038675 -2.5296938138
1784244806.0067765713 -0.7524540998 -0.0272858530 1.5514958372 2.6564286188 -3.2740083048 -2.3071447449 0.6006408957 -2.5019839014
1784244806.0149166584 -0.7535498004 -0.0306524657 1.5539588910 2.6564286188 -3.1361856396 -1.9370065613 0.5479826923 -2.5122766328
1784244806.0247137547 -0.7547185476 -0.0340190784 1.5565131690 2.6564286188 -3.1548478734 -2.0606985651 0.5100784846 -2.5797399537
1784244806.0327007771 -0.7561429584 -0.0379829933 1.5594323439 2.6564286188 -3.0795400812 -1.7660023601 0.4682069498 -2.5953023042
1784244806.0406990051 -0.7573117056 -0.0412138555 1.5616673371 2.6563433977 -3.1249814757 -1.7764115642 0.4837994040 -2.6235339935
1784244806.0486800671 -0.7584439296 -0.0445261680 1.5641303910 2.6563433977 -3.4017192405 -1.7939738880 0.4863483848 -2.6918466977
1784244806.0567245483 -0.7595396301 -0.0477027300 1.5661829358 2.6562581765 -3.5468412489 -1.6399026717 0.4944501365 -2.7566599530
1784244806.0647847652 -0.7606353307 -0.0510964928 1.5686003775 2.6562581765 -3.6393047101 -1.4258427284 0.4405414666 -2.8163141438
1784244806.0726966858 -0.7618406013 -0.0545717059 1.5709722071 2.6561729554 -3.6660261680 -1.4093730495 0.4055606129 -2.8806083547
1784244806.0807292461 -0.7630093486 -0.0578568683 1.5732984246 2.6561729554 -3.5794676420 -1.0771699783 0.3482581947 -2.8914334211
1784244806.0887789726 -0.7642876659 -0.0612234810 1.5755790299 2.6560025131 -3.6251780427 -1.0010949805 0.2442670385 -2.9832653305
1784244806.0967853069 -0.7655294599 -0.0646443939 1.5780420837 2.6559172919 -3.6543473612 -0.8552141344 0.1808465005 -3.0369487977
1784244806.1047325134 -0.7668077772 -0.0680381567 1.5804595254 2.6558320708 -3.6121667729 -0.7173709548 0.1366670396 -3.0974517336
1784244806.1127851009 -0.7681956646 -0.0714590696 1.5827401308 2.6557468496 -3.5889985289 -0.6162697603 0.0976336379 -3.1236923441
1784244806.1208610535 -0.7695835519 -0.0748528324 1.5851575725 2.6555764073 -3.6396405062 -0.4966345337 0.1006149591 -3.1622321039
1784244806.1289138794 -0.7709349160 -0.0782737453 1.5872557295 2.6554059650 -3.6434136229 -0.3830441403 0.1066625162 -3.2070678680
1784244806.1388702393 -0.7723593267 -0.0816403580 1.5894451106 2.6552355227 -3.4894843677 0.0683253514 0.0521065518 -3.2106171949
1784244806.1486539841 -0.7740394009 -0.0857400235 1.5921362250 2.6550650804 -3.7289533390 -0.1450100262 0.0565229262 -3.3118263791
1784244806.1568174362 -0.7757194751 -0.0897310886 1.5947361151 2.6548094169 -3.6892230225 -0.0395848565 0.0504918692 -3.3142456443
1784244806.1649167538 -0.7771804092 -0.0929891009 1.5967430478 2.6546389746 -3.8367038517 -0.2450979242 0.1139800908 -3.4027917398
1784244806.1729607582 -0.7786413433 -0.0962471132 1.5988412048 2.6544685323 -3.7617599679 -0.1284534904 0.1004273938 -3.4378578781
1784244806.1809899807 -0.7802118474 -0.0994508252 1.6008481375 2.6542128688 -3.5892735089 -0.1678900251 0.1171931621 -3.4705641923
1784244806.1889963150 -0.7821110617 -0.1031160891 1.6030831308 2.6539572054 -3.5324084890 -0.0167296432 0.1110341552 -3.4926816389
1784244806.1986839771 -0.7833893790 -0.1055595983 1.6044514940 2.6537015419 -3.7246621801 -0.2536357162 0.1610126197 -3.5554043613
1784244806.2069165707 -0.7852885933 -0.1092248621 1.6067777115 2.6533606573 -3.7860101416 -0.2033967174 0.1695371654 -3.5731778335
1784244806.2150192261 -0.7869321442 -0.1123199738 1.6086021958 2.6530197726 -3.7829331752 0.0004466918 0.1642101749 -3.6008390852
1784244806.2247400284 -0.7889409286 -0.1159309374 1.6106547406 2.6525084457 -3.7757755394 -0.0938965831 0.1622041779 -3.6012627319
1784244806.2328028679 -0.7906210027 -0.1189717489 1.6125704491 2.6520823399 -3.7173555830 0.0239756408 0.1126725684 -3.6212263466
1784244806.2408268452 -0.7923741236 -0.1219582602 1.6144861577 2.6516562342 -3.7173080648 0.1358989219 0.0645818361 -3.6243382730
1784244806.2489578724 -0.7941272445 -0.1249719215 1.6163562541 2.6510596861 -3.5456798351 0.4604726563 0.0286303957 -3.6240245833
1784244806.2587561607 -0.7958803654 -0.1279312827 1.6181351263 2.6505483592 -3.4953937972 0.7387317114 -0.0240947319 -3.6332618196
1784244806.2668004036 -0.7978891498 -0.1315150962 1.6204157316 2.6499518111 -3.9411398344 0.4087631186 -0.0420520642 -3.6881100074
1784244806.2747423649 -0.7996057474 -0.1343658570 1.6221946038 2.6493552630 -4.0682218385 0.4912576556 -0.0518947372 -3.7079042789
1784244806.2826967239 -0.8012492982 -0.1372709179 1.6239734760 2.6487587149 -4.1085813634 0.5610492349 -0.0627911758 -3.7294978599
1784244806.2907316685 -0.8029658958 -0.1401488288 1.6257067361 2.6480769457 -3.9819801846 0.8678866719 -0.1023005163 -3.7299899164
1784244806.2988190651 -0.8047920634 -0.1430538898 1.6274856083 2.6473951764 -3.8527644897 0.9946017184 -0.1268851339 -3.7482986376
1784244806.3068528175 -0.8066547543 -0.1459589507 1.6292644805 2.6467134072 -3.8448191701 0.9366647589 -0.1521501516 -3.8091197943
1784244806.3148267269 -0.8084809219 -0.1487825614 1.6309977406 2.6460316379 -3.6769618323 1.2581927774 -0.1868560399 -3.8073129693
1784244806.3229985237 -0.8102705662 -0.1516604722 1.6328222249 2.6453498687 -4.0479308515 1.2021782789 -0.1905259585 -3.8571883077
1784244806.3309562206 -0.8120602104 -0.1545112330 1.6344186486 2.6446680995 -4.0758638259 1.3055328634 -0.1592774814 -3.8691573553
1784244806.3390057087 -0.8138498547 -0.1572805434 1.6358782361 2.6439011091 -4.1173267776 1.3303800075 -0.1436819801 -3.9061522811
1784244806.3470017910 -0.8159682091 -0.1605114056 1.6376571083 2.6429636764 -4.1508219322 1.2655582931 -0.1264603997 -3.9072082449
1784244806.3550055027 -0.8177943767 -0.1631721157 1.6392079199 2.6421114648 -4.1253855598 1.2172953651 -0.0894696523 -3.9223938540
1784244806.3629639149 -0.8193283575 -0.1652355235 1.6403026105 2.6414296956 -4.0223029473 1.3693847045 -0.1002484605 -3.9099814374
1784244806.3709099293 -0.8212275718 -0.1678419333 1.6417621979 2.6404922629 -3.9119396870 1.3635410714 -0.1323516563 -3.9030590153
1784244806.3790199757 -0.8231633095 -0.1702854425 1.6432217854 2.6395548302 -3.9279877488 1.3084974006 -0.1648319769 -3.8814156660
1784244806.3870072365 -0.8255008040 -0.1732719538 1.6450462697 2.6384469552 -3.9804571874 1.1491063888 -0.1526991355 -3.8992052513
1784244806.3950119019 -0.8274730650 -0.1756883129 1.6464602450 2.6373390801 -4.0069944949 1.2040214091 -0.1706487758 -3.8962190001
1784244806.4029982090 -0.8294818494 -0.1781046720 1.6478742204 2.6361459840 -3.8965254075 1.3052122481 -0.1607465215 -3.8965775933
1784244806.4109134674 -0.8315636804 -0.1804667309 1.6492881957 2.6351233301 -3.8371566627 1.3516345308 -0.1569499099 -3.9012808666
1784244806.4190082550 -0.8332437546 -0.1823129379 1.6502916621 2.6341006763 -3.5869576284 1.6023136547 -0.1809433752 -3.8745757803
1784244806.4269609451 -0.8353255857 -0.1846206966 1.6517968616 2.6329928013 -3.7548312070 1.5117417571 -0.1988005515 -3.9068010853
1784244806.4349720478 -0.8373708934 -0.1868198549 1.6529371643 2.6318849262 -3.8587282195 1.4622296250 -0.1939138413 -3.8981206615
1784244806.4430320263 -0.8393796778 -0.1889375629 1.6541230791 2.6306918301 -3.6703985713 1.7326504910 -0.1983220397 -3.8839706861
1784244806.4509627819 -0.8417171723 -0.1916254230 1.6556282786 2.6292430704 -4.1252382214 1.5927634564 -0.1421046980 -3.9538402042
1784244806.4589293003 -0.8433241998 -0.1933087294 1.6565405208 2.6283056377 -4.1282232977 1.6986861746 -0.1442360970 -3.9642556300
1784244806.4688215256 -0.8453329842 -0.1954535875 1.6576808235 2.6270273204 -4.0279374047 1.5986850577 -0.1552384447 -3.9703888742
1784244806.4769973755 -0.8478896188 -0.1979242468 1.6590947988 2.6254933396 -3.9895025962 1.5325038442 -0.1715729506 -3.9946813910
1784244806.4850037098 -0.8504462535 -0.2004220562 1.6605543862 2.6239593588 -4.0783833911 1.6572913240 -0.1945665764 -4.0312081524
1784244806.4929654598 -0.8524550378 -0.2024583139 1.6617859131 2.6226810415 -4.0617813497 1.7522014337 -0.1967362528 -4.0559774464
1784244806.5009591579 -0.8542081587 -0.2040330198 1.6626981553 2.6215731665 -3.8747863425 1.9575220528 -0.2361431519 -4.0499441187
1784244806.5106873512 -0.8563630365 -0.2060149773 1.6638384580 2.6202096280 -3.7055549174 2.1321837018 -0.2994389706 -4.0257628271
1784244806.5187273026 -0.8590657646 -0.2084584865 1.6653892696 2.6185052049 -3.5645266941 2.3172359397 -0.3250135730 -4.0092768838
1784244806.5266785622 -0.8613302124 -0.2103589937 1.6664839602 2.6170564453 -3.7688079098 2.1548785370 -0.2947424029 -4.0173885984
1784244806.5348582268 -0.8635581369 -0.2122866510 1.6675330387 2.6154372433 -3.8216947340 2.2213153612 -0.2710765484 -3.9970103327
1784244806.5429191589 -0.8658225847 -0.2142686085 1.6685821172 2.6138180414 -3.7836943670 2.3394209060 -0.2731869359 -3.9882561248
1784244806.5510108471 -0.8681235559 -0.2162234158 1.6696768077 2.6121988395 -3.7199494873 2.5395575766 -0.2875218802 -3.9798812191
1784244806.5589585304 -0.8707897606 -0.2184768743 1.6709995589 2.6102387529 -3.7148879090 2.4903555821 -0.2852614587 -3.9792988369
1784244806.5670087337 -0.8729811617 -0.2203230813 1.6720030252 2.6086195510 -3.8292113217 2.5668073815 -0.2939938461 -3.9961193822
1784244806.5749819279 -0.8752821329 -0.2221421382 1.6730521037 2.6068299067 -3.7831096976 2.6174341812 -0.3162648411 -3.9837316347
1784244806.5829670429 -0.8771083005 -0.2235539435 1.6738731216 2.6055515894 -3.5335548981 2.7776190241 -0.3252243053 -3.9921813540
1784244806.5909724236 -0.8794823184 -0.2253187002 1.6748309759 2.6039323874 -3.5563377620 2.8566802937 -0.3571290344 -3.9993708792
1784244806.6007337570 -0.8817467662 -0.2270563067 1.6758344423 2.6022279643 -3.2777938516 3.1174857223 -0.3894901915 -3.9757544112
1784244806.6088328362 -0.8845225410 -0.2291468646 1.6770659692 2.6001826566 -3.7496892601 2.9429115519 -0.3746381866 -4.0721473811
1784244806.6169590950 -0.8868235122 -0.2308844712 1.6779782113 2.5985634547 -3.8028636252 2.9672809225 -0.3466232862 -4.0685790689
1784244806.6267514229 -0.8891244833 -0.2325406274 1.6788448414 2.5966885893 -3.5141181686 3.2225072610 -0.3668135807 -4.0363554446
1784244806.6348578930 -0.8919002581 -0.2345225849 1.6798939198 2.5944728392 -3.6925477343 3.0631941901 -0.3259216032 -4.0580593412
1784244806.6429648399 -0.8942377526 -0.2360972908 1.6807149378 2.5926831950 -3.7037480744 3.1505532367 -0.3261691501 -4.0501443959
1784244806.6510052681 -0.8965387238 -0.2376991469 1.6815815678 2.5908083296 -3.6293805048 3.2231888824 -0.3558617460 -4.0733221627
1784244806.6590089798 -0.8989127417 -0.2391924025 1.6824481979 2.5890186853 -3.5151659260 3.2030201929 -0.3878436125 -4.0955907620
1784244806.6669979095 -0.9012502362 -0.2406313579 1.6833148279 2.5872290411 -3.4049026723 3.2761354278 -0.4103000229 -4.1300789515
1784244806.6767387390 -0.9036607775 -0.2420703134 1.6841814579 2.5855246180 -3.4841527867 3.3165017203 -0.4464085930 -4.1516763348
1784244806.6847693920 -0.9064730756 -0.2437807698 1.6853217606 2.5833088680 -3.5841660692 3.2663411799 -0.4524766772 -4.1688031057
1784244806.6929047108 -0.9088105701 -0.2450839747 1.6861427786 2.5814340025 -3.6987939299 3.3416137032 -0.4736822369 -4.1768218349
1784244806.7027230263 -0.9110750179 -0.2464414799 1.6870550207 2.5794739160 -3.6959539571 3.3631539500 -0.5179318593 -4.1511375503
1784244806.7108573914 -0.9139238394 -0.2480161858 1.6881497113 2.5770877236 -3.8192233319 3.4016839406 -0.5413228582 -4.1435659624
1784244806.7190096378 -0.9161517639 -0.2492922406 1.6890163413 2.5751276371 -3.5539815397 3.5384453119 -0.5763694719 -4.1127416949
1784244806.7286651134 -0.9184892584 -0.2505411453 1.6899285835 2.5730823294 -3.6310016047 3.5888040511 -0.6238551743 -4.1077246590
1784244806.7368659973 -0.9213015565 -0.2520072509 1.6910232741 2.5706109159 -3.6747298942 3.5927647014 -0.5948250025 -4.1334477814
1784244806.7449042797 -0.9236025277 -0.2531747053 1.6917986799 2.5685656082 -3.5576479353 3.7377642812 -0.6072077028 -4.1290137388
1784244806.7529964447 -0.9257939288 -0.2543964599 1.6926653099 2.5666055216 -3.7173349202 3.7879191824 -0.6076645290 -4.1923812621
1784244806.7627396584 -0.9285331802 -0.2557268149 1.6936231642 2.5643045504 -3.7322673681 3.7870766244 -0.5745779142 -4.2078955632
1784244806.7690098286 -0.9308341514 -0.2568399691 1.6943073458 2.5620888004 -3.5824918348 3.9167218751 -0.5810559600 -4.1805666910
1784244806.7769610882 -0.9326237957 -0.2576816223 1.6949003032 2.5605548196 -3.4522103168 4.0306312404 -0.5986970285 -4.1651326029
1784244806.7849662304 -0.9347786735 -0.2587676264 1.6957213211 2.5585095119 -3.6933336416 3.9916162780 -0.6479682605 -4.1906528810
1784244806.7929773331 -0.9369700746 -0.2597178799 1.6964967270 2.5564642042 -3.5977614224 3.9362241007 -0.6519183831 -4.1834593862
1784244806.8027818203 -0.9391979991 -0.2606409834 1.6972265207 2.5544188964 -3.8154795763 3.9631203589 -0.6839409146 -4.1730813643
1784244806.8108301163 -0.9417181104 -0.2617812877 1.6981387628 2.5517770406 -3.8220817922 4.0378531612 -0.6943887132 -4.2352482367
1784244806.8189237118 -0.9439095115 -0.2627043912 1.6988685566 2.5498169541 -3.7548909553 4.0926718875 -0.6730659513 -4.2480042582
1784244806.8270256519 -0.9461009126 -0.2636003446 1.6994615140 2.5476864252 -3.6160630836 4.1211044636 -0.6604914949 -4.2811359124
1784244806.8366544247 -0.9487671173 -0.2646048984 1.7002369198 2.5453002329 -3.8196836750 4.1153931618 -0.6581411612 -4.3093132561
1784244806.8447363377 -0.9508854717 -0.2653922514 1.7009211014 2.5431697040 -3.8739631422 4.1962821493 -0.6689357903 -4.3470917707
1784244806.8528211117 -0.9530038262 -0.2662067544 1.7015596709 2.5412096174 -3.7991805830 4.2162031778 -0.6869121957 -4.3443731606
1784244806.8608658314 -0.9551952273 -0.2669398072 1.7022438525 2.5389938674 -3.5736573707 4.2983935336 -0.7056808282 -4.3028785959
1784244806.8689622879 -0.9572770583 -0.2676728600 1.7030192583 2.5367781174 -3.7080474208 4.2435094821 -0.7876819647 -4.2633516400
1784244806.8787701130 -0.9594684595 -0.2682973123 1.7037946642 2.5345623674 -3.4138280989 4.3320017440 -0.8112226459 -4.1955221160
1784244806.8868637085 -0.9620250941 -0.2690303651 1.7045700700 2.5316648481 -3.4287888164 4.3215580619 -0.8407409981 -4.1469853038
1784244806.8949625492 -0.9641069252 -0.2696276673 1.7052086395 2.5293638769 -3.7160220177 4.3445033327 -0.8275080263 -4.1641243707
1784244806.9046692848 -0.9661522329 -0.2701706694 1.7058472090 2.5270629057 -3.7552690143 4.4225664965 -0.8469980839 -4.1752204944
1784244806.9108014107 -0.9685627741 -0.2708222718 1.7066682269 2.5243358288 -3.8411645498 4.3825771363 -0.8417105236 -4.1881260153
1784244806.9189734459 -0.9700602316 -0.2711480731 1.7071243480 2.5226314057 -3.8336696413 4.4074184824 -0.8158081202 -4.2338457965
1784244806.9287443161 -0.9721055393 -0.2716096248 1.7076260812 2.5204156557 -3.8430987833 4.3949589174 -0.7971372022 -4.2477359431
1784244806.9367024899 -0.9745160805 -0.2720983267 1.7082646507 2.5176033575 -3.6819020534 4.4719685326 -0.8097063366 -4.2292732830
1784244806.9447028637 -0.9764883415 -0.2725327283 1.7088119960 2.5153876075 -3.7078801029 4.5450260432 -0.8209321018 -4.2734111129
1784244806.9527068138 -0.9784971259 -0.2729399798 1.7093137292 2.5132570786 -3.6052171786 4.6095819838 -0.8267316603 -4.3075692236
1784244806.9607822895 -0.9804693869 -0.2732929312 1.7098154624 2.5112117709 -3.5960126252 4.6584454219 -0.8404570602 -4.3514825673
1784244806.9689712524 -0.9825146946 -0.2736187324 1.7102715834 2.5089960209 -3.5487317656 4.6140065757 -0.8231827157 -4.4090528288
1784244806.9788343906 -0.9845965257 -0.2739173835 1.7106820924 2.5067802709 -3.6828844193 4.6894958831 -0.8182719033 -4.4171254129
1784244806.9868910313 -0.9868609735 -0.2742703349 1.7111838256 2.5041384151 -3.6923317327 4.7180979390 -0.8040282287 -4.4245599853
1784244806.9949352741 -0.9887967112 -0.2745146858 1.7115031103 2.5019226650 -3.7225488606 4.7326470239 -0.7750900500 -4.3976002409
1784244807.0030157566 -0.9906594022 -0.2747318866 1.7117767830 2.4995364727 -3.6898908965 4.7175949178 -0.7689713371 -4.3908513812
1784244807.0127048492 -0.9928508033 -0.2749219373 1.7121872920 2.4968093957 -3.6175356058 4.6969981297 -0.7657182735 -4.3681238240
1784244807.0208349228 -0.9947134942 -0.2750576878 1.7124153525 2.4945084246 -3.6022098237 4.7362751866 -0.7523180497 -4.3604496961
1784244807.0289638042 -0.9965761852 -0.2751934383 1.7126434130 2.4922074534 -3.5266213761 4.7900448156 -0.7353041819 -4.3474514332
1784244807.0387449265 -0.9983658294 -0.2753291888 1.7128714736 2.4898212610 -3.4747200572 4.8593625406 -0.7253756109 -4.3174290128
1784244807.0467321873 -1.0005207072 -0.2754106392 1.7130995341 2.4869237418 -3.6824665916 4.8992992224 -0.6973957701 -4.3633225240
1784244807.0547294617 -1.0022738281 -0.2754920895 1.7131451462 2.4847079918 -3.6827240579 4.9423560462 -0.7009304561 -4.3466773085
1784244807.0627412796 -1.0039904257 -0.2755463897 1.7133275946 2.4822365783 -3.6257185129 4.9853875492 -0.6940658094 -4.3281115386
1784244807.0690283775 -1.0057800699 -0.2755735398 1.7133732067 2.4798503859 -3.6043612973 5.0376966247 -0.6846316762 -4.3266990243
1784244807.0770099163 -1.0075331908 -0.2756006899 1.7134188189 2.4775494147 -3.5580489592 5.0845041525 -0.6697753746 -4.3266118435
1784244807.0849659443 -1.0092497884 -0.2756278400 1.7134644310 2.4751632224 -3.5961780393 5.1835510885 -0.6758412102 -4.3547291062
1784244807.0946490765 -1.0105646290 -0.2756278400 1.7134644310 2.4734587993 -3.5469894850 5.2464100464 -0.6766244602 -4.3613359299
1784244807.1009311676 -1.0126464601 -0.2756006899 1.7134188189 2.4705612800 -3.5218406555 5.2590687451 -0.6912319250 -4.3802029365
1784244807.1089131832 -1.0139613008 -0.2755735398 1.7134644310 2.4687716358 -3.4140228176 5.3020738067 -0.6994222767 -4.4034965070
1784244807.1186964512 -1.0156413750 -0.2755192396 1.7134644310 2.4665558858 -3.2835571388 5.3537187569 -0.7335584172 -4.3806012560
1784244807.1250016689 -1.0176501594 -0.2755192396 1.7134644310 2.4636583665 -3.3972464157 5.4773482614 -0.7342450240 -4.4019319681
1784244807.1329975128 -1.0193302336 -0.2755192396 1.7134644310 2.4613573953 -3.4194859157 5.5701181053 -0.7598117383 -4.4142959495
1784244807.1410100460 -1.0209372610 -0.2754649394 1.7134644310 2.4591416453 -3.3815967430 5.6437563364 -0.7869784257 -4.4513842389
1784244807.1489937305 -1.0225808119 -0.2754649394 1.7134644310 2.4568406741 -3.3899241217 5.7476478317 -0.8085500865 -4.4734489763
1784244807.1569609642 -1.0238226059 -0.2754649394 1.7134644310 2.4551362510 -3.2953764985 5.8193598003 -0.8249860184 -4.4531868502
1784244807.1649510860 -1.0253565866 -0.2754377893 1.7134188189 2.4528352798 -3.2781168454 5.9011697456 -0.8475136975 -4.4228482626
1784244807.1730020046 -1.0269270908 -0.2754377893 1.7134188189 2.4505343086 -3.1854473330 5.9435674274 -0.8768821661 -4.4352304944
1784244807.1810007095 -1.0287897817 -0.2753834891 1.7134188189 2.4478924528 -3.2953804019 5.9981329351 -0.9059377378 -4.4672892872
1784244807.1890106201 -1.0302507158 -0.2753834891 1.7134188189 2.4457619240 -3.3626021422 6.1179478623 -0.9370961102 -4.4967559666
1784244807.1969957352 -1.0316751266 -0.2753834891 1.7134188189 2.4434609528 -3.4085075271 6.1471916324 -0.9563724232 -4.5286699877
1784244807.2049968243 -1.0328073505 -0.2753291888 1.7133275946 2.4417565297 -3.3468831554 6.2448430352 -0.9799356224 -4.5062589664
1784244807.2129962444 -1.0344509013 -0.2753291888 1.7133275946 2.4390294527 -3.4311710305 6.2822665394 -1.0157644806 -4.5323466331
1784244807.2209999561 -1.0357657420 -0.2753291888 1.7133275946 2.4368137027 -3.4735738168 6.3622624583 -1.0372561159 -4.5421792564
1784244807.2289736271 -1.0371171060 -0.2752477385 1.7132819825 2.4345979527 -3.4350830381 6.4512390517 -1.0636640940 -4.5450854223
1784244807.2369596958 -1.0384319467 -0.2752205884 1.7133275946 2.4323822027 -3.3703235254 6.5207569328 -1.1150947493 -4.5590426910
1784244807.2450046539 -1.0394911239 -0.2752205884 1.7133275946 2.4305925584 -3.2216866387 6.5921761702 -1.1407031147 -4.5226055872
1784244807.2530083656 -1.0410616280 -0.2751934383 1.7132819825 2.4280359238 -3.2524458581 6.6899073707 -1.1774125568 -4.5550273536
1784244807.2610111237 -1.0423399454 -0.2751934383 1.7132819825 2.4258201737 -3.2883481688 6.7114496455 -1.2112915285 -4.5518599971
1784244807.2706863880 -1.0435452160 -0.2751391381 1.7132819825 2.4236044237 -3.3085451018 6.7494132209 -1.2281540245 -4.5710006255
1784244807.2770006657 -1.0447870100 -0.2750848379 1.7131907583 2.4213886737 -3.2733629820 6.8050097469 -1.2421136678 -4.5587056127
1784244807.2849702835 -1.0459557572 -0.2750576878 1.7131451462 2.4190877025 -3.2362160745 6.8573215602 -1.2739993232 -4.5375612415
1784244807.2929959297 -1.0469053644 -0.2750033876 1.7131451462 2.4172980582 -3.1806797584 6.9322488518 -1.3060385191 -4.5083102938
1784244807.3009674549 -1.0480375883 -0.2749762375 1.7130995341 2.4150823082 -3.0912360595 6.9787955344 -1.3255783512 -4.4998941291
1784244807.3090093136 -1.0492063356 -0.2749490874 1.7129626978 2.4129517793 -3.1212233589 6.9822810067 -1.3493515178 -4.4822352952
1784244807.3170125484 -1.0504846529 -0.2748676371 1.7129170857 2.4102247024 -3.2291251589 6.9959536943 -1.3830016591 -4.5035112642
1784244807.3250088692 -1.0515073067 -0.2747861868 1.7127802494 2.4080941735 -3.2314311667 7.0404231338 -1.4036569244 -4.5355471891
1784244807.3329968452 -1.0525664840 -0.2746775864 1.7126890251 2.4059636446 -3.1532242582 7.0917703107 -1.4271181581 -4.5718506347
1784244807.3409628868 -1.0535891378 -0.2746232862 1.7125978009 2.4038331158 -3.1418158543 7.1422290346 -1.4648865926 -4.5879205718
1784244807.3489270210 -1.0543561282 -0.2745146858 1.7125065767 2.4021286927 -3.0273818912 7.1649133905 -1.4744726206 -4.5689115548
1784244807.3569645882 -1.0553787821 -0.2744060854 1.7123241283 2.4000833850 -2.9902317638 7.1893752109 -1.4790163805 -4.5524116071
1784244807.3649635315 -1.0563283892 -0.2742974850 1.7121416798 2.3979528561 -3.0285908754 7.1921525092 -1.4907789887 -4.5385754482
1784244807.3747434616 -1.0572049497 -0.2741617344 1.7120048435 2.3958223272 -3.1071494743 7.2249288053 -1.5139063066 -4.5679321527
1784244807.3829612732 -1.0582276035 -0.2739988338 1.7117311709 2.3934361349 -3.1626798863 7.2015207379 -1.5268737454 -4.6088664889
1784244807.3927392960 -1.0592502574 -0.2738359332 1.7114574982 2.3908795002 -3.1826926405 7.2907034050 -1.5578223798 -4.6398648888
1784244807.4007463455 -1.0600537711 -0.2736730326 1.7112750498 2.3889194137 -3.1225775016 7.3464827913 -1.5880126040 -4.6747314628
1784244807.4087274075 -1.0608572849 -0.2735372821 1.7110469893 2.3868741060 -3.0256827478 7.3443333192 -1.5949195522 -4.6724371065
1784244807.4167089462 -1.0615877519 -0.2733472314 1.7108189287 2.3848287982 -3.1030503691 7.3978310647 -1.6589271124 -4.6799056056
1784244807.4249296188 -1.0622816956 -0.2732114809 1.7105908682 2.3826982694 -3.0703341324 7.4564079348 -1.6918015266 -4.6763497437
1784244807.4329593182 -1.0630121627 -0.2730757303 1.7103628077 2.3806529616 -3.0148729960 7.4782411788 -1.7277159242 -4.6346901929
1784244807.4427003860 -1.0636695830 -0.2729128297 1.7101803592 2.3785224328 -2.8883171904 7.4774617414 -1.7338739989 -4.5836565665
1784244807.4507195950 -1.0645096201 -0.2727499291 1.7099979108 2.3761362404 -2.8618926286 7.5451549891 -1.8013922285 -4.5848656738
1784244807.4587266445 -1.0651670404 -0.2725870285 1.7098154624 2.3740909327 -2.8233052244 7.6247373382 -1.8686396148 -4.6319890044
1784244807.4667537212 -1.0657879374 -0.2724512780 1.7095874018 2.3721308462 -2.8419446209 7.7021001611 -1.9133560508 -4.6851272907
1784244807.4747357368 -1.0663723110 -0.2723426776 1.7094049534 2.3702559807 -2.8680798353 7.7291529781 -1.9490170165 -4.7104553744
1784244807.4809677601 -1.0669201613 -0.2722069271 1.7091768929 2.3683811153 -2.8434672723 7.7531686148 -1.9830034127 -4.7105011626
1784244807.4890015125 -1.0673584416 -0.2720983267 1.7089944444 2.3668471346 -2.8174662020 7.7487265116 -2.0096291041 -4.7348083278
1784244807.4969758987 -1.0678332451 -0.2719354260 1.7087207718 2.3650574903 -2.8721770672 7.7523062119 -2.0370966487 -4.7186463188
1784244807.5049619675 -1.0682350020 -0.2717725254 1.7084470991 2.3631826249 -2.8087446136 7.7348577641 -2.0397397099 -4.6868581327
1784244807.5129711628 -1.0686367589 -0.2716096248 1.7081734265 2.3613077595 -2.9254938254 7.7165760741 -2.0710196678 -4.7099495680
1784244807.5210132599 -1.0689654690 -0.2714195741 1.7078541417 2.3595181152 -2.9315905963 7.6935452106 -2.0843803703 -4.7104861654
1784244807.5307288170 -1.0693672259 -0.2711480731 1.7073980207 2.3573875864 -2.9398563134 7.6838971982 -2.1004252689 -4.7298124258
1784244807.5387580395 -1.0696228894 -0.2709308723 1.7070331238 2.3555979421 -2.9278814569 7.6997741352 -2.1342129800 -4.7726906915
1784244807.5467481613 -1.0699150762 -0.2707136714 1.7066682269 2.3537230767 -2.8808998380 7.6841719084 -2.1583398014 -4.8060837906
1784244807.5530667305 -1.0701707397 -0.2704693205 1.7062577180 2.3520186536 -2.8115500440 7.6838440622 -2.1812261203 -4.7931471663
1784244807.5628697872 -1.0704264031 -0.2702249696 1.7058472090 2.3502290094 -2.7974865008 7.6315888621 -2.2147876938 -4.8147443470
1784244807.5709197521 -1.0706455432 -0.2699263185 1.7054367000 2.3483541439 -2.7797727513 7.6361181703 -2.2307619221 -4.7983278507
1784244807.5790009499 -1.0708281600 -0.2696819675 1.7049349669 2.3465644997 -2.7192220233 7.6028860016 -2.2297798261 -4.7550502253
1784244807.5870225430 -1.0710473001 -0.2694104665 1.7044788458 2.3447748554 -2.6395525975 7.5950688127 -2.2549093756 -4.7251311674
1784244807.5967333317 -1.0713029636 -0.2690846653 1.7039315005 2.3424738843 -2.5916038958 7.5756516979 -2.3093904351 -4.7428635058
1784244807.6046924591 -1.0714490570 -0.2687317140 1.7033385431 2.3406842400 -2.5853394623 7.5580746926 -2.3199126861 -4.7781189521
1784244807.6126923561 -1.0715586270 -0.2684330628 1.7027455857 2.3389798169 -2.5566016068 7.5282018634 -2.3137985015 -4.7552757927
1784244807.6208670139 -1.0715951504 -0.2680801115 1.7021526283 2.3372753938 -2.5817744754 7.4941405340 -2.3279499931 -4.7710286130
1784244807.6288893223 -1.0717047205 -0.2677271602 1.7015596709 2.3355709707 -2.4922875136 7.4701486164 -2.3590675288 -4.7977449887
1784244807.6409051418 -1.0717777672 -0.2673742088 1.7009667135 2.3338665476 -2.3996283147 7.4460872961 -2.4289685620 -4.8331526207
1784244807.6489710808 -1.0718508139 -0.2668040567 1.7001000835 2.3315655764 -2.3391439787 7.4295947608 -2.4322995684 -4.8756712720
1784244807.6586904526 -1.0718873372 -0.2664239552 1.6993702897 2.3300315956 -2.3031129303 7.3709403744 -2.4266550805 -4.8529929140
1784244807.6649818420 -1.0718873372 -0.2659352534 1.6985492718 2.3281567302 -2.1775944151 7.3274379216 -2.4857618423 -4.9220226984
1784244807.6746416092 -1.0719238606 -0.2656094522 1.6980019265 2.3269636341 -2.1406730052 7.2944097783 -2.4807534880 -4.9107954831
1784244807.6827347279 -1.0719238606 -0.2651207503 1.6971809086 2.3250887687 -2.0657839193 7.2853644881 -2.5435826539 -4.9219600856
1784244807.6907949448 -1.0719238606 -0.2647406489 1.6965423391 2.3234695667 -1.9371133123 7.3091130628 -2.6348423901 -4.9525112607
1784244807.6987018585 -1.0719238606 -0.2643333974 1.6957669332 2.3221060282 -1.8436986341 7.2550234680 -2.6837259676 -4.9457172383
1784244807.7050466537 -1.0719238606 -0.2638989957 1.6951283637 2.3204016051 -1.7646491699 7.2941028640 -2.7218371784 -4.9267650717
1784244807.7129790783 -1.0719238606 -0.2635188943 1.6943985700 2.3189528455 -1.6714095531 7.2222013190 -2.7675059681 -4.9418102821
1784244807.7209687233 -1.0719238606 -0.2631387929 1.6938512247 2.3177597493 -1.5899401142 7.1898373094 -2.7842764594 -4.9142475494
1784244807.7306942940 -1.0719238606 -0.2627586914 1.6930302068 2.3162257686 -1.5877334344 7.1221251976 -2.7716973334 -4.8674796241
1784244807.7370123863 -1.0718873372 -0.2622156894 1.6920267404 2.3143509031 -1.4908717750 7.1341050225 -2.7939794436 -4.8526600051
1784244807.7450199127 -1.0718873372 -0.2617812877 1.6912057225 2.3129021435 -1.3346027630 7.1168927772 -2.8614798983 -4.8949078995
1784244807.7546989918 -1.0718873372 -0.2612925859 1.6903847046 2.3113681627 -1.2932779511 7.0281645023 -2.8703253306 -4.9003859492
1784244807.7610182762 -1.0718873372 -0.2608310341 1.6896092987 2.3099194031 -1.1843976530 6.9869566912 -2.9227759067 -4.9101319486
1784244807.7689752579 -1.0718508139 -0.2603151822 1.6888338929 2.3083854223 -1.0427845029 6.9252376297 -2.9982292315 -4.9283115573
1784244807.7769346237 -1.0718508139 -0.2598264804 1.6879216508 2.3071071050 -0.9454764072 6.8333272951 -3.0043466576 -4.9569554068
1784244807.7849330902 -1.0718508139 -0.2593920787 1.6871006328 2.3059140088 -0.8852538367 6.7941394969 -3.0232341035 -4.9111724911
1784244807.7929351330 -1.0718142905 -0.2589033769 1.6861883907 2.3043800280 -0.7819597724 6.7575148716 -3.0514883981 -4.8991703265
1784244807.8010060787 -1.0718142905 -0.2583603748 1.6852761485 2.3029312684 -0.6766036609 6.7061117069 -3.0680865634 -4.8982641906
1784244807.8089625835 -1.0718142905 -0.2578445229 1.6843182943 2.3014825088 -0.5780219803 6.6322486755 -3.1102642573 -4.8739271706
1784244807.8169643879 -1.0718142905 -0.2573015208 1.6834060521 2.3000337491 -0.5292259256 6.5199055603 -3.1580110925 -4.8882934765
1784244807.8250131607 -1.0717777672 -0.2567042186 1.6824025857 2.2986702106 -0.4103361126 6.4317409765 -3.1734372170 -4.9072302190
1784244807.8329277039 -1.0717777672 -0.2559711658 1.6811710588 2.2969657875 -0.3641119490 6.4400897279 -3.2112371049 -4.9430625332
1784244807.8409690857 -1.0717412438 -0.2555367642 1.6803500409 2.2959431337 -0.2319500120 6.4172627443 -3.2550717077 -4.9362320015
1784244807.8489723206 -1.0717412438 -0.2549666120 1.6793009624 2.2945795952 -0.1130950792 6.4036491450 -3.2808431070 -4.9419541670
1784244807.8569793701 -1.0717412438 -0.2543964599 1.6782518840 2.2933012779 -0.0632671374 6.3202937770 -3.2890934328 -4.9351869334
1784244807.8649427891 -1.0717047205 -0.2537720075 1.6771115813 2.2919377394 -0.0304474171 6.1643562533 -3.3100334927 -4.9360080110
1784244807.8729717731 -1.0716681971 -0.2530932549 1.6759712786 2.2906594221 0.0373508259 6.1740578131 -3.3390144104 -4.9741593409
1784244807.8809747696 -1.0716316737 -0.2525231028 1.6748309759 2.2893811048 0.1639723846 6.0910131484 -3.3658063891 -4.9714297637
1784244807.8889901638 -1.0716316737 -0.2518715003 1.6736450611 2.2881027874 0.2086350319 6.0288154198 -3.3773531462 -4.9740807980
1784244807.8969981670 -1.0715586270 -0.2510841474 1.6721398616 2.2865688067 0.2682977962 6.0191582676 -3.4146949643 -5.0102912864
1784244807.9050214291 -1.0715221037 -0.2504868451 1.6708627225 2.2852052682 0.3637590298 5.9750605029 -3.4469904060 -5.0031793888
1784244807.9107758999 -1.0714490570 -0.2498352427 1.6694943593 2.2838417297 0.4518129863 5.9707424871 -3.4821491593 -5.0141195411
1784244807.9187049866 -1.0714490570 -0.2494822913 1.6688101777 2.2833304028 0.5476314496 5.8904895827 -3.4734967259 -5.0029001084
1784244807.9267330170 -1.0714125336 -0.2488306889 1.6673505903 2.2819668643 0.5867976044 5.8856714577 -3.4760291132 -4.9794396596
1784244807.9347319603 -1.0713029636 -0.2482062365 1.6657541665 2.2806033258 0.6326304852 5.8663981925 -3.4699707114 -4.9997807519
1784244807.9428849220 -1.0712299169 -0.2476089343 1.6642033548 2.2793250085 0.7478217291 5.8122008667 -3.4449644119 -5.0001008299
1784244807.9510302544 -1.0711933935 -0.2469573318 1.6624700948 2.2780466912 0.8326903055 5.7101697097 -3.4303674796 -5.0006118632
1784244807.9607532024 -1.0711203468 -0.2461428287 1.6603719378 2.2765127104 0.8816259316 5.7004654402 -3.4260998948 -5.0060076371
1784244807.9687979221 -1.0710473001 -0.2455726766 1.6586842898 2.2752343931 0.9757791944 5.6729197007 -3.4544940060 -5.0199716633
1784244807.9750289917 -1.0709742534 -0.2449210741 1.6568598055 2.2739560757 1.0825186210 5.5986801599 -3.4462935847 -5.0272203035
1784244807.9847929478 -1.0709377301 -0.2443237719 1.6550353212 2.2726777584 1.1486189531 5.5512085006 -3.4591197999 -4.9951964893
1784244807.9928784370 -1.0708281600 -0.2436721694 1.6531196127 2.2713994411 1.2047680890 5.5263692154 -3.4701210801 -5.0083734153
1784244808.0009775162 -1.0707551133 -0.2430748671 1.6512039042 2.2702063449 1.3359893579 5.4637040108 -3.4565455520 -4.9939310192
1784244808.0107502937 -1.0707185899 -0.2424775649 1.6491969715 2.2689280276 1.4232578345 5.4119638454 -3.4097570576 -4.9635027835
1784244808.0187902451 -1.0706090199 -0.2417716622 1.6466426935 2.2673940468 1.3895706802 5.5313311130 -3.4323972196 -4.9444193764
1784244808.0287327766 -1.0704629265 -0.2413101105 1.6445901486 2.2660305083 1.5504375166 5.4447517597 -3.4404368640 -4.9490998566
1784244808.0369033813 -1.0703898798 -0.2406042078 1.6418534222 2.2645817487 1.5716735052 5.3640531457 -3.4508145504 -4.9668049102
1784244808.0450599194 -1.0702437864 -0.2400340557 1.6396184289 2.2633034314 1.6018101965 5.3625366584 -3.5197479159 -4.9620534979
1784244808.0530149937 -1.0700976930 -0.2395182037 1.6375658841 2.2619398929 1.6861869819 5.2841591754 -3.5746432252 -4.9795698567
1784244808.0628178120 -1.0699881229 -0.2388937514 1.6349659939 2.2607467967 1.8035927328 5.2063317831 -3.6112790866 -5.0671861642
1784244808.0710275173 -1.0698785528 -0.2383235992 1.6327310007 2.2596389217 1.7543975177 5.2284910945 -3.6638264012 -5.0994982109
1784244808.0808181763 -1.0696228894 -0.2377534471 1.6300398863 2.2582753832 1.8071901494 5.2039480076 -3.6846829403 -5.1478361999
1784244808.0890326500 -1.0694402726 -0.2372647452 1.6275768325 2.2572527294 1.8964257055 5.2149307223 -3.6615865178 -5.1322435387
1784244808.0970301628 -1.0692576559 -0.2367217432 1.6245664334 2.2558039697 1.9308256795 5.3031089386 -3.6866039491 -5.1255500962
1784244808.1067545414 -1.0690019924 -0.2363959419 1.6221033796 2.2546960947 1.9838213710 5.2215152358 -3.6638599383 -5.0972542036
1784244808.1150262356 -1.0688193756 -0.2359343902 1.6193210410 2.2534177774 2.0101900769 5.1828747893 -3.5927101835 -5.0614896017
1784244808.1248033047 -1.0685271888 -0.2355271387 1.6159001330 2.2519690178 2.0334115998 5.2754514972 -3.5899756475 -5.0264580202
1784244808.1328444481 -1.0682715254 -0.2352284875 1.6131177944 2.2506054793 2.1412545206 5.1251055488 -3.5466380275 -4.9814063117
1784244808.1410269737 -1.0680523852 -0.2348212360 1.6100617832 2.2493271620 2.2432791989 5.0783745726 -3.5024308376 -4.9309647058
1784244808.1490201950 -1.0677601984 -0.2344682847 1.6065496509 2.2477931812 2.2503331204 5.1431493397 -3.5529438704 -4.8915379663
1784244808.1587984562 -1.0675410583 -0.2341424834 1.6037217003 2.2463444215 2.2793654184 5.0706303686 -3.5471742198 -4.8716665623
1784244808.1669175625 -1.0673219182 -0.2338709824 1.6006200770 2.2451513254 2.3672283877 4.9639954896 -3.5458017562 -4.8971284131
1784244808.1767561436 -1.0670662547 -0.2334908810 1.5977009021 2.2439582292 2.4242810826 4.8503324137 -3.6433415508 -4.9508473483
1784244808.1849412918 -1.0667010212 -0.2331379297 1.5940975456 2.2425094696 2.4773850400 4.8513153116 -3.6663825946 -5.0106242803
1784244808.1930043697 -1.0664453577 -0.2328935787 1.5909503102 2.2414868157 2.5146331061 4.7761461832 -3.6709590665 -5.0569526471
1784244808.2010204792 -1.0661531709 -0.2325949276 1.5878030748 2.2404641619 2.5251979291 4.7606410558 -3.6815593569 -5.0879077687
1784244808.2107019424 -1.0658244608 -0.2323234266 1.5841541062 2.2393562868 2.5665429021 4.7231827157 -3.6727350752 -5.1095145428
1784244808.2187490463 -1.0655687973 -0.2321062258 1.5809612586 2.2383336330 2.7137776625 4.6606357225 -3.7596057449 -5.1765034990
1784244808.2267115116 -1.0652766105 -0.2318347247 1.5776771869 2.2372257580 2.7552300086 4.7028754829 -3.7749811810 -5.1907809100
1784244808.2330226898 -1.0649844237 -0.2316989742 1.5743475030 2.2362883253 2.7274072805 4.6816517153 -3.7682106130 -5.1826749253
1784244808.2426772118 -1.0646557135 -0.2315632237 1.5709265950 2.2351804503 2.7656990667 4.7180753879 -3.7510110488 -5.1528604723
1784244808.2507009506 -1.0642904800 -0.2314003231 1.5672776264 2.2340725752 2.7322074420 4.7506993426 -3.7210157202 -5.1406216478
1784244808.2587404251 -1.0638887231 -0.2313460229 1.5637198820 2.2330499214 2.6882428808 4.7208126028 -3.6755429824 -5.1252416882
1784244808.2668709755 -1.0635234896 -0.2313188728 1.5599340771 2.2319420464 2.8528277239 4.7009307985 -3.6700923506 -5.0998036055
1784244808.2748780251 -1.0631582561 -0.2312102724 1.5561026600 2.2307489502 2.8670979636 4.5824916704 -3.6484212043 -5.1107343557
1784244808.2829420567 -1.0627564992 -0.2311288221 1.5523168551 2.2297262963 2.8527319007 4.6627476032 -3.6375108866 -5.1046646532
1784244808.2927103043 -1.0623547423 -0.2311831223 1.5484854381 2.2286184213 2.7945537604 4.6090311416 -3.5583176908 -5.0804586560
1784244808.2990221977 -1.0618434154 -0.2311288221 1.5436505547 2.2272548829 2.8597114199 4.5793193356 -3.6169099854 -5.0724417793
1784244808.3069758415 -1.0613686118 -0.2311288221 1.5397279134 2.2260617867 2.8871836956 4.4874408512 -3.6767689829 -5.0912237967
1784244808.3150207996 -1.0610399016 -0.2311016720 1.5366719022 2.2252947963 2.9046755116 4.3340877626 -3.6902812586 -5.1010365903
1784244808.3229773045 -1.0604920514 -0.2310473718 1.5318370188 2.2241017001 2.8874510972 4.3945841031 -3.7239589610 -5.1487172070
1784244808.3327503204 -1.0600537711 -0.2311559722 1.5286441713 2.2232494886 2.9349607132 4.2511248814 -3.7528920170 -5.1874915124
1784244808.3390095234 -1.0594693975 -0.2311016720 1.5237180637 2.2220563924 2.9612677696 4.2283917027 -3.7842877175 -5.2260082278
1784244808.3470153809 -1.0589580706 -0.2311831223 1.5196585861 2.2212041809 2.9321201635 4.2346630264 -3.8204838839 -5.2483003447
1784244808.3549442291 -1.0583736969 -0.2312102724 1.5155078843 2.2201815270 2.9122332705 4.0494522691 -3.8453656135 -5.2567223602
1784244808.3630142212 -1.0579354167 -0.2312374225 1.5120869763 2.2194145366 2.8501880028 4.1390614527 -3.7727660123 -5.2139803231
1784244808.3709797859 -1.0572049497 -0.2314003231 1.5067047476 2.2181362193 2.8348284195 4.1876377347 -3.7671087996 -5.2080207289
1784244808.3790130615 -1.0566936227 -0.2315089235 1.5031470032 2.2171987866 2.8821248684 4.1515476521 -3.7148090702 -5.1646846922
1784244808.3869819641 -1.0559631557 -0.2317261243 1.4977647745 2.2158352481 2.9560506816 4.1822357831 -3.7236249652 -5.1799283372
1784244808.3950242996 -1.0554153054 -0.2317804245 1.4931123396 2.2148125942 3.0476285061 4.0083835598 -3.7520927532 -5.1959023551
1784244808.4029850960 -1.0548309318 -0.2318890249 1.4885511288 2.2137047192 3.1007048500 4.0012115017 -3.7946487856 -5.1826033337
1784244808.4109792709 -1.0543561282 -0.2321062258 1.4849021602 2.2128525077 3.0499664022 3.9529893056 -3.7483105038 -5.1838719464
1784244808.4190170765 -1.0535891378 -0.2322691264 1.4790638104 2.2116594115 3.0398929556 3.9515141784 -3.7617466502 -5.2138028094
1784244808.4269807339 -1.0529317175 -0.2324863272 1.4744113755 2.2104663153 3.0693380065 3.8631120513 -3.8026737540 -5.1993238786
1784244808.4349672794 -1.0522742971 -0.2327578282 1.4694852679 2.2094436615 3.0791276250 3.8093345222 -3.8231152120 -5.2127689638
1784244808.4429817200 -1.0517994936 -0.2328664286 1.4656538508 2.2085914499 3.1532756038 3.8254994509 -3.7715868068 -5.1706556726
1784244808.4509825706 -1.0512151199 -0.2331650798 1.4606821311 2.2073983538 3.1878957769 3.7538234080 -3.7328097676 -5.1601504439
1784244808.4607474804 -1.0504481295 -0.2335451812 1.4547525571 2.2062052576 3.2155089842 3.8444166901 -3.7937275801 -5.1989267869
1784244808.4687416553 -1.0498272325 -0.2338166822 1.4496440011 2.2050973826 3.2610504842 3.7385261085 -3.8292529482 -5.2264773452
1784244808.4767062664 -1.0492063356 -0.2341153333 1.4445810572 2.2040747287 3.1751175152 3.6849485004 -3.8475868820 -5.2881292080
1784244808.4830319881 -1.0484758685 -0.2344139845 1.4393356648 2.2031372960 3.1068900067 3.6859368680 -3.8372907505 -5.3161455753
1784244808.4927127361 -1.0477454015 -0.2347397857 1.4342271087 2.2021998633 3.0733559873 3.6152401685 -3.8036240255 -5.3160908048
1784244808.5007517338 -1.0470514578 -0.2351470372 1.4289817164 2.2010919883 3.0845240930 3.6385936635 -3.8279254416 -5.3259982799
1784244808.5087661743 -1.0462844674 -0.2354728385 1.4235994877 2.2000693344 3.0315816249 3.6148816178 -3.8682831050 -5.3128408986
1784244808.5168800354 -1.0454809536 -0.2359343902 1.4180804227 2.1989614594 2.9943845623 3.6166631523 -3.8372443517 -5.2952617835
1784244808.5249786377 -1.0446774399 -0.2363687918 1.4125157456 2.1978535844 2.9853284955 3.5767656200 -3.7794425081 -5.2931101628
1784244808.5347514153 -1.0438739262 -0.2368031935 1.4067686200 2.1967457094 3.0104973209 3.6340445110 -3.6750967165 -5.2934131649
1784244808.5426611900 -1.0429243190 -0.2374547959 1.3997443555 2.1954673921 3.0728864141 3.6285405016 -3.6574920399 -5.2944953992
1784244808.5490243435 -1.0421938520 -0.2379706479 1.3941340662 2.1942742959 3.1511918442 3.6192861289 -3.7266441912 -5.2802986388
1784244808.5570120811 -1.0414268616 -0.2384321996 1.3884325528 2.1931664209 3.2680552448 3.4910499590 -3.7870598377 -5.3121006365
1784244808.5650136471 -1.0406963945 -0.2389752017 1.3825942030 2.1921437670 3.2851078201 3.3505016552 -3.8479334364 -5.3097708313
1784244808.5747003555 -1.0401120209 -0.2393010029 1.3780329923 2.1912063343 3.1821614835 3.3855947140 -3.7959579474 -5.2649483188
1784244808.5826647282 -1.0391989371 -0.2398983052 1.3710087277 2.1897575747 3.1849171258 3.2988592066 -3.7558749481 -5.2645862284
1784244808.5907807350 -1.0383954233 -0.2404956074 1.3650791538 2.1885644785 3.2411896054 3.2371402766 -3.8428375701 -5.2523338006
1784244808.5970196724 -1.0376649563 -0.2410114594 1.3591039677 2.1873713824 3.2246604052 3.2181826557 -3.8763722544 -5.2659699474
1784244808.6035437584 -1.0370075360 -0.2414187109 1.3544059206 2.1864339497 3.1308960513 3.2306215428 -3.7734233592 -5.2510118226
1784244808.6132750511 -1.0360944522 -0.2421789138 1.3469255350 2.1850704112 3.1470739265 3.2643381130 -3.7491068813 -5.2764968300
1784244808.6229846478 -1.0352178917 -0.2427219158 1.3407222883 2.1838773150 3.1713198431 3.2276972703 -3.7688345438 -5.2867944235
1784244808.6327064037 -1.0344509013 -0.2433463682 1.3343822054 2.1826842189 3.1836612113 2.9791111393 -3.7431599026 -5.2969032204
1784244808.6408028603 -1.0334647708 -0.2439708205 1.3267649834 2.1813206804 3.2141502627 3.0174896006 -3.8179594504 -5.3213022356
1784244808.6488120556 -1.0326612571 -0.2446495731 1.3206073489 2.1801275842 3.1841359470 2.9190437378 -3.9262223214 -5.3499607346
1784244808.6567161083 -1.0317846966 -0.2452197252 1.3145409386 2.1790197092 3.1906418629 2.8776134263 -3.9680917977 -5.3785349872
1784244808.6646625996 -1.0309811829 -0.2457898774 1.3081096315 2.1779118342 3.1848286214 2.9023732586 -3.9647233997 -5.3928756859
1784244808.6709847450 -1.0301411458 -0.2464143297 1.3018607727 2.1767187380 3.1642751619 2.8738533287 -4.0229439697 -5.3818064622
1784244808.6790173054 -1.0294837254 -0.2470116320 1.2968434409 2.1758665265 3.1433185862 2.8941073770 -3.9553087813 -5.4084136413
1784244808.6869282722 -1.0286436883 -0.2476632345 1.2903665216 2.1748438726 3.2107091540 2.9559999576 -3.9558761740 -5.4100509561
1784244808.6949954033 -1.0278401746 -0.2484234373 1.2838896024 2.1735655553 3.1390652624 3.0681449881 -3.9150855732 -5.3831839550
1784244808.7030296326 -1.0268540441 -0.2494551412 1.2758618715 2.1720315745 3.1796658126 3.0201128226 -3.9408696878 -5.3824415792
1784244808.7127630711 -1.0260505303 -0.2502153441 1.2692937280 2.1708384783 3.2618975157 2.9599549395 -3.9977041200 -5.3612713576
1784244808.7207639217 -1.0252470166 -0.2509755470 1.2625431361 2.1694749398 3.2398336558 2.9426704715 -4.0061795451 -5.3708564427
1784244808.7288107872 -1.0244069795 -0.2518986504 1.2557013199 2.1682818437 3.1967980514 3.0695053711 -4.0493284397 -5.3740473831
1784244808.7367644310 -1.0235669424 -0.2528489040 1.2489963401 2.1670035264 3.1693238718 3.0484813428 -4.0616812803 -5.3698850405
1784244808.7447721958 -1.0227269053 -0.2536905572 1.2421089119 2.1657252090 3.0461597155 3.1365243108 -4.0411277370 -5.3903599448
1784244808.7527153492 -1.0217772981 -0.2547494112 1.2350390352 2.1644468917 3.1134361355 3.0736402586 -4.0387757985 -5.3846187517
1784244808.7606933117 -1.0209737844 -0.2556453646 1.2281516070 2.1630833532 3.0711280159 3.0755327831 -4.0302976087 -5.3852324577
1784244808.7687942982 -1.0200972239 -0.2565956182 1.2211729545 2.1618902571 3.0233956940 3.0710316094 -4.0239263261 -5.4064203724
1784244808.7769870758 -1.0191841401 -0.2576273221 1.2139662416 2.1605267186 2.9703622023 3.1106543960 -4.0197559907 -5.4148879642
1784244808.7850286961 -1.0182710563 -0.2587133262 1.2066683043 2.1592484013 2.8397804512 3.2971642115 -3.8683742832 -5.3953839457
1784244808.7930910587 -1.0172118791 -0.2600979814 1.1980476160 2.1577996416 2.9757517521 3.2228058473 -3.9514472903 -5.4220078912
1784244808.8028154373 -1.0164083654 -0.2610482350 1.1908865151 2.1562656608 3.1408352444 3.0258381900 -4.0567640500 -5.4376217924
1784244808.8108110428 -1.0156413750 -0.2621070890 1.1837254143 2.1550725647 3.1679219609 2.8515924007 -4.1171651892 -5.4432430933
1784244808.8189349174 -1.0148378612 -0.2630844926 1.1766099255 2.1537090262 3.1791598020 2.9525310461 -4.1364531185 -5.4368683059
1784244808.8287167549 -1.0140708708 -0.2642247970 1.1693119883 2.1523454877 3.1893908872 2.9012725501 -4.1321848791 -5.4170240222
1784244808.8366932869 -1.0131212637 -0.2654194015 1.1605544636 2.1505558435 3.1712598685 2.7937715656 -4.1533159814 -5.4172425519
1784244808.8447620869 -1.0123542733 -0.2664511054 1.1531653022 2.1491923050 3.1833081634 2.7499039949 -4.1668918734 -5.4073055915
1784244808.8527603149 -1.0116238063 -0.2674285090 1.1458673650 2.1477435453 3.0844395754 2.6562910682 -4.1971438812 -5.4071233371
1784244808.8590300083 -1.0107837692 -0.2684873630 1.1383413673 2.1462095646 3.0082631998 2.6114970056 -4.1823039372 -5.4224154837
1784244808.8687698841 -1.0099437321 -0.2695190669 1.1309522059 2.1449312472 2.9073315855 2.6237076411 -4.1977553492 -5.4634935727
1784244808.8766839504 -1.0090671716 -0.2705236207 1.1233349839 2.1434824876 2.9056356612 2.5706883006 -4.1307667640 -5.4676678670
1784244808.8829879761 -1.0082636579 -0.2716096248 1.1154897014 2.1421189491 2.8728680434 2.4782813757 -4.0620152703 -5.5015938679
1784244808.8927047253 -1.0074601441 -0.2726684788 1.1076900310 2.1408406318 2.9077540355 2.5129264046 -4.0432976384 -5.5532782734
1784244808.8990223408 -1.0066201070 -0.2736730326 1.0997991364 2.1394770933 2.9283519037 2.5604150337 -3.9847661428 -5.5587611668
1784244808.9108853340 -1.0058896400 -0.2748947872 1.0917257934 2.1380283337 3.0869911278 2.5060366531 -3.9303889950 -5.5804833845
1784244808.9190311432 -1.0050130795 -0.2762251422 1.0813718450 2.1363239106 3.1413306485 2.5805909519 -3.8368569891 -5.5616502684
1784244808.9270849228 -1.0041730424 -0.2777455480 1.0715196298 2.1345342663 3.1109798355 2.7062784225 -3.7459964521 -5.5478726765
1784244808.9349887371 -1.0034790987 -0.2788587022 1.0633550625 2.1330855067 3.1685156615 2.5852817380 -3.7875030856 -5.5334517807
1784244808.9447882175 -1.0030042952 -0.2798089558 1.0567413069 2.1318071894 3.1499499072 2.6525053615 -3.6963147077 -5.4685787155
1784244808.9527533054 -1.0022373048 -0.2811936110 1.0471171523 2.1299323240 3.2396317652 2.6760659926 -3.8247616514 -5.4532963519
1784244808.9607565403 -1.0016529311 -0.2824153656 1.0390438092 2.1282279009 3.2555701856 2.4736013363 -3.9354099823 -5.4145694975
1784244808.9687101841 -1.0011050809 -0.2834742196 1.0311529146 2.1266086989 3.2431202108 2.4090172176 -3.9910516182 -5.4315475461
1784244808.9766695499 -1.0005207072 -0.2845330736 1.0231707958 2.1250747182 3.1213897211 2.4326235750 -4.0554610857 -5.4328947713
1784244808.9847419262 -0.9998267635 -0.2856462278 1.0151886770 2.1233702951 3.0360603754 2.4128490451 -4.0237950948 -5.4142397198
1784244808.9927217960 -0.9991693432 -0.2868679824 1.0070241097 2.1217510931 2.9643915621 2.3632246605 -4.0962318439 -5.4760505336
1784244808.9990310669 -0.9985484462 -0.2879811366 0.9987683183 2.1203023335 2.8829642380 2.4694074913 -4.0867622162 -5.4983287973
1784244809.0070283413 -0.9978545025 -0.2891757411 0.9908318116 2.1186831315 2.8614487779 2.5254310726 -4.1277945026 -5.4939423559
1784244809.0167577267 -0.9971970822 -0.2904517959 0.9825760201 2.1170639296 2.8468349805 2.4235549983 -4.1321330581 -5.5538292080
1784244809.0247523785 -0.9965396618 -0.2915921002 0.9741833923 2.1155299488 2.7542818806 2.6196110393 -4.0668597552 -5.5638435994
1784244809.0327231884 -0.9958457182 -0.2929496053 0.9656995403 2.1139107469 2.6409328521 2.7475124007 -3.9536808755 -5.5353062051
1784244809.0407493114 -0.9951517745 -0.2942528102 0.9573981368 2.1122915449 2.6051765818 2.8496687926 -3.9223328955 -5.5356767153
1784244809.0470304489 -0.9945674008 -0.2954474148 0.9488230606 2.1106723430 2.7255890249 2.5986019835 -3.9641156573 -5.5571554299
1784244809.0567462444 -0.9939830272 -0.2967234696 0.9403848207 2.1089679199 2.7924254859 2.7744834755 -4.0007464776 -5.5444564133
1784244809.0647468567 -0.9934351769 -0.2981895751 0.9319009687 2.1072634968 2.9004689797 2.7049392484 -3.9974019001 -5.5515576276
1784244809.0726704597 -0.9929603733 -0.2994113297 0.9233715046 2.1055590737 2.9482214281 2.7162695409 -3.9685492106 -5.5356287235
1784244809.0789904594 -0.9924855698 -0.3007416847 0.9148420405 2.1038546506 2.8940162397 2.7712331777 -3.9819993601 -5.5271019787
1784244809.0869574547 -0.9920838129 -0.3019091391 0.9081370607 2.1024911121 2.7945792761 2.6359982020 -3.9199924117 -5.5124708208
1784244809.0950226784 -0.9915724860 -0.3031037436 0.8996532087 2.1007866890 2.8247366023 2.6366492287 -3.8284264426 -5.5085125919
1784244809.1047496796 -0.9910611590 -0.3045698492 0.8893448724 2.0987413813 2.8671021301 2.3907440162 -3.9442816552 -5.5194062025
1784244809.1128430367 -0.9906228788 -0.3057916038 0.8808154083 2.0968665159 2.8366421791 2.5390777842 -3.8743129273 -5.5052819620
1784244809.1208200455 -0.9902576453 -0.3069862083 0.8725140047 2.0950768716 2.9246431599 2.3403461018 -4.0781778850 -5.5415890791
1784244809.1287684441 -0.9898558884 -0.3082079629 0.8638933164 2.0933724485 2.8875921825 2.2215554233 -4.1011175221 -5.5495853217
1784244809.1349954605 -0.9894906549 -0.3093482672 0.8555006886 2.0915828043 2.8485198238 2.2159492531 -4.0987264906 -5.5547622197
1784244809.1430199146 -0.9891254214 -0.3104885715 0.8470168366 2.0897931600 2.8145378797 2.1182704381 -4.1578378680 -5.5771758602
1784244809.1528203487 -0.9887236645 -0.3114931253 0.8383961483 2.0880035158 2.7559955514 2.1163944671 -4.1503761331 -5.6139127441
1784244809.1609621048 -0.9883949543 -0.3127148799 0.8295930115 2.0862138715 2.6494327767 2.2643768661 -4.0661495807 -5.6318811409
1784244809.1707656384 -0.9879931975 -0.3139094844 0.8206530384 2.0844242273 2.6416362517 2.2737062713 -3.9258453793 -5.6102964297
1784244809.1788074970 -0.9875914406 -0.3151583891 0.8098885811 2.0822084772 2.6454247198 2.2142171881 -3.9256506038 -5.6145581983
1784244809.1868119240 -0.9872627304 -0.3163801437 0.8008117717 2.0803336118 2.6093056482 2.2758880578 -3.8954453845 -5.6281849749
1784244809.1949498653 -0.9869705436 -0.3176290485 0.7918717986 2.0786291887 2.6166807961 2.2771446371 -3.8333918126 -5.6109233465
1784244809.2029345036 -0.9866783568 -0.3187965029 0.7827037650 2.0766691022 2.5626584301 2.2951027973 -3.7333287807 -5.5676455673
1784244809.2109520435 -0.9863861700 -0.3199639573 0.7736269556 2.0747090156 2.5337971732 2.5191384387 -3.6263547997 -5.5578882519
1784244809.2207214832 -0.9861305065 -0.3212400121 0.7646413704 2.0728341502 2.5511337682 2.3860180885 -3.6140693423 -5.5373898334
1784244809.2287700176 -0.9858383197 -0.3226246673 0.7538313009 2.0704479579 2.4568665718 2.4547985507 -3.6685979222 -5.5094641459
1784244809.2367582321 -0.9855461329 -0.3238735720 0.7448913279 2.0684026502 2.4503938314 2.3538951936 -3.7930240550 -5.5182075776
1784244809.2447779179 -0.9853269928 -0.3250138763 0.7362250274 2.0665277847 2.4278582366 2.2318805714 -3.8991572224 -5.5256063551
1784244809.2527284622 -0.9851078526 -0.3260998804 0.7274675028 2.0644824770 2.3044790165 2.3800687697 -3.9609237199 -5.5058426924
1784244809.2607600689 -0.9848156658 -0.3273487851 0.7186187539 2.0624371693 2.2599010557 2.3277906677 -3.9748139886 -5.5651116726
1784244809.2687072754 -0.9845965257 -0.3284076391 0.7097243930 2.0606475251 2.2220153831 2.3613755672 -3.9766438118 -5.5706300758
1784244809.2768023014 -0.9843773856 -0.3295479434 0.7008756441 2.0586022173 2.1997925692 2.3964086701 -4.0021760682 -5.5535257465
1784244809.2847013474 -0.9841947688 -0.3307153978 0.6921637316 2.0564716885 2.2006735286 2.3802333643 -3.9824992183 -5.5815222682
1784244809.2910325527 -0.9840486754 -0.3318828522 0.6831781464 2.0545968231 2.2323649919 2.3112458581 -3.9855486482 -5.5797771557
1784244809.2989938259 -0.9839391054 -0.3329688563 0.6742381733 2.0524662942 2.1924458962 2.3978687833 -3.9457992033 -5.5498362748
1784244809.3070325851 -0.9838295353 -0.3340820105 0.6651613639 2.0504209865 2.1731221169 2.4202483843 -3.8742647777 -5.5664755682
1784244809.3149881363 -0.9837564886 -0.3351951647 0.6557196577 2.0482904576 2.1591919605 2.3418814394 -3.7492830098 -5.5748984146
1784244809.3229904175 -0.9836834419 -0.3360096678 0.6483304962 2.0467564768 2.0876220674 2.4787844648 -3.5521195894 -5.5179544695
1784244809.3309576511 -0.9836103952 -0.3370685218 0.6390712384 2.0445407268 2.1067432970 2.6047947106 -3.3853487644 -5.4972454141
1784244809.3389878273 -0.9835738719 -0.3381816760 0.6297207564 2.0424954191 2.1171343510 2.3846147422 -3.2868352869 -5.5195775893
1784244809.3469543457 -0.9835738719 -0.3391047795 0.6205071107 2.0405353325 2.0164094972 2.3314167694 -3.2618992652 -5.4871383100
1784244809.3549542427 -0.9835008251 -0.3400821832 0.6114759134 2.0383195825 1.9728732873 2.3654913286 -3.2570786076 -5.4736904897
1784244809.3629820347 -0.9835008251 -0.3410867370 0.6023078798 2.0361890536 1.8968965799 2.1588770528 -3.2563851372 -5.4935586381
1784244809.3709819317 -0.9834643018 -0.3418469398 0.5933679067 2.0342289670 1.8735195148 2.1419220065 -3.3192436419 -5.5227256060
1784244809.3789906502 -0.9834643018 -0.3426885930 0.5845647699 2.0321836593 1.8188551253 2.1376196193 -3.3812852426 -5.5355378404
1784244809.3869876862 -0.9834643018 -0.3435302462 0.5757616332 2.0301383516 1.7205877163 2.0197230264 -3.4517955998 -5.5961843064
1784244809.3950307369 -0.9834643018 -0.3444261996 0.5654989090 2.0279226016 1.6907976468 2.0396913522 -3.6768244271 -5.6577992938
1784244809.4048428535 -0.9834643018 -0.3451321022 0.5569238328 2.0258772939 1.5505738788 1.8675852194 -3.9500041539 -5.7132589319
1784244809.4128139019 -0.9834277784 -0.3458651550 0.5483031445 2.0240024285 1.4994511788 1.8974474748 -4.0217153616 -5.7698618311
1784244809.4208209515 -0.9834643018 -0.3465710577 0.5397280682 2.0220423419 1.4160708325 2.0009083617 -4.0581136397 -5.7747434806
1784244809.4288079739 -0.9834277784 -0.3474670110 0.5311073799 2.0199970342 1.3706109272 2.0206635864 -4.0190350795 -5.7655533640
1784244809.4368200302 -0.9834643018 -0.3481729137 0.5222586311 2.0180369476 1.2834743281 2.1238335471 -3.9915771755 -5.7330008054
1784244809.4449553490 -0.9834643018 -0.3489331166 0.5135923306 2.0159064187 1.2200671165 2.1218330456 -3.9061913432 -5.6552764311
1784244809.4547698498 -0.9834643018 -0.3496933194 0.5045611333 2.0136054476 1.1275258805 2.2622107278 -3.7748801527 -5.6162232797
1784244809.4628436565 -0.9834643018 -0.3506978732 0.4936598397 2.0110488129 1.0061523516 2.4234440736 -3.7067399947 -5.5726555940
1784244809.4726994038 -0.9834643018 -0.3515395264 0.4845830303 2.0086626206 0.9826422099 2.3624086074 -3.5267368355 -5.5436654565
1784244809.4806954861 -0.9835008251 -0.3524354798 0.4734080639 2.0060207648 0.8981417292 2.4237763516 -3.4788363818 -5.5495471813
1784244809.4887666702 -0.9834643018 -0.3531142323 0.4641488061 2.0038050148 0.7482312069 2.5313337704 -3.4295980105 -5.5888717336
1784244809.4968292713 -0.9835008251 -0.3539830356 0.4548439362 2.0015892647 0.6604114515 2.4529208666 -3.3440740422 -5.5931301633
1784244809.5049574375 -0.9835008251 -0.3546074880 0.4455846783 1.9993735147 0.6057760447 2.4216696223 -3.2338361768 -5.5803024112
1784244809.5148649216 -0.9835373485 -0.3553133906 0.4360973600 1.9970725435 0.5243855267 2.2376367616 -3.0898973503 -5.5633611992
1784244809.5228950977 -0.9835373485 -0.3559921432 0.4247399452 1.9944306877 0.4670670029 2.1908011166 -3.0698527801 -5.5923387751
1784244809.5308983326 -0.9835373485 -0.3565622954 0.4153894632 1.9922149377 0.3475120628 2.2478132130 -3.0513307794 -5.5397615048
1784244809.5389597416 -0.9835373485 -0.3571052974 0.4063582659 1.9898287454 0.2332769778 2.1006725400 -3.0443171156 -5.5465210685
1784244809.5487730503 -0.9835373485 -0.3575668491 0.3971902323 1.9876982165 0.1658446224 2.1257735475 -3.0178812865 -5.5627937941
1784244809.5567753315 -0.9835738719 -0.3580827011 0.3861064901 1.9850563607 0.0885673638 1.8420676623 -3.0656200628 -5.5738756390
1784244809.5649113655 -0.9836103952 -0.3582727518 0.3771209049 1.9828406107 -0.0217437382 1.8469297399 -3.0780969547 -5.5852257170
1784244809.5747828484 -0.9836103952 -0.3586528532 0.3679984834 1.9807100818 -0.0991831646 1.9773333894 -3.1290243058 -5.5858416846
1784244809.5829410553 -0.9836469186 -0.3591144050 0.3572796382 1.9779830048 -0.1640834462 1.9425970153 -3.1450411925 -5.6045291518
1784244809.5928308964 -0.9836834419 -0.3593316058 0.3481572167 1.9758524760 -0.2857838346 2.0092369988 -3.1405887450 -5.6295673947
1784244809.6009564400 -0.9837199653 -0.3597117072 0.3373927593 1.9732106202 -0.3748117600 2.0697074561 -3.1380578894 -5.6276109111
1784244809.6107740402 -0.9837199653 -0.3600375085 0.3284527862 1.9709096490 -0.4486232929 2.1985856363 -3.0757960368 -5.6272172681
1784244809.6188175678 -0.9837930120 -0.3604719101 0.3176883289 1.9683530143 -0.5526086742 2.4726428753 -3.1107681585 -5.6491327431
1784244809.6286962032 -0.9837930120 -0.3609334618 0.3089764163 1.9662224854 -0.6525598733 2.4653351187 -3.0509745226 -5.6527694873
1784244809.6367709637 -0.9838295353 -0.3612864132 0.2981663468 1.9634954085 -0.7044415329 2.5180859297 -3.1229220079 -5.6228631638
1784244809.6447839737 -0.9839025820 -0.3615579142 0.2894088222 1.9611944373 -0.8014849569 2.6756063117 -3.0978143489 -5.5845616644
1784244809.6528117657 -0.9839391054 -0.3619923158 0.2806512975 1.9588934661 -0.8681903731 2.6625757279 -3.0769594368 -5.5325879671
1784244809.6609592438 -0.9840121521 -0.3621823666 0.2719393850 1.9565072738 -0.9737868425 2.6292910843 -3.0447917839 -5.4759041466
1784244809.6707816124 -0.9840486754 -0.3625081678 0.2631818604 1.9540358603 -1.1009846630 2.6286905692 -2.9177220037 -5.4083538439
1784244809.6789019108 -0.9840851988 -0.3628339690 0.2527822999 1.9510531199 -1.1758867425 2.5583267396 -2.9384891873 -5.3615002396
1784244809.6869611740 -0.9841582455 -0.3628882692 0.2439335510 1.9485817064 -1.2546070496 2.6150411705 -2.8632568515 -5.3335523204
1784244809.6968405247 -0.9841947688 -0.3630511698 0.2352672506 1.9461102929 -1.3696431958 2.3937212464 -2.8141182030 -5.3194861792
1784244809.7047369480 -0.9842312922 -0.3629697195 0.2250045264 1.9432127736 -1.4352983355 2.3610660090 -2.8194837034 -5.3347396009
1784244809.7129979134 -0.9843043389 -0.3629968696 0.2163838381 1.9409118024 -1.4974127200 2.3290453383 -2.8207503359 -5.3813230783
1784244809.7227661610 -0.9844139089 -0.3628882692 0.2078087618 1.9386108313 -1.5028712871 2.3486888137 -2.6270948644 -5.3436730768
1784244809.7308650017 -0.9845234790 -0.3626982185 0.1975460377 1.9360541966 -1.6270002069 2.2690986011 -2.7341971748 -5.4867426323
1784244809.7388923168 -0.9846330491 -0.3625896181 0.1892446341 1.9338384466 -1.7049072882 2.1532991559 -2.7193273071 -5.4955327980
1784244809.7469913960 -0.9847426191 -0.3622638169 0.1809432305 1.9316226966 -1.7828767157 2.0496788426 -2.6914132932 -5.5433127952
1784244809.7567687035 -0.9848521892 -0.3620194659 0.1725962148 1.9295773889 -1.8450103063 2.2418916349 -2.6357572190 -5.5170627620
1784244809.7648568153 -0.9849982826 -0.3617751150 0.1626983875 1.9268503119 -1.8950529087 2.2536208451 -2.6975799662 -5.5182032316
1784244809.7728970051 -0.9851443760 -0.3614221637 0.1546250445 1.9246345619 -1.9307708282 2.2278274113 -2.7282069524 -5.5114387889
1784244809.7827742100 -0.9852904694 -0.3611235126 0.1465517015 1.9225040330 -1.9702319054 2.3509119342 -2.7193823431 -5.4879313443
1784244809.7907781601 -0.9854730862 -0.3606619608 0.1368363225 1.9196917349 -2.0784340067 2.3994147589 -2.7982542205 -5.4829445085
1784244809.7987766266 -0.9856557029 -0.3603904598 0.1288085916 1.9174759849 -2.1543529615 2.5025555441 -2.8429896818 -5.4680814588
1784244809.8067729473 -0.9858383197 -0.3600103584 0.1209633091 1.9151750137 -2.1971781978 2.6494754825 -2.8212940020 -5.4406577324
1784244809.8148241043 -0.9860574598 -0.3597660074 0.1129811903 1.9128740425 -2.2627080097 2.6835595618 -2.7946537130 -5.4321886286
1784244809.8228185177 -0.9862400766 -0.3593859060 0.1050446836 1.9106582925 -2.3206032668 2.7824987156 -2.7395980665 -5.4241587432
1784244809.8308260441 -0.9864592167 -0.3590601048 0.0970169527 1.9083573213 -2.3502063114 2.7515147339 -2.6676908370 -5.3796779885
1784244809.8387749195 -0.9867148801 -0.3586257031 0.0890804460 1.9060563501 -2.4302244344 2.7677390583 -2.6099750140 -5.3872601045
1784244809.8467915058 -0.9869705436 -0.3582184516 0.0811895514 1.9039258212 -2.4414013545 2.7416191559 -2.5454178071 -5.3862925531
1784244809.8549187183 -0.9872627304 -0.3577297498 0.0732530447 1.9016248500 -2.4566316090 2.7930488818 -2.4612272204 -5.3437711966
1784244809.8630013466 -0.9875914406 -0.3572681980 0.0651797016 1.8991534366 -2.4282613304 2.6353893159 -2.3373574869 -5.2985926381
1784244809.8727040291 -0.9879931975 -0.3565079951 0.0553274864 1.8964263596 -2.5163203328 2.6878141370 -2.2651671181 -5.3229974188
1784244809.8808016777 -0.9883584310 -0.3559378430 0.0473453676 1.8941253884 -2.5773422658 2.6145519892 -2.1914375968 -5.2817719481
1784244809.8887755871 -0.9886871411 -0.3552590904 0.0395456972 1.8917391961 -2.6408375979 2.4982224879 -2.1849565359 -5.3028560138
1784244809.8968279362 -0.9890523747 -0.3544174373 0.0315635784 1.8896086672 -2.6433937550 2.4465763467 -2.1269625861 -5.3255242394
1784244809.9047703743 -0.9894906549 -0.3536029342 0.0236270717 1.8873929172 -2.5806590450 2.4423343154 -2.0986458896 -5.3397557107
1784244809.9107174873 -0.9899654585 -0.3527884311 0.0159642376 1.8852623883 -2.6165208659 2.4362342076 -2.0717362094 -5.3744314308
1784244809.9187612534 -0.9902941686 -0.3521368287 0.0101258879 1.8837284075 -2.6476434173 2.6023366200 -2.0413029398 -5.4117093029
1784244809.9267382622 -0.9908054956 -0.3513223256 0.0023718296 1.8815978787 -2.6519349539 2.5043796410 -1.9894415308 -5.3986773271
1784244809.9348173141 -0.9913168225 -0.3503177718 -0.0053366166 1.8794673498 -2.6151884335 2.5234037388 -2.0132847617 -5.4063929368
1784244809.9428277016 -0.9919011961 -0.3493946683 -0.0126345538 1.8774220421 -2.6691939279 2.5760035561 -2.0417574285 -5.4371031750
1784244809.9507818222 -0.9924490464 -0.3484987149 -0.0200693273 1.8754619555 -2.6905888130 2.6190108653 -2.0619625828 -5.4090956143
1784244809.9587845802 -0.9930334200 -0.3475484613 -0.0272304282 1.8733314266 -2.8378344719 2.7013639681 -2.1033576987 -5.4246642490
1784244809.9667921066 -0.9935447470 -0.3465439075 -0.0343915291 1.8713713401 -2.9165706998 2.7916862064 -2.1760315016 -5.4040174410
1784244809.9747271538 -0.9941291206 -0.3455936540 -0.0413701815 1.8691555900 -2.9356750408 2.7865616203 -2.1650691564 -5.3889485226
1784244809.9827573299 -0.9947134942 -0.3445619501 -0.0486681187 1.8671102823 -2.8809995134 2.7025379591 -2.0535073431 -5.3606461253
1784244809.9908452034 -0.9953343912 -0.3435573963 -0.0554643227 1.8650649746 -2.9613148066 2.8250975749 -2.1528512838 -5.3359295525
1784244809.9988708496 -0.9959552882 -0.3424985423 -0.0624429752 1.8629344457 -2.9169031286 2.8205896554 -2.0531062795 -5.3053601688
1784244810.0069365501 -0.9965761852 -0.3415211386 -0.0692847913 1.8608039169 -3.0697490537 2.9898033108 -2.1142908353 -5.2928438693
1784244810.0149621964 -0.9972336055 -0.3404351345 -0.0761266074 1.8587586091 -3.1292450588 2.8831304855 -2.0630391597 -5.2652872262
1784244810.0247857571 -0.9978545025 -0.3392133799 -0.0829228115 1.8566280803 -3.1548834044 2.7997814431 -2.0210599039 -5.2487372438
1784244810.0327844620 -0.9986945396 -0.3377472744 -0.0912242150 1.8541566668 -3.1826753958 2.8563538199 -2.0058435789 -5.2729749945
1784244810.0407845974 -0.9993884833 -0.3365255197 -0.0979291948 1.8521965802 -3.2397506733 2.8327921184 -1.9817277058 -5.3124709008
1784244810.0487773418 -1.0001189503 -0.3352494649 -0.1046341746 1.8503217148 -3.2244816179 2.7006963104 -1.9432354632 -5.3319864204
1784244810.0569005013 -1.0008859407 -0.3337562093 -0.1114303787 1.8484468494 -3.1937211928 2.6104251776 -1.8522908631 -5.3567558512
1784244810.0650019646 -1.0017259778 -0.3322901038 -0.1183634190 1.8465719840 -3.0793067208 2.5560358199 -1.7659026218 -5.3639811642
1784244810.0747354031 -1.0026390616 -0.3307968481 -0.1250683988 1.8446971186 -2.9331990082 2.4327585401 -1.7041037534 -5.3496489683
1784244810.0828299522 -1.0038078089 -0.3289506412 -0.1328224571 1.8423961474 -2.9067673942 2.4454942848 -1.6999370128 -5.3299643442
1784244810.0908188820 -1.0047574161 -0.3272944849 -0.1393449885 1.8405212820 -2.9470845499 2.4554046783 -1.7068870587 -5.3314886172
1784244810.0988168716 -1.0057435466 -0.3256383287 -0.1456850714 1.8387316377 -3.0789405692 2.4480755828 -1.7299050152 -5.3427061973
1784244810.1068215370 -1.0066566304 -0.3240093225 -0.1518883180 1.8369419935 -3.1163241893 2.4683200099 -1.7186795981 -5.3047054599
1784244810.1149122715 -1.0076062375 -0.3222717160 -0.1581827889 1.8350671281 -3.1056077316 2.4184372791 -1.7144200434 -5.3163479175
1784244810.1229398251 -1.0086288914 -0.3205069593 -0.1643404234 1.8333627050 -3.1038862716 2.5214909807 -1.7569661079 -5.3239916371
1784244810.1327836514 -1.0096150219 -0.3188508031 -0.1701331610 1.8315730607 -3.1513247472 2.4897918252 -1.7257858226 -5.2691913917
1784244810.1408338547 -1.0108202925 -0.3167602452 -0.1772030377 1.8294425319 -3.2370046212 2.5786391396 -1.8410461010 -5.3717728262
1784244810.1487758160 -1.0118429464 -0.3149954885 -0.1829045511 1.8279937722 -3.3042998108 2.6560922865 -1.8945030716 -5.3491036059
1784244810.1567790508 -1.0128290769 -0.3132850321 -0.1884236162 1.8261189068 -3.3312271580 2.7302437941 -1.9319176515 -5.3621783658
1784244810.1647770405 -1.0138882541 -0.3114659752 -0.1940339054 1.8246701472 -3.2369161472 2.7511966545 -1.9245970485 -5.3955817386
1784244810.1727263927 -1.0150570014 -0.3096469183 -0.1996441946 1.8230509452 -3.1730659428 2.7746176742 -1.9152463466 -5.3300678461
1784244810.1807632446 -1.0161892253 -0.3078007114 -0.2050264233 1.8212613010 -3.1130452078 2.6662511044 -1.9109326110 -5.3402914384
1784244810.1888697147 -1.0174310192 -0.3057916038 -0.2104998762 1.8197273202 -3.0900675045 2.4518911284 -1.8374162744 -5.3342411623
1784244810.1969671249 -1.0186728132 -0.3037010459 -0.2161101654 1.8181081183 -3.0909267901 2.3983984929 -1.7207676225 -5.2869910530
1784244810.2050008774 -1.0199146072 -0.3016647882 -0.2217204546 1.8164036952 -3.0353485749 2.2394724878 -1.6267457635 -5.2575891457
1784244810.2147669792 -1.0214120646 -0.2990855285 -0.2282429860 1.8144436086 -3.1840671697 2.1844004378 -1.5821105751 -5.2539702747
1784244810.2227780819 -1.0226903819 -0.2968592201 -0.2337164389 1.8129096278 -3.1313492098 2.1489662139 -1.5143775662 -5.2740464775
1784244810.2309074402 -1.0240417460 -0.2946329117 -0.2390986676 1.8113756470 -3.1722656938 2.0216461902 -1.4411264806 -5.2661894397
1784244810.2388992310 -1.0252835399 -0.2922980029 -0.2445721205 1.8098416662 -3.1538208608 1.9262364042 -1.3782600842 -5.2744878306
1784244810.2486853600 -1.0266349040 -0.2899630941 -0.2497719008 1.8084781278 -3.0792731292 1.8957975785 -1.3504111249 -5.2987039280
1784244810.2567157745 -1.0282784548 -0.2870308830 -0.2560663716 1.8068589258 -3.0595509226 1.9376706316 -1.3956200616 -5.3409496594
1784244810.2630045414 -1.0297759122 -0.2846688241 -0.2609468671 1.8055806085 -3.0391259580 1.9278261981 -1.4381302918 -5.3685661395
1784244810.2727046013 -1.0311637996 -0.2822524650 -0.2657361384 1.8043022912 -2.9828838345 2.0036032642 -1.5098945791 -5.3812010026
1784244810.2807526588 -1.0326612571 -0.2797546555 -0.2705710218 1.8029387527 -3.0068621369 1.9620093747 -1.5434712872 -5.3558211682
1784244810.2888326645 -1.0341952379 -0.2772568461 -0.2752234568 1.8015752142 -3.0672229798 1.9858999552 -1.6030295471 -5.3253166614
1784244810.2970011234 -1.0356926953 -0.2747047365 -0.2798758917 1.8002116757 -3.0378464220 1.9389274056 -1.6067934574 -5.2859840708
1784244810.3067140579 -1.0375188629 -0.2716367749 -0.2853037325 1.7985924738 -3.1052937040 1.9481067015 -1.6324563367 -5.2633448131
1784244810.3147816658 -1.0390163203 -0.2691661156 -0.2894544343 1.7973141565 -3.1441526445 2.0495956571 -1.7157392604 -5.2787364163
1784244810.3227717876 -1.0405137778 -0.2665325557 -0.2937875845 1.7961210603 -3.1278339073 1.9952718162 -1.6983628736 -5.3002995827
1784244810.3309049606 -1.0420842819 -0.2639261458 -0.2980751226 1.7949279641 -3.1493418617 2.0394046578 -1.6557349567 -5.3208991505
1784244810.3389120102 -1.0436182627 -0.2614283364 -0.3021802123 1.7938200891 -3.1545026383 1.9151541767 -1.5545917337 -5.3413754171
1784244810.3469686508 -1.0451522435 -0.2587676264 -0.3064677504 1.7927974353 -3.0999525710 1.9851660720 -1.4686683183 -5.3368503009
1784244810.3549723625 -1.0467592710 -0.2562155167 -0.3106640643 1.7916895603 -3.0828798051 1.9347322231 -1.4027001968 -5.3514056026
1784244810.3630053997 -1.0483297751 -0.2535819568 -0.3148147661 1.7907521275 -3.0922295263 1.8120000217 -1.2841698512 -5.3588897254
1784244810.3727326393 -1.0499002793 -0.2508940967 -0.3190566921 1.7897294737 -2.8553314044 1.4285660793 -1.1546054225 -5.3511301333
1784244810.3808641434 -1.0518725403 -0.2476360844 -0.3242564723 1.7886215987 -2.8870121223 1.5643295638 -1.0400696374 -5.3671118419
1784244810.3888666630 -1.0534795678 -0.2448667739 -0.3285440104 1.7878546083 -2.9352140306 1.5285176759 -0.9547692139 -5.3960868537
1784244810.3969700336 -1.0551961653 -0.2421789138 -0.3328771607 1.7870023967 -2.9266028413 1.8612786617 -0.8478638686 -5.4343844825
1784244810.4068386555 -1.0569492862 -0.2393824532 -0.3372103109 1.7863206275 -2.9704856995 1.6787070539 -0.7112017900 -5.4355585426
1784244810.4149117470 -1.0589580706 -0.2359072401 -0.3423188669 1.7853831948 -3.0615462084 1.8043967288 -0.6986959952 -5.4415179485
1784244810.4229421616 -1.0606746681 -0.2331650798 -0.3463783445 1.7846162044 -3.0414463058 1.7964021973 -0.6636086756 -5.4371921196
1784244810.4310131073 -1.0623912657 -0.2302871689 -0.3504834342 1.7839344352 -3.0126523881 1.8035826996 -0.6377608196 -5.4064870985
1784244810.4390473366 -1.0644365734 -0.2269477063 -0.3551814812 1.7830822236 -2.9755969263 1.8788955516 -0.6583782189 -5.3888696319
1784244810.4487218857 -1.0662262176 -0.2241240956 -0.3590128983 1.7822300121 -3.0215978047 2.0284557331 -0.6969109301 -5.3307471468
1784244810.4550046921 -1.0680523852 -0.2212733349 -0.3627987032 1.7814630217 -3.0126468077 2.0061564910 -0.6712324465 -5.3186211886
1784244810.4647264481 -1.0694037493 -0.2190470265 -0.3658091023 1.7809516947 -2.9284840656 1.9583704071 -0.6370485686 -5.2648328538
1784244810.4727091789 -1.0715586270 -0.2157618641 -0.3700510283 1.7799290409 -3.0415156817 2.2139430215 -0.6917782742 -5.2236452319
1784244810.4807081223 -1.0732752246 -0.2130197037 -0.3734719363 1.7793324928 -3.2413290368 2.2661842576 -0.7231249857 -5.2640911025
1784244810.4887037277 -1.0748822521 -0.2102232432 -0.3769840686 1.7789063870 -3.3496859693 2.3448941437 -0.7141728952 -5.2739324148
1784244810.4968190193 -1.0765258029 -0.2075625332 -0.3802681404 1.7783950601 -3.5790291495 2.4964232930 -0.7037663584 -5.3220706534
1784244810.5049161911 -1.0780963071 -0.2047660726 -0.3836890484 1.7779689543 -3.5092504995 2.3580650640 -0.6497330677 -5.3867798867
1784244810.5129952431 -1.0797763813 -0.2018881617 -0.3870643444 1.7777132908 -3.2983991077 1.9983944653 -0.5744158220 -5.3776631490
1784244810.5210392475 -1.0814929788 -0.1991731515 -0.3903484161 1.7773724062 -3.1578450054 1.9755767688 -0.5030824706 -5.3875677715
1784244810.5309154987 -1.0835748099 -0.1957793887 -0.3942254453 1.7772019639 -3.3184800709 2.2935873793 -0.5330228716 -5.4607102116
1784244810.5390822887 -1.0852914074 -0.1929014778 -0.3972358444 1.7769463005 -3.2847266205 2.2262937076 -0.5354375814 -5.4770155263
1784244810.5470070839 -1.0874462852 -0.1894262647 -0.4008848130 1.7768610793 -3.1969594153 2.2863237908 -0.5716967857 -5.5181268686
1784244810.5550198555 -1.0892359295 -0.1865755040 -0.4037583757 1.7768610793 -3.2097608228 2.2387017781 -0.5520638635 -5.5155689462
1784244810.5647330284 -1.0909525270 -0.1836432929 -0.4065863264 1.7766906370 -3.2504407330 2.1848411175 -0.5299396896 -5.5088509297
1784244810.5710041523 -1.0927421713 -0.1806296315 -0.4095511134 1.7766906370 -3.2358786567 2.1173549554 -0.4828825659 -5.5000099803
1784244810.5790069103 -1.0944952922 -0.1776431203 -0.4123790641 1.7766054158 -3.2520795363 2.0349425424 -0.4468652359 -5.4786773559
1784244810.5870082378 -1.0963579831 -0.1746566090 -0.4150245663 1.7765201947 -3.2405734561 1.8658780266 -0.4295591821 -5.4482655190
1784244810.5967085361 -1.0977458705 -0.1721316495 -0.4171683353 1.7765201947 -3.0757119808 1.6247337020 -0.3671843172 -5.4147552658
1784244810.6047236919 -1.0999372716 -0.1684392355 -0.4202699587 1.7764349735 -3.1504833527 1.6089199463 -0.3631034464 -5.3839380216
1784244810.6127815247 -1.1017269159 -0.1653169738 -0.4225961761 1.7765201947 -3.1673898131 1.6626485771 -0.4019335980 -5.3672122104
1784244810.6207807064 -1.1034800368 -0.1621947120 -0.4251048421 1.7764349735 -3.2055771255 1.6751591989 -0.4440924427 -5.3294352722
1784244810.6287753582 -1.1053062044 -0.1590181500 -0.4272486111 1.7765201947 -3.1933432591 1.5993562526 -0.4550382590 -5.2989722134
1784244810.6367263794 -1.1070593253 -0.1558415880 -0.4294836044 1.7765201947 -3.1669592380 1.5943348382 -0.4971251422 -5.2713518297
1784244810.6447663307 -1.1088489695 -0.1527464763 -0.4314905371 1.7765201947 -3.2223922778 1.5491592042 -0.5114139483 -5.2327716722
1784244810.6528735161 -1.1106020904 -0.1495427642 -0.4334062456 1.7765201947 -3.3054074398 1.5827463379 -0.5668864074 -5.2113362991
1784244810.6607897282 -1.1123186880 -0.1464205025 -0.4351851178 1.7766054158 -3.2992663907 1.5053766740 -0.6033327196 -5.1663258674
1784244810.6689157486 -1.1140352855 -0.1432982407 -0.4368727658 1.7766054158 -3.2526632740 1.4701014717 -0.6138346287 -5.1291479196
1784244810.6787099838 -1.1158249298 -0.1400673785 -0.4385604138 1.7766906370 -3.1336487315 1.4756824471 -0.6402531564 -5.0829062753
1784244810.6867940426 -1.1180163309 -0.1362392140 -0.4403392860 1.7766906370 -3.1895470247 1.4308196629 -0.6525029982 -5.0637697759
1784244810.6949079037 -1.1197694518 -0.1329812018 -0.4418900976 1.7767758581 -3.2017391299 1.3944568672 -0.6175243758 -5.0295799138
1784244810.7029929161 -1.1215225727 -0.1297774897 -0.4434409093 1.7768610793 -3.2069033948 1.2916260119 -0.5935356802 -4.9835511319
1784244810.7110090256 -1.1232756936 -0.1265466275 -0.4448548846 1.7769463005 -2.9920958495 0.8575393829 -0.5593238570 -4.9828372414
1784244810.7207264900 -1.1253210013 -0.1226641628 -0.4463600842 1.7771167428 -3.0502639114 0.9120432492 -0.5949951030 -4.9421878361
1784244810.7287447453 -1.1270010755 -0.1193790004 -0.4476828353 1.7772019639 -3.1853378602 1.0251340652 -0.5694451948 -4.8857076884
1784244810.7367324829 -1.1287541964 -0.1161481382 -0.4488231380 1.7773724062 -3.0661316605 1.0904938863 -0.5793059604 -4.8285799443
1784244810.7429761887 -1.1305803640 -0.1128629758 -0.4498722164 1.7773724062 -2.9838634723 0.9639242934 -0.5619988328 -4.7820389785
1784244810.7527992725 -1.1319682514 -0.1102022658 -0.4507844586 1.7774576274 -2.9108792552 0.7199149871 -0.5229142180 -4.7043825276
1784244810.7608253956 -1.1341231292 -0.1061569005 -0.4521072097 1.7775428485 -3.0409031500 0.6746459464 -0.4779013692 -4.6754918606
1784244810.7687718868 -1.1358397267 -0.1027359876 -0.4531106761 1.7776280697 -3.1297529743 0.5086679366 -0.4434148871 -4.6352314603
1784244810.7767987251 -1.1375198009 -0.0993150747 -0.4540229182 1.7777132908 -3.2539508314 0.4774420046 -0.3998298813 -4.6216238208
1784244810.7850110531 -1.1390903051 -0.0959484620 -0.4549351604 1.7779689543 -3.2305536656 0.3400754809 -0.3900349951 -4.6096854908
1784244810.7946891785 -1.1411356128 -0.0916587458 -0.4560298509 1.7782246178 -3.1555125892 0.2476596763 -0.4045551936 -4.6085409675
1784244810.8027462959 -1.1428156870 -0.0882106828 -0.4567140326 1.7785655024 -2.9886546165 -0.0396596801 -0.3881675205 -4.6118320958
1784244810.8107812405 -1.1444592378 -0.0846540194 -0.4573982142 1.7788211659 -3.0329376003 0.0479367579 -0.3610593539 -4.5642172218
1784244810.8189547062 -1.1461758354 -0.0811516562 -0.4579911716 1.7791620505 -2.9774219988 -0.0894147987 -0.3822547531 -4.5183105252
1784244810.8270170689 -1.1478559096 -0.0775678427 -0.4584472926 1.7794177139 -2.9369320850 -0.3209312972 -0.3713345443 -4.5008812518
1784244810.8349778652 -1.1498281706 -0.0731423760 -0.4589490258 1.7798438197 -2.9801720611 -0.3382863333 -0.3932349646 -4.4588387315
1784244810.8447334766 -1.1511064879 -0.0703459154 -0.4591770864 1.7800142620 -2.7986189045 -0.7726388516 -0.3754868763 -4.4455529543
1784244810.8528599739 -1.1529326555 -0.0660018990 -0.4594507590 1.7803551467 -3.1278239615 -0.4324717787 -0.3981332147 -4.3786557927
1784244810.8608496189 -1.1545396830 -0.0624180855 -0.4597244317 1.7806960313 -3.0930161002 -0.5701002865 -0.4081965338 -4.3168754916
1784244810.8689804077 -1.1560736638 -0.0587799718 -0.4597244317 1.7809516947 -2.9840956092 -0.6612264014 -0.4208583902 -4.2804509777
1784244810.8788022995 -1.1579728781 -0.0543816552 -0.4598156559 1.7813778005 -3.0563787760 -0.6180628051 -0.4169802282 -4.2457428371
1784244810.8867874146 -1.1595068589 -0.0507435415 -0.4598156559 1.7817186851 -3.0463618674 -0.8211110607 -0.4142907623 -4.2333895094
1784244810.8949246407 -1.1610408397 -0.0470239774 -0.4596788196 1.7822300121 -3.0436642186 -0.8913357629 -0.4144320446 -4.1913596167
1784244810.9029645920 -1.1625017738 -0.0434130138 -0.4595419832 1.7824856755 -3.0322294783 -1.0391403003 -0.3766271704 -4.1739888241
1784244810.9106945992 -1.1639627078 -0.0398020502 -0.4594963711 1.7829970025 -3.0526069027 -1.1015373294 -0.3710272616 -4.1646639686
1784244810.9170207977 -1.1653140719 -0.0362996870 -0.4590858622 1.7835083294 -2.9257870825 -1.4057627705 -0.3757397293 -4.1638156122
1784244810.9267370701 -1.1667019592 -0.0326887233 -0.4589490258 1.7840196563 -3.0073977036 -1.2008290329 -0.3437562458 -4.1458909992
1784244810.9348819256 -1.1681628933 -0.0290777597 -0.4585385169 1.7847014256 -2.9228425238 -1.3030734079 -0.3523869731 -4.1523147989
1784244810.9447159767 -1.1695873041 -0.0254124959 -0.4581280079 1.7853831948 -2.8877026537 -1.4875396251 -0.3329608447 -4.2226614544
1784244810.9527838230 -1.1713404250 -0.0210684795 -0.4576718868 1.7864910698 -2.9739746487 -1.3559319065 -0.2971572628 -4.2475754960
1784244810.9608364105 -1.1726187423 -0.0174846660 -0.4572157657 1.7873432814 -2.9996106522 -1.4160292452 -0.2687026350 -4.3203668630
1784244810.9689729214 -1.1739335830 -0.0139551527 -0.4567596447 1.7885363775 -2.9658374483 -1.5918037294 -0.2230025051 -4.3632358838
1784244810.9769625664 -1.1752484236 -0.0102898888 -0.4562579115 1.7895590314 -2.9009289747 -1.8063870061 -0.1705473965 -4.3553802074
1784244810.9867970943 -1.1765267410 -0.0066789252 -0.4556649541 1.7905816852 -2.8532277042 -1.8804719978 -0.1311378705 -4.3538313694
1784244810.9949374199 -1.1780607217 -0.0023620589 -0.4550719967 1.7918600026 -2.8485931823 -1.9702110947 -0.1168459650 -4.3057238361
1784244811.0029840469 -1.1793390391 0.0013032049 -0.4542965909 1.7928826564 -2.8183387667 -2.1158127220 -0.0653646461 -4.2677692176
1784244811.0127799511 -1.1805808330 0.0049141685 -0.4537948577 1.7939905314 -2.8440238815 -2.3920683800 -0.0404154810 -4.2419025183
1784244811.0207867622 -1.1820052438 0.0093939354 -0.4528370034 1.7952688488 -2.7438441013 -2.7228826324 -0.0618469089 -4.2426833918
1784244811.0288736820 -1.1831739910 0.0130048991 -0.4519703734 1.7963767238 -2.8173314573 -2.4056465397 -0.0066895827 -4.1745686270
1784244811.0368392467 -1.1843062150 0.0164801122 -0.4511493554 1.7975698199 -2.8880277010 -2.5117043687 0.0027793697 -4.1932906234
1784244811.0448515415 -1.1853288688 0.0201182259 -0.4503283375 1.7989333584 -2.8994838171 -2.6166890236 0.0220833942 -4.1788050787
1784244811.0529310703 -1.1863880460 0.0236748893 -0.4494617075 1.8002116757 -2.8620146921 -2.7970167770 0.0664303168 -4.1822054598
1784244811.0628015995 -1.1874472232 0.0273944534 -0.4485038532 1.8015752142 -2.9236486964 -3.0387450456 0.0745508018 -4.2112902138
1784244811.0708303452 -1.1885794471 0.0318199201 -0.4471811021 1.8032796373 -2.8884483342 -3.0354225785 0.0774266805 -4.1886176362
1784244811.0807929039 -1.1896021010 0.0354037336 -0.4459951873 1.8046431758 -2.8020713438 -3.0825044136 0.0889586665 -4.2184055982
1784244811.0887980461 -1.1908073716 0.0398020502 -0.4445355999 1.8066884835 -2.7579486987 -3.1899397094 0.0593648865 -4.2161155729
1784244811.0968451500 -1.1917935021 0.0433858637 -0.4432584608 1.8083076855 -2.7499876903 -3.3140295077 0.0725795069 -4.1964521047
1784244811.1067402363 -1.1926700626 0.0470239774 -0.4419813218 1.8098416662 -2.6975989241 -3.5350352342 0.1152229171 -4.2057053197
1784244811.1148509979 -1.1937292398 0.0514494441 -0.4404761223 1.8119721951 -2.7527378265 -3.5295038910 0.1285982487 -4.2346083764
1784244811.1227884293 -1.1945692769 0.0549789574 -0.4390165348 1.8137618394 -2.7176649627 -3.5994957677 0.1503550860 -4.2011476461
1784244811.1307451725 -1.1953727906 0.0584541706 -0.4376481716 1.8154662625 -2.6974944865 -3.7655575094 0.1561744516 -4.2198087598
1784244811.1387922764 -1.1961032577 0.0619022336 -0.4362341963 1.8174263490 -2.7473453156 -3.8241826176 0.2009150180 -4.2356134598
1784244811.1467928886 -1.1967972014 0.0654860471 -0.4347746088 1.8192159933 -2.7563239884 -3.8132253183 0.2103169093 -4.1999473714
1784244811.1547305584 -1.1974546217 0.0688255097 -0.4332694093 1.8210056375 -2.7195682832 -3.9967413509 0.2078195483 -4.2219592877
1784244811.1627335548 -1.1981485654 0.0722735727 -0.4317642098 1.8231361664 -2.6382249316 -4.0463083630 0.2348049128 -4.2058044580
1784244811.1690127850 -1.1988059857 0.0756673355 -0.4300765618 1.8250110318 -2.5354870026 -4.2870715417 0.2109215282 -4.2096460861
1784244811.1770148277 -1.1993903594 0.0790067981 -0.4284801380 1.8269711184 -2.5719393950 -4.2474348053 0.2355683487 -4.1822322091
1784244811.1850211620 -1.1999747330 0.0823462607 -0.4268837142 1.8291868684 -2.5213118272 -4.2159839597 0.2657418880 -4.1838375568
1784244811.1947944164 -1.2005591066 0.0857128734 -0.4250592299 1.8312321761 -2.4413826127 -4.2013369868 0.2477228958 -4.1588362747
1784244811.2028620243 -1.2011434803 0.0889708857 -0.4232347456 1.8333627050 -2.3547600755 -4.4035778578 0.2053540140 -4.1483934995
1784244811.2108592987 -1.2017278539 0.0922831982 -0.4212278129 1.8355784550 -2.2633115273 -4.5497520421 0.2197810154 -4.1455632812
1784244811.2189731598 -1.2022757042 0.0955412105 -0.4194945528 1.8377942050 -2.2743837214 -4.6214351306 0.2703090302 -4.1347159557
1784244811.2286536694 -1.2028235545 0.0994779753 -0.4172595596 1.8405212820 -2.3556879887 -4.6633141114 0.2997115350 -4.1224316010
1784244811.2367165089 -1.2031887880 0.1027088375 -0.4152982389 1.8428222532 -2.4211380102 -4.8198918928 0.3488909983 -4.1020708289
1784244811.2447936535 -1.2035174982 0.1059396997 -0.4135193667 1.8451232244 -2.4248216755 -4.9688473914 0.3881799139 -4.0838024757
1784244811.2528367043 -1.2038096850 0.1091705619 -0.4115580461 1.8475094167 -2.3273792528 -5.1314700805 0.4044819673 -4.0701763479
1784244811.2607955933 -1.2041383951 0.1123199738 -0.4096423376 1.8498956090 -2.3203627999 -5.1740732780 0.4365373116 -4.0710188622
1784244811.2688553333 -1.2043575353 0.1154150855 -0.4077266291 1.8523670225 -2.2973981308 -5.2124747078 0.4814708172 -4.0721747648
1784244811.2770237923 -1.2045766754 0.1185101972 -0.4058109206 1.8549236572 -2.2556497091 -5.4155992800 0.5187564394 -4.1050683048
1784244811.2867448330 -1.2047958155 0.1224741121 -0.4033478668 1.8583325034 -2.1826152069 -5.6299493509 0.5052329268 -4.1449920683
1784244811.2947168350 -1.2049784322 0.1255420737 -0.4012040977 1.8608891380 -2.1172406551 -5.7415438527 0.5187196033 -4.1416890625
1784244811.3027319908 -1.2051245256 0.1286914856 -0.3990147166 1.8636162150 -2.0150170666 -5.8498771043 0.5424577277 -4.1554020422
1784244811.3090319633 -1.2052706191 0.1317865972 -0.3969165596 1.8663432919 -1.9645551726 -5.9406985088 0.5422269470 -4.1378213777
1784244811.3188347816 -1.2053801891 0.1348002586 -0.3945903421 1.8691555900 -1.8517117369 -6.0180988888 0.5237485010 -4.0970413867
1784244811.3268969059 -1.2054897592 0.1378682202 -0.3922641246 1.8717974458 -1.7511803001 -6.1781238491 0.5321109627 -4.0620634276
1784244811.3349173069 -1.2055628059 0.1409633319 -0.3899835193 1.8746097440 -1.7079677726 -6.3793473668 0.5495596453 -4.0674659419
1784244811.3429811001 -1.2055993292 0.1439498431 -0.3877029139 1.8774220421 -1.6530082301 -6.5748904682 0.4999632525 -4.0298511815
1784244811.3510246277 -1.2056358526 0.1469906546 -0.3851486359 1.8801491190 -1.5124385736 -6.7709893131 0.4539595999 -4.0515901204
1784244811.3607392311 -1.2057088993 0.1504930178 -0.3821838489 1.8837284075 -1.4261641395 -6.7302659890 0.4877577564 -4.0467165534
1784244811.3670320511 -1.2056358526 0.1533980788 -0.3796751830 1.8867111479 -1.4068925413 -6.7776450097 0.4957264114 -4.0240191593
1784244811.3767354488 -1.2056358526 0.1562488395 -0.3772577413 1.8895234461 -1.1793211882 -6.8559094583 0.4779336819 -3.9593799123
1784244811.3829693794 -1.2057088993 0.1590453001 -0.3746578511 1.8925914076 -1.0556179626 -6.9086817881 0.5130368661 -3.9819927744
1784244811.3909869194 -1.2056723759 0.1612987586 -0.3726053063 1.8949776000 -0.9465629496 -7.1557434992 0.5303488587 -4.0169199718
1784244811.3990244865 -1.2056723759 0.1640137688 -0.3701422525 1.8980455615 -0.8737736293 -7.2293561287 0.5185427390 -4.0098267727
1784244811.4070186615 -1.2056358526 0.1671903308 -0.3669950171 1.9017100712 -0.7295885077 -7.2138472126 0.5166087836 -3.9938251431
1784244811.4167442322 -1.2056358526 0.1699596413 -0.3641670664 1.9048632539 -0.5414178280 -7.2496077502 0.5104742895 -3.9561170474
1784244811.4246985912 -1.2056358526 0.1725389010 -0.3615671763 1.9079312155 -0.4107045331 -7.3728302327 0.5255189317 -3.9229601379
1784244811.4310204983 -1.2056358526 0.1751453108 -0.3589216740 1.9112548406 -0.2826840612 -7.5025566932 0.5927896911 -3.9403377082
1784244811.4407353401 -1.2055993292 0.1777788708 -0.3562305597 1.9145784656 -0.1498332254 -7.5595999598 0.6254793956 -3.9308043508
1784244811.4486982822 -1.2055628059 0.1803038303 -0.3536306696 1.9178168695 0.0204163621 -7.6112553658 0.6581815451 -3.8959346204
1784244811.4550187588 -1.2055628059 0.1827473395 -0.3508939431 1.9211404945 0.1920222820 -7.6899917737 0.6689886306 -3.9254396586
1784244811.4647393227 -1.2055262825 0.1852722991 -0.3480203804 1.9247197830 0.3026522907 -7.7560321309 0.6623837302 -3.9213431233
1784244811.4709775448 -1.2055262825 0.1876615081 -0.3451924297 1.9279581869 0.4361549520 -7.8982113982 0.6257287240 -3.9157765333
1784244811.4807355404 -1.2054897592 0.1895620152 -0.3428206001 1.9309409273 0.5893524631 -8.1257442177 0.5822663906 -4.0007998066
1784244811.4870226383 -1.2054532358 0.1924399261 -0.3393540799 1.9352872062 0.7053696200 -8.1590293716 0.6016810911 -3.9737585021
1784244811.4967966080 -1.2054167125 0.1947205347 -0.3365261293 1.9386960524 0.8425217120 -8.2489003496 0.6377824263 -3.9549498816
1784244811.5047354698 -1.2053436658 0.1970011433 -0.3336981786 1.9424457832 0.9541777197 -8.2986564753 0.7047847943 -3.9396201404
1784244811.5126926899 -1.2052706191 0.1992817519 -0.3307790037 1.9460250717 1.0387551841 -8.3801166748 0.7013711973 -3.9087534760
1784244811.5207421780 -1.2051610490 0.2013994599 -0.3278598288 1.9495191391 1.1867554928 -8.4844459011 0.6976552336 -3.8561021115
1784244811.5288028717 -1.2050514789 0.2036257683 -0.3247582055 1.9533540911 1.3665906939 -8.5432614110 0.6673782312 -3.8667939668
1784244811.5367426872 -1.2049784322 0.2056348759 -0.3216565822 1.9571038219 1.5608049091 -8.5214568692 0.6289051228 -3.8206379879
1784244811.5448093414 -1.2049053855 0.2076168334 -0.3186005710 1.9607683315 1.6894053133 -8.5132976003 0.6514118431 -3.8249307233
1784244811.5528047085 -1.2047958155 0.2095444906 -0.3155445598 1.9645180624 1.8224619878 -8.6051741112 0.6765597604 -3.8112481134
1784244811.5609183311 -1.2046862454 0.2114992980 -0.3124429365 1.9682677932 1.8481799008 -8.6894569089 0.6966817079 -3.8222521541
1784244811.5689818859 -1.2044671053 0.2133726551 -0.3093869253 1.9722731874 1.9640570907 -8.7677561267 0.6862608277 -3.8808004091
1784244811.5787639618 -1.2042479652 0.2155175132 -0.3056923446 1.9771307933 2.0379191267 -8.7383699341 0.7368550682 -3.8337394946
1784244811.5868000984 -1.2039923017 0.2172551197 -0.3025907213 1.9809657452 2.1025465769 -8.7981496980 0.8012445047 -3.8099514752
1784244811.5948536396 -1.2037001149 0.2189112760 -0.2997171585 1.9850563607 2.1523049035 -8.9371354380 0.8958476979 -3.7879875269
1784244811.6047995090 -1.2033348814 0.2206217324 -0.2968435957 1.9889765338 2.2521337019 -9.0358287369 1.0068516840 -3.7550097731
1784244811.6129326820 -1.2028966012 0.2225765398 -0.2934682998 1.9939193608 2.3019008137 -9.1432451352 1.0867894331 -3.7209583433
1784244811.6209766865 -1.2024583209 0.2242055460 -0.2906403491 1.9978395339 2.4713485068 -9.2435460917 1.1478233499 -3.6894611760
1784244811.6289892197 -1.2020930874 0.2256716515 -0.2879948469 2.0017597070 2.6009659392 -9.4250355054 1.2024290353 -3.7283250057
1784244811.6386985779 -1.2015817605 0.2275178585 -0.2848019993 2.0067025340 2.7185155311 -9.4834148724 1.2865271643 -3.6220379015
1784244811.6467564106 -1.2011434803 0.2289568139 -0.2822021092 2.0103670437 2.9280318035 -9.6763855534 1.3844530493 -3.5559848614
1784244811.6548390388 -1.2007417234 0.2304229194 -0.2795566070 2.0146281014 2.9387583307 -9.8332788529 1.3579769343 -3.6110574855
1784244811.6647276878 -1.2002669198 0.2317804245 -0.2770023289 2.0185482745 3.1006123829 -9.8293141883 1.4978922219 -3.5181091953
1784244811.6728010178 -1.1996460228 0.2333551305 -0.2739919299 2.0235763227 3.1422264039 -9.9642235207 1.5585273343 -3.4913672828
1784244811.6809098721 -1.1990616492 0.2347126356 -0.2714376518 2.0275817170 3.1960178776 -10.1128831657 1.6148022044 -3.4707448384
1784244811.6890254021 -1.1984042289 0.2359615403 -0.2689745980 2.0318427747 3.2187440750 -10.2695664580 1.6645887117 -3.5217380323
1784244811.6987938881 -1.1975276684 0.2374819460 -0.2661466474 2.0369560440 3.1924640502 -10.4325672852 1.6828519488 -3.5546910277
1784244811.7067036629 -1.1967972014 0.2386765506 -0.2637748178 2.0413023229 3.2718907445 -10.4800729930 1.7986159638 -3.5104302046
1784244811.7149214745 -1.1959571643 0.2397897048 -0.2614486003 2.0453929383 3.2918709441 -10.6047390275 1.8474123210 -3.4774191356
1784244811.7248013020 -1.1950806038 0.2409300091 -0.2590767707 2.0496539961 3.3390782392 -10.6987269717 1.9123732599 -3.4867538851
1784244811.7328600883 -1.1939483799 0.2422060639 -0.2563856563 2.0549377077 3.3421647125 -10.7392743491 1.9517945326 -3.4386168225
1784244811.7408740520 -1.1929257260 0.2432106177 -0.2540594389 2.0591987654 3.4253091525 -10.9063553446 1.9839981777 -3.3932003554
1784244811.7490200996 -1.1918665488 0.2441880213 -0.2517788335 2.0634598232 3.4903398555 -11.0226360465 1.9747382883 -3.3708516990
1784244811.7587027550 -1.1905882315 0.2453011755 -0.2489052707 2.0687435348 3.6123651866 -11.0578467400 1.9522656712 -3.3777438373
1784244811.7668724060 -1.1895655777 0.2461428287 -0.2463966048 2.0730898137 3.7911707112 -11.0898320782 1.8987660923 -3.3371781209
1784244811.7749216557 -1.1884333537 0.2469030316 -0.2438423268 2.0774360926 3.8515057599 -11.2265577638 1.8309564492 -3.3417298615
1784244811.7828910351 -1.1872646065 0.2476360844 -0.2412424367 2.0816971503 3.9173441536 -11.2824549187 1.7756751686 -3.3615570469
1784244811.7909913063 -1.1860958592 0.2482605367 -0.2387337707 2.0860434292 3.9060563076 -11.3729883410 1.7632029599 -3.3556039434
1784244811.7990033627 -1.1844888317 0.2490750398 -0.2358145959 2.0914123620 3.8298458999 -11.4614367675 1.8148496926 -3.3355309054
1784244811.8087916374 -1.1833566078 0.2495365915 -0.2339444995 2.0949916505 3.6280554151 -11.5808874332 1.7892097846 -3.4104266944
1784244811.8167445660 -1.1814573935 0.2501338938 -0.2312989972 2.1002753621 3.6068914829 -11.5772100662 1.9980277273 -3.2790928770
1784244811.8247327805 -1.1798503660 0.2505682954 -0.2292008403 2.1046216410 3.5881431505 -11.6392680592 2.0429928384 -3.2351530388
1784244811.8327577114 -1.1780972451 0.2509483969 -0.2270114591 2.1091383622 3.7321036904 -11.7311946175 2.0517844830 -3.1837776170
1784244811.8408789635 -1.1764536943 0.2513284983 -0.2247308537 2.1134846411 3.8573727432 -11.9025985112 2.0464456224 -3.1703129099
1784244811.8488852978 -1.1747370967 0.2516814496 -0.2224046363 2.1180013623 3.9165312923 -11.9124425886 2.0227022244 -3.1862500504
1784244811.8569197655 -1.1730204992 0.2518443502 -0.2201240309 2.1224328623 3.8450485964 -11.9376353107 1.9615687482 -3.1967161863
1784244811.8668000698 -1.1711212848 0.2520072509 -0.2177522013 2.1269495836 3.9761927082 -11.8321473743 1.9239271059 -3.2225032682
1784244811.8748555183 -1.1688933604 0.2520344010 -0.2148786385 2.1324037375 4.0587627635 -11.9060002148 1.9372817985 -3.2020287103
1784244811.8827669621 -1.1669576227 0.2520615511 -0.2125524210 2.1370909010 4.1577882432 -12.0292917925 1.9297880619 -3.1768928208
1784244811.8907003403 -1.1649853617 0.2520344010 -0.2101349793 2.1416076222 4.0938125226 -12.0813367861 1.9166773385 -3.1539712238
1784244811.8970181942 -1.1629035306 0.2518715003 -0.2078543740 2.1461243434 4.1520049671 -12.0276889163 1.9338875749 -3.1270926564
1784244811.9050211906 -1.1607121295 0.2516542995 -0.2055737686 2.1507262858 4.1459630778 -12.0613975765 1.9671098511 -3.1115842378
1784244811.9107890129 -1.1584842050 0.2514099486 -0.2033387753 2.1553282281 4.0921088273 -12.1128349079 1.9807822970 -3.1142535963
1784244811.9170279503 -1.1573154578 0.2512198979 -0.2021984726 2.1575439782 4.0525096474 -12.1357848801 2.0001909337 -3.0697354305
1784244811.9267075062 -1.1549049165 0.2508397964 -0.2000090915 2.1620606994 4.0144724283 -12.1543447430 2.0087667137 -3.0799787296
1784244811.9347548485 -1.1524943753 0.2504053948 -0.1977284861 2.1669183052 4.0437552224 -12.2071993240 2.0011086276 -3.0772332867
1784244811.9410226345 -1.1500107873 0.2499166930 -0.1955391049 2.1714350264 4.1254173858 -12.1115800393 2.0078753937 -3.0550200522
1784244811.9507954121 -1.1475271994 0.2492650905 -0.1933497238 2.1761221899 4.0304324740 -12.0555887530 1.9710056666 -3.0504083657
1784244811.9589753151 -1.1447879480 0.2485591878 -0.1909778942 2.1808945746 4.0673424183 -12.1445250305 1.9390172115 -3.0825037201
1784244811.9688103199 -1.1414277996 0.2476903846 -0.1882411677 2.1867748343 4.1262412791 -12.1114244769 1.9513603136 -3.0084748648
1784244811.9788098335 -1.1386885482 0.2467944312 -0.1859149502 2.1912915555 3.9921421368 -12.1243312401 1.8679687964 -2.9652015543
1784244811.9869120121 -1.1349996896 0.2456541269 -0.1829045511 2.1972570363 3.9702397855 -12.0743579319 1.8313778332 -2.9622631028
1784244811.9968020916 -1.1320047748 0.2445681228 -0.1806239458 2.2020294210 3.9453839346 -12.0029495163 1.8080762620 -2.9570337507
1784244812.0047464371 -1.1283159162 0.2431834676 -0.1778416072 2.2077392384 3.9016086581 -12.0265231134 1.7862595622 -2.9746542429
1784244812.0127501488 -1.1251383846 0.2419888631 -0.1754697776 2.2125116231 3.6298741410 -11.9546870767 1.7475078386 -3.0287781698
1784244812.0209345818 -1.1219973763 0.2406856581 -0.1731891722 2.2170283443 3.9445154118 -11.9526608785 1.7504536118 -2.8943540895
1784244812.0307958126 -1.1186737512 0.2392195526 -0.1708173426 2.2217155078 4.0386522449 -11.9063673087 1.7019566588 -2.9032156022
1784244812.0390210152 -1.1147292292 0.2374276458 -0.1678981678 2.2275105463 4.1702813979 -11.8559629543 1.6229167891 -2.8802227133
1784244812.0488131046 -1.1107116605 0.2354999886 -0.1647509323 2.2331351425 4.3003169147 -11.9777874657 1.5529325222 -2.8332083393
1784244812.0568468571 -1.1073149887 0.2338981325 -0.1622422664 2.2379075272 4.3386240723 -11.9709164549 1.4689025090 -2.8096561462
1784244812.0649404526 -1.1039183170 0.2321062258 -0.1595055400 2.2425094696 4.2364959939 -11.9139220627 1.3756968994 -2.8150881044
1784244812.0729420185 -1.1003025051 0.2303414691 -0.1569056499 2.2471966331 4.1835258741 -11.9023133655 1.2616743590 -2.8251912657
1784244812.0810315609 -1.0967597400 0.2284952621 -0.1540776992 2.2519690178 4.0966549546 -11.8895636380 1.1179496612 -2.8323542604
1784244812.0908181667 -1.0922673677 0.2262689537 -0.1506111790 2.2574231717 4.2868553127 -12.1170109126 1.0477211520 -2.7438307019
1784244812.0988595486 -1.0884689391 0.2243412965 -0.1477376162 2.2621955564 4.3324704486 -12.2126045779 0.9930512841 -2.7303899463
1784244812.1068658829 -1.0846705104 0.2224136392 -0.1449552777 2.2667974987 4.2460733328 -12.3184226268 0.9525469300 -2.7086057444
1784244812.1149961948 -1.0798859513 0.2198886797 -0.1413519212 2.2725073161 4.2481532629 -12.3708568347 0.9147907110 -2.7061956361
1784244812.1247274876 -1.0757953359 0.2178795721 -0.1385239705 2.2773649219 4.3471725472 -12.5602339370 0.8749872779 -2.7190231095
1784244812.1328003407 -1.0717412438 0.2158433144 -0.1357416320 2.2821373066 4.2241143306 -12.6486433662 0.8529719693 -2.7244901164
1784244812.1407952309 -1.0674680116 0.2137799066 -0.1330049055 2.2867392490 4.1451070308 -12.8000336875 0.8569278476 -2.7422865587
1784244812.1487574577 -1.0631947794 0.2116893487 -0.1304050154 2.2916820759 3.9659504417 -12.7915732412 0.8712843805 -2.7768710926
1784244812.1567459106 -1.0588485005 0.2094358902 -0.1277139010 2.2964544606 4.0233692379 -12.8251665658 0.8718574562 -2.7599319209
1784244812.1647560596 -1.0542830815 0.2072367319 -0.1251140109 2.3011416241 4.0144552174 -12.8758965073 0.8144303380 -2.7717135429
1784244812.1727530956 -1.0498637559 0.2049832734 -0.1223316724 2.3057435665 4.1027380730 -12.9942665880 0.7647732886 -2.7246725389
1784244812.1808035374 -1.0452983369 0.2026483646 -0.1195037217 2.3105159512 4.1904597166 -13.0127536991 0.7236518958 -2.7309617472
1784244812.1887135506 -1.0407694412 0.2003134558 -0.1168582195 2.3151178935 4.3779560272 -12.9650509302 0.6474653517 -2.6846526916
1784244812.1967482567 -1.0362770689 0.1978156464 -0.1139390446 2.3197198359 4.2572715378 -12.9725814288 0.5927679552 -2.6970322623
1784244812.2047512531 -1.0316386032 0.1953449871 -0.1111567060 2.3244069994 4.3438462661 -13.0870111768 0.5653316589 -2.6223896368
1784244812.2127926350 -1.0268540441 0.1928200275 -0.1084655917 2.3288384995 4.2962662299 -13.0611431705 0.5463709858 -2.6289943022
1784244812.2207622528 -1.0220694850 0.1901593175 -0.1057288652 2.3336108841 4.1287244609 -12.9887937403 0.4867217395 -2.6469481002
1784244812.2287664413 -1.0170292624 0.1874443072 -0.1029009146 2.3382128265 3.6354504948 -12.7099705312 0.4272062434 -2.7121144885
1784244812.2367429733 -1.0120620865 0.1846478467 -0.1001185760 2.3427295477 3.5689280451 -12.6278955302 0.3797947539 -2.7165256229
1784244812.2448046207 -1.0070949106 0.1817156356 -0.0973818495 2.3473314901 4.0855234147 -12.8073835772 0.3432223653 -2.6516933852
1784244812.2528362274 -1.0019085946 0.1788105747 -0.0945082868 2.3519334324 3.9912743988 -12.8224371701 0.2843731288 -2.6462172669
1784244812.2608890533 -0.9966857553 0.1757697632 -0.0916803361 2.3564501537 4.0085468749 -12.6103401031 0.2519221608 -2.6253555043
1784244812.2689309120 -0.9914994393 0.1726203513 -0.0890348339 2.3609668749 3.9014883565 -12.4590933671 0.2071398855 -2.6110645766
1784244812.2770347595 -0.9862765999 0.1693623390 -0.0862068832 2.3653131538 3.7626434628 -12.2947383980 0.1908706225 -2.6163059969
1784244812.2868196964 -0.9795563031 0.1653441239 -0.0831052599 2.3707673077 3.9185675876 -12.3925680191 0.2306437763 -2.5430303741
1784244812.2947585583 -0.9739682303 0.1619232110 -0.0804597577 2.3751135866 3.9242487205 -12.4509742427 0.2590986413 -2.5397771388
1784244812.3010299206 -0.9684166807 0.1585294481 -0.0780423160 2.3795450866 3.9962522747 -12.4281818432 0.2693203110 -2.5465185358
1784244812.3107550144 -0.9628651312 0.1550270849 -0.0756248743 2.3838061444 4.0386497016 -12.5240485345 0.3167602795 -2.4954662031
1784244812.3188016415 -0.9570579182 0.1514432714 -0.0731618205 2.3883228656 4.0635562877 -12.3552496781 0.3498948891 -2.4948303533
1784244812.3268361092 -0.9512872286 0.1476965573 -0.0709724393 2.3927543656 3.8146879089 -12.3112318091 0.4090409165 -2.5158960662
1784244812.3349292278 -0.9452608755 0.1440041433 -0.0687830581 2.3972710868 3.6900592033 -12.3199890071 0.4251189020 -2.5719572432
1784244812.3430266380 -0.9392710458 0.1402574292 -0.0665936770 2.4017878081 3.7045179039 -12.2622883134 0.4532738933 -2.6120831513
1784244812.3527390957 -0.9320028987 0.1356419118 -0.0642218474 2.4070715197 4.1788597874 -12.3629695077 0.4759140563 -2.5799902731
1784244812.3608634472 -0.9261956857 0.1318137473 -0.0619868541 2.4115030197 4.4359202094 -12.3401759068 0.4440659899 -2.5751756649
1784244812.3707454205 -0.9202423793 0.1278498324 -0.0599799214 2.4159345198 4.4432444528 -12.2298514899 0.4179320772 -2.6189062313
1784244812.3788106441 -0.9128281388 0.1229085137 -0.0574256434 2.4213886737 4.1311444729 -12.0195087887 0.4062921554 -2.6452046216
1784244812.3868098259 -0.9065826456 0.1188359984 -0.0556011591 2.4255645103 4.4253684780 -12.2697243030 0.4779213788 -2.5176462238
1784244812.3948357105 -0.9005197692 0.1146820327 -0.0536398384 2.4298255680 4.4082560007 -12.0708950738 0.4954890131 -2.4869420597
1784244812.4028966427 -0.8942377526 0.1104194666 -0.0520434147 2.4339161834 4.3222318731 -11.7394162961 0.4782497607 -2.4924122501
1784244812.4108884335 -0.8879557361 0.1059668498 -0.0501277062 2.4381772412 3.6360129127 -11.2080870160 0.4277543542 -2.5650315336
1784244812.4206347466 -0.8817467662 0.1015685332 -0.0483032219 2.4422678566 3.4872724927 -10.9692906094 0.3772285790 -2.5919901233
1784244812.4270279408 -0.8739307689 0.0960027622 -0.0459770044 2.4472959048 3.6071257765 -10.9702545763 0.3188235129 -2.5518459449
1784244812.4367549419 -0.8675026589 0.0912243442 -0.0441525201 2.4513865202 4.1127485141 -11.1238555965 0.2698875504 -2.4697251734
1784244812.4447491169 -0.8608919322 0.0863916260 -0.0421455873 2.4556475779 4.1617570452 -10.9751871133 0.1813667019 -2.4930927672
1784244812.4527149200 -0.8540985887 0.0813688570 -0.0403667152 2.4597381934 4.4579335605 -10.6708834637 0.1613643023 -2.4377445650
1784244812.4607448578 -0.8475243853 0.0762646378 -0.0386334551 2.4636583665 4.1658682007 -10.5244563967 0.1552438799 -2.4965938012
1784244812.4688014984 -0.8406579951 0.0710789682 -0.0368545829 2.4680046454 3.9821092296 -10.4235819993 0.1812503169 -2.5005817754
1784244812.4767510891 -0.8334628948 0.0658389984 -0.0352581591 2.4720952608 3.7890468152 -10.1696997450 0.1680364517 -2.5185888482
1784244812.4830007553 -0.8264138878 0.0604089779 -0.0336161232 2.4761858763 3.7668316347 -10.0428465661 0.1863593380 -2.5757293128
1784244812.4927546978 -0.8193648808 0.0550875579 -0.0322477600 2.4802764917 3.8852101857 -10.0277737859 0.2296081046 -2.5511712423
1784244812.5007197857 -0.8121332571 0.0496032372 -0.0308793968 2.4843671071 3.7893522070 -9.8526387806 0.2212212140 -2.5996458889
1784244812.5089354515 -0.8050477268 0.0440917664 -0.0295566457 2.4884577226 3.8876363926 -9.8293660705 0.3013207582 -2.5817417210
1784244812.5187127590 -0.7976334863 0.0383087945 -0.0283251188 2.4925483380 3.6312777965 -9.6295182734 0.3585576404 -2.6434251903
1784244812.5267179012 -0.7885026483 0.0315484190 -0.0270935919 2.4974911650 3.5904485914 -9.6752778400 0.3764999684 -2.6563090670
1784244812.5330314636 -0.7813440713 0.0259283478 -0.0257708407 2.5014965593 4.0935396754 -9.6530057383 0.3352530110 -2.6491709254
1784244812.5427100658 -0.7740394009 0.0201453760 -0.0248129865 2.5054167324 4.4603496803 -9.5275290807 0.3087979651 -2.6762744355
1784244812.5507659912 -0.7669173472 0.0143352541 -0.0236270717 2.5093369055 4.5691497732 -9.4780836190 0.2691883681 -2.6429203565
1784244812.5587561131 -0.7597587702 0.0084436819 -0.0223043206 2.5131718575 4.6287522577 -9.2973243794 0.2024879280 -2.5947839093
1784244812.5667488575 -0.7521619130 0.0024163591 -0.0213008542 2.5170068095 4.5732455930 -9.1681244937 0.1475385345 -2.5890097258
1784244812.5747447014 -0.7447841959 -0.0036109636 -0.0201149394 2.5208417614 4.6469036504 -8.9798667726 0.1033724747 -2.5841147104
1784244812.5827102661 -0.7374795255 -0.0098283371 -0.0188834125 2.5245914922 4.4605325520 -8.6785469013 0.0562214226 -2.6005501820
1784244812.5907526016 -0.7297730982 -0.0160185604 -0.0176974977 2.5284264442 4.3027021893 -8.4920271606 -0.0474068620 -2.6295924567
1784244812.5987489223 -0.7219936242 -0.0225074349 -0.0166484192 2.5320909539 3.7383323285 -8.2340313310 -0.0635426591 -2.6518873378
1784244812.6067509651 -0.7141411035 -0.0289691593 -0.0154625044 2.5359259058 3.9447748384 -8.1764056081 -0.0401814089 -2.6634396121
1784244812.6147489548 -0.7060694427 -0.0354580338 -0.0146870986 2.5395904155 3.7794028087 -7.9771153886 -0.1012733238 -2.6929924624
1784244812.6227507591 -0.6981803986 -0.0419740584 -0.0136836323 2.5432549252 3.9994873774 -8.1258302695 -0.0592042147 -2.7317966273
1784244812.6307556629 -0.6903278779 -0.0484900830 -0.0127713901 2.5470898771 3.9940393123 -8.0823173843 0.0142707253 -2.7242609302
1784244812.6387605667 -0.6821101237 -0.0550604077 -0.0123152690 2.5505839445 4.1007554776 -8.0438911088 0.0441333840 -2.7423716850
1784244812.6467499733 -0.6740749862 -0.0616035824 -0.0117223116 2.5542484541 4.1225284097 -7.9601126039 0.0752848539 -2.7915543365
1784244812.6547641754 -0.6659302787 -0.0682825076 -0.0110837421 2.5579981850 4.4781701814 -7.8356439924 0.1638549603 -2.7767172083
1784244812.6628086567 -0.6580777580 -0.0749885829 -0.0110381300 2.5614070311 4.4156361454 -7.7851173785 0.2081736332 -2.7790844969
1784244812.6708679199 -0.6499330505 -0.0816675081 -0.0107644574 2.5649863197 4.0848951980 -7.5796233593 0.2503273774 -2.7960435657
1784244812.6789960861 -0.6414596328 -0.0886179344 -0.0104907847 2.5685656082 3.8032908644 -7.1464077452 0.2163180455 -2.8242001731
1784244812.6888122559 -0.6313791876 -0.0971159164 -0.0100802758 2.5728266659 4.5183400022 -7.1748249251 0.1018116165 -2.8480059030
1784244812.6968674660 -0.6233075268 -0.1041477930 -0.0093960941 2.5764059544 4.7972625192 -6.6885373517 -0.0163475516 -2.8324620782
1784244812.7050035000 -0.6150167259 -0.1115054707 -0.0088031368 2.5796443583 4.2629990057 -6.2880111250 -0.1330304488 -2.8899188626
1784244812.7149186134 -0.6064337381 -0.1189174487 -0.0082101794 2.5833088680 4.1877478663 -5.8988200706 -0.1988989842 -2.9292435658
1784244812.7230072021 -0.5965359097 -0.1277955322 -0.0077084462 2.5872290411 4.2014975616 -5.5991970427 -0.2898441642 -2.9060238989
1784244812.7328224182 -0.5864919879 -0.1368908165 -0.0071154888 2.5911492142 4.7286357116 -5.6964779284 -0.3331207903 -2.9324443198
1784244812.7409391403 -0.5780916169 -0.1444928452 -0.0066593677 2.5945580604 4.5072316643 -5.4695364613 -0.3279697287 -2.9289347662
1784244812.7507741451 -0.5693625358 -0.1522034743 -0.0064769193 2.5977112431 3.9334948487 -5.1190686292 -0.2759891790 -2.9957771547
1784244812.7587547302 -0.5588072870 -0.1614073590 -0.0065225314 2.6018018586 4.1706334553 -5.3405810219 -0.2035747448 -3.0139792082
1784244812.7687759399 -0.5502608226 -0.1689550875 -0.0064313072 2.6049550413 4.4068149345 -5.3865195689 -0.1101497730 -3.0261714758
1784244812.7768230438 -0.5397420972 -0.1781318221 -0.0069786525 2.6089604356 4.2185209773 -5.3046207424 0.0547745341 -3.0448690587
1784244812.7848165035 -0.5307938760 -0.1858696013 -0.0073891614 2.6120283971 4.3066243325 -5.1374353489 0.1547993403 -3.0575703687
1784244812.7927982807 -0.5218821780 -0.1936345306 -0.0081189551 2.6151815799 4.3280857377 -4.7828608057 0.1412689571 -3.0854264463
1784244812.8007664680 -0.5132991903 -0.2012637094 -0.0085294641 2.6181643203 4.4179270217 -4.6393551619 0.0638788055 -3.1098764752
1784244812.8087544441 -0.5047892493 -0.2090286387 -0.0085294641 2.6211470607 4.3064213456 -4.5814187434 -0.0683520024 -3.0922510359
1784244812.8150317669 -0.4957679813 -0.2167392678 -0.0085294641 2.6240445800 4.2327055601 -4.2273572171 -0.1868879240 -3.1061826297
1784244812.8248248100 -0.4869658534 -0.2246127975 -0.0084382399 2.6269420993 4.4826638070 -3.9939349957 -0.3938888398 -3.1161755419
1784244812.8327190876 -0.4783828657 -0.2327306781 -0.0085750762 2.6297543974 4.7386343039 -3.8427300849 -0.5689748408 -3.0799854703
1784244812.8408153057 -0.4694711678 -0.2409028590 -0.0080733430 2.6324814743 4.6960675214 -3.3448253718 -0.7022393034 -3.0920108467
1784244812.8488030434 -0.4607055633 -0.2492650905 -0.0079821188 2.6352937724 4.2952351250 -3.3294142501 -0.7166656961 -3.1206244742
1784244812.8568029404 -0.4516112486 -0.2572472206 -0.0080733430 2.6381060705 4.5731738852 -3.2489384203 -0.6693070937 -3.1142651256
1784244812.8647704124 -0.4429552142 -0.2653108010 -0.0084838520 2.6407479263 4.7196673754 -3.2021065878 -0.6341347968 -3.1402556252
1784244812.8727211952 -0.4342626564 -0.2733472314 -0.0089399731 2.6433897821 4.9964744784 -3.2151688256 -0.5539761475 -3.1868127544
1784244812.8807446957 -0.4255335752 -0.2814922621 -0.0093960941 2.6461168591 4.8243976645 -3.2979905212 -0.4238695300 -3.2201700394
1784244812.8887584209 -0.4164392606 -0.2895286924 -0.0102171121 2.6487587149 4.5417458977 -3.2441268496 -0.2720532740 -3.2212673437
1784244812.8967432976 -0.4071623291 -0.2976465731 -0.0113574148 2.6513153496 4.4329089721 -3.1176701908 -0.1810828951 -3.2624838007
1784244812.9047558308 -0.3982506312 -0.3057373036 -0.0124521054 2.6539572054 4.6751451495 -2.9874415896 -0.1119902645 -3.2376642367
1784244812.9108109474 -0.3891197932 -0.3140180848 -0.0132275112 2.6563433977 4.6133009456 -2.7796051458 -0.1933905914 -3.2288984875
1784244812.9187595844 -0.3821438329 -0.3202083082 -0.0136836323 2.6581330419 4.6444808790 -2.5063091240 -0.2762992116 -3.2399433718
1784244812.9267616272 -0.3727573315 -0.3286519900 -0.0145502623 2.6606044554 4.5232653367 -2.1241506802 -0.4257008107 -3.2456891245
1784244812.9347615242 -0.3637360635 -0.3370956719 -0.0148695471 2.6629054266 4.5355691373 -1.7316289244 -0.6374347615 -3.2578660518
1784244812.9427406788 -0.3545321788 -0.3457565546 -0.0148239349 2.6652916190 4.3533508171 -1.2495488005 -0.7902726424 -3.2686703679
1784244812.9507689476 -0.3449630605 -0.3543631371 -0.0149607713 2.6675073690 4.3361234494 -1.0727788778 -1.0507110197 -3.2908397083
1784244812.9587552547 -0.3357591758 -0.3631869203 -0.0153712802 2.6698083402 4.3904970266 -0.7861407432 -1.1358428201 -3.3363153160
1784244812.9667613506 -0.3263726743 -0.3720378537 -0.0153712802 2.6721945325 4.7358758108 -0.5901332352 -1.1526504067 -3.3901125707
1784244812.9747636318 -0.3172783596 -0.3808616370 -0.0160554618 2.6744955037 4.9680980378 -0.4022359879 -1.0815015872 -3.4106215942
1784244812.9810316563 -0.3082936150 -0.3896854203 -0.0169220919 2.6766260326 4.7515715612 -0.1177722078 -0.9616772186 -3.4581958870
1784244812.9907393456 -0.2991993003 -0.3986178040 -0.0177887219 2.6789270037 5.2455468426 0.0291029327 -0.7356673264 -3.5070153864
1784244812.9987549782 -0.2899954156 -0.4073601370 -0.0191570852 2.6811427538 5.5645980222 -0.0525086128 -0.5688673618 -3.5140005209
1784244813.0067589283 -0.2810837177 -0.4162653706 -0.0207991210 2.6833585038 5.2860025492 0.1417741191 -0.4429310823 -3.5520689213
1784244813.0147399902 -0.2717702629 -0.4251977543 -0.0220306479 2.6854890327 4.8329720342 0.4756491621 -0.3951362926 -3.5699453860
1784244813.0227618217 -0.2620915746 -0.4340758378 -0.0234446233 2.6875343404 4.7536478431 0.5831187772 -0.4892531372 -3.5647515824
1784244813.0307555199 -0.2528146432 -0.4431439720 -0.0246305381 2.6894944269 4.8769021441 0.8787606237 -0.5804356926 -3.5485442858
1784244813.0387568474 -0.2435011884 -0.4520763557 -0.0255883923 2.6913692923 4.6372986268 1.2620265010 -0.7126198271 -3.5361025377
1784244813.0467624664 -0.2337859767 -0.4612802405 -0.0265462466 2.6931589366 4.6730073171 1.3534228897 -0.9061340527 -3.5347056626
1784244813.0547571182 -0.2244359986 -0.4702669244 -0.0271392040 2.6949485809 4.9469421734 1.5530598916 -1.1155892657 -3.5093548623
1784244813.0627582073 -0.2151225438 -0.4794708091 -0.0274584887 2.6966530039 4.9620155396 1.8985375280 -1.2363254485 -3.5379059840
1784244813.0707631111 -0.2055534256 -0.4887289940 -0.0282338946 2.6984426482 4.7583941448 1.8776471509 -1.2982854124 -3.5681454889
1784244813.0770039558 -0.1961304007 -0.4977428280 -0.0290549125 2.7000618501 4.2787384021 2.1883597778 -1.2808122784 -3.5972628646
1784244813.0867564678 -0.1866343292 -0.5068924126 -0.0300127667 2.7017662732 4.8412739834 2.1498307513 -1.1292986581 -3.6198040358
1784244813.0947587490 -0.1770652109 -0.5160419971 -0.0315179663 2.7034706963 5.2564430032 2.1948032088 -1.0099918606 -3.6525812454
1784244813.1010398865 -0.1679708963 -0.5250286810 -0.0331143901 2.7050898983 5.0593611531 2.4765167846 -0.8871791273 -3.6668147269
1784244813.1107382774 -0.1586939648 -0.5340425150 -0.0345739775 2.7066238791 5.3637554225 2.5409491963 -0.7104963532 -3.6820130930
1784244813.1188206673 -0.1492709400 -0.5429205985 -0.0363528497 2.7082430810 5.6100314516 2.4555246002 -0.7077157220 -3.7040993699
1784244813.1267652512 -0.1402131487 -0.5520973331 -0.0379036613 2.7096918406 5.4482538459 2.8487977071 -0.6765736817 -3.6932155506
1784244813.1347975731 -0.1307536005 -0.5612740678 -0.0397281456 2.7110553791 5.2202982281 3.1744860808 -0.7857871480 -3.7247999601
1784244813.1428179741 -0.1212940523 -0.5703965022 -0.0409140604 2.7125893599 4.8477672143 3.5434566520 -0.8807624861 -3.7340030116
1784244813.1508419514 -0.1119075508 -0.5794103362 -0.0421911995 2.7138676772 5.0365588600 3.8335242806 -1.0150511371 -3.7268343907
1784244813.1588120461 -0.1025575727 -0.5886956712 -0.0431034416 2.7150607734 5.1980381100 4.1634793822 -1.1461703800 -3.7402182158
1784244813.1669108868 -0.0930615011 -0.5981710570 -0.0445174169 2.7164243119 4.8052437716 4.6176405355 -1.2061980532 -3.7650213357
1784244813.1750044823 -0.0833828128 -0.6076735928 -0.0455208833 2.7177026292 4.7972268216 5.3056408067 -1.1893867383 -3.7955885494
1784244813.1848227978 -0.0741789281 -0.6173933295 -0.0471629192 2.7189809465 5.2035305483 5.1954350095 -1.0846034575 -3.8483594348
1784244813.1928849220 -0.0628201656 -0.6286606220 -0.0493979124 2.7205149273 5.1736374029 5.1213745852 -0.9360402388 -3.8943672607
1784244813.2009680271 -0.0533971408 -0.6380545575 -0.0514048452 2.7217932446 4.9066474606 5.1652134706 -0.8428842564 -3.9429813783
1784244813.2108581066 -0.0439010692 -0.6472312921 -0.0531381053 2.7230715620 5.2973152717 5.0992843155 -0.7747223292 -4.0086120959
1784244813.2189538479 -0.0329805869 -0.6583085339 -0.0555099348 2.7246055427 5.6132463949 4.9966445729 -0.7063301455 -4.0113028505
1784244813.2270052433 -0.0215487777 -0.6693586256 -0.0580186008 2.7259690812 6.0020517537 4.8199109459 -0.7486187843 -3.9993165640
1784244813.2368736267 -0.0125275098 -0.6784539099 -0.0597974730 2.7270769562 5.9900171096 5.0721477736 -0.8230260694 -3.9828574888
1784244813.2468194962 -0.0031775316 -0.6876577946 -0.0616675694 2.7279291678 5.7308168700 5.5002904517 -0.8875108490 -3.9392055584
1784244813.2568168640 0.0079620908 -0.6987078863 -0.0637201142 2.7289518216 6.1344189368 5.8038403556 -1.0338751885 -3.9458673024
1784244813.2648620605 0.0192478066 -0.7100837792 -0.0657726590 2.7300596967 5.7701010540 6.2435748380 -1.1000459074 -3.9046764677
1784244813.2728705406 0.0285977847 -0.7195320149 -0.0674146949 2.7306562447 5.4473609851 6.6557575165 -1.1738265556 -3.9210562357
1784244813.2808814049 0.0376920994 -0.7286272992 -0.0689198945 2.7315084563 5.2884033631 6.8803809791 -1.2132878253 -3.9371991604
1784244813.2888181210 0.0469325074 -0.7377768837 -0.0703338698 2.7321902255 5.4088153584 6.8848258345 -1.2305878785 -3.9701019553
1784244813.2968614101 0.0559902988 -0.7467364175 -0.0721583541 2.7329572159 5.5278361621 6.9108498409 -1.2030157785 -4.0159314697
1784244813.3049607277 0.0649750434 -0.7558860020 -0.0742108989 2.7336389852 5.3809548326 6.9504617810 -1.0661369994 -4.0368589303
1784244813.3130042553 0.0742154515 -0.7647369354 -0.0764915043 2.7343207544 5.3343675550 7.1938047373 -0.9545093069 -4.0823506947
1784244813.3226907253 0.0831271494 -0.7736421690 -0.0786808855 2.7350025236 5.5139156967 7.2288293975 -0.7681797404 -4.0731834012
1784244813.3308317661 0.0940476316 -0.7841764088 -0.0817825088 2.7355990717 5.7221914654 7.0088564538 -0.6418794633 -4.0813685639
1784244813.3389613628 0.1029958529 -0.7928644416 -0.0841543384 2.7361956198 5.3662046775 7.1443000914 -0.5143879642 -4.0740726450
1784244813.3488218784 0.1126380179 -0.8017425251 -0.0868454527 2.7366217256 5.5187126093 7.4784502896 -0.5046812287 -4.0421507291
1784244813.3569629192 0.1234124067 -0.8124939656 -0.0898558518 2.7370478314 5.6098408787 7.7923193793 -0.5086843922 -4.0333122294
1784244813.3668746948 0.1327258615 -0.8214806495 -0.0922732935 2.7373887160 5.6360042127 8.1147942594 -0.6823732074 -4.0075720548
1784244813.3748726845 0.1436463438 -0.8322863903 -0.0946451231 2.7376443794 5.9918190151 8.3997621268 -0.8334683058 -3.9992413998
1784244813.3828737736 0.1524484716 -0.8412459241 -0.0966520558 2.7379000429 5.8792266170 8.6559059949 -0.9884409149 -4.0064416979
1784244813.3908250332 0.1613601695 -0.8500154072 -0.0982484796 2.7380704852 6.0841514673 8.8774937565 -1.0617512352 -4.0405983885
1784244813.3987646103 0.1700162040 -0.8588391905 -0.1003010244 2.7383261487 5.7451921932 8.8159140491 -1.1215282656 -4.0831656769
1784244813.4067628384 0.1789279019 -0.8673914728 -0.1021711208 2.7385818122 5.6869588772 8.7755277632 -1.2140795895 -4.0875544407
1784244813.4148206711 0.1877300298 -0.8760252053 -0.1037219325 2.7387522545 5.8929757643 8.6957379239 -1.2425162283 -4.1353317680
1784244813.4228296280 0.1964591109 -0.8844417371 -0.1057288652 2.7390079179 5.9095225626 8.7264271107 -1.1758663680 -4.1448219133
1784244813.4308760166 0.2054073322 -0.8928311188 -0.1079638585 2.7390931391 5.9266262099 9.0442574996 -1.0339090132 -4.1475649549
1784244813.4388296604 0.2141729367 -0.9014920014 -0.1105637486 2.7391783602 5.5250798380 9.1247082623 -0.7795005849 -4.1241315370
1784244813.4468195438 0.2232672513 -0.9098542330 -0.1135741477 2.7390931391 5.4935965127 9.2387038831 -0.5887301660 -4.1054841577
1784244813.4548902512 0.2320693792 -0.9181621643 -0.1162196500 2.7390931391 5.3050723445 9.5358888476 -0.4377929946 -4.1191439696
1784244813.4629456997 0.2410176005 -0.9265243959 -0.1191388248 2.7390931391 4.7715871026 9.7591633689 -0.4266455486 -4.1400048095
1784244813.4727504253 0.2500753918 -0.9347508769 -0.1215562665 2.7390079179 4.8208090148 10.2209549349 -0.4779443595 -4.1753827424
1784244813.4808094501 0.2606671639 -0.9446878144 -0.1245666656 2.7390079179 5.1137681021 9.8782336290 -0.5342366374 -4.2274601563
1784244813.4888885021 0.2695423384 -0.9529957458 -0.1269384952 2.7390931391 5.0639075870 10.1407102993 -0.6223828953 -4.2576316508
1784244813.4988234043 0.2783444663 -0.9611950767 -0.1289454279 2.7390931391 5.5941672195 10.3679483198 -0.6949566627 -4.2911103795
1784244813.5068631172 0.2884979582 -0.9710777140 -0.1316821544 2.7390079179 5.7663661592 10.3986302053 -0.8341488358 -4.3105699718
1784244813.5148198605 0.2971905160 -0.9793041950 -0.1337346992 2.7390079179 5.6802616068 10.6458061173 -0.8631650609 -4.3540090479
1784244813.5228683949 0.3056639337 -0.9873134752 -0.1359696925 2.7390079179 5.8283857458 10.8609854768 -0.8441685856 -4.3673790788
1784244813.5310068130 0.3138451645 -0.9953770557 -0.1384783584 2.7389226968 5.7624774532 11.2669194617 -0.7940789474 -4.3963010734
1784244813.5408220291 0.3240717031 -1.0050967923 -0.1411238607 2.7388374756 5.8953786513 11.0377199494 -0.7374853031 -4.4311633792
1784244813.5508255959 0.3325085975 -1.0131603728 -0.1438149750 2.7387522545 5.7480714152 10.9770402868 -0.6385478516 -4.5166993159
1784244813.5588781834 0.3431734163 -1.0228529593 -0.1472358831 2.7388374756 5.4333323314 11.0163332351 -0.5349245328 -4.5386484463
1784244813.5670089722 0.3517198807 -1.0306450387 -0.1498357732 2.7387522545 4.9742264657 11.2765230384 -0.4453776734 -4.5970658626
1784244813.5767555237 0.3620925126 -1.0397674732 -0.1527549481 2.7387522545 5.3139058020 10.9782139266 -0.4877188744 -4.6262674756
1784244813.5848221779 0.3704198369 -1.0473695018 -0.1553092261 2.7387522545 5.2624152313 11.0693721103 -0.4514297553 -4.6458973408
1784244813.5928845406 0.3790028247 -1.0547814798 -0.1580003404 2.7386670333 4.9937297949 11.1208122416 -0.4765448455 -4.6564231757
1784244813.6028239727 0.3875858124 -1.0620577073 -0.1603721700 2.7385818122 4.8224538140 11.1256143977 -0.4800038258 -4.7004010803
1784244813.6109540462 0.3980314911 -1.0709357908 -0.1635194054 2.7385818122 4.6915938755 11.4640997705 -0.4596329433 -4.7105795053
1784244813.6189606190 0.4066875256 -1.0784292190 -0.1662561319 2.7384113698 4.5280123197 11.7611434700 -0.4441864406 -4.7213399945
1784244813.6269595623 0.4148687564 -1.0855425459 -0.1687191857 2.7383261487 4.5815258686 12.2385208432 -0.3717953760 -4.7565292933
1784244813.6350109577 0.4230865106 -1.0927916232 -0.1715015243 2.7382409275 3.6413752872 13.2537389594 -0.2839352934 -4.7655333736
1784244813.6448671818 0.4312312182 -1.0998778000 -0.1741014144 2.7382409275 4.2423395220 12.8763259271 -0.1789509976 -4.8275392571
1784244813.6529035568 0.4409099065 -1.1084300822 -0.1774310982 2.7381557064 5.1464364277 12.6336609093 -0.1417826645 -4.8832763799
1784244813.6626846790 0.4486893805 -1.1154348087 -0.1802590489 2.7382409275 4.3194466586 13.4471680124 -0.0666534575 -4.8886728933
1784244813.6707632542 0.4580758819 -1.1236612897 -0.1833150601 2.7381557064 5.9719907044 12.3818568256 -0.1752049412 -4.9502884844
1784244813.6787998676 0.4656727392 -1.1304759654 -0.1857325018 2.7380704852 5.7450990411 12.4507976163 -0.1960800978 -4.9540444138
1784244813.6868317127 0.4735617832 -1.1371820407 -0.1883323919 2.7379852641 5.3683350045 12.4513494515 -0.2543100046 -4.9862284794
1784244813.6948246956 0.4813047339 -1.1436166150 -0.1905673852 2.7379852641 5.3846230177 12.5114110398 -0.3454547138 -4.9932001420
1784244813.7027318478 0.4890476845 -1.1501326396 -0.1926655421 2.7378148218 5.2371313397 12.6304271354 -0.3661400953 -4.9763726426
1784244813.7107837200 0.4969002052 -1.1565943640 -0.1951285960 2.7375591583 5.1001955091 12.6549974113 -0.3534872629 -4.9490031348
1784244813.7187697887 0.5045701092 -1.1628660376 -0.1975460377 2.7373034948 5.0255889049 12.7400376789 -0.2788407202 -4.9406789267
1784244813.7267673016 0.5123495832 -1.1690834111 -0.2000547036 2.7370478314 4.6205445827 12.8547087070 -0.1916699671 -4.9331894659
1784244813.7348241806 0.5203116739 -1.1753279346 -0.2025177574 2.7367921679 4.5807808199 12.9755131038 -0.0778887026 -4.9397628061
1784244813.7428035736 0.5278720078 -1.1815181580 -0.2054369323 2.7365365044 4.7599854601 13.1165333344 0.0570924366 -4.9605588749
1784244813.7508263588 0.5354323417 -1.1875726308 -0.2082192708 2.7362808410 4.5783055217 13.2298865005 0.1322483097 -4.9604904508
1784244813.7589197159 0.5432118157 -1.1935999536 -0.2107735488 2.7360251775 4.1785764594 13.3456270598 0.2034959504 -4.9574195413
1784244813.7687335014 0.5511008597 -1.1996272763 -0.2136014995 2.7356842929 3.8083756915 13.6061088736 0.2113599322 -4.9777514482
1784244813.7768204212 0.5601951744 -1.2068220535 -0.2168399591 2.7354286294 3.5125455664 14.1056148619 0.2738701469 -4.9840576502
1784244813.7847685814 0.5679016017 -1.2126864756 -0.2194854614 2.7351729660 4.3639632227 13.5984027039 0.2274019715 -5.0230113589
1784244813.7927575111 0.5752793188 -1.2182522466 -0.2219029031 2.7349173025 3.8455605732 14.0633369770 0.2514430214 -5.0294355600
1784244813.7990031242 0.5826935593 -1.2237637174 -0.2242291206 2.7346616390 4.4231651765 13.7344357428 0.1313427786 -5.0539470733
1784244813.8087205887 0.5899982297 -1.2291665878 -0.2265553380 2.7343207544 4.6746240147 13.5715429922 0.0747595897 -5.0598630237
1784244813.8167741299 0.5971202834 -1.2345694582 -0.2289727797 2.7340650909 4.0986837531 14.1789891591 0.1021571632 -5.0483373800
1784244813.8248138428 0.6043153837 -1.2399994787 -0.2313446093 2.7337242063 3.9638282938 14.3912196635 0.1377805803 -5.0415992458
1784244813.8328387737 0.6112182973 -1.2452394484 -0.2335796026 2.7332981005 4.6085796650 14.1039296436 0.1019689246 -5.0126497345
1784244813.8407301903 0.6183038276 -1.2503436677 -0.2357689838 2.7328719948 4.5185282659 14.0269122233 0.0728623908 -4.9774106180
1784244813.8487305641 0.6251702178 -1.2552849863 -0.2379583649 2.7323606678 4.3974384490 14.1130221955 0.1136689734 -4.9740356599
1784244813.8567805290 0.6321827014 -1.2603892056 -0.2404214187 2.7319345621 4.5213547013 14.2613953274 0.1365019242 -4.9250765975
1784244813.8647708893 0.6389395215 -1.2653033741 -0.2425651878 2.7312527928 4.4005264143 14.3239194275 0.1596670187 -4.8988221064
1784244813.8727695942 0.6458789584 -1.2701360924 -0.2446633447 2.7307414659 4.3573503199 14.5221299749 0.1886279960 -4.8913643875
1784244813.8808414936 0.6526357785 -1.2748873603 -0.2468983380 2.7301449178 4.4883380264 14.4470997611 0.1828968876 -4.8998163299
1784244813.8888266087 0.6593195520 -1.2796657783 -0.2491789434 2.7296335909 4.2508733123 14.5244355593 0.2251752387 -4.9355244530
1784244813.8968703747 0.6662224655 -1.2841998454 -0.2514139366 2.7292074851 4.0705105671 14.6516606709 0.2315981682 -4.9810206593
1784244813.9048261642 0.6729062390 -1.2887610626 -0.2535120936 2.7288666005 3.8577809483 14.6730441305 0.2595832091 -5.0308395056
1784244813.9107310772 0.6796265357 -1.2930507788 -0.2555190263 2.7284404947 3.3380064727 15.1243031286 0.2870838279 -5.0419944865
1784244813.9187848568 0.6843015248 -1.2962544909 -0.2569786137 2.7281848313 3.9925310698 14.8432281349 0.2270714679 -5.1037962531
1784244813.9267864227 0.6909852982 -1.3005442071 -0.2589855465 2.7278439466 3.2738433588 15.2742169184 0.2544754262 -5.1007507881
1784244813.9347772598 0.6974134082 -1.3046167225 -0.2608100308 2.7275030620 3.2745311696 15.2650960269 0.2449784909 -5.1235169193
1784244813.9428341389 0.7040971816 -1.3085534873 -0.2625889030 2.7270769562 3.5362095748 14.8602904899 0.1982760745 -5.1561373752
1784244813.9508290291 0.7104887683 -1.3124359520 -0.2643677752 2.7266508505 3.8107975044 14.9224231956 0.1992361145 -5.1559290094
1784244813.9588317871 0.7166612148 -1.3163184166 -0.2662378716 2.7263099658 3.9943467504 15.0017476527 0.1857218225 -5.1402754148
1784244813.9667525291 0.7227971379 -1.3200922809 -0.2678342953 2.7257986389 4.0024334740 15.1610629400 0.1986758400 -5.1292735322
1784244813.9747843742 0.7290061078 -1.3238118449 -0.2696131675 2.7252873120 4.1024247846 15.1455143904 0.2122732064 -5.0924988566
1784244813.9828348160 0.7349228908 -1.3273142081 -0.2713008155 2.7246907639 3.9857472181 15.2439515298 0.2261454537 -5.0668234480
1784244813.9908585548 0.7409492439 -1.3307894212 -0.2728516272 2.7241794370 3.9894091679 15.2997591280 0.2720900989 -5.0494322366
1784244813.9987370968 0.7469390736 -1.3342103341 -0.2745848872 2.7235828889 4.0603538072 15.4007177177 0.2678974021 -5.0099167442
1784244814.0067822933 0.7526001932 -1.3375226466 -0.2760444747 2.7229863408 4.1974999251 15.5493842858 0.2445832441 -4.9731777853
1784244814.0147755146 0.7581882661 -1.3407806589 -0.2774128379 2.7223045716 4.1353695138 15.5685187414 0.2555214474 -4.9380845173
1784244814.0227375031 0.7639589557 -1.3438757706 -0.2788724254 2.7215375812 4.1147257614 15.6750774946 0.2724000844 -4.9134703309
1784244814.0308291912 0.7695105052 -1.3469980324 -0.2803776249 2.7208558119 3.9503948049 15.7718940099 0.2761662870 -4.9201393016
1784244814.0388417244 0.7751351015 -1.3499573935 -0.2817003760 2.7202592639 3.6741574268 15.8455910543 0.2995268263 -4.9283378453
1784244814.0468440056 0.7808692677 -1.3528624545 -0.2831143514 2.7195774946 3.5014234010 15.9663867439 0.3167999978 -4.9216036705
1784244814.0548760891 0.7863477706 -1.3556589151 -0.2844371025 2.7188957254 2.9631884128 16.3019648086 0.3434412216 -4.9268010935
1784244814.0629653931 0.7918262734 -1.3583739253 -0.2858054657 2.7182991773 2.8969364837 16.3442868582 0.4010537742 -4.9416813208
1784244814.0727777481 0.7981082899 -1.3614418869 -0.2874931137 2.7176174080 3.8906753619 15.9547192760 0.5030508577 -5.0281205395
1784244814.0807750225 0.8034406993 -1.3639668464 -0.2889983132 2.7171913023 3.5618171766 16.0706283268 0.5726159236 -5.0476443545
1784244814.0870082378 0.8088096321 -1.3663017552 -0.2903666764 2.7165947542 3.3829279857 16.1882803138 0.6002146850 -5.0424824485
1784244814.0949158669 0.8139229014 -1.3685280636 -0.2916438155 2.7159129850 3.4488953335 16.2488087098 0.6154458814 -5.0341394785
1784244814.1047713757 0.8178674234 -1.3702928203 -0.2926928939 2.7154868792 3.3400832457 16.3783989120 0.6240740535 -4.9827915614
1784244814.1127789021 0.8239668232 -1.3727906297 -0.2940612572 2.7145494465 3.5408943717 16.2748379217 0.6321635577 -4.9348744328
1784244814.1207747459 0.8288244290 -1.3747725872 -0.2952927841 2.7137824561 3.5012324235 16.3745346831 0.6662189738 -4.8840179897
1784244814.1287734509 0.8335724648 -1.3766459442 -0.2964330867 2.7129302445 3.5108512108 16.4476174035 0.7006101869 -4.8141300509
1784244814.1367750168 0.8383935473 -1.3784107009 -0.2975733894 2.7119928118 3.4878332813 16.4617948455 0.7653693072 -4.7863895622
1784244814.1447775364 0.8430685364 -1.3800668572 -0.2988049163 2.7111406003 3.4113051119 16.5445761736 0.8158133112 -4.7690362323
1784244814.1527364254 0.8475974320 -1.3816415631 -0.2998996069 2.7102031676 3.2855214936 16.5712818299 0.8396857868 -4.7624470865
1784244814.1607706547 0.8522724211 -1.3830533684 -0.3009030733 2.7093509560 3.2154644300 16.6266889048 0.8416504200 -4.8044783946
1784244814.1687810421 0.8567647934 -1.3844380236 -0.3018609275 2.7086691868 3.1264545459 16.6685509921 0.8453642536 -4.8581061196
1784244814.1767768860 0.8611841190 -1.3856869284 -0.3027731697 2.7079874175 3.1190997821 16.6425760005 0.8836060270 -4.9136020058
1784244814.1848335266 0.8656034446 -1.3867457824 -0.3037310240 2.7073908695 3.2238783231 16.6193311049 0.9206531891 -4.9725894365
1784244814.1927793026 0.8697671067 -1.3877503361 -0.3046888782 2.7068795425 3.3403411747 16.6639408845 0.9784702668 -5.0150424414
1784244814.2007825375 0.8737846755 -1.3886462895 -0.3056467325 2.7062829944 3.3094531105 16.6003670601 1.0362494185 -5.0591515963
1784244814.2088255882 0.8778387675 -1.3893521922 -0.3065589746 2.7058568887 3.4090592344 16.6200643199 1.0890145102 -5.0820331095
1784244814.2168085575 0.8817102429 -1.3900037946 -0.3074712168 2.7052603406 3.2345640612 16.6870362192 1.1239344543 -5.0833295362
1784244814.2247807980 0.8856912882 -1.3905467967 -0.3082922347 2.7046637925 3.0341520415 16.6339210787 1.1475989255 -5.0437003702
1784244814.2327413559 0.8894897169 -1.3908997480 -0.3090676405 2.7038968021 3.0986707442 16.6888304661 1.1244165765 -4.9920788353
1784244814.2407970428 0.8931420521 -1.3912526994 -0.3095693737 2.7031298117 3.1595600691 16.7409643539 1.0739348594 -4.9363833387
1784244814.2488303185 0.8967213406 -1.3914427501 -0.3099798827 2.7023628213 2.8016661153 16.7870837830 1.0758038693 -4.9038884092
1784244814.2567360401 0.9004101991 -1.3915785006 -0.3102991674 2.7014253886 3.0238873306 16.8685552022 0.9539653323 -4.8411140414
1784244814.2647423744 0.9038433942 -1.3916056507 -0.3104360038 2.7005731771 3.0573263961 16.9244111114 0.8758159391 -4.8275375773
1784244814.2727830410 0.9072035426 -1.3915513505 -0.3104360038 2.6998061867 2.9287350545 17.0624389726 0.8324697724 -4.8379889449
1784244814.2807757854 0.9105271677 -1.3914699002 -0.3104816159 2.6989539751 2.9690632904 17.2050053179 0.8071786665 -4.8433285467
1784244814.2887787819 0.9138507927 -1.3912798495 -0.3104360038 2.6982722059 3.0121410906 17.3777101590 0.8296713095 -4.8496224525
1784244814.2967629433 0.9169552776 -1.3910897987 -0.3104816159 2.6975052155 2.8402055387 17.5496055000 0.8840480546 -4.8738491422
1784244814.3048350811 0.9200232392 -1.3908725979 -0.3106640643 2.6968234463 2.9403239557 17.8190150456 0.9916264086 -4.8732087521
1784244814.3127388954 0.9230912008 -1.3906010969 -0.3107552885 2.6960564559 2.9306847268 18.0970022218 1.0794965752 -4.8672779638
1784244814.3207943439 0.9259765456 -1.3903295959 -0.3109377369 2.6952894655 2.7949916009 18.3747223208 1.1256077525 -4.8248288079
1784244814.3287351131 0.9288984138 -1.3900580948 -0.3109377369 2.6943520328 2.7854023778 18.6651482577 1.1518620178 -4.7730224579
1784244814.3367409706 0.9316011418 -1.3897865938 -0.3108465127 2.6934146001 2.7725992954 18.9540592028 1.1648283875 -4.7407438145
1784244814.3447403908 0.9342673465 -1.3895150928 -0.3107552885 2.6924771674 2.6295453378 19.2038825896 1.1567305450 -4.6896488465
1784244814.3527314663 0.9367874578 -1.3891892916 -0.3104816159 2.6914545135 2.8294522407 19.4127238336 1.1281512865 -4.6814546845
1784244814.3590126038 0.9392710458 -1.3888091901 -0.3101167190 2.6906023020 2.8101435586 19.6303572505 1.1307200267 -4.6788607650
1784244814.3687841892 0.9416085403 -1.3884290887 -0.3097518221 2.6897500904 2.7767096550 19.8509544849 1.1604210692 -4.7297096374
1784244814.3767809868 0.9439825582 -1.3879675370 -0.3094325374 2.6888978789 2.6819803535 19.9844696269 1.1871706894 -4.7357297530
1784244814.3848450184 0.9460643893 -1.3874516850 -0.3091132526 2.6882161096 2.9307786808 20.2321449791 1.2783141535 -4.8499536353
1784244814.3927879333 0.9481096970 -1.3869358331 -0.3087939679 2.6877047827 2.8395814346 20.3166822899 1.3255460314 -4.8824057338
1784244814.4007771015 0.9501550047 -1.3862570805 -0.3083834589 2.6870230134 2.8161803062 20.4175657196 1.3702571263 -4.9129782941
1784244814.4069938660 0.9520176956 -1.3855240277 -0.3079729500 2.6864264654 2.7376363725 20.5505789545 1.4147560128 -4.9654163968
1784244814.4167761803 0.9534421064 -1.3849267255 -0.3076992773 2.6860855807 2.6363096783 20.5911864113 1.4835510039 -4.9755766856
1784244814.4248273373 0.9555969841 -1.3838135713 -0.3071975441 2.6853185903 2.8155186004 20.6368646966 1.5891531634 -4.9725990844
1784244814.4327750206 0.9571309649 -1.3828633177 -0.3069694836 2.6847220423 2.8335106077 20.7658502960 1.7182089123 -4.9592472757
1784244814.4407780170 0.9586284224 -1.3818044637 -0.3067414230 2.6840402730 2.7917483991 20.8344741978 1.7790382026 -4.9262481548
1784244814.4488248825 0.9600893565 -1.3806641594 -0.3062853020 2.6833585038 2.7982846903 20.9496199875 1.8217627332 -4.9141578844
1784244814.4568266869 0.9614041971 -1.3794695549 -0.3058291809 2.6826767345 2.7044755717 20.9988882121 1.8056833647 -4.8778941298
1784244814.4648282528 0.9626825145 -1.3781391999 -0.3051449993 2.6819097442 2.5483190466 21.0200747975 1.7593981752 -4.8687503956
1784244814.4728229046 0.9639608318 -1.3767002444 -0.3042783692 2.6813131961 2.5326049858 21.0923227800 1.7311513498 -4.8956301492
1784244814.4807479382 0.9650200090 -1.3752341389 -0.3034573513 2.6807166480 2.5002374735 21.0961789271 1.7322853628 -4.9167414906
1784244814.4887974262 0.9660791862 -1.3736051328 -0.3026363334 2.6802053211 2.4007849399 20.9819578168 1.7297166261 -4.9226065460
1784244814.4967858791 0.9669557466 -1.3718946763 -0.3016784791 2.6797792153 2.4337512571 21.0083567957 1.7374769195 -4.9746228250
1784244814.5048277378 0.9677227370 -1.3700756195 -0.3007206249 2.6793531095 2.5251151404 20.9751384938 1.7527243237 -5.0162401147
1784244814.5127882957 0.9684532041 -1.3682022624 -0.2997627706 2.6789270037 2.5401626554 21.1504789052 1.7962751658 -5.0756048973
1784244814.5208406448 0.9690741011 -1.3661660047 -0.2986224679 2.6785008980 2.4486770519 20.9642150326 1.7823841937 -5.0656307286
1784244814.5288391113 0.9695489046 -1.3640211466 -0.2974821652 2.6779895710 2.5657049957 21.2204677440 1.8000405896 -5.0536668197
1784244814.5368347168 0.9700237082 -1.3619034386 -0.2962962504 2.6775634653 2.4564348521 21.2566688721 1.8090339195 -5.0183641934
1784244814.5448276997 0.9704254651 -1.3595956799 -0.2949734993 2.6769669172 2.4435034650 21.2507158271 1.8090249736 -4.9619979105
1784244814.5527904034 0.9706811286 -1.3572064709 -0.2936051361 2.6762851479 2.3960446901 21.3051499489 1.8128225182 -4.9145046207
1784244814.5607869625 0.9709002687 -1.3547629617 -0.2922367729 2.6756033787 2.3227427439 21.1194503992 1.7929002900 -4.8957202518
1784244814.5687823296 0.9711194088 -1.3522108520 -0.2907771854 2.6749216095 2.1131909428 21.3645239621 1.8186615670 -4.8167714923
1784244814.5768291950 0.9712655022 -1.3495229919 -0.2890895374 2.6741546191 1.9569342992 21.3890120650 1.7585416299 -4.7865321815
1784244814.5848150253 0.9713750723 -1.3467536815 -0.2872650531 2.6735580710 1.7932432668 21.4441580546 1.7469212487 -4.7939769847
1784244814.5927798748 0.9714481190 -1.3439843710 -0.2855317931 2.6729615229 1.6653939380 21.4134423878 1.7528425931 -4.8328408055
1784244814.6007452011 0.9714481190 -1.3410521599 -0.2837985330 2.6724501960 1.4829042944 21.4680124955 1.7705768807 -4.8716108226
1784244814.6089000702 0.9714481190 -1.3380656487 -0.2820652729 2.6719388690 1.2761165545 21.3916742945 1.8219201951 -4.9210799676
1784244814.6167814732 0.9714115956 -1.3348347865 -0.2801951765 2.6715979844 1.0612495173 21.4297263372 1.8663606607 -4.9890602594
1784244814.6247777939 0.9713750723 -1.3316582245 -0.2783250801 2.6713423209 0.8632166484 21.4224981318 1.8646139765 -5.0571877052
1784244814.6327812672 0.9713385489 -1.3284002122 -0.2763181473 2.6711718786 0.5125943489 21.4773542044 1.8456024302 -5.1363155525
1784244814.6390261650 0.9713385489 -1.3249792993 -0.2743112146 2.6710014363 0.2840300199 21.4948311909 1.8395659217 -5.1962454495
1784244814.6487874985 0.9713020255 -1.3214497860 -0.2719393850 2.6709162152 -0.0013212799 21.4965398649 1.8157387404 -5.2102404930
1784244814.6566939354 0.9712655022 -1.3178388224 -0.2696131675 2.6706605517 -0.1959372562 21.3265932098 1.7828290836 -5.2571792664
1784244814.6647968292 0.9712289788 -1.3141464084 -0.2675150106 2.6705753306 -0.4628287353 21.4112163770 1.8152171400 -5.2716555963
1784244814.6727874279 0.9711559321 -1.3102910939 -0.2649607326 2.6703196671 -0.6851428260 21.3234897757 1.8219617480 -5.2413856943
1784244814.6807885170 0.9710828854 -1.3063543290 -0.2626345151 2.6700640036 -0.9127574640 21.2895708645 1.8103783487 -5.2116507578
1784244814.6887826920 0.9709733154 -1.3023632640 -0.2600346250 2.6698083402 -1.1192012850 21.3258578656 1.8085248589 -5.1647539940
1784244814.6950287819 0.9708637453 -1.2982907486 -0.2574803469 2.6694674555 -1.3312853433 21.0893273706 1.8178884970 -5.1465873425
1784244814.7048478127 0.9707176519 -1.2940010324 -0.2549260689 2.6692117921 -1.6122899253 21.2551518693 1.8226662524 -5.0844773596
1784244814.7127540112 0.9706080819 -1.2897656164 -0.2522805667 2.6687856863 -1.8299042670 21.1066222980 1.8411386440 -5.0698303019
1784244814.7207400799 0.9704254651 -1.2852043992 -0.2495438402 2.6685300228 -1.8954175237 20.6750983309 1.8001526521 -5.0621967583
1784244814.7287752628 0.9702428483 -1.2806974822 -0.2468071138 2.6680186959 -2.2295968195 21.0777613206 1.8985202656 -5.0221378703
1784244814.7367806435 0.9700237082 -1.2760819648 -0.2440703873 2.6677630324 -2.4106739146 20.9256432560 1.9240265814 -5.0349039958
1784244814.7447485924 0.9697680448 -1.2711949464 -0.2410599882 2.6675073690 -2.5966695341 20.8066246255 1.9560166504 -5.0611334722
1784244814.7528550625 0.9695123813 -1.2663350780 -0.2383688739 2.6673369267 -2.7583370216 20.8336742217 1.9837303219 -5.0990365377
1784244814.7608351707 0.9691836711 -1.2614480596 -0.2355409232 2.6671664844 -2.9424948328 20.6944069379 2.0454340016 -5.1432544142
1784244814.7687628269 0.9688184376 -1.2562352399 -0.2326217483 2.6670812632 -3.1137144195 20.6710984032 2.0964400301 -5.1674974443
1784244814.7767498493 0.9684166807 -1.2511853209 -0.2297937977 2.6669960420 -3.2352955789 20.6750002871 2.1358340774 -5.1933610200
1784244814.7847568989 0.9679418772 -1.2459996513 -0.2268290107 2.6669108209 -3.4032874936 20.6143280186 2.1390096507 -5.2354130936
1784244814.7927789688 0.9674670736 -1.2406239310 -0.2236361632 2.6669108209 -3.5614913050 20.5684832814 2.1162567429 -5.2357465800
1784244814.8008377552 0.9669557466 -1.2352210606 -0.2203977035 2.6668255997 -3.7125203062 20.5176796311 2.0494056977 -5.2372285802
1784244814.8087818623 0.9663713730 -1.2297095898 -0.2168855712 2.6667403786 -3.8615654701 20.1908114515 1.9683110222 -5.2141279873
1784244814.8167920113 0.9657504760 -1.2240352184 -0.2135558874 2.6665699363 -3.9970041687 20.2238978822 1.8827023648 -5.1919769596
1784244814.8248322010 0.9650930557 -1.2184694474 -0.2099525309 2.6664847151 -4.1013337688 20.1126581648 1.8569348774 -5.1850781239
1784244814.8328335285 0.9643625887 -1.2125507251 -0.2061211139 2.6663142728 -4.1884913612 19.9615739910 1.8353011113 -5.1760865553
1784244814.8409223557 0.9635590749 -1.2066320028 -0.2025633695 2.6662290517 -4.2891074436 19.8699661273 1.8014300229 -5.1856768717
1784244814.8490278721 0.9626825145 -1.2006318301 -0.1985951161 2.6661438305 -4.3148903585 19.6960817541 1.7820199858 -5.1795110023
1784244814.8588414192 0.9615502905 -1.1932470023 -0.1941251296 2.6660586093 -4.4756932591 19.9246435230 1.8180768942 -5.1451532861
1784244814.8668830395 0.9605276367 -1.1871110791 -0.1901112641 2.6658881670 -4.6415133878 19.9902280570 1.8155268718 -5.1547812324
1784244814.8750662804 0.9594319361 -1.1808122553 -0.1860973987 2.6658881670 -4.7347888859 19.7710287873 1.8380053814 -5.1496036562
1784244814.8848524094 0.9582997122 -1.1744319813 -0.1822203695 2.6658029459 -4.7137286586 19.6812116351 1.8836404599 -5.1556727342
1784244814.8928544521 0.9567657314 -1.1668299526 -0.1775679346 2.6657177247 -4.7911304059 19.6750161413 1.9245340749 -5.1672857448
1784244814.9008030891 0.9554874141 -1.1602867779 -0.1735084570 2.6657177247 -4.8367093919 19.7074041615 1.9079698523 -5.1535829428
1784244814.9108736515 0.9540630034 -1.1539336539 -0.1694033673 2.6656325036 -4.7795249001 19.1231513778 1.8685969170 -5.1552391271
1784244814.9189705849 0.9522368358 -1.1457071729 -0.1640667507 2.6656325036 -4.8502154402 19.0146335482 1.8452075435 -5.1658450825
1784244814.9287147522 0.9507393783 -1.1387838968 -0.1596423763 2.6656325036 -4.8839969235 18.3470248362 1.7524157808 -5.1707564553
1784244814.9367921352 0.9486940706 -1.1305845658 -0.1539864750 2.6656325036 -5.0652641723 19.2385129966 1.6823927703 -5.1611616043
1784244814.9447891712 0.9470139964 -1.1237970402 -0.1494252642 2.6656325036 -5.0934038614 19.1086301811 1.6677536541 -5.1478379204
1784244814.9527809620 0.9451147821 -1.1167380136 -0.1448640535 2.6656325036 -5.0934333189 19.0516827057 1.6164235314 -5.1526420764
1784244814.9608387947 0.9431425211 -1.1096789869 -0.1397554974 2.6657177247 -5.0219818312 18.8994096091 1.5938950167 -5.1455028365
1784244814.9688467979 0.9410241667 -1.1025113599 -0.1351030625 2.6656325036 -4.9950498058 18.7067653235 1.5908944579 -5.1310887352
1784244814.9767866135 0.9388692889 -1.0953708830 -0.1303137912 2.6656325036 -4.8983783648 18.7936005249 1.5941890911 -5.1259563998
1784244814.9847929478 0.9364952710 -1.0880946555 -0.1252052351 2.6656325036 -4.8589419376 18.7119793897 1.6353866965 -5.1101527315
1784244814.9927899837 0.9341212531 -1.0808184281 -0.1205528002 2.6656325036 -4.7486212765 18.5658393541 1.6196529428 -5.0979227319
1784244815.0008676052 0.9314550484 -1.0734607503 -0.1154898562 2.6656325036 -4.6501271016 18.5848731818 1.5912136847 -5.1056437483
1784244815.0088360310 0.9287523204 -1.0660216222 -0.1101988518 2.6657177247 -4.5480047013 18.2479420639 1.5153822072 -5.0986004617
1784244815.0167884827 0.9259034989 -1.0583109931 -0.1049078473 2.6657177247 -4.6257721174 18.0458382173 1.4485985987 -5.0752280749
1784244815.0247154236 0.9231277241 -1.0507632647 -0.0994343944 2.6658029459 -4.5783421755 17.9704806070 1.3619073599 -5.0673506349
1784244815.0327544212 0.9201693326 -1.0431069358 -0.0935960446 2.6658029459 -4.6863528781 18.0024217902 1.3012956862 -5.0226220992
1784244815.0407831669 0.9171744177 -1.0352605562 -0.0879857554 2.6657177247 -4.7336455760 17.8489230982 1.2503386320 -5.0170995213
1784244815.0487143993 0.9140334095 -1.0274956269 -0.0822386299 2.6658029459 -4.6151227202 17.6655770169 1.1839616916 -5.0056345619
1784244815.0567989349 0.9107828311 -1.0195949470 -0.0761722196 2.6658029459 -4.7601405616 17.7858147067 1.2240795216 -4.9927552785
1784244815.0648434162 0.9075687761 -1.0117214173 -0.0706075424 2.6658881670 -4.6594935245 17.7630251864 1.2419881516 -4.9850792857
1784244815.0728476048 0.9040625343 -1.0039293379 -0.0649972532 2.6658881670 -4.5023355826 17.7118109404 1.2869330226 -4.9944506884
1784244815.0807871819 0.9004832458 -0.9959743579 -0.0590220671 2.6659733882 -4.3647603413 17.4731778416 1.2914691455 -4.9786475966
1784244815.0888447762 0.8967578639 -0.9878564773 -0.0534117779 2.6659733882 -4.3643716348 17.2134801765 1.2488119412 -4.9654936762
1784244815.0968301296 0.8930324820 -0.9796299963 -0.0471629192 2.6660586093 -4.1725308809 17.0342781117 1.1952626689 -4.9491245947
1784244815.1048350334 0.8890879600 -0.9715392657 -0.0412333452 2.6660586093 -4.1571437468 16.6460468724 1.1064482891 -4.9114376472
1784244815.1128437519 0.8851069146 -0.9631498841 -0.0348932623 2.6660586093 -4.2518963833 16.5366991091 1.0742980180 -4.8781254349
1784244815.1208360195 0.8811258692 -0.9549234030 -0.0287356277 2.6660586093 -4.1803675744 16.3621615164 1.0091803289 -4.8398712112
1784244815.1288373470 0.8769622071 -0.9465611715 -0.0224411569 2.6660586093 -4.2398495287 16.1328883858 0.9273221567 -4.8197127480
1784244815.1368372440 0.8727620216 -0.9381717898 -0.0161010740 2.6660586093 -4.3338438321 16.0749459447 0.8663812775 -4.8033236082
1784244815.1447980404 0.8685618361 -0.9296738078 -0.0093960941 2.6660586093 -4.2476215136 15.9708688507 0.8697750207 -4.7993422802
1784244815.1527874470 0.8641425105 -0.9212029758 -0.0031928475 2.6661438305 -4.2066078118 15.9727704397 0.8757913219 -4.8060381499
1784244815.1608536243 0.8596136148 -0.9127592939 0.0032384596 2.6661438305 -4.1726838410 15.7859050506 0.8941963633 -4.7761373965
1784244815.1688437462 0.8550116725 -0.9039898109 0.0099434394 2.6661438305 -4.0057388097 15.6057884866 0.9174857470 -4.7615973010
1784244815.1767847538 0.8503001601 -0.8953017781 0.0164203587 2.6662290517 -3.9004176634 15.3287497726 0.8759430803 -4.7526063618
1784244815.1848514080 0.8454060309 -0.8866137453 0.0230797264 2.6662290517 -3.9968315617 15.1665507948 0.8410243815 -4.7377045729
1784244815.1928503513 0.8405484251 -0.8777356618 0.0300583789 2.6663142728 -4.0765517447 15.1883327897 0.8808151775 -4.7449523222
1784244815.2008450031 0.8356908192 -0.8689933288 0.0365352981 2.6663994940 -4.2795189899 15.1775709126 0.9048147036 -4.7272415152
1784244815.2088487148 0.8307601667 -0.8603595962 0.0431946658 2.6663994940 -4.2072418735 15.2086776589 0.9626600746 -4.6955087893
1784244815.2169289589 0.8256834208 -0.8516444134 0.0499908698 2.6663994940 -4.0339431621 15.0147798266 0.9199135999 -4.6804384708
1784244815.2249953747 0.8204240581 -0.8427663299 0.0568782981 2.6664847151 -4.0646055965 14.8142002031 0.9326509569 -4.6428937578
1784244815.2347984314 0.8153473121 -0.8340239969 0.0635376658 2.6664847151 -4.0468131880 14.7227665099 0.8541174071 -4.6216795279
1784244815.2428429127 0.8087731087 -0.8233540066 0.0722495783 2.6665699363 -4.1994776792 14.7643836185 0.8733140051 -4.5977268900
1784244815.2509014606 0.8034772227 -0.8145573734 0.0791826186 2.6666551574 -4.3772712405 14.6815065097 0.8276796659 -4.5821945937
1784244815.2606794834 0.7979621965 -0.8055978396 0.0865717801 2.6667403786 -4.3036382187 14.4350851009 0.7111742843 -4.5812842140
1784244815.2688479424 0.7912053764 -0.7946291982 0.0957854258 2.6668255997 -4.4351520885 14.5564259270 0.7187259598 -4.5409539438
1784244815.2769117355 0.7854712101 -0.7856696644 0.1029009146 2.6668255997 -4.3420721687 14.3692458960 0.7490220191 -4.5161471457
1784244815.2848980427 0.7797005205 -0.7765743801 0.1103356881 2.6669108209 -4.0402387789 13.8379783542 0.6377963810 -4.5174096447
1784244815.2929916382 0.7736741674 -0.7674519457 0.1181809706 2.6670812632 -3.8843097101 13.5693673024 0.6339818950 -4.4846100134
1784244815.3028397560 0.7666616838 -0.7564561542 0.1271665558 2.6671664844 -4.4269725144 13.3404599497 0.5658175226 -4.4721072715
1784244815.3108963966 0.7605988073 -0.7469807684 0.1351486746 2.6672517055 -4.1956287807 12.9270023300 0.4552087740 -4.4395928552
1784244815.3190326691 0.7542802674 -0.7374782326 0.1431764055 2.6672517055 -4.1075022687 12.1707401164 0.2428831816 -4.3903960056
1784244815.3287439346 0.7468660269 -0.7260208894 0.1531198449 2.6673369267 -3.9387904633 12.4936850886 0.2606821749 -4.3638687312
1784244815.3368508816 0.7403648703 -0.7167898545 0.1607826790 2.6674221478 -3.9916871925 12.5582481682 0.3814625553 -4.3185005081
1784244815.3449711800 0.7340463304 -0.7074230692 0.1684911252 2.6674221478 -3.4018867100 11.5297584568 0.2740492366 -4.3046729462
1784244815.3548507690 0.7273990803 -0.6980019836 0.1762907956 2.6674221478 -3.6698614845 11.9891660613 0.3681017905 -4.2442128727
1784244815.3629000187 0.7192908961 -0.6867346911 0.1860061745 2.6675073690 -3.6868925803 12.0603315157 0.3940694880 -4.2402652297
1784244815.3709750175 0.7125340760 -0.6774493561 0.1939426812 2.6675925901 -2.8848354306 10.9551166090 0.2383095983 -4.2293561274
1784244815.3789377213 0.7056311624 -0.6682726215 0.2018791879 2.6675925901 -3.2359448627 11.3365837717 0.1814054038 -4.2093267525
1784244815.3887860775 0.6990204357 -0.6589058361 0.2103174278 2.6678482536 -2.4955053585 10.1797288700 0.0068316018 -4.2067982496
1784244815.3967525959 0.6908392048 -0.6478285943 0.2199871946 2.6678482536 -4.3178901369 11.7321251534 0.2075136624 -4.1681370081
1784244815.4048011303 0.6842650015 -0.6385704094 0.2284254344 2.6680186959 -4.7034200540 11.6756797979 0.2220736652 -4.1406784906
1784244815.4110758305 0.6777273214 -0.6293936748 0.2365443896 2.6681039171 -4.6617325301 11.2650439621 0.1245963142 -4.1266091958
1784244815.4207940102 0.6722122953 -0.6220088469 0.2435686541 2.6681891382 -4.5089214933 11.1110578791 0.0409322435 -4.1145651047
1784244815.4288380146 0.6638484476 -0.6109316051 0.2539682147 2.6683595805 -4.1685262079 10.7263326333 -0.0900365136 -4.0777072417
1784244815.4369225502 0.6566168239 -0.6014019192 0.2629537998 2.6683595805 -3.9372864052 10.5738538276 -0.1548989331 -4.0525251869
1784244815.4449398518 0.6493121535 -0.5922251845 0.2715288760 2.6685300228 -4.0800610332 10.0381317210 -0.2804584369 -4.0222003640
1784244815.4548113346 0.6423361933 -0.5827769489 0.2805600733 2.6686152440 -3.9169022539 9.7279465023 -0.3124933472 -3.9428006227
1784244815.4627559185 0.6333149253 -0.5714010560 0.2910052460 2.6686152440 -4.0340879430 10.1172500819 -0.1173915606 -3.8961364315
1784244815.4708065987 0.6260102549 -0.5623600718 0.2990785890 2.6686152440 -3.3987880024 9.3098672393 -0.2039442047 -3.8812936392
1784244815.4788954258 0.6183768743 -0.5533462378 0.3071975441 2.6686152440 -4.1285903886 10.1336998820 0.2416291837 -3.8076547401
1784244815.4869050980 0.6108895871 -0.5440609028 0.3157726203 2.6686152440 -4.3057546651 9.9592526150 0.3368312486 -3.7848885007
1784244815.4948148727 0.6036214400 -0.5349927686 0.3238915755 2.6687004651 -4.2587783991 9.5330238449 0.3605810279 -3.7883527767
1784244815.5028543472 0.5959150127 -0.5257074336 0.3324666517 2.6688709075 -4.0649169254 9.1791809673 0.3249278027 -3.7943125681
1784244815.5108122826 0.5882451088 -0.5165035488 0.3410873400 2.6690413498 -3.7675747488 9.0911500142 0.3226739210 -3.8130549523
1784244815.5188474655 0.5803560648 -0.5073268142 0.3494799678 2.6692117921 -4.0751436548 8.7573116863 0.2759570074 -3.8126349872
1784244815.5268380642 0.5727957309 -0.4979871790 0.3584199409 2.6693822344 -4.0438729425 8.6358237944 0.2573307548 -3.7943324097
1784244815.5349040031 0.5650162569 -0.4888375944 0.3671318534 2.6695526767 -3.1836271897 7.6226354468 0.1005787973 -3.7827759694
1784244815.5429403782 0.5568715494 -0.4793622087 0.3762998870 2.6697231190 -3.7418835935 7.9114171307 -0.0022431098 -3.7138851403
1784244815.5509316921 0.5490190287 -0.4702126242 0.3853766964 2.6697231190 -3.7432051884 7.5945908394 -0.1225398833 -3.6566246519
1784244815.5590257645 0.5410569379 -0.4609544392 0.3943622816 2.6698083402 -3.9593873204 7.2146483244 -0.2387036021 -3.6096555194
1784244815.5687761307 0.5314878197 -0.4496056964 0.4058565327 2.6698083402 -4.5509935027 7.5341032571 -0.1529269360 -3.5426270944
1784244815.5767896175 0.5234892055 -0.4403746616 0.4147052815 2.6698083402 -4.6435172810 7.5101289590 0.0456203358 -3.5435947946
1784244815.5847945213 0.5155271148 -0.4310078762 0.4235996425 2.6700640036 -4.3969393962 7.4033188187 0.1598429274 -3.5426183564
1784244815.5927586555 0.5071997905 -0.4219940422 0.4322659429 2.6701492248 -4.3583578256 7.2680391118 0.2178718179 -3.5282442401
1784244815.6008560658 0.4991281297 -0.4128444577 0.4414339765 2.6703196671 -3.5356007785 6.4984368797 0.1279180527 -3.5312487515
1784244815.6087591648 0.4909103755 -0.4039392241 0.4501002770 2.6705753306 -4.1094734512 7.1366665278 0.2878006954 -3.5374218948
1784244815.6167585850 0.4824369578 -0.3950882907 0.4589490258 2.6707457729 -3.4735932256 6.2559830636 0.1832552329 -3.5369483817
1784244815.6247808933 0.4741826802 -0.3859387062 0.4684819563 2.6710014363 -3.4094047044 6.0961958963 0.1384024129 -3.5456402258
1784244815.6327843666 0.4658553559 -0.3769248722 0.4774219294 2.6712570998 -4.7267456583 6.3149683846 0.1387325277 -3.5133006020
1784244815.6407968998 0.4577471718 -0.3680196386 0.4867267993 2.6713423209 -4.8228211584 6.3165416088 0.0537822634 -3.4808933674
1784244815.6487936974 0.4492372307 -0.3591958553 0.4960772813 2.6715979844 -4.4790968995 6.1897691769 0.0144842164 -3.4329818669
1784244815.6567590237 0.4406542430 -0.3501820213 0.5058382724 2.6716832056 -4.2976290676 6.0913622569 -0.0436038446 -3.3646607184
1784244815.6647608280 0.4320347319 -0.3414125382 0.5152799786 2.6717684267 -4.0199960137 5.8004418052 -0.1336650954 -3.3240578625
1784244815.6727955341 0.4230499873 -0.3324530044 0.5251321938 2.6718536479 -3.9479744279 5.7666559824 -0.1062268684 -3.2881837227
1784244815.6806859970 0.4142478594 -0.3236835213 0.5346651243 2.6719388690 -3.7363470234 5.3608446868 -0.1482055408 -3.2686027655
1784244815.6887192726 0.4054457316 -0.3148597380 0.5443805032 2.6720240902 -3.8555256352 5.2585312963 -0.1446046814 -3.2412751797
1784244815.6968021393 0.3963148936 -0.3060631048 0.5538678216 2.6721945325 -3.2668723983 4.5232157949 -0.2496793182 -3.2343335626
1784244815.7048082352 0.3875127657 -0.2972393215 0.5635832005 2.6722797537 -4.4730679746 5.0675011703 0.0207523306 -3.2075259509
1784244815.7127990723 0.3789297780 -0.2885512887 0.5728880704 2.6723649748 -4.5703610108 4.9916484039 0.1176694756 -3.1724010590
1784244815.7209417820 0.3699815567 -0.2800804568 0.5821017161 2.6724501960 -3.7259085004 4.2327487448 0.0440947643 -3.1616453575
1784244815.7288577557 0.3611063821 -0.2713652739 0.5916346466 2.6725354171 -4.1947525151 4.2639495978 0.1789377941 -3.1240118464
1784244815.7368428707 0.3520120675 -0.2626772411 0.6012131892 2.6726206383 -4.4459017734 4.2927460068 0.2345445032 -3.1206334309
1784244815.7447879314 0.3433560330 -0.2543421597 0.6103812228 2.6727058594 -4.5901517528 4.0546357535 0.2213696660 -3.1098600789
1784244815.7527692318 0.3345173818 -0.2459799281 0.6196860927 2.6727910806 -4.7021713862 3.9175159097 0.2890820688 -3.1013042286
1784244815.7607622147 0.3256787306 -0.2375905465 0.6287629021 2.6729615229 -4.6888662521 3.7326445047 0.3050066932 -3.0730958769
1784244815.7688493729 0.3165113692 -0.2290925644 0.6382958326 2.6729615229 -4.7568455034 3.6218272513 0.3721799442 -3.0405265019
1784244815.7768402100 0.3076361947 -0.2207303328 0.6476919267 2.6730467440 -4.6595308225 3.3568242860 0.3381821743 -3.0164930070
1784244815.7847666740 0.2985053567 -0.2124224015 0.6570880209 2.6730467440 -4.4529779881 3.4489195939 0.4296311689 -2.9778345904
1784244815.7928087711 0.2894475653 -0.2044945716 0.6660279940 2.6730467440 -4.4747112499 3.3531925701 0.5174515076 -2.9572016136
1784244815.8007719517 0.2802802040 -0.1962409404 0.6755153123 2.6730467440 -4.5851435828 3.1450812090 0.5626862737 -2.9383798092
1784244815.8087739944 0.2712589360 -0.1880959097 0.6847289580 2.6731319652 -3.8314824884 2.2937587011 0.4373565015 -2.9364422117
1784244815.8168647289 0.2618359112 -0.1798694287 0.6940794401 2.6731319652 -3.5684663351 1.9289362156 0.4412138333 -2.9225075148
1784244815.8247945309 0.2522667929 -0.1716429476 0.7036123705 2.6732171864 -4.1002810122 2.2172814362 0.5479522443 -2.9047000039
1784244815.8328223228 0.2429898615 -0.1634707668 0.7133277494 2.6732171864 -3.1185148922 1.5046263026 0.4376476041 -2.9093927825
1784244815.8409097195 0.2340416402 -0.1556786874 0.7224045588 2.6733024075 -3.6189297117 1.3840461252 0.4497781670 -2.8945996267
1784244815.8506529331 0.2248012321 -0.1478323078 0.7314813682 2.6733024075 -4.6508468364 1.9486872720 0.7428365922 -2.8487326952
1784244815.8586194515 0.2138807499 -0.1386284231 0.7420177651 2.6732171864 -4.9428149153 2.1139348817 0.9348352458 -2.8292512336
1784244815.8649766445 0.2046038184 -0.1310806946 0.7505928413 2.6732171864 -5.2156729818 2.1922834952 1.1536329332 -2.8455985882
1784244815.8729496002 0.1975548115 -0.1249719215 0.7577539422 2.6733024075 -4.8273248168 1.6559553118 1.0921373209 -2.8429101059
1784244815.8809306622 0.1883874501 -0.1175056434 0.7666483031 2.6733024075 -4.5878161422 1.4401829929 0.9557607443 -2.8667893515
1784244815.8889336586 0.1792200887 -0.1101751157 0.7757707246 2.6733876287 -4.3169445682 1.4977241890 0.8615889782 -2.8704237120
1784244815.8968515396 0.1696874938 -0.1029531885 0.7848931461 2.6733876287 -3.5168094629 0.7004928271 0.7197211906 -2.8552482426
1784244815.9047696590 0.1608853660 -0.0956769610 0.7941067919 2.6733024075 -5.0477415923 1.3983589726 0.9530034042 -2.8435712337
1784244815.9107632637 0.1515353878 -0.0883464333 0.8031379891 2.6733024075 -4.9231362039 1.3461350983 1.0284142039 -2.8124764500
1784244815.9187996387 0.1444863809 -0.0829707131 0.8098885811 2.6732171864 -4.8225138835 1.5091267124 1.1168000530 -2.7978575001
1784244815.9268081188 0.1349903093 -0.0759931367 0.8189653905 2.6731319652 -4.6129787746 1.4327408646 1.1253742595 -2.7888433661
1784244815.9348044395 0.1255307611 -0.0689612602 0.8281334241 2.6731319652 -4.3360238546 1.2359011423 1.0621620356 -2.8163780655
1784244815.9427599907 0.1156694561 -0.0620108340 0.8374382940 2.6732171864 -4.1672543179 0.9830900353 0.9615097861 -2.8325736778
1784244815.9507632256 0.1059542444 -0.0548703570 0.8473361213 2.6732171864 -4.0748410855 0.7122598162 0.8847978903 -2.8571860714
1784244815.9589509964 0.0963486028 -0.0478927807 0.8567778276 2.6733024075 -3.0669652118 -0.0388192037 0.7424077935 -2.8593457498
1784244815.9688091278 0.0862681576 -0.0408066040 0.8662195338 2.6732171864 -4.6585141807 -0.0197173062 0.8738415604 -2.8451650282
1784244815.9768640995 0.0751650586 -0.0323629221 0.8774857244 2.6732171864 -5.0819300107 0.1106688045 0.9720089014 -2.8402958885
1784244815.9848239422 0.0656324637 -0.0256568468 0.8866537580 2.6731319652 -4.9634771332 0.0832629229 1.1087229033 -2.8542703025
1784244815.9928293228 0.0563190089 -0.0192222725 0.8951832221 2.6731319652 -4.8551614413 0.0056198199 1.2516082373 -2.8364959458
1784244816.0008151531 0.0468229374 -0.0127605481 0.9038495225 2.6729615229 -4.9259689135 -0.0013322804 1.4180574605 -2.8403994020
1784244816.0088746548 0.0376555760 -0.0064888745 0.9122877624 2.6729615229 -4.6151187889 0.0211430530 1.5633274661 -2.8680275432
1784244816.0169470310 0.0279768877 -0.0002443509 0.9207716144 2.6729615229 -4.5695853054 -0.4122575487 1.5577825196 -2.9103237159
1784244816.0268039703 0.0185538629 0.0061902234 0.9296659754 2.6730467440 -3.5398473649 -1.2705704528 1.3893166220 -2.9179445340
1784244816.0348377228 0.0071585770 0.0136836516 0.9404304328 2.6730467440 -4.9191722019 -0.7425800564 1.4936215591 -2.9610868998
1784244816.0428645611 -0.0023374945 0.0199824754 0.9492791816 2.6729615229 -4.6761909266 -0.9267853515 1.5591133981 -2.9717447248
1784244816.0508706570 -0.0118335661 0.0260097981 0.9577630336 2.6729615229 -4.7395100192 -0.8877289879 1.6823575967 -2.9550295001
1784244816.0588660240 -0.0211835442 0.0319285205 0.9661556614 2.6727910806 -4.8410907275 -0.8548799809 1.7692835146 -2.9402158850
1784244816.0668089390 -0.0306430924 0.0377386424 0.9745482892 2.6727058594 -4.6971246260 -1.1026287668 1.8123435744 -2.9474526182
1784244816.0748405457 -0.0405043975 0.0437116649 0.9833058138 2.6725354171 -3.6407815456 -1.7969177980 1.6753910482 -2.9480285534
1784244816.0828058720 -0.0500735157 0.0494403365 0.9918352779 2.6725354171 -4.2649118391 -1.6602276621 1.6882849933 -3.0039810220
1784244816.0908634663 -0.0598617741 0.0553047587 1.0007752510 2.6724501960 -4.6013388893 -1.9636192574 1.6556649934 -3.0328953337
1784244816.0988037586 -0.0691752289 0.0610334303 1.0092134909 2.6724501960 -4.8539085780 -2.1581905241 1.6953872181 -3.0766487288
1784244816.1068043709 -0.0783791136 0.0666535015 1.0175605066 2.6724501960 -5.0632043291 -2.1070246510 1.8173157166 -3.0991698518
1784244816.1147961617 -0.0876925684 0.0721649723 1.0257250738 2.6723649748 -5.0535261963 -2.1812299047 1.9220196298 -3.1299017081
1784244816.1228094101 -0.0972251633 0.0777307433 1.0340720895 2.6723649748 -5.2689228904 -2.1598651240 2.0629492802 -3.1358946323
1784244816.1308016777 -0.1063560013 0.0829978632 1.0420085962 2.6721945325 -5.1830558141 -2.1041975724 2.1643294567 -3.1494601021
1784244816.1388013363 -0.1157425028 0.0881563826 1.0500363271 2.6721093113 -4.6989213584 -2.1730681844 2.2405445060 -3.1462760532
1784244816.1467990875 -0.1255672845 0.0933149021 1.0580640581 2.6719388690 -4.6186355536 -2.1351491070 2.3090963372 -3.1515236571
1784244816.1547701359 -0.1349537860 0.0982019205 1.0660005648 2.6717684267 -4.6929845907 -2.0999534184 2.3598303920 -3.1692209135
1784244816.1627657413 -0.1443768108 0.1030346388 1.0739370715 2.6715979844 -4.4539725015 -2.3329811296 2.3292924119 -3.1863243312
1784244816.1708028316 -0.1541650692 0.1079488073 1.0821928629 2.6714275421 -4.2407694360 -2.4534702427 2.3098979223 -3.2078143464
1784244816.1787688732 -0.1637341874 0.1126729251 1.0902205939 2.6712570998 -4.1362990034 -2.5699814081 2.3039719581 -3.2339231171
1784244816.1867687702 -0.1733398290 0.1173427427 1.0982483248 2.6710866575 -4.1056577493 -2.7720583762 2.3005014521 -3.2763943998
1784244816.1948258877 -0.1831280874 0.1219854103 1.1062304436 2.6710014363 -4.2169177912 -3.0557433858 2.3318831854 -3.3027957445
1784244816.2027802467 -0.1927337290 0.1267366782 1.1143037866 2.6707457729 -3.8759774403 -3.2909451371 2.3250316891 -3.3166355229
1784244816.2107973099 -0.2025219874 0.1312435952 1.1220578449 2.6704048882 -4.2485974539 -3.5129233208 2.3863681902 -3.3308420700
1784244816.2188181877 -0.2117258721 0.1358048124 1.1299031274 2.6702344459 -4.7305413428 -3.5152128007 2.5309750858 -3.3464824901
1784244816.2267749310 -0.2208201868 0.1401488288 1.1372010646 2.6698935613 -5.1344906951 -3.6251752430 2.6827871465 -3.3525129196
1784244816.2347700596 -0.2298414547 0.1443570947 1.1442709413 2.6695526767 -4.3685504660 -4.0553241616 2.6419966361 -3.3377979695
1784244816.2428183556 -0.2393010029 0.1485925107 1.1513864300 2.6692117921 -4.9090517182 -3.7683121512 3.0016282745 -3.3401577856
1784244816.2508103848 -0.2484318409 0.1526921761 1.1584563067 2.6687004651 -5.0163739659 -3.8792870229 3.0875032265 -3.3230187301
1784244816.2588043213 -0.2574531089 0.1566560911 1.1653893470 2.6681891382 -4.8263818706 -4.0210777285 3.1010012495 -3.3104094269
1784244816.2668108940 -0.2669126571 0.1606471561 1.1726416721 2.6676778113 -4.5919936005 -4.1285083970 3.0922346983 -3.3414089365
1784244816.2748126984 -0.2762261119 0.1645296208 1.1798027730 2.6672517055 -4.2962817318 -4.3088442966 3.0635151436 -3.3707575428
1784244816.2827758789 -0.2856856601 0.1683577852 1.1869638739 2.6667403786 -4.6233228109 -4.6272707577 3.0205418717 -3.4062388739
1784244816.2908110619 -0.2946338813 0.1722402499 1.1942161990 2.6662290517 -4.6142455960 -4.8215737651 3.0247527216 -3.4431001890
1784244816.2987678051 -0.3038012427 0.1759598139 1.2011948514 2.6657177247 -4.1910730998 -4.9023426261 3.0806495531 -3.4863287028
1784244816.3067662716 -0.3133338376 0.1795436274 1.2079454434 2.6652063978 -4.3329531375 -4.9720557967 3.1507286033 -3.5132931754
1784244816.3148117065 -0.3224281523 0.1831545911 1.2148328716 2.6646098497 -4.3965452234 -4.9608661248 3.2609224937 -3.5146494391
1784244816.3228120804 -0.3316320370 0.1864669036 1.2213097909 2.6640133016 -4.0534190450 -5.0095182116 3.3864573228 -3.5295586256
1784244816.3308014870 -0.3411281085 0.1897249159 1.2276042617 2.6633315324 -4.0781346134 -5.1730342904 3.4772767523 -3.5256239501
1784244816.3388116360 -0.3502954699 0.1930100782 1.2340355689 2.6625645420 -4.1069948492 -5.0656835958 3.5856307602 -3.5454157256
1784244816.3468523026 -0.3594628313 0.1959694394 1.2401932034 2.6618827728 -4.0578132697 -5.1045313045 3.6938514468 -3.5659937769
1784244816.3548169136 -0.3686667160 0.1989288006 1.2461683895 2.6611157824 -4.3762533308 -5.2227293573 3.7518700407 -3.5699545342
1784244816.3628654480 -0.3774688439 0.2018338615 1.2523260240 2.6602635708 -4.3966784058 -5.2846259114 3.7711986135 -3.5704104857
1784244816.3708188534 -0.3864901118 0.2045760219 1.2583924343 2.6594113593 -4.2222937749 -5.4138770948 3.7361471763 -3.5766634539
1784244816.3787806034 -0.3956574732 0.2073181822 1.2646412930 2.6584739266 -3.5101903382 -5.6763336802 3.6484174814 -3.5659805986
1784244816.3868296146 -0.4043865544 0.2098702919 1.2706620912 2.6575364939 -4.3145636214 -5.5136050028 3.6913191101 -3.5880978635
1784244816.3948068619 -0.4132617289 0.2122866510 1.2767285015 2.6565138400 -3.9972009844 -5.5034022737 3.6789050191 -3.5953233034
1784244816.4028024673 -0.4224290903 0.2146215598 1.2828405239 2.6554059650 -4.2025942776 -5.6185063309 3.6508194124 -3.5799345794
1784244816.4107658863 -0.4311581715 0.2169564686 1.2889525463 2.6542128688 -4.4683244914 -5.6836415888 3.6816592106 -3.5809504829
1784244816.4187743664 -0.4398142059 0.2191284768 1.2947908961 2.6530197726 -4.3380588222 -5.6603581487 3.7051016391 -3.6104882386
1784244816.4267792702 -0.4486893805 0.2211375844 1.3006292458 2.6519118976 -4.3412066524 -5.7292681393 3.7214790236 -3.6362874816
1784244816.4348168373 -0.4573819383 0.2231466920 1.3064675956 2.6506335803 -4.1971865679 -5.7780637607 3.7767446788 -3.6455236001
1784244816.4427821636 -0.4661840661 0.2250200490 1.3120778848 2.6493552630 -3.9030742275 -5.8207495580 3.8294483672 -3.6660559885
1784244816.4508249760 -0.4751322874 0.2266762053 1.3175969498 2.6480769457 -4.0387868661 -5.9222545935 3.8415091110 -3.6984761703
1784244816.4588217735 -0.4837517985 0.2283866617 1.3232072391 2.6467134072 -3.8004114294 -5.9056110127 3.8794721416 -3.6947804536
1784244816.4667918682 -0.4925539263 0.2299070675 1.3286806920 2.6451794264 -3.5799518604 -5.9496648005 3.9142625836 -3.7402359679
1784244816.4748101234 -0.5012099608 0.2313188728 1.3339716964 2.6439011091 -3.7246194795 -6.0316251248 3.9383573993 -3.7568076016
1784244816.4827635288 -0.5100120886 0.2327035280 1.3393083130 2.6423671283 -4.0537656834 -6.0097325310 3.9737423001 -3.7898296286
1784244816.4908068180 -0.5183759362 0.2338981325 1.3445080933 2.6409183687 -4.2837597777 -6.0316312949 4.0390251774 -3.8138905475
1784244816.4988367558 -0.5266667372 0.2349569865 1.3494798130 2.6393843879 -4.2825765246 -6.0723737124 4.0771984070 -3.8363780850
1784244816.5068664551 -0.5352497249 0.2359886904 1.3545883690 2.6377651859 -4.2459337655 -5.8930744774 4.0773816618 -3.8289663342
1784244816.5148134232 -0.5435770492 0.2367217432 1.3596513130 2.6360607628 -3.7992756840 -6.0209968751 4.0287722381 -3.8191826391
1784244816.5228149891 -0.5520504669 0.2374819460 1.3645774206 2.6342711186 -4.0279605856 -6.0007430181 4.0910430618 -3.8580743077
1784244816.5308020115 -0.5603412678 0.2381335485 1.3695947524 2.6324814743 -3.7779530593 -5.9668372547 4.0604978346 -3.8388854140
1784244816.5388164520 -0.5685224987 0.2386222503 1.3746120842 2.6304361666 -3.5590645603 -6.0388309686 4.0379867542 -3.8244193109
1784244816.5468146801 -0.5769228697 0.2390295019 1.3794013555 2.6284760800 -3.7474869519 -5.9956487682 4.0292940876 -3.8355609184
1784244816.5548713207 -0.5850310538 0.2393281530 1.3842818510 2.6265159935 -4.1131743816 -6.0073687908 4.0368162511 -3.8427298318
1784244816.5628149509 -0.5928835745 0.2395182037 1.3889798981 2.6244706858 -4.0367796915 -6.0206258128 4.0163456563 -3.8644481108
1784244816.5708150864 -0.6010648054 0.2395725039 1.3938147815 2.6223401569 -3.7216103193 -6.0261378941 4.0051871030 -3.8956456529
1784244816.5788152218 -0.6092095129 0.2395725039 1.3984672165 2.6202948492 -3.4880305415 -6.1061209591 4.0100675064 -3.9185332331
1784244816.5868706703 -0.6172081270 0.2394910536 1.4029828151 2.6181643203 -3.5070716848 -6.0599026787 4.0207073572 -3.9367319585
1784244816.5948314667 -0.6253528345 0.2391924025 1.4075896380 2.6158633491 -3.6927396023 -6.0867748310 4.0415549984 -3.9583188735
1784244816.6028645039 -0.6333149253 0.2388937514 1.4119227882 2.6136475991 -2.7903486277 -6.0903236890 3.9845390292 -3.9409408818
1784244816.6110088825 -0.6414596328 0.2384321996 1.4160734900 2.6114318491 -2.3090830969 -6.1069781527 4.0278954047 -3.9821298342
1784244816.6208195686 -0.6508826576 0.2377534471 1.4212276581 2.6086195510 -3.7945751197 -6.0809161555 4.1594763712 -4.0928236029
1784244816.6288855076 -0.6587717017 0.2371561448 1.4253327478 2.6062333586 -3.7516424869 -6.2558912280 4.1891965151 -4.1444024657
1784244816.6368296146 -0.6665146523 0.2364773923 1.4293922254 2.6038471663 -3.5695182434 -6.3291898125 4.1840373675 -4.1689101859
1784244816.6448655128 -0.6740384629 0.2356900393 1.4333604787 2.6013757528 -3.3580071355 -6.2743390782 4.1306712168 -4.1636542654
1784244816.6528608799 -0.6817448902 0.2347126356 1.4374655684 2.5987338970 -3.3373399923 -6.2914012811 4.0784902909 -4.1538108971
1784244816.6608805656 -0.6892321773 0.2337080818 1.4414338217 2.5960920412 -3.5697470028 -6.2902046097 4.0849174054 -4.1347847354
1784244816.6688072681 -0.6965003244 0.2326220777 1.4451740146 2.5933649642 -3.7079740790 -6.2617461678 4.0729776881 -4.1005907986
1784244816.6768865585 -0.7036954248 0.2313731730 1.4490054316 2.5904674450 -3.6657786413 -6.2112707148 4.0677358895 -4.1189657705
1784244816.6848683357 -0.7111096652 0.2300156679 1.4527456244 2.5877403680 -3.7367076130 -6.0967432303 4.0777811885 -4.1462902895
1784244816.6928091049 -0.7183047656 0.2284681120 1.4564402051 2.5848428487 -3.5273324368 -6.0207134919 4.0783731576 -4.1772589698
1784244816.7008078098 -0.7255729127 0.2268391059 1.4599979495 2.5820305506 -3.6330417506 -5.8573712172 4.0704984275 -4.2161567338
1784244816.7088098526 -0.7325853963 0.2250200490 1.4635100818 2.5790478102 -3.7437012165 -5.7926800338 4.0715513241 -4.2484449632
1784244816.7168025970 -0.7397439733 0.2231195419 1.4669766019 2.5760650698 -3.7314739677 -5.8060624201 4.0711605268 -4.2938967350
1784244816.7248144150 -0.7467929802 0.2211375844 1.4703975100 2.5730823294 -3.2997916018 -5.7244385455 4.0347015354 -4.3335475661
1784244816.7328069210 -0.7541341740 0.2189655762 1.4739552544 2.5700143678 -3.0200208378 -5.5964917408 3.8922237380 -4.3646806674
1784244816.7408144474 -0.7612562277 0.2167121177 1.4777410593 2.5668611851 -2.9493813522 -5.6273071989 3.7354993775 -4.4153498453
1784244816.7488317490 -0.7684148047 0.2144315091 1.4814812521 2.5637932235 -2.6176240551 -5.7308350560 3.5867417708 -4.4781831513
1784244816.7568097115 -0.7756829517 0.2120694502 1.4853582813 2.5605548196 -2.7363391018 -5.8144383082 3.3992493959 -4.4858416163
1784244816.7648148537 -0.7825493419 0.2096802411 1.4893721467 2.5572311946 -2.8632610227 -5.9196230524 3.2446709552 -4.5225473320
1784244816.7728188038 -0.7894157321 0.2072367319 1.4932947880 2.5540780118 -2.9221399800 -6.0015633535 3.1219212169 -4.5440323765
1784244816.7808747292 -0.7961360289 0.2046846223 1.4973086534 2.5505839445 -3.0136763429 -6.1009460116 3.0018298588 -4.5713255531
1784244816.7888658047 -0.8029293724 0.2021053626 1.5013681310 2.5470898771 -3.1031273777 -6.2525063607 2.8976680175 -4.6119989685
1784244816.7968184948 -0.8093940057 0.1996347032 1.5051539359 2.5437662521 -3.3068387123 -6.4102719893 2.7954871819 -4.6134695943
1784244816.8049619198 -0.8157855923 0.1970282934 1.5091678014 2.5400165213 -3.3506772152 -6.5702669894 2.7005112126 -4.5949043679
1784244816.8147692680 -0.8221406556 0.1944218836 1.5130904426 2.5363520116 -2.5946436441 -6.3060899471 2.5962739683 -4.5375521490
1784244816.8229429722 -0.8295548961 0.1912181715 1.5179253260 2.5318352904 -2.8245582174 -6.5109750041 2.4799291989 -4.5685242694
1784244816.8310015202 -0.8357638659 0.1885846116 1.5218023552 2.5280855596 -3.3074594168 -7.1139336462 2.4454257034 -4.6657783331
1784244816.8389980793 -0.8431781064 0.1852994492 1.5265004023 2.5233131749 -3.3347477679 -7.1743787907 2.4140938848 -4.6772462467
1784244816.8469598293 -0.8479626655 0.1830731408 1.5296020256 2.5201599922 -3.3716602617 -7.3021135229 2.3552554075 -4.6859218042
1784244816.8550047874 -0.8537333552 0.1803309804 1.5332053821 2.5161545979 -3.1361476508 -7.1494780972 2.2526555769 -4.6465218148
1784244816.8648123741 -0.8607823621 0.1769372176 1.5376297565 2.5112969921 -2.9090273323 -7.1305355035 2.2278669015 -4.6419001778
1784244816.8728148937 -0.8667721919 0.1739507063 1.5413699493 2.5070359343 -3.1295769397 -7.4525607323 2.2345242462 -4.7040664881
1784244816.8807718754 -0.8725063581 0.1708827448 1.5449733058 2.5027748766 -2.9767870468 -7.4047465736 2.1492403128 -4.7394330042
1784244816.8888273239 -0.8783866178 0.1677604830 1.5487591107 2.4985990400 -2.2704372525 -7.0650183386 2.0559250405 -4.6696678496
1784244816.8968334198 -0.8840477374 0.1644753206 1.5524536914 2.4943379823 -2.2711518377 -7.0065623764 1.9489628718 -4.7051304579
1784244816.9048755169 -0.8895627636 0.1612444584 1.5560570479 2.4901621457 -2.8760958175 -7.2824839921 1.8195021249 -4.8357446982
1784244816.9107818604 -0.8951873598 0.1578235455 1.5599796892 2.4856454245 -2.7715161827 -7.1969836682 1.7274321227 -4.8753527190
1784244816.9187805653 -0.8992779752 0.1551899855 1.5627620277 2.4824070206 -2.6901863217 -7.0645890688 1.6120642864 -4.9122209908
1784244816.9268279076 -0.9047199547 0.1515790219 1.5664566084 2.4778902994 -2.6134565957 -6.8658747719 1.5284457213 -4.9082851078
1784244816.9348201752 -0.9100158407 0.1478051577 1.5700599649 2.4735440205 -2.8060561408 -6.6602343346 1.5192194103 -5.0007268563
1784244816.9428825378 -0.9153482501 0.1438140926 1.5736633214 2.4687716358 -2.9239352291 -6.5152022684 1.5378128131 -4.9757807279
1784244816.9510014057 -0.9204249961 0.1398230276 1.5769017811 2.4640844723 -2.8194778501 -6.4069048625 1.5608319410 -4.9874776044
1784244816.9589920044 -0.9265974426 0.1348274087 1.5808244223 2.4582042126 -2.8168317907 -6.3587838277 1.5935111879 -4.9934202935
1784244816.9670114517 -0.9315646185 0.1306191428 1.5840628819 2.4534318279 -2.8908889012 -6.2967982954 1.6085057891 -5.0247406905
1784244816.9767048359 -0.9366048411 0.1262751265 1.5870732810 2.4484037798 -2.7771775296 -6.3522753405 1.6307713373 -5.0610286594
1784244816.9848337173 -0.9414989702 0.1219582602 1.5901292922 2.4434609528 -2.6536412570 -6.3559400225 1.6424104809 -5.0313609905
1784244816.9928870201 -0.9464661461 0.1176142438 1.5929572429 2.4381772412 -2.6301793179 -6.3931480526 1.6208421115 -5.0225889755
1784244817.0009598732 -0.9512141819 0.1132973775 1.5957395815 2.4331491931 -2.5231286266 -6.4141108544 1.5911838338 -4.9922327452
1784244817.0089704990 -0.9559622177 0.1087633104 1.5986131442 2.4276098180 -2.3799225859 -6.3492210495 1.5977743169 -4.9659887035
1784244817.0169744492 -0.9605641600 0.1043378437 1.6012130344 2.4223261064 -2.6454533584 -6.1744477891 1.5475307946 -4.9874095694
1784244817.0249099731 -0.9657139527 0.0988263729 1.6042690456 2.4161049621 -2.9684750758 -6.2401037774 1.5292776879 -5.0891562930
1784244817.0328383446 -0.9690010544 0.0951339590 1.6063672025 2.4119291255 -2.8468964394 -6.1614632092 1.4824880000 -5.1133239615
1784244817.0408670902 -0.9731281932 0.0904912914 1.6088758684 2.4065601927 -2.7420848085 -6.1390305904 1.4130487186 -5.1405016059
1784244817.0488142967 -0.9773649020 0.0857671736 1.6114301464 2.4011060388 -2.6331659830 -5.8906907035 1.3635351024 -5.1809132604
1784244817.0568246841 -0.9814555174 0.0808530051 1.6137563639 2.3956518849 -2.7040231368 -5.6819153588 1.3294297690 -5.2001370564
1784244817.0647735596 -0.9853635161 0.0758030860 1.6161281935 2.3901125098 -2.7730054362 -5.5788265479 1.2850148874 -5.2087286426
1784244817.0728154182 -0.9892715148 0.0706717167 1.6184544110 2.3845731348 -2.7169087963 -5.2904176287 1.2563447436 -5.2210054337
1784244817.0808153152 -0.9931064667 0.0652688463 1.6208718527 2.3786928751 -2.7710544897 -5.1645591252 1.2369370293 -5.2613911900
1784244817.0887756348 -0.9967222786 0.0598659759 1.6229243975 2.3730682789 -2.3895560386 -4.7028139907 1.1862112818 -5.1722316869
1784244817.0968596935 -1.0002650438 0.0544631055 1.6250681666 2.3671880192 -2.5117173800 -4.5676006120 1.1704657926 -5.1851406905
1784244817.1048550606 -1.0038078089 0.0488158842 1.6271663235 2.3612225383 -2.4199613690 -4.2946716811 1.1658179772 -5.2124561782
1784244817.1129400730 -1.0072044807 0.0430872126 1.6292188684 2.3553422786 -2.6569973213 -4.6742945508 1.1747787662 -5.2898327877
1784244817.1227068901 -1.0106376758 0.0374942915 1.6309521285 2.3492063555 -2.1945831501 -4.0390764880 1.1334655613 -5.1870007626
1784244817.1308777332 -1.0145821978 0.0307067659 1.6330502854 2.3415364516 -2.7362210223 -4.8665519193 1.2207663421 -5.2984789310
1784244817.1388854980 -1.0178327761 0.0250052443 1.6345098729 2.3354857496 -2.6633054403 -4.9390000671 1.2734194852 -5.3300160693
1784244817.1469614506 -1.0209737844 0.0192765727 1.6359238482 2.3290941629 -2.5569669515 -4.8468627160 1.2687547547 -5.2904880922
1784244817.1568219662 -1.0240417460 0.0134664508 1.6373834356 2.3225321340 -2.4723354464 -4.6663969075 1.2786174628 -5.3042242583
1784244817.1648147106 -1.0276940812 0.0063531240 1.6388430231 2.3148622301 -2.4819392156 -4.7063671987 1.2764940220 -5.3307394414
1784244817.1728274822 -1.0305063793 0.0004887018 1.6400289379 2.3084706435 -2.3048008193 -4.5490420275 1.2520424280 -5.3085780895
1784244817.1807794571 -1.0333186774 -0.0054571706 1.6413516890 2.3017381722 -2.4062764504 -4.3754313328 1.1529215914 -5.3660920057
1784244817.1888189316 -1.0359118354 -0.0115116434 1.6426744401 2.2952613645 -2.4735300270 -4.1063604462 1.0453068935 -5.3959544033
1784244817.1968805790 -1.0384319467 -0.0178104672 1.6438603549 2.2887845567 -2.4357096405 -3.9777155919 0.9514924459 -5.4165073918
1784244817.2050046921 -1.0409155346 -0.0240549908 1.6451374939 2.2821373066 -2.1465237233 -3.2015640019 0.9173888782 -5.3231615967
1784244817.2148134708 -1.0438008795 -0.0321728714 1.6468251419 2.2738708546 -2.5265774151 -3.3844763050 0.7448047711 -5.4672507052
1784244817.2227902412 -1.0461383740 -0.0387160461 1.6478742204 2.2668827199 -2.3099815810 -3.1014725605 0.7366639584 -5.4373647613
1784244817.2308003902 -1.0484028218 -0.0455850220 1.6488320746 2.2598093640 -2.2699346174 -2.7835338321 0.7153657860 -5.4459702522
1784244817.2387776375 -1.0505211762 -0.0523182474 1.6497443168 2.2529064505 -2.2857755570 -2.5735703910 0.7088580137 -5.4335373995
1784244817.2468314171 -1.0524934373 -0.0591600732 1.6504741105 2.2459183158 -2.2480670340 -2.4963459567 0.7633927834 -5.4674795834
1784244817.2548258305 -1.0544656983 -0.0661104994 1.6512039042 2.2387597388 -2.2592792818 -2.4372415364 0.8264854237 -5.4697297985
1784244817.2628250122 -1.0563283892 -0.0730337756 1.6513407405 2.2316011618 -2.3617136313 -2.3760682776 0.9097027968 -5.5055922396
1784244817.2708694935 -1.0579719401 -0.0798756014 1.6516144132 2.2244425847 -2.3441996498 -2.2773841191 0.9389999520 -5.5474217913
1784244817.2788174152 -1.0596520143 -0.0869346280 1.6519793100 2.2171987866 -2.3183346240 -2.2726513193 0.9073578306 -5.5342653156
1784244817.2868561745 -1.0611494717 -0.0937764538 1.6521617585 2.2100402096 -2.2561261193 -2.3281745468 0.8384377942 -5.5494702205
1784244817.2948770523 -1.0626469291 -0.1007268801 1.6526178795 2.2026259691 -2.2955255343 -2.2182305162 0.7279947230 -5.5967669586
1784244817.3029069901 -1.0639617698 -0.1077587566 1.6530283885 2.1952969498 -2.1554124770 -2.0346723189 0.5621078500 -5.5760185297
1784244817.3109989166 -1.0653131338 -0.1148177832 1.6536669580 2.1877122670 -2.0774080923 -1.7074794394 0.4144588496 -5.5686404176
1784244817.3208234310 -1.0667740679 -0.1234786659 1.6540774670 2.1788492669 -2.1393326024 -1.6526672644 0.2719498074 -5.6593436739
1784244817.3288798332 -1.0679062918 -0.1308363437 1.6546704244 2.1711793629 -2.1645371946 -1.2932230496 0.0848530819 -5.6247561415
1784244817.3370046616 -1.0688558990 -0.1382483216 1.6554458302 2.1635094590 -2.1771375542 -0.9721768829 0.0108268425 -5.5919086276
1784244817.3469107151 -1.0699150762 -0.1473979061 1.6557651150 2.1539646897 -2.2845020867 -0.9902826596 -0.0255642803 -5.6034941028
1784244817.3549301624 -1.0706455432 -0.1549184845 1.6557195028 2.1459539011 -2.2309398471 -0.7362994065 -0.0373786711 -5.5977837978
1784244817.3629183769 -1.0713029636 -0.1626291136 1.6559019513 2.1379431125 -2.1634485606 -0.3966653506 -0.0827560440 -5.5733205128
1784244817.3709635735 -1.0719969073 -0.1717786981 1.6559475634 2.1281426797 -2.1403778586 -0.4652408595 -0.0245513628 -5.5998375989
1784244817.3808689117 -1.0723986641 -0.1778603211 1.6555826665 2.1218363143 -2.0033962942 -0.2846883007 0.0327976882 -5.5181968321
1784244817.3890013695 -1.0729099911 -0.1870913559 1.6552177697 2.1118654391 -1.9829727517 -0.2897388236 0.0016988210 -5.4710487059
1784244817.3988728523 -1.0732752246 -0.1948019850 1.6548528728 2.1035989871 -1.8436544172 -0.2801130454 -0.0298832177 -5.5020320171
1784244817.4068701267 -1.0736404581 -0.2040058697 1.6546248123 2.0935428908 -1.7144301678 -0.2902829830 -0.1268360666 -5.5097579957
1784244817.4167194366 -1.0738961216 -0.2115535982 1.6544423638 2.0853616600 -1.6284622706 -0.0421338615 -0.2575508031 -5.5198716355
1784244817.4248712063 -1.0740422150 -0.2209203836 1.6543967517 2.0751351214 -1.5739773294 -0.0135194382 -0.4254910183 -5.6451382430
1784244817.4329848289 -1.0741152617 -0.2286853129 1.6540318549 2.0669538905 -1.4099861900 0.4172821030 -0.5764641490 -5.6529474446
1784244817.4427449703 -1.0741883084 -0.2384864998 1.6541686912 2.0565569096 -1.2433003058 0.7784040121 -0.7232237169 -5.7554879037
1784244817.4509007931 -1.0741517850 -0.2464957801 1.6538494064 2.0482052364 -1.0011588907 1.0758802634 -0.8402412419 -5.7121738666
1784244817.4589285851 -1.0741517850 -0.2546408108 1.6540318549 2.0394274575 -0.7832012150 1.7096657272 -0.9886264773 -5.6487817719
1784244817.4669258595 -1.0741152617 -0.2629487421 1.6539406307 2.0309905632 -0.5217940440 2.0689176345 -1.0773553385 -5.5643640930
1784244817.4749269485 -1.0741152617 -0.2711752232 1.6538037943 2.0221275631 -0.2875029411 2.3470226048 -1.1164642286 -5.4730890728
1784244817.4828274250 -1.0740422150 -0.2794831545 1.6533476733 2.0133497841 -0.0517346707 2.6062697541 -1.1330555377 -5.3961112657
1784244817.4909303188 -1.0740056916 -0.2876824855 1.6529827764 2.0047424475 0.2193652401 2.5561652981 -1.2005339791 -5.4038675891
1784244817.5008828640 -1.0739326449 -0.2977823236 1.6523442069 1.9939193608 0.4876058197 2.3454263545 -1.2307847205 -5.4781243434
1784244817.5089375973 -1.0738961216 -0.3060359547 1.6521617585 1.9848859184 0.7900671044 2.5875113063 -1.3633177469 -5.4967820078
1784244817.5188767910 -1.0738230749 -0.3143981863 1.6517968616 1.9760229183 1.1125405718 2.7133248337 -1.4048905712 -5.4743460458
1784244817.5287966728 -1.0737865515 -0.3245251745 1.6510214558 1.9650293893 1.3356963489 2.8509305193 -1.5336997626 -5.4530415253
1784244817.5368444920 -1.0736769815 -0.3347064629 1.6507021710 1.9538654180 1.5525784508 3.0783290831 -1.6667787345 -5.4730947557
1784244817.5450057983 -1.0735674114 -0.3430686944 1.6505197226 1.9447467544 1.8430489120 3.5817089056 -1.8291817488 -5.4965623974
1784244817.5547962189 -1.0733847946 -0.3531956826 1.6501092136 1.9340088889 2.0061895519 3.6018102438 -1.9640175278 -5.5853255701
1784244817.5628635883 -1.0732021779 -0.3617751150 1.6500179894 1.9248050042 2.1863148388 3.8794110052 -2.1827563341 -5.5520188308
1784244817.5708250999 -1.0729465144 -0.3702459470 1.6501092136 1.9155158983 2.4069532244 4.2782786697 -2.3578267926 -5.5229306444
1784244817.5788722038 -1.0726908510 -0.3787167789 1.6498355410 1.9065676770 2.5768783682 4.3944868864 -2.4307504172 -5.4883595535
1784244817.5869460106 -1.0723986641 -0.3871061606 1.6495162562 1.8975342346 2.5709500226 4.6106691196 -2.3778467327 -5.4511189844
1784244817.5950198174 -1.0718873372 -0.3956041427 1.6486496262 1.8880746864 2.6290407005 4.9951229000 -2.3604024773 -5.3560318286
1784244817.6048135757 -1.0713394869 -0.4057039808 1.6476461598 1.8770811574 2.8880020519 4.6341455811 -2.2071424317 -5.5100309330
1784244817.6128764153 -1.0708646834 -0.4142834131 1.6467339177 1.8676216093 3.1790319016 4.6208170876 -2.2494201052 -5.4729264528
1784244817.6227085590 -1.0702437864 -0.4245190018 1.6457760634 1.8560315322 3.3373555913 4.3182962559 -2.2700194628 -5.5556489009
1784244817.6308770180 -1.0696959361 -0.4327997830 1.6450918818 1.8464867628 3.5567118543 4.6041239669 -2.3320186879 -5.4439791315
1784244817.6408922672 -1.0691115625 -0.4412434649 1.6441340275 1.8366011089 3.7304037915 4.9213773101 -2.4421460753 -5.3561059269
1784244817.6490669250 -1.0681984786 -0.4535153112 1.6428568885 1.8225396183 3.8401183579 5.1145328738 -2.5564935889 -5.3588774793
1784244817.6588852406 -1.0676506284 -0.4602213865 1.6425376038 1.8146992721 4.1808804538 5.8434285487 -2.7363348034 -5.2113916390
1784244817.6670093536 -1.0667010212 -0.4725746831 1.6413973011 1.8006377815 4.2445970720 6.1639520245 -2.8663523560 -5.1783875019
1784244817.6768314838 -1.0658609841 -0.4811541154 1.6407587316 1.7909225699 4.3626252934 6.7234823336 -3.0082624797 -5.1933538961
1784244817.6849346161 -1.0649844237 -0.4902493998 1.6403482226 1.7807812524 4.4465516767 7.2113037080 -3.0238495585 -5.1543972992
1784244817.6946880817 -1.0638521998 -0.5007293393 1.6390710836 1.7687650696 4.4895996307 7.0145954250 -3.0622920092 -5.2203637601
1784244817.7026863098 -1.0627564992 -0.5095802727 1.6383412899 1.7587941945 4.5295785597 7.3964678152 -3.0874057939 -5.1630195103
1784244817.7108838558 -1.0616242753 -0.5183769059 1.6372465993 1.7489085405 4.6220353350 7.6998924032 -3.0777262275 -5.1772783722
1784244817.7189209461 -1.0603824813 -0.5272278393 1.6360606845 1.7388524442 4.6921131800 7.8233491779 -3.1300303489 -5.0705398994
1784244817.7287278175 -1.0588485005 -0.5376806287 1.6348291576 1.7268362614 4.7372144297 7.3775993994 -3.1972914564 -5.1497862640
1784244817.7368385792 -1.0574606131 -0.5461514607 1.6339169155 1.7167801651 4.8035607312 7.5125408895 -3.2582051082 -5.1573874515
1784244817.7448782921 -1.0559996791 -0.5546222927 1.6326397764 1.7069797323 4.9141979651 7.6113572995 -3.3309181645 -5.1790380262
1784244817.7548811436 -1.0545022216 -0.5630388244 1.6319099827 1.6968384149 4.9518066015 7.9882856545 -3.4472689565 -5.0825836299
1784244817.7629246712 -1.0525299606 -0.5735459141 1.6305872316 1.6846517897 4.9501596182 8.3723005035 -3.4931732835 -5.0278574341
1784244817.7726695538 -1.0508498864 -0.5821524965 1.6296293773 1.6745104723 5.1156603803 8.7043941770 -3.6330229386 -4.8680359433
1784244817.7808022499 -1.0488045787 -0.5924695355 1.6288083594 1.6620681837 5.2599706161 8.9793268748 -3.7823654755 -4.8374578533
1784244817.7889158726 -1.0470514578 -0.6011304181 1.6280329536 1.6518416451 5.3607020211 9.3145819005 -3.8538206891 -4.8834248365
1784244817.7970583439 -1.0451157201 -0.6098999012 1.6270750993 1.6417855488 5.2987948386 10.1294310372 -3.9371840669 -4.7153153253
1784244817.8068795204 -1.0431434591 -0.6187236845 1.6262996935 1.6313885679 5.3613620172 10.0157783046 -3.9415904374 -4.7585691389
1784244817.8149261475 -1.0406598712 -0.6290407234 1.6249313303 1.6192019428 5.3379566638 10.1394333590 -4.0167026128 -4.7435731440
1784244817.8246684074 -1.0385049934 -0.6374844053 1.6242471487 1.6088901830 5.4281881119 10.0377476299 -4.0962811415 -4.7323079426
1784244817.8327820301 -1.0358753120 -0.6476385436 1.6230612339 1.5967035579 5.4723980655 9.8276400192 -4.0557419606 -4.8433938772
1784244817.8408930302 -1.0335378175 -0.6558650247 1.6216472585 1.5869031251 5.5161790654 9.9145916662 -4.0757184339 -4.8978473275
1784244817.8490586281 -1.0310907529 -0.6641458059 1.6206894043 1.5766765865 5.4498477472 10.5546318405 -4.0434018468 -4.7616662492
1784244817.8588917255 -1.0280227913 -0.6743542444 1.6186824715 1.5642342979 5.6148843125 10.4975488317 -4.0113746935 -4.7986416940
1784244817.8668828011 -1.0255757268 -0.6826078756 1.6174053325 1.5541782016 5.6760100599 10.9846445944 -3.9248147638 -4.8040794719
1784244817.8749227524 -1.0228364754 -0.6909972572 1.6157176846 1.5442925476 5.5871457748 11.5048398059 -3.9487593158 -4.7618788131
1784244817.8830182552 -1.0200607006 -0.6993866389 1.6145773819 1.5340660090 5.6335539719 12.0275927046 -4.0257003962 -4.6230887712
1784244817.8927295208 -1.0167005522 -0.7095679273 1.6127985097 1.5220498262 5.7566234371 11.8550558129 -4.1396617724 -4.7348436735
1784244817.9008841515 -1.0137421607 -0.7180116091 1.6119318796 1.5116528453 5.8651892941 12.2094629639 -4.3384617432 -4.6625316071
1784244817.9110026360 -1.0107837692 -0.7266724918 1.6109740254 1.5011706433 5.9678267764 12.5824908814 -4.4705167658 -4.5867324174
1784244817.9207065105 -1.0062913969 -0.7390529385 1.6093319895 1.4860864988 6.0702567447 12.5904614197 -4.6233877533 -4.5730646882
1784244817.9288434982 -1.0032234353 -0.7474694703 1.6086934200 1.4755190756 6.0675185590 12.8972531879 -4.7895585900 -4.4302143665
1784244817.9369480610 -0.9999363336 -0.7559131521 1.6079180142 1.4648664313 5.7458634899 13.7653001425 -4.8036003570 -4.2409513655
1784244817.9466533661 -0.9966127085 -0.7641124831 1.6065496509 1.4546398927 6.0365307359 13.1392276970 -4.7316061381 -4.1873631461
1784244817.9548335075 -0.9925220931 -0.7739408202 1.6050900635 1.4417714983 5.8257139764 13.6220440140 -4.7406857979 -4.0767717330
1784244817.9629056454 -0.9889062813 -0.7820315507 1.6040865971 1.4312040751 6.0087721151 13.3252235031 -4.7528478299 -4.1299365698
1784244817.9709470272 -0.9853269928 -0.7902308816 1.6027182339 1.4205514307 5.8382173005 13.7336251666 -4.6251645114 -4.0530682661
1784244817.9790143967 -0.9815650875 -0.7982130117 1.6008937496 1.4103248922 5.6203480874 14.1318987795 -4.5568984453 -3.9356047648
1784244817.9887459278 -0.9771092385 -0.8078784482 1.5994341622 1.3977973824 5.8914462573 14.0572227947 -4.5907122874 -4.0503721133
1784244817.9968287945 -0.9731647165 -0.8159148785 1.5979745747 1.3877412861 5.8772201056 14.2012312787 -4.6433927193 -4.0972556415
1784244818.0049257278 -0.9691106244 -0.8238155584 1.5969254963 1.3773443052 6.0591578579 14.6066210157 -4.7633915641 -4.0401026669
1784244818.0129418373 -0.9652026257 -0.8319605891 1.5958308057 1.3669473243 6.0538980679 15.0046103462 -4.8472921815 -4.0779096126
1784244818.0209243298 -0.9611485337 -0.8398341188 1.5948273393 1.3569764492 6.0108094698 15.4236852559 -5.0195854596 -3.9722292380
1784244818.0290138721 -0.9570579182 -0.8479248493 1.5940063214 1.3464942471 5.9651748156 15.7277239599 -5.0773317805 -3.8577100506
1784244818.0370106697 -0.9519081256 -0.8574002351 1.5926835703 1.3343076220 6.0826863979 15.6351102397 -5.1973472950 -3.9206652968
1784244818.0467419624 -0.9477079401 -0.8650565640 1.5917713281 1.3244219680 6.1538585951 15.5847787984 -5.1743339473 -4.0064119375
1784244818.0548295975 -0.9431425211 -0.8729843939 1.5907678617 1.3139397660 6.1239226588 15.6662087177 -5.1818488423 -3.9082920058
1784244818.0628297329 -0.9386866721 -0.8806135727 1.5896275591 1.3036280062 6.1819892158 15.9641063235 -5.1039010948 -3.8497673580
1784244818.0707991123 -0.9341577765 -0.8883785020 1.5883504200 1.2933162465 6.2667374953 16.2047607450 -5.0236145004 -3.7397388456
1784244818.0788164139 -0.9297019275 -0.8960076807 1.5869364447 1.2830897079 6.3649165943 16.3493871043 -4.9145293823 -3.6965855195
1784244818.0868110657 -0.9251365085 -0.9034468088 1.5854768573 1.2729483905 6.3858593548 16.3263314045 -4.8301411832 -3.6368727683
1784244818.0948872566 -0.9204249961 -0.9108316367 1.5840172698 1.2625514096 6.5590536042 16.3598751061 -4.7740910116 -3.5887334124
1784244818.1028907299 -0.9157865304 -0.9182707647 1.5822840097 1.2524100922 6.4650253539 16.8272233511 -4.7450435349 -3.5720065467
1784244818.1109480858 -0.9110019712 -0.9257098928 1.5810068707 1.2423539959 6.4030067282 17.0524794222 -4.7885118255 -3.5150097034
1784244818.1189398766 -0.9059982720 -0.9331761710 1.5796841196 1.2319570150 6.4172311355 17.2511363210 -4.8882938001 -3.4373260665
1784244818.1269822121 -0.9011771895 -0.9404523984 1.5786806533 1.2217304764 6.5130039938 17.5070319356 -4.9883866409 -3.4575386817
1784244818.1367971897 -0.8961734903 -0.9477557760 1.5776315748 1.2117596013 6.5126340089 17.6056836610 -5.1962775420 -3.4980452508
1784244818.1448843479 -0.8899279971 -0.9566338595 1.5767649447 1.1996581973 6.6657569376 17.6888122443 -5.4299477505 -3.5113196197
1784244818.1528332233 -0.8849608212 -0.9638557867 1.5764000479 1.1897725433 6.7100222499 17.9677048641 -5.5139032904 -3.5310666013
1784244818.1608827114 -0.8797379819 -0.9710777140 1.5755790299 1.1798016682 6.7691160337 18.2846828268 -5.5508521011 -3.4883218426
1784244818.1689698696 -0.8745151425 -0.9782181909 1.5748948483 1.1697455719 6.5158680932 18.6925784086 -5.5129637686 -3.4226597565
1784244818.1770188808 -0.8690366397 -0.9854672683 1.5739369941 1.1600303603 6.2164126305 18.9901440160 -5.4451517661 -3.2729766080
1784244818.1867904663 -0.8625720064 -0.9939381002 1.5729335277 1.1478437351 6.0562813937 19.2728499147 -5.4285895783 -3.1710061804
1784244818.1949207783 -0.8570569802 -1.0011057273 1.5718388371 1.1381285235 6.1698270281 19.5129056356 -5.3748867801 -3.1701391392
1784244818.2029769421 -0.8513958606 -1.0081104537 1.5705616981 1.1278167637 6.6346537833 19.2488161226 -5.2219413900 -3.0916586830
1784244818.2128324509 -0.8446755638 -1.0163640849 1.5692845591 1.1154596963 6.3760295726 19.5610938310 -5.1910451850 -2.9983068115
1784244818.2208304405 -0.8389779209 -1.0232330608 1.5680530322 1.1054888211 6.3318416713 19.5971904643 -5.1493225920 -2.9610392208
1784244818.2287926674 -0.8332802780 -1.0301020367 1.5670039537 1.0956031672 6.2664008409 19.9635385837 -5.1379085376 -2.9008268323
1784244818.2368404865 -0.8273634950 -1.0365637611 1.5659092631 1.0853766286 6.2193700398 19.9873874421 -5.1287604383 -2.7877964051
1784244818.2448785305 -0.8215928053 -1.0431069358 1.5646777362 1.0756614169 6.7653463558 19.5507674452 -5.1535094443 -2.9407914399
1784244818.2528817654 -0.8157855923 -1.0495686601 1.5638567183 1.0660314264 6.6470527992 19.7445742198 -5.2356755419 -2.8952059663
1784244818.2608749866 -0.8096496692 -1.0560303845 1.5632181488 1.0559753301 6.7034307219 19.8559303616 -5.2487364297 -2.8646550059
1784244818.2688271999 -0.8036598394 -1.0623835085 1.5622146824 1.0464305608 6.6126127642 20.1605838641 -5.2575597194 -2.8548629059
1784244818.2768814564 -0.7974873929 -1.0687366325 1.5614848887 1.0369710126 6.5314651597 20.4444032657 -5.3061732699 -2.8749172504
1784244818.2849831581 -0.7896713956 -1.0765830121 1.5605270345 1.0251252721 6.6334243453 20.4574656331 -5.3401883856 -2.9232245799
1784244818.2928853035 -0.7834989491 -1.0829632861 1.5600253013 1.0156657239 6.9151363747 20.6634026967 -5.3609027536 -2.9807050257
1784244818.3007891178 -0.7784952499 -1.0879046048 1.5594779560 1.0079105988 6.3122435555 21.4421978882 -5.3314857218 -2.8250013627
1784244818.3087966442 -0.7720306165 -1.0941219782 1.5587025502 0.9982806083 6.9095126954 21.1061841877 -5.3105112529 -2.7709261009
1784244818.3167903423 -0.7658216467 -1.1002579014 1.5579727564 0.9887358389 6.3999210846 21.8150418891 -5.2879853756 -2.5933216718
1784244818.3248457909 -0.7595031068 -1.1065024250 1.5571517385 0.9790206273 6.4530420800 22.1991488104 -5.3028526204 -2.4804352613
1784244818.3328943253 -0.7528923800 -1.1126383481 1.5566956174 0.9691349733 6.9949842111 21.6789235390 -5.3358685395 -2.4131460566
1784244818.3409667015 -0.7465738401 -1.1186113706 1.5558745995 0.9595902040 7.2356034109 21.7726437546 -5.3888799473 -2.3370811608
1784244818.3490259647 -0.7401822535 -1.1246115433 1.5555553147 0.9498749923 7.3102880468 21.9573349038 -5.4010145320 -2.3376697581
1784244818.3588945866 -0.7321471160 -1.1316705699 1.5548255210 0.9384553576 7.2110683203 21.6995990992 -5.3797954382 -2.4727651802
1784244818.3669619560 -0.7253172492 -1.1375349921 1.5541869515 0.9289105882 6.9940507956 21.9072305233 -5.3523738802 -2.4577892222
1784244818.3768384457 -0.7183778123 -1.1433179639 1.5535939941 0.9195362612 6.8327121737 22.0451218746 -5.2850660451 -2.4618524233
1784244818.3848865032 -0.7099774413 -1.1502140899 1.5528642004 0.9081166264 6.8741597338 22.0675236548 -5.2692000529 -2.4199373617
1784244818.3928389549 -0.7029649577 -1.1556984106 1.5524080793 0.8986570782 6.8784565075 22.3965180610 -5.2175589667 -2.3574979197
1784244818.4008514881 -0.6961716142 -1.1612370315 1.5515870614 0.8896236358 6.7136889601 22.5831264620 -5.1796708579 -2.2940607665
1784244818.4089314938 -0.6890495606 -1.1666399019 1.5510853282 0.8803345299 6.8858601952 22.6620811101 -5.0951114973 -2.2601433983
1784244818.4169774055 -0.6820736003 -1.1719613219 1.5503555345 0.8712158664 6.4777703746 23.0273906281 -5.0695327116 -2.1773990742
1784244818.4268233776 -0.6734906126 -1.1784501964 1.5499450255 0.8600518951 6.8656524804 23.0535252156 -5.1201689971 -2.1740281141
1784244818.4348430634 -0.6662589889 -1.1837444664 1.5494432923 0.8510184527 7.0835192618 23.1058498915 -5.1504642499 -2.2753516830
1784244818.4428391457 -0.6589543185 -1.1889844362 1.5492152318 0.8418997891 6.9353791504 23.1858198853 -5.1704104038 -2.2713721073
1784244818.4508445263 -0.6516496480 -1.1941158055 1.5488047228 0.8330367890 6.6612310705 23.4194952514 -5.1551791396 -2.2406034999
1784244818.4588372707 -0.6441258375 -1.1992743250 1.5486222744 0.8239181254 6.7683136135 23.5942674438 -5.1863430084 -2.2321491947
1784244818.4668350220 -0.6368576904 -1.2042699438 1.5484398260 0.8151403465 6.8135588090 23.6964263251 -5.1746375368 -2.1934010908
1784244818.4749238491 -0.6294434500 -1.2092927128 1.5480293170 0.8062773463 6.9827636898 23.8575404389 -5.1354741930 -2.0848194677
1784244818.4828286171 -0.6221753029 -1.2142340314 1.5478468686 0.7970734616 6.4268204899 24.4048018751 -5.1195922970 -1.9198139230
1784244818.4908087254 -0.6146880157 -1.2191210499 1.5474819717 0.7881252404 7.2065349431 24.1966696990 -5.0513293672 -1.9349871997
1784244818.4987957478 -0.6072737752 -1.2239537681 1.5472082991 0.7793474614 6.4878533881 24.6991026390 -5.0349122523 -1.7944669513
1784244818.5068471432 -0.5996038713 -1.2286507358 1.5470714627 0.7702287978 6.2311657118 24.7468838150 -5.0161013074 -1.7058147829
1784244818.5149502754 -0.5922992009 -1.2332934034 1.5466609538 0.7615362400 7.3341441667 24.4446185523 -4.9164483923 -1.7941122370
1784244818.5229361057 -0.5849945305 -1.2378817707 1.5465241175 0.7527584611 7.3010069295 24.5597452653 -4.9117030741 -1.8479657266
1784244818.5309047699 -0.5772881032 -1.2423343875 1.5464328932 0.7444067879 7.0120192071 24.5258439493 -4.8818686160 -1.8169071400
1784244818.5389766693 -0.5679016017 -1.2476015073 1.5460679964 0.7342654705 6.9349738095 24.3853575268 -4.8240194959 -1.9281117880
1784244818.5469846725 -0.5616561085 -1.2509952701 1.5458399358 0.7275329992 6.8086069161 24.7543152851 -4.7916367157 -1.9189355159
1784244818.5550282001 -0.5539862045 -1.2552849863 1.5455662632 0.7194369895 6.6495532580 24.7746022253 -4.7081760086 -1.8303690811
1784244818.5648410320 -0.5444901330 -1.2601448547 1.5453382027 0.7091252298 7.1396392755 24.5873246375 -4.6774650247 -1.8135679147
1784244818.5728416443 -0.5366741356 -1.2642716702 1.5451557542 0.7006031143 6.9131199055 24.7616195946 -4.6594323087 -1.8037097306
1784244818.5808327198 -0.5285659515 -1.2682898854 1.5450645300 0.6922514411 7.0535412644 24.7319479428 -4.6071563170 -1.7816964088
1784244818.5888466835 -0.5207499541 -1.2720908997 1.5446996332 0.6839849891 7.0666288548 24.7840659690 -4.5491537001 -1.7315237164
1784244818.5969371796 -0.5128609101 -1.2758919141 1.5446084089 0.6755480948 7.0062478498 25.0953017953 -4.5296511697 -1.7223051155
1784244818.6048548222 -0.5047162026 -1.2797472286 1.5445171847 0.6673668639 6.9461234929 25.2028992876 -4.5178885753 -1.6599558376
1784244818.6128869057 -0.4967175885 -1.2834667927 1.5443803484 0.6590151907 6.5925463594 25.1061088038 -4.4285461649 -1.6215643572
1784244818.6208419800 -0.4882806941 -1.2869420058 1.5441066758 0.6510896233 6.4904465965 25.4804124259 -4.3782897837 -1.5875096504
1784244818.6288371086 -0.4801359866 -1.2906887199 1.5439242273 0.6430788347 6.6179290777 25.5852562745 -4.3314279598 -1.5580576023
1784244818.6367993355 -0.4721373725 -1.2941639330 1.5437417789 0.6351532673 6.9219914539 25.4678296898 -4.2741653791 -1.5715930539
1784244818.6448347569 -0.4640657117 -1.2975305457 1.5436505547 0.6271424788 6.8951640963 25.6378651671 -4.2298995549 -1.5790612630
1784244818.6528418064 -0.4556288174 -1.3009514586 1.5435593305 0.6192169114 7.0510263985 25.8196808389 -4.2128473422 -1.5539994001
1784244818.6607975960 -0.4475936799 -1.3043180713 1.5433768820 0.6113765651 7.4139880581 25.7854594040 -4.1614660226 -1.5047784112
1784244818.6688988209 -0.4396315891 -1.3075217834 1.5432856578 0.6033657766 7.3938456831 25.8787351757 -4.1088933110 -1.4952971623
1784244818.6768374443 -0.4313042649 -1.3106983454 1.5431488215 0.5955254303 7.1369599671 26.0883715405 -4.0529129999 -1.4632008478
1784244818.6848428249 -0.4231230340 -1.3139020575 1.5429663731 0.5878555264 7.0060036796 26.1559075636 -3.9851921447 -1.4748502800
1784244818.6928398609 -0.4147957097 -1.3169428690 1.5427839246 0.5803560648 6.8328540124 26.2021067796 -3.9445638664 -1.5375596520
1784244818.7008969784 -0.4063222920 -1.3199565303 1.5428295367 0.5727713820 6.7490745192 26.2940729697 -3.9080533016 -1.5159740386
1784244818.7088325024 -0.3979949678 -1.3228887414 1.5426470883 0.5651866992 6.6942864241 26.3286665632 -3.8693244415 -1.4578643583
1784244818.7168381214 -0.3894485034 -1.3257123521 1.5426470883 0.5575167952 6.6535868133 26.4877514814 -3.8183915972 -1.4453900783
1784244818.7248418331 -0.3809385623 -1.3285631128 1.5425102520 0.5501877759 6.7699345764 26.5506737661 -3.7914531228 -1.4430518802
1784244818.7327980995 -0.3725016680 -1.3313052732 1.5424646399 0.5428587566 6.7296632695 26.5760195033 -3.7680349171 -1.3620372451
1784244818.7408740520 -0.3639552036 -1.3339116830 1.5424646399 0.5353592950 6.6132442369 26.5614428455 -3.7409987756 -1.3763402415
1784244818.7488911152 -0.3551895991 -1.3364366425 1.5425102520 0.5282007180 6.3982121181 26.7299958562 -3.7375512891 -1.4066228986
1784244818.7568395138 -0.3465335647 -1.3389887522 1.5426014762 0.5212978044 6.1380130348 26.7873596832 -3.6902353821 -1.4232077538
1784244818.7648398876 -0.3376583901 -1.3414322614 1.5426014762 0.5141392274 5.9942092984 26.7768043236 -3.6580853096 -1.4431837233
1784244818.7729139328 -0.3286736455 -1.3437400201 1.5427383125 0.5071510927 6.3207944935 26.8701361030 -3.6290988714 -1.4187539644
1784244818.7808432579 -0.3201271811 -1.3460206287 1.5427383125 0.5003334003 6.4777435313 26.9173297425 -3.5634766475 -1.3570686364
1784244818.7888164520 -0.3114711466 -1.3482469371 1.5427383125 0.4931748233 6.4080598612 27.0015341321 -3.5006008317 -1.3256240227
1784244818.7968454361 -0.3025594487 -1.3503646451 1.5427383125 0.4861866886 6.7066359533 27.0376011085 -3.4451718118 -1.2716185429
1784244818.8047251701 -0.2940860310 -1.3524280529 1.5427383125 0.4792837751 6.9327384482 27.1572438711 -3.3982953236 -1.2070114171
1784244818.8128576279 -0.2855760900 -1.3544100103 1.5427839246 0.4724660827 6.9093331147 27.1349439174 -3.3809299088 -1.2350117358
1784244818.8207983971 -0.2767739622 -1.3563105175 1.5429663731 0.4656483903 6.5255539959 27.1388704208 -3.3665698103 -1.2572255990
1784244818.8288505077 -0.2678987876 -1.3581295744 1.5431032094 0.4591715825 6.4829575849 27.2732148628 -3.3106025969 -1.2813568661
1784244818.8368489742 -0.2592427532 -1.3599214811 1.5431032094 0.4526947747 6.4386403018 27.3286421151 -3.1939964761 -1.3331239701
1784244818.8448002338 -0.2502945319 -1.3616047875 1.5429207610 0.4463031881 6.4573766645 27.3555974130 -3.0940544373 -1.3257084332
1784244818.8528470993 -0.2414924040 -1.3632337936 1.5428295367 0.4399116015 6.2956071726 27.4164993758 -3.0329617621 -1.2476624691
1784244818.8608279228 -0.2326537528 -1.3647813495 1.5427839246 0.4333495726 6.2068974839 27.4921917941 -2.9951086450 -1.2236067800
1784244818.8688449860 -0.2235959615 -1.3662746051 1.5428295367 0.4270432071 6.1500597457 27.4372851757 -2.9758885666 -1.2058949288
1784244818.8768391609 -0.2147573103 -1.3676049601 1.5428751489 0.4208220628 6.1932795682 27.4235064030 -2.9428720522 -1.1535640683
1784244818.8848066330 -0.2059551824 -1.3689081650 1.5429663731 0.4144304762 5.9773109299 27.5214781075 -2.9147625156 -1.1211591395
1784244818.8928012848 -0.1967147744 -1.3701842199 1.5430119852 0.4081241107 5.8788497411 27.5091171522 -2.8850277119 -1.1199315728
1784244818.9008207321 -0.1875839363 -1.3712973741 1.5430575973 0.4021586299 5.9416061026 27.4711212608 -2.8316974249 -1.0919808733
1784244818.9108965397 -0.1786722384 -1.3723562281 1.5431032094 0.3959374856 6.1438264054 27.6121940094 -2.7419878209 -1.0994654684
1784244818.9188928604 -0.1673134759 -1.3737137332 1.5430119852 0.3885232451 5.7059979711 27.5753686428 -2.6705741163 -1.0517048516
1784244818.9269862175 -0.1580730679 -1.3745825365 1.5430119852 0.3824725431 5.8382499986 27.5602828589 -2.6426481040 -1.0287563127
1784244818.9369063377 -0.1491613699 -1.3753970395 1.5431032094 0.3766775046 6.0868537554 27.5587891560 -2.6145179842 -1.0969292667
1784244818.9448926449 -0.1383139344 -1.3763201430 1.5431944336 0.3698598122 6.0710189281 27.5658133221 -2.5738037304 -1.1466564251
1784244818.9548399448 -0.1291465730 -1.3769717455 1.5432856578 0.3641499948 5.6748335600 27.6059482741 -2.5031633139 -1.1425350901
1784244818.9628949165 -0.1179704273 -1.3777047982 1.5432400457 0.3574175236 5.6064380969 27.5895421361 -2.4470702372 -1.1814300867
1784244818.9709019661 -0.1088030659 -1.3781663500 1.5432856578 0.3518781485 5.6721889823 27.6264296613 -2.3882386875 -1.1666697568
1784244818.9789423943 -0.0998548446 -1.3785736015 1.5432400457 0.3465092158 5.5128893474 27.6598317571 -2.3277384051 -1.0841213932
1784244818.9888396263 -0.0906509599 -1.3789265528 1.5431944336 0.3408846195 5.4105354419 27.5853708493 -2.2848673402 -1.0078551235
1784244818.9967997074 -0.0795113375 -1.3791980539 1.5432856578 0.3342373694 5.3717770526 27.5757329119 -2.2611666070 -0.9600414368
1784244819.0048527718 -0.0703439761 -1.3793609545 1.5433768820 0.3287832155 5.5949803964 27.6499313655 -2.2271010668 -0.8849152205
1784244819.0129654408 -0.0614688016 -1.3794424048 1.5434224941 0.3234142828 5.2539504258 27.6605456636 -2.1919967173 -0.8194107280
1784244819.0227444172 -0.0521918701 -1.3794424048 1.5435137184 0.3180453500 5.1119714289 27.7032592301 -2.1274796007 -0.8516325520
1784244819.0308260918 -0.0411983412 -1.3793881046 1.5435137184 0.3120798692 5.2500410901 27.7680353858 -2.0688044270 -0.9225223228
1784244819.0389049053 -0.0318848864 -1.3793338044 1.5435137184 0.3069665999 5.3724301489 27.8893794273 -2.0120408508 -0.9034620646
1784244819.0469000340 -0.0228270951 -1.3792252040 1.5435137184 0.3019385517 5.5141906451 27.9791485147 -1.9788238461 -0.9122990697
1784244819.0548889637 -0.0136597337 -1.3790623034 1.5435137184 0.2970809459 5.4916435118 28.1384259392 -1.9472591494 -0.9700979774
1784244819.0628895760 -0.0047845591 -1.3789265528 1.5435593305 0.2925642247 5.2541251329 28.2375023026 -1.9048671285 -1.0342103659
1784244819.0708270073 0.0044193256 -1.3787093520 1.5435593305 0.2880475035 5.1494202167 28.3264049364 -1.8593606399 -1.0338690244
1784244819.0788810253 0.0132579768 -1.3784921512 1.5435593305 0.2835307823 5.1640179394 28.5178525694 -1.8263062253 -1.0675943160
1784244819.0869078636 0.0222792448 -1.3783021005 1.5436049426 0.2791845034 5.1964826909 28.7059279501 -1.8068341835 -1.0440448223
1784244819.0949087143 0.0311544193 -1.3781120498 1.5436505547 0.2747530033 5.0425756375 28.8874467711 -1.7634426117 -0.9683108770
1784244819.1028420925 0.0401391639 -1.3779219991 1.5436049426 0.2703215033 5.3330896048 29.0414386183 -1.7281924107 -0.9121416311
1784244819.1108403206 0.0489047685 -1.3776776481 1.5436505547 0.2658900032 5.4076813507 29.1902411944 -1.7092680053 -0.8719618970
1784244819.1188426018 0.0578164664 -1.3774332972 1.5436961668 0.2615437243 4.9880395496 29.3005027193 -1.6928727909 -0.8522018450
1784244819.1268401146 0.0671299211 -1.3771617962 1.5437873910 0.2571974454 4.7654721238 29.4194903249 -1.6680786450 -0.8583711657
1784244819.1348428726 0.0760781424 -1.3768631451 1.5438330031 0.2531920512 4.9362443343 29.5790496789 -1.6592831905 -0.9067761739
1784244819.1428482533 0.0849533170 -1.3765644939 1.5439698394 0.2492718780 4.8306232344 29.6887246499 -1.6448181056 -0.9865091669
1784244819.1508390903 0.0941572017 -1.3762115426 1.5441066758 0.2455221472 4.4461457616 29.8461267257 -1.6261875639 -0.9728200257
1784244819.1588358879 0.1033245631 -1.3758857414 1.5441979000 0.2416019741 4.2457306902 29.9245064790 -1.6060994995 -0.9302270067
1784244819.1668465137 0.1124554011 -1.3755056399 1.5442891242 0.2376818010 4.3748476171 29.9689491430 -1.5828605281 -0.9263790681
1784244819.1748456955 0.1215862391 -1.3750440882 1.5444259605 0.2339320702 4.6212876372 30.0795557780 -1.5484975158 -0.7969607082
1784244819.1828401089 0.1305344604 -1.3746096866 1.5445171847 0.2298414547 4.5435324210 30.1951039039 -1.5024215921 -0.6780567896
1784244819.1908438206 0.1393731116 -1.3741481348 1.5445627968 0.2258360604 4.6020655394 30.2986691116 -1.4665162651 -0.6867502551
1784244819.1988401413 0.1483578562 -1.3736865831 1.5446084089 0.2223419931 4.7310790210 30.4266062665 -1.4435262351 -0.7306639944
1784244819.2068409920 0.1570869373 -1.3731978812 1.5446996332 0.2188479257 4.8519695772 30.5170057962 -1.4429915489 -0.7571433418
1784244819.2148501873 0.1657429718 -1.3726548792 1.5448820816 0.2153538584 4.6372491848 30.5540522246 -1.4645466505 -0.8209152617
1784244819.2228469849 0.1748007631 -1.3720847270 1.5451101421 0.2122006757 4.4542745174 30.6299219363 -1.4850965516 -0.9380321648
1784244819.2308390141 0.1836394143 -1.3714602747 1.5453382027 0.2093031564 4.3803740316 30.6940740959 -1.4667338665 -0.9542578209
1784244819.2388446331 0.1923684955 -1.3708358223 1.5454750390 0.2060647525 4.2965535556 30.7720068806 -1.4466779790 -0.8965372948
1784244819.2467722893 0.2013532401 -1.3701842199 1.5456574874 0.2028263486 4.3967916008 30.8435091717 -1.4185212511 -0.8532205528
1784244819.2548408508 0.2099727512 -1.3695054673 1.5457943237 0.1997583870 4.4743603933 30.9637986351 -1.3864287189 -0.7811308728
1784244819.2628464699 0.2185922623 -1.3688267147 1.5459311601 0.1965199832 4.4371634489 30.9635028145 -1.3583320249 -0.6703912644
1784244819.2708482742 0.2274674368 -1.3680393618 1.5460679964 0.1931963581 4.6597574707 31.0245123269 -1.3561468663 -0.6005219878
1784244819.2788429260 0.2360504246 -1.3672520088 1.5462960569 0.1900431754 4.5328004369 31.0643912521 -1.3570744490 -0.5363162156
1784244819.2868397236 0.2446334123 -1.3664103556 1.5465241175 0.1868899927 4.0970524716 31.0308823401 -1.3767247509 -0.5625971503
1784244819.2948393822 0.2536181569 -1.3655144022 1.5468434022 0.1841629157 3.8020627891 31.0392738538 -1.3704346549 -0.6361702645
1784244819.3028962612 0.2623472381 -1.3645912988 1.5470258506 0.1816062811 3.8652386826 31.1652186329 -1.3582533058 -0.7017575152
1784244819.3108429909 0.2708937025 -1.3636953454 1.5472539112 0.1790496464 3.8847612002 31.1320917325 -1.3053237059 -0.7861237228
1784244819.3188402653 0.2796593070 -1.3626364914 1.5472995233 0.1768338964 3.7097422253 31.1081715705 -1.2288810873 -0.8326593615
1784244819.3268420696 0.2882057714 -1.3616319376 1.5472539112 0.1744477040 3.8852209512 31.2029955730 -1.1657872259 -0.8265442890
1784244819.3348112106 0.2965696190 -1.3606002337 1.5472539112 0.1721467329 4.1260835359 31.1756764159 -1.1347656223 -0.7828475089
1784244819.3428418636 0.3050430367 -1.3594599294 1.5473451354 0.1696753194 4.3677073812 31.0905569454 -1.1351463617 -0.6840954890
1784244819.3508064747 0.3132242675 -1.3582381748 1.5474819717 0.1672039059 4.4115985889 31.1667044064 -1.1631658149 -0.5936005864
1784244819.3589062691 0.3213324517 -1.3570978705 1.5476644201 0.1648177135 4.3108359126 31.1787881435 -1.1968457036 -0.5714684932
1784244819.3668117523 0.3298058694 -1.3558489658 1.5479380928 0.1625167424 3.8803352472 31.0789132782 -1.2304928932 -0.5753524470
1784244819.3748409748 0.3381331937 -1.3544914607 1.5482117654 0.1603862135 3.5998408804 31.0710390629 -1.2687037348 -0.6287153577
1784244819.3829579353 0.3465335647 -1.3531611056 1.5485310502 0.1585965692 2.9661626330 30.9518374788 -1.2766964981 -0.6193776627
1784244819.3909497261 0.3563583464 -1.3514777993 1.5488959470 0.1565512615 3.6854352359 31.1121960414 -1.3070820407 -0.7932677002
1784244819.3989536762 0.3631516899 -1.3503646451 1.5491240076 0.1551877230 3.2818442059 31.0754536584 -1.2836401672 -0.8114464440
1784244819.4068698883 0.3713694441 -1.3488985395 1.5493064560 0.1535685211 3.3646362592 31.0480898597 -1.2413793867 -0.8458445119
1784244819.4148502350 0.3794045815 -1.3474052839 1.5494432923 0.1521197615 3.4945457505 30.9948595350 -1.1797089755 -0.8209721026
1784244819.4228482246 0.3873301489 -1.3458577281 1.5493976802 0.1504153384 3.1991585718 31.0693972282 -1.1418479501 -0.6926917402
1784244819.4308996201 0.3956574732 -1.3443373223 1.5494889044 0.1485404730 3.2495819724 31.0912311047 -1.1417019501 -0.5879978156
1784244819.4389054775 0.4036926107 -1.3427626164 1.5496713529 0.1468360499 3.3565669190 30.9389529405 -1.1439159008 -0.5259991446
1784244819.4470319748 0.4135173924 -1.3406449084 1.5498538013 0.1448759633 3.5019412585 30.9748538367 -1.1484612514 -0.4470307749
1784244819.4568424225 0.4213333897 -1.3389887522 1.5500818618 0.1430863190 2.9113699563 30.9442276402 -1.1566960580 -0.4036406639
1784244819.4648869038 0.4293320038 -1.3373054458 1.5501730861 0.1416375594 3.4470893374 30.9031482275 -1.1439998140 -0.4891713702
1784244819.4748711586 0.4372940946 -1.3353506384 1.5502643103 0.1404444632 3.2985919872 30.8004747241 -1.1193898440 -0.5936744176
1784244819.4828577042 0.4468997362 -1.3330971799 1.5503099224 0.1391661459 2.5334079095 30.6833371840 -1.1093733816 -0.5886812190
1784244819.4910259247 0.4547157336 -1.3313595734 1.5504011466 0.1381434921 3.1476418962 30.8243577959 -1.1055805581 -0.6422806903
1784244819.5008540154 0.4639196183 -1.3289160642 1.5504011466 0.1369503959 3.7059228918 30.6473221683 -1.0944564403 -0.6910349753
1784244819.5089063644 0.4713703821 -1.3268798065 1.5504467587 0.1360981843 3.5293085791 30.8978248487 -1.0707632004 -0.6474016718
1784244819.5169506073 0.4791133327 -1.3250607496 1.5504011466 0.1350755305 3.0280802308 30.7297766547 -1.0393097549 -0.5883057780
1784244819.5268065929 0.4867832367 -1.3229158915 1.5502643103 0.1341380978 1.9957332869 30.3242504479 -1.0292605335 -0.5493538642
1784244819.5348699093 0.4956949346 -1.3202823316 1.5500362497 0.1331154439 2.4847283378 30.2906786926 -0.9843694445 -0.5418967411
1784244819.5429050922 0.5029996050 -1.3183546743 1.5499906376 0.1322632324 3.0841757446 30.6175637126 -0.9861199124 -0.4115315947
1784244819.5509009361 0.5119478263 -1.3156125140 1.5499450255 0.1309849151 3.1499328570 30.3546852901 -1.0147497349 -0.3750983038
1784244819.5588448048 0.5176089459 -1.3138206072 1.5499450255 0.1304735881 3.2262334697 30.6722279539 -1.0444530439 -0.4132534955
1784244819.5668084621 0.5245483828 -1.3118929499 1.5498994134 0.1299622612 3.1242675628 30.5340095629 -1.0478901493 -0.4223189630
1784244819.5748648643 0.5317069598 -1.3095308910 1.5497625771 0.1293657131 2.1941552127 30.1416621504 -1.0339734155 -0.4072193248
1784244819.5828940868 0.5390481535 -1.3070602317 1.5496257408 0.1289396073 2.1084879689 29.9444988497 -1.0268804356 -0.4274685804
1784244819.5908541679 0.5461702072 -1.3049968239 1.5494432923 0.1286839439 2.6885754216 30.2211642233 -1.0522855280 -0.5422424421
1784244819.5989069939 0.5531826908 -1.3025261646 1.5493976802 0.1285135016 2.2453599697 29.9078818295 -1.0700539400 -0.5081298799
1784244819.6068527699 0.5603412678 -1.3000283552 1.5493064560 0.1281726169 2.4224237613 30.1351838560 -1.0836723841 -0.4985298433
1784244819.6148552895 0.5671711346 -1.2978020468 1.5491240076 0.1280873958 2.6535005576 30.2055862592 -1.0813148730 -0.5087471481
1784244819.6228525639 0.5740010015 -1.2953856876 1.5488959470 0.1280021746 2.4707464883 29.9279754059 -1.0842314367 -0.4897378909
1784244819.6308569908 0.5806847749 -1.2927521277 1.5487591107 0.1277465112 2.8704757923 29.9284347980 -1.0847819776 -0.4099152397
1784244819.6387703419 0.5873685484 -1.2903629187 1.5485766623 0.1276612900 2.9639789105 30.0317805138 -1.1164504940 -0.4078677185
1784244819.6468594074 0.5938331817 -1.2879194095 1.5483942139 0.1276612900 2.9878809245 29.8430781691 -1.1147565836 -0.3892973627
1784244819.6548185349 0.6004439084 -1.2852858495 1.5480749291 0.1276612900 3.1692894133 29.7318546949 -1.1155070068 -0.3609358598
1784244819.6628105640 0.6067989717 -1.2826794397 1.5478924807 0.1276612900 3.3683338634 29.8625119494 -1.1396787168 -0.3205722496
1784244819.6708114147 0.6129348948 -1.2802087804 1.5476644201 0.1276612900 3.1538576316 29.6788037720 -1.2014582854 -0.2871129028
1784244819.6788494587 0.6193995281 -1.2774666200 1.5476188080 0.1277465112 2.8878323791 29.5570012278 -1.2451456175 -0.2346868952
1784244819.6868505478 0.6256815447 -1.2748330601 1.5474819717 0.1278317323 2.8008551339 29.6056026545 -1.2826858054 -0.1779862024
1784244819.6949090958 0.6318174678 -1.2722266503 1.5472995233 0.1278317323 2.6589185735 29.5360493804 -1.3233320826 -0.0892462910
1784244819.7028632164 0.6380994844 -1.2695387901 1.5472539112 0.1277465112 2.5100721412 29.2609904313 -1.3927682555 0.0053005941
1784244819.7108652592 0.6442354076 -1.2666880294 1.5471170749 0.1277465112 2.6367491789 29.2565279124 -1.4462248101 0.0777205039
1784244819.7188525200 0.6501156672 -1.2640273193 1.5471170749 0.1277465112 2.5494195178 29.3446830826 -1.4641086447 0.1350768382
1784244819.7269008160 0.6559959269 -1.2613937594 1.5469802385 0.1277465112 2.3647457935 29.2186592575 -1.4373879666 0.1848611641
1784244819.7348551750 0.6620222800 -1.2585701487 1.5466153417 0.1278317323 2.3030836463 29.1985414737 -1.4364035645 0.2215710894
1784244819.7428638935 0.6678294930 -1.2558822886 1.5463872811 0.1279169535 2.4702434583 29.2017514216 -1.4539288377 0.2969261921
1784244819.7509026527 0.6734906126 -1.2531129781 1.5462048327 0.1279169535 2.5458312651 29.1034528771 -1.4698634833 0.3777213013
1784244819.7589812279 0.6791152088 -1.2503165176 1.5459767722 0.1279169535 2.5130312697 28.9745790349 -1.4608805304 0.4428320557
1784244819.7687983513 0.6847032817 -1.2474657568 1.5455662632 0.1280021746 2.4480034376 29.0322795900 -1.4824742134 0.4921385582
1784244819.7768175602 0.6914601018 -1.2440991441 1.5452013663 0.1281726169 2.4290811720 28.8396021750 -1.4842962079 0.5303471350
1784244819.7866880894 0.6969020813 -1.2412212333 1.5448364695 0.1282578381 2.2632090217 28.7295675486 -1.5400483959 0.5929502479
1784244819.7948479652 0.7037684715 -1.2377188701 1.5446084089 0.1283430593 2.5383192838 28.9014152277 -1.5668440518 0.6747833098
1784244819.8029491901 0.7089913108 -1.2348952594 1.5442435121 0.1284282804 2.5034757813 28.6810942288 -1.5922944767 0.7328569619
1784244819.8108496666 0.7142871969 -1.2318815980 1.5439242273 0.1285135016 2.1937335120 28.5254389269 -1.6028127233 0.8078211337
1784244819.8188657761 0.7193639428 -1.2290579874 1.5435593305 0.1285987227 2.3441328600 28.6058255250 -1.6056689845 0.8503945253
1784244819.8268513680 0.7243311187 -1.2262886769 1.5431032094 0.1287691650 2.5145567371 28.5347893479 -1.6189881727 0.9144549928
1784244819.8348736763 0.7291522012 -1.2234107661 1.5427383125 0.1288543862 1.9990492984 28.2048220847 -1.6112408781 0.9387510048
1784244819.8428590298 0.7340828537 -1.2204785550 1.5420997430 0.1290248285 2.3260172922 28.3241994120 -1.5717038778 0.9650681255
1784244819.8509929180 0.7387578428 -1.2176549444 1.5415523977 0.1293657131 1.7882558521 27.9676506477 -1.5636575826 0.9600324986
1784244819.8608484268 0.7442728689 -1.2141525811 1.5406857677 0.1298770400 2.4550203898 28.2750578017 -1.4960076680 0.9562388508
1784244819.8688998222 0.7490939514 -1.2112203701 1.5399559740 0.1302179247 2.6062023477 28.1756106519 -1.5218929892 1.0065983260
1784244819.8770265579 0.7534037070 -1.2083424592 1.5393174045 0.1304735881 2.6091287605 28.1993953515 -1.5524851928 1.0164863352
1784244819.8849596977 0.7586265463 -1.2049486964 1.5384507744 0.1309849151 2.7897037982 28.1302461962 -1.5912026718 1.0785705655
1784244819.8928740025 0.7619136480 -1.2026409377 1.5379490412 0.1312405785 2.5807665011 27.9925638049 -1.6210342493 1.1453539788
1784244819.9009907246 0.7660773101 -1.1998173270 1.5372192475 0.1315814631 2.0477995483 27.6850886148 -1.6215452683 1.1485356959
1784244819.9108576775 0.7701679256 -1.1970208665 1.5364438417 0.1320927901 1.9821509858 27.5895011562 -1.6422456383 1.1355467822
1784244819.9189136028 0.7751351015 -1.1935185033 1.5352123148 0.1326893382 2.1814627214 27.8470817296 -1.5874516254 1.2141384601
1784244819.9269452095 0.7792257169 -1.1907220427 1.5342544605 0.1330302228 2.2662647334 27.8859644595 -1.5715680053 1.2395295836
1784244819.9368636608 0.7829510988 -1.1879798824 1.5332966063 0.1336267709 2.3072293667 27.6541755442 -1.5663489825 1.2996449740
1784244819.9448628426 0.7875895645 -1.1845046693 1.5320194673 0.1341380978 2.3601775750 27.7476117918 -1.5391296761 1.3720534646
1784244819.9528157711 0.7912053764 -1.1817896590 1.5307423283 0.1345642036 2.4680361773 27.8602148873 -1.5392642303 1.4116766685
1784244819.9609141350 0.7947481415 -1.1791289490 1.5296476377 0.1351607516 2.4098358649 27.7326301952 -1.5273042893 1.4133806485
1784244819.9689044952 0.7982543833 -1.1763867886 1.5283248866 0.1357572997 2.2406443250 27.5987705325 -1.5246242594 1.4212165965
1784244819.9788775444 0.8017241018 -1.1736717784 1.5271389718 0.1363538478 2.3017013351 27.6765328397 -1.5825014869 1.3715731025
1784244819.9868550301 0.8057416705 -1.1704409162 1.5257249964 0.1373765017 2.2104228374 27.5193569921 -1.6177040968 1.3449564723
1784244819.9949028492 0.8090287722 -1.1677259060 1.5244478574 0.1382287132 2.0848460939 27.3796698241 -1.6483983498 1.3923577485
1784244820.0028750896 0.8122063038 -1.1650380458 1.5233075547 0.1388252613 2.0451357518 27.3542699036 -1.7304595256 1.4392829152
1784244820.0109448433 0.8152742654 -1.1624044859 1.5221672520 0.1395922517 2.1215295182 27.3699684103 -1.8457664802 1.4659479034
1784244820.0190026760 0.8181596102 -1.1598252262 1.5212093978 0.1403592421 1.7529136093 27.0127554905 -1.8542816593 1.4697509033
1784244820.0288722515 0.8217023754 -1.1565672139 1.5197498103 0.1411262325 2.0756832162 27.1058336636 -1.9523886874 1.5959706163
1784244820.0369021893 0.8243685801 -1.1539336539 1.5185182834 0.1418932229 2.2966234467 27.2325366123 -1.9678756245 1.5892514478
1784244820.0449113846 0.8270347848 -1.1514901447 1.5172411444 0.1427454344 2.1176253807 27.0043383782 -1.9617287910 1.5752436992
1784244820.0528726578 0.8296644661 -1.1488022846 1.5157359449 0.1436828671 2.1588151760 26.8592561806 -1.9522032695 1.5716878133
1784244820.0609946251 0.8320750074 -1.1462773250 1.5144131938 0.1446202998 2.1396574597 26.9429762104 -1.9477765244 1.5287533458
1784244820.0707943439 0.8349238288 -1.1433451140 1.5125887095 0.1460690595 2.2260545738 27.0184968234 -1.9818993676 1.4775847012
1784244820.0788550377 0.8373343701 -1.1408201544 1.5111747341 0.1471769345 2.1115596361 26.8439764963 -2.0360983838 1.4410146125
1784244820.0869073868 0.8395988179 -1.1382680448 1.5097151467 0.1485404730 2.0630633118 26.8646204653 -2.0661607813 1.3845109713
1784244820.0949058533 0.8417536957 -1.1358788358 1.5080731108 0.1499040114 1.9825667943 26.8510457137 -2.0717307693 1.4255592428
1784244820.1029958725 0.8437990034 -1.1335167769 1.5064766871 0.1509266653 1.9270326100 26.6153952688 -2.0186885874 1.5176564074
1784244820.1109917164 0.8457712644 -1.1310461176 1.5046065906 0.1518640980 1.7267008833 26.2690759424 -1.9712053332 1.5192227961
1784244820.1208534241 0.8478165721 -1.1282768071 1.5023259853 0.1530571942 2.1749216628 26.7268661606 -1.9013122462 1.7096801918
1784244820.1289482117 0.8496062164 -1.1259690484 1.5001822162 0.1539946269 2.0375465438 26.5441101992 -1.8316220216 1.7938208527
1784244820.1369259357 0.8512862906 -1.1236069895 1.4979472229 0.1550172807 2.0409796905 26.4859696403 -1.7519181192 1.7688770982
1784244820.1448214054 0.8527472247 -1.1214078312 1.4956210055 0.1562955981 2.0167144554 26.5274013864 -1.6994879493 1.6679299868
1784244820.1528592110 0.8542081587 -1.1192901232 1.4933404001 0.1577443577 1.8460697026 26.4549106261 -1.6732893913 1.6447916542
1784244820.1608724594 0.8556690928 -1.1171181150 1.4909685705 0.1590226750 1.8621247083 26.4251309514 -1.6847210757 1.6061705951
1784244820.1689043045 0.8569474101 -1.1149461068 1.4885055167 0.1605566558 1.9673140233 26.5262953250 -1.7310358956 1.5743027540
1784244820.1770009995 0.8581526808 -1.1129369992 1.4861336871 0.1620054154 1.8303015510 26.3705546190 -1.7333452916 1.5865402420
1784244820.1868271828 0.8595770915 -1.1103848896 1.4830320638 0.1636246174 1.9306053270 26.3551413932 -1.7374856189 1.6384029719
1784244820.1949105263 0.8605632220 -1.1083486319 1.4804321737 0.1650733770 1.9860289801 26.3118160194 -1.7664133269 1.6365722462
1784244820.2028827667 0.8614032591 -1.1063938246 1.4778778956 0.1666073578 1.8745329954 26.2951177817 -1.7829481955 1.6327914887
1784244820.2108592987 0.8622798196 -1.1044933174 1.4751411692 0.1681413386 1.8014659658 26.1888450664 -1.7437698885 1.6573606312
1784244820.2188549042 0.8630102866 -1.1025928102 1.4723132185 0.1695048771 1.8371694034 26.1980986564 -1.7202329276 1.6663524541
1784244820.2268533707 0.8635946602 -1.1008009034 1.4694852679 0.1710388578 1.8205863541 26.1807728821 -1.6927586845 1.7066868629
1784244820.2347896099 0.8641425105 -1.0989818466 1.4664292567 0.1724876175 1.7998831831 26.0822380505 -1.6699021464 1.7622075114
1784244820.2428569794 0.8646173141 -1.0971899398 1.4634188576 0.1739363771 1.7807932951 26.0585626944 -1.7100369478 1.7800403282
1784244820.2508521080 0.8649825476 -1.0954523333 1.4604996827 0.1753851367 1.7128399644 26.0062711338 -1.7838427783 1.7701336814
1784244820.2588601112 0.8652747344 -1.0937418768 1.4576261199 0.1770043387 1.5908664928 25.9078720443 -1.8663935884 1.7553617219
1784244820.2668247223 0.8655669212 -1.0920314204 1.4547525571 0.1787087618 1.5130087459 25.8979426029 -1.9688717159 1.6858113799
1784244820.2748548985 0.8657495380 -1.0904295643 1.4519702186 0.1805836272 1.3941730958 25.8068029170 -2.0850763838 1.6444648273
1784244820.2828176022 0.8658956314 -1.0887734081 1.4491878800 0.1824584926 1.2780970475 25.7109570439 -2.1779043285 1.6109240591
1784244820.2908709049 0.8659686781 -1.0871715520 1.4464055415 0.1842481369 1.2312006053 25.5126872834 -2.1562386332 1.5788378309
1784244820.2988560200 0.8659321548 -1.0855696960 1.4435319787 0.1861230023 1.0848184999 25.5427891142 -2.3226189027 1.5549322258
1784244820.3068196774 0.8659321548 -1.0839949900 1.4407040280 0.1880830888 0.9028361638 25.4059732995 -2.4281937170 1.5417964308
1784244820.3148546219 0.8658956314 -1.0824474342 1.4380129137 0.1899579542 0.8062110679 25.1958484439 -2.4253097004 1.5087473357
1784244820.3229112625 0.8658591081 -1.0808455782 1.4353217993 0.1920032620 0.4768909164 25.1597007305 -2.6630201435 1.4398269887
1784244820.3309204578 0.8657860614 -1.0793523225 1.4326306850 0.1942190120 0.2242900781 25.0454381390 -2.7517746981 1.3655839692
1784244820.3406987190 0.8657495380 -1.0778590669 1.4299395706 0.1963495408 -0.0660303824 24.8397220855 -2.8018784433 1.2960674667
1784244820.3488469124 0.8656764913 -1.0759585597 1.4264730505 0.1992470601 -0.2644578685 24.7367249797 -2.8457233835 1.2720339041
1784244820.3569231033 0.8656034446 -1.0744110039 1.4234170393 0.2015480313 -0.5271815967 24.7197652572 -2.8551702661 1.3013180677
1784244820.3649082184 0.8654938745 -1.0730263487 1.4203610281 0.2035933390 -0.8156825184 24.5312032841 -2.8742392554 1.3460025692
1784244820.3728256226 0.8654208278 -1.0715059429 1.4172594048 0.2057238679 -0.9638911304 24.3234844945 -2.8477595703 1.3385588548
1784244820.3809053898 0.8653112578 -1.0700941376 1.4141577814 0.2077691756 -1.1170974998 24.2416954799 -2.8320847109 1.3666178392
1784244820.3888754845 0.8651651644 -1.0686823323 1.4108737097 0.2098144833 -1.4607827254 24.1810832935 -2.8333166011 1.4818133556
1784244820.3968684673 0.8650190710 -1.0672705269 1.4074984137 0.2118597910 -1.5387337549 23.9736605819 -2.7686290362 1.4517233833
1784244820.4049072266 0.8648364542 -1.0658587216 1.4040318936 0.2139050988 -1.9776860851 23.9145174159 -2.8270323468 1.5199739627
1784244820.4128661156 0.8646903608 -1.0645283666 1.4007934339 0.2160356276 -2.1948480868 23.8704003189 -2.8988139698 1.5390228219
1784244820.4208748341 0.8645077440 -1.0632523118 1.3975549743 0.2179957142 -2.4005310859 23.6427225659 -2.9770915981 1.5243797392
1784244820.4289898872 0.8643251273 -1.0618676565 1.3942252905 0.2202114642 -2.5976000394 23.6141448062 -3.0199559008 1.5135609959
1784244820.4388186932 0.8641059872 -1.0606459019 1.3908043824 0.2223419931 -2.6756348309 23.4587277130 -2.9827373223 1.4776407098
1784244820.4469034672 0.8638138003 -1.0590983461 1.3865624564 0.2249838489 -2.8778906728 23.4180641480 -3.0285455674 1.4900958139
1784244820.4548153877 0.8635581369 -1.0579308917 1.3830503241 0.2270291566 -3.1864982247 23.4119532443 -3.1549807534 1.5838764699
1784244820.4628190994 0.8631929034 -1.0567362872 1.3794925797 0.2289892432 -3.3500784447 23.3204654991 -3.1988233419 1.6236133794
1784244820.4709076881 0.8628276698 -1.0556231330 1.3759804474 0.2309493297 -3.5529429024 23.2990404072 -3.2284870479 1.6754202859
1784244820.4807207584 0.8624259130 -1.0545914291 1.3722402546 0.2329094163 -3.7095462673 23.2365158117 -3.1885876085 1.7227229123
1784244820.4887056351 0.8618780627 -1.0532610741 1.3673597591 0.2353808298 -3.8357691688 23.1893085775 -3.1769247289 1.7384449420
1784244820.4968459606 0.8613667357 -1.0522836704 1.3634371179 0.2373409163 -3.9316618870 23.0795508097 -3.1354497345 1.7386504800
1784244820.5048573017 0.8609284555 -1.0513062667 1.3593320282 0.2394714452 -4.1936848299 22.9641649017 -3.1358304078 1.7315355747
1784244820.5129637718 0.8604171286 -1.0504646135 1.3552725506 0.2417724164 -4.5091336574 23.0037326622 -3.1892430893 1.6411514963
1784244820.5227491856 0.8597231849 -1.0494329096 1.3502552188 0.2444994934 -4.7414351085 22.9240799934 -3.2395592431 1.6075078883
1784244820.5309138298 0.8591753346 -1.0485369563 1.3461045170 0.2468004645 -4.8693015726 22.9330641638 -3.3192746553 1.5997532370
1784244820.5388667583 0.8584448676 -1.0478039035 1.3420450395 0.2490162146 -4.9443483987 22.8737130026 -3.3914758326 1.6195361615
1784244820.5468530655 0.8577144005 -1.0470437006 1.3379399498 0.2511467434 -4.8940868200 22.7365942895 -3.3544885584 1.6090244459
1784244820.5549893379 0.8569108868 -1.0462834977 1.3340173085 0.2530216088 -4.9488524729 22.5863809129 -3.4477361561 1.6895134971
1784244820.5629978180 0.8557056162 -1.0453603943 1.3292736494 0.2552373589 -4.9253142816 22.4714679648 -3.7059369272 1.8943659610
1784244820.5727005005 0.8548655791 -1.0448445423 1.3260351897 0.2566008974 -4.8896466967 22.3404772269 -3.6515878441 1.8815389715
1784244820.5790057182 0.8535872618 -1.0441929399 1.3212003063 0.2587314262 -5.2251313055 22.4207725814 -3.7862142431 2.0017789019
1784244820.5888221264 0.8527472247 -1.0437313881 1.3178706225 0.2601801859 -5.3393395407 22.3816016821 -3.7900704769 1.9622016027
1784244820.5970163345 0.8512862906 -1.0431069358 1.3126252301 0.2625663782 -5.3811714312 22.4142809332 -3.7228737065 1.8944188785
1784244820.6067061424 0.8498253565 -1.0426182339 1.3070605530 0.2652082340 -5.6192834947 22.3753285284 -3.7063768746 1.8633264936
1784244820.6147689819 0.8485470392 -1.0422924327 1.3024081180 0.2672535417 -5.7055360541 22.3791692842 -3.7083530195 1.8341117935
1784244820.6228628159 0.8471226284 -1.0419394814 1.2977100710 0.2693840706 -5.6874999140 22.3405988517 -3.6959868513 1.8080551918
1784244820.6307551861 0.8456251710 -1.0416951304 1.2928295754 0.2715145995 -5.7423036365 22.3270734452 -3.6695422202 1.8873860793
1784244820.6388733387 0.8440911902 -1.0415322298 1.2880859163 0.2731338014 -5.7199600121 22.3799522164 -3.7022855282 2.0062186878
1784244820.6468715668 0.8423745927 -1.0414236294 1.2832510329 0.2747530033 -5.5156508146 22.2554294449 -3.7211683404 2.0941297440
1784244820.6549129486 0.8404753784 -1.0412607288 1.2784161495 0.2764574264 -5.3595792254 22.1811189802 -3.6589950922 2.1004510575
1784244820.6628530025 0.8387222575 -1.0411792785 1.2734444298 0.2779914072 -5.6389180080 22.1515118163 -3.6985741570 2.2382267404
1784244820.6707725525 0.8367499964 -1.0411249783 1.2684270979 0.2796958303 -5.7584209736 22.1494896365 -3.6858837267 2.1848040044
1784244820.6788592339 0.8348507821 -1.0411521284 1.2634553782 0.2815706957 -5.9359412726 22.1569395210 -3.7177880758 2.1331546060
1784244820.6868638992 0.8328419978 -1.0412878789 1.2583924343 0.2834455611 -6.0600451322 22.1806619026 -3.7801812447 2.0798072060
1784244820.6948673725 0.8308332134 -1.0414779296 1.2534207146 0.2853204265 -5.9995590073 22.0242899178 -3.8286181761 2.0407832176
1784244820.7029063702 0.8285687656 -1.0415322298 1.2483121585 0.2872805131 -6.0169932511 22.0412059577 -3.8776788591 2.0261368508
1784244820.7109458447 0.8263043177 -1.0418037308 1.2432036025 0.2890701574 -5.9320783230 21.9434091626 -3.8905589340 2.1114249172
1784244820.7189095020 0.8238937765 -1.0419937816 1.2380494343 0.2906041381 -5.8845760719 21.8711618195 -3.9097641297 2.1895008817
1784244820.7269275188 0.8214101886 -1.0422924327 1.2328952662 0.2921381189 -5.7557406620 21.9482731533 -3.9143075826 2.2741846118
1784244820.7369124889 0.8187439839 -1.0426725341 1.2275130375 0.2935868786 -5.6993569473 21.8532172434 -3.9781157636 2.3589433290
1784244820.7467157841 0.8154203588 -1.0431069358 1.2210361182 0.2953765228 -5.5647350106 21.8137628250 -4.0071781456 2.3910202266
1784244820.7549569607 0.8119141170 -1.0435956376 1.2144679747 0.2972513882 -5.7752674353 21.7886963481 -4.0713769854 2.3760656602
1784244820.7649209499 0.8088826788 -1.0441657898 1.2088576855 0.2989558113 -5.8641071481 21.7718612094 -4.0304942175 2.2754913247
1784244820.7729585171 0.8052668669 -1.0448445423 1.2019702573 0.3011715614 -5.7865039968 21.8864050889 -3.9417080972 2.2002323951
1784244820.7810115814 0.8021258587 -1.0454961448 1.1959494591 0.3030464268 -5.8679273408 21.8687417471 -3.8149755275 2.1621427812
1784244820.7908349037 0.7983639534 -1.0462563476 1.1887427461 0.3050917345 -5.9390204527 21.7309196773 -3.8055020047 2.2204142746
1784244820.7989192009 0.7950403283 -1.0469622503 1.1826307237 0.3066257153 -5.8100359990 21.7748993448 -3.7949972568 2.2947763461
1784244820.8069584370 0.7916071333 -1.0477767534 1.1765187013 0.3080744749 -5.6651210315 21.6282699610 -3.7898201143 2.3640938401
1784244820.8149099350 0.7880643681 -1.0484826560 1.1704979031 0.3095232345 -5.7242685681 21.4850445131 -3.8365970533 2.4417976293
1784244820.8229155540 0.7845946497 -1.0492700090 1.1646139412 0.3107163307 -5.8236996244 21.5891291497 -3.8761857551 2.4992107438
1784244820.8309984207 0.7809788378 -1.0502202626 1.1585475309 0.3120798692 -5.5793267580 21.6544026899 -3.9330992014 2.4960957510
1784244820.8407647610 0.7762673254 -1.0513334168 1.1512039816 0.3138695134 -5.7797687677 21.5727827724 -4.0403570569 2.5366461273
1784244820.8489198685 0.7725054201 -1.0522836704 1.1451375713 0.3151478308 -5.9641720563 21.6400354997 -4.1112421485 2.5454740732
1784244820.8570592403 0.7685608981 -1.0533968246 1.1389799368 0.3166818115 -5.7489826820 21.5859453316 -4.0630474772 2.4680048337
1784244820.8669264317 0.7643607126 -1.0544285285 1.1324117933 0.3183010135 -5.9641170261 21.6770877196 -3.9793616388 2.4106650199
1784244820.8767364025 0.7595396301 -1.0559217841 1.1245208987 0.3200906577 -6.0172312741 21.7661784486 -3.8677219458 2.4577178535
1784244820.8849227428 0.7545359309 -1.0574421899 1.1162194951 0.3217950808 -5.9370360215 21.7588128516 -3.8330433292 2.4421185083
1784244820.8929157257 0.7501531286 -1.0587996950 1.1093776790 0.3233290616 -5.8118060203 21.8540171066 -3.7906922694 2.5205933495
1784244820.9008574486 0.7457338030 -1.0602386504 1.1024902508 0.3243517155 -5.6884281212 21.7636683409 -3.7910949105 2.6188824744
1784244820.9109883308 0.7412779541 -1.0615418553 1.0958308831 0.3254595905 -5.5145891362 21.7229241524 -3.8210385855 2.6705541301
1784244820.9207165241 0.7344115639 -1.0636867134 1.0858418315 0.3272492347 -5.5573558388 21.8003905103 -3.9083900671 2.6891819107
1784244820.9286696911 0.7296635281 -1.0652342693 1.0791368517 0.3285275521 -5.9457689567 21.7266499323 -4.0229825793 2.7028348355
1784244820.9350116253 0.7249885390 -1.0668089752 1.0722038114 0.3297206482 -5.8456278079 21.7552683878 -4.0350461932 2.6598081590
1784244820.9448027611 0.7202405033 -1.0684379813 1.0652707710 0.3311694079 -5.8751550752 21.9073599646 -4.0291566023 2.6532605724
1784244820.9528660774 0.7152002807 -1.0702570382 1.0580184460 0.3322772829 -5.7135573755 21.8442113516 -3.9689166523 2.6850129756
1784244820.9608755112 0.7100504880 -1.0719403446 1.0507205087 0.3333851579 -5.5675257054 21.9039685820 -3.8489393409 2.7566660039
1784244820.9688689709 0.7048641720 -1.0737594014 1.0431945110 0.3344078118 -5.3798641908 21.9069320562 -3.7806988213 2.8047118967
1784244820.9767882824 0.6996778560 -1.0755513082 1.0358053496 0.3354304656 -5.4825540184 21.9869960576 -3.6987688803 2.8068038604
1784244820.9848060608 0.6944184933 -1.0773703650 1.0282793519 0.3365383406 -5.5464736861 21.9100744785 -3.6722713890 2.7956038876
1784244820.9926760197 0.6889765139 -1.0791894219 1.0208445783 0.3377314368 -5.5201224336 21.9307774158 -3.6342206091 2.7670615167
1784244821.0008759499 0.6836806278 -1.0811170792 1.0134098048 0.3389245330 -5.7230590396 21.8161829055 -3.7567868958 2.7590615665
1784244821.0088794231 0.6782021250 -1.0831804870 1.0057469707 0.3400324080 -5.8184127962 21.9189381422 -3.7713150444 2.7721322936
1784244821.0168714523 0.6727601455 -1.0852167446 0.9981297488 0.3410550618 -5.7390020363 21.8433566441 -3.8102154288 2.8198341651
1784244821.0248634815 0.6672451194 -1.0871715520 0.9907405874 0.3419924945 -5.5589425057 21.8639556854 -3.8348568961 2.8988070179
1784244821.0329213142 0.6614013830 -1.0892078097 0.9831233654 0.3427594849 -5.5448165450 21.9552593093 -3.8323533763 2.9472672086
1784244821.0408670902 0.6556672168 -1.0913798179 0.9754605313 0.3436969176 -5.3907760178 21.8825562869 -3.8453943682 2.9560874477
1784244821.0488660336 0.6497504337 -1.0934703758 0.9678433094 0.3446343503 -5.6143119700 21.9756285263 -3.8404192585 2.9610223960
1784244821.0568661690 0.6440893142 -1.0956695341 0.9602260874 0.3454865619 -5.8504950602 22.0895415990 -3.8564924114 2.9513281373
1784244821.0648736954 0.6382821012 -1.0980044429 0.9525632534 0.3464239946 -5.7927596190 22.1449554393 -3.8748492858 2.9322037440
1784244821.0729243755 0.6323653181 -1.1003665018 0.9446723588 0.3473614273 -5.7053903529 22.2775536377 -3.8636336126 2.9663135578
1784244821.0809125900 0.6261563483 -1.1028371611 0.9367814642 0.3481284177 -5.6994972174 22.2636295857 -3.8912562585 3.0653855676
1784244821.0909202099 0.6200569485 -1.1052263701 0.9291186301 0.3486397446 -5.3752096400 22.1854027723 -3.9235054049 3.1627633749
1784244821.0989234447 0.6122044278 -1.1081042810 0.9196313117 0.3494067350 -5.6640190646 22.2711262621 -3.9386036236 3.2326989937
1784244821.1069328785 0.6062145980 -1.1106563906 0.9116948050 0.3499180619 -5.8519102850 22.3354382676 -3.9458440893 3.2977250172
1784244821.1148645878 0.6000056282 -1.1131542001 0.9038495225 0.3504293889 -5.6292148542 22.3096295180 -3.9118043887 3.2820695528
1784244821.1228675842 0.5933949014 -1.1156520095 0.8958217916 0.3511111581 -5.5147494097 22.4533738967 -3.8487599279 3.2584319876
1784244821.1308739185 0.5869302681 -1.1183941698 0.8875660002 0.3517929274 -5.5196977099 22.5277283211 -3.8000184873 3.2542479926
1784244821.1388726234 0.5804656348 -1.1210277298 0.8793102087 0.3523894754 -4.9824659843 22.8035553990 -3.6572629404 3.2505316073
1784244821.1468720436 0.5737818614 -1.1236612897 0.8710544172 0.3531564658 -5.5715994564 22.6476432165 -3.7187247528 3.1668061564
1784244821.1549422741 0.5672076580 -1.1265392006 0.8626617895 0.3540086774 -5.6938761431 22.6760030029 -3.6904450200 3.1420079631
1784244821.1629850864 0.5604873612 -1.1293085110 0.8542691617 0.3546904466 -5.3893667435 22.8045996619 -3.6926374844 3.1548809938
1784244821.1727149487 0.5534748776 -1.1322407221 0.8459677581 0.3553722159 -4.9169016173 22.9900853376 -3.6726605614 3.2070217868
1784244821.1807882786 0.5448918899 -1.1357159352 0.8360243187 0.3558835428 -5.1557334234 22.7862121044 -3.8443241825 3.3033880139
1784244821.1888852119 0.5378428829 -1.1387295966 0.8276773030 0.3563096486 -5.5619900534 22.9486180466 -3.9092385379 3.3724565322
1784244821.1969304085 0.5310130161 -1.1417975581 0.8194215115 0.3566505332 -5.6484311764 22.9566568513 -3.9379942110 3.4336871953
1784244821.2049241066 0.5241466259 -1.1447026191 0.8112569443 0.3569914178 -5.6413954281 23.0260208176 -3.9062484924 3.4526904165
1784244821.2128703594 0.5169515255 -1.1478248809 0.8027274802 0.3573323024 -5.4466052041 23.1706591643 -3.8870598311 3.5098274997
1784244821.2209284306 0.5098294719 -1.1509471427 0.7944716887 0.3575027447 -5.3944534236 23.0630500564 -3.8768576659 3.5538929491
1784244821.2290179729 0.5025978481 -1.1539336539 0.7860790609 0.3577584082 -5.5455251162 23.1638447173 -3.8089357633 3.5583642429
1784244821.2388761044 0.4940148604 -1.1577618184 0.7756338883 0.3581845140 -6.0948623175 23.0568428087 -3.9526514106 3.5381889495
1784244821.2468907833 0.4868928067 -1.1609655305 0.7673324847 0.3585253986 -5.8677126887 23.1094561006 -4.0218349445 3.5292016141
1784244821.2549340725 0.4794785663 -1.1641149423 0.7590310812 0.3588662832 -5.8508323148 23.1841006387 -3.9604660440 3.5417063632
1784244821.2630124092 0.4722104192 -1.1673458045 0.7502279444 0.3591219467 -5.5933639154 23.4130320722 -3.8057804471 3.5950552063
1784244821.2728393078 0.4647961787 -1.1706852671 0.7414248077 0.3592071678 -5.9140563781 23.4401009236 -3.7236538071 3.6432599440
1784244821.2808768749 0.4558844808 -1.1747034823 0.7306603503 0.3593776101 -6.1351462450 23.2876073170 -3.7343543363 3.6872860369
1784244821.2888882160 0.4485798104 -1.1779071944 0.7219940499 0.3594628313 -5.9629036459 23.4134773440 -3.7637742213 3.7469340721
1784244821.2968807220 0.4409099065 -1.1812466570 0.7134645858 0.3593776101 -5.9692766079 23.5574448810 -3.8204554926 3.8041147672
1784244821.3049316406 0.4333860959 -1.1847761703 0.7047982853 0.3593776101 -5.8101051441 23.5924863174 -3.8471905635 3.8049945475
1784244821.3129277229 0.4256431453 -1.1880613327 0.6962688212 0.3594628313 -5.6843539377 23.7060592918 -3.8394650593 3.8192669554
1784244821.3208312988 0.4180828114 -1.1915636959 0.6875569087 0.3594628313 -5.6357146638 23.9788447583 -3.8244920562 3.8555160230
1784244821.3289875984 0.4104494308 -1.1950660591 0.6791186688 0.3593776101 -5.5266297028 23.8902233228 -3.8452969403 3.8144084001
1784244821.3369743824 0.4007342192 -1.1991657246 0.6688559446 0.3595480524 -5.7065401934 23.7909580916 -3.9664404940 3.7940496096
1784244821.3449761868 0.3929547452 -1.2027495381 0.6602808684 0.3596332736 -5.9815434928 23.8600538611 -4.0795374071 3.8067558451
1784244821.3546657562 0.3850657011 -1.2062519013 0.6516601801 0.3595480524 -5.5535066087 24.0330219292 -4.0391142983 3.8261128282
1784244821.3627922535 0.3770305637 -1.2099714654 0.6425833707 0.3595480524 -5.6340748164 24.2120308089 -3.9270851322 3.8378842581
1784244821.3708350658 0.3689223795 -1.2136095791 0.6330960523 0.3594628313 -6.1045997157 24.0910513005 -3.6546538988 3.8829446346
1784244821.3788366318 0.3609602887 -1.2172205427 0.6236543461 0.3593776101 -5.8461637280 24.3185057833 -3.4468480071 3.8831024892
1784244821.3868732452 0.3527425345 -1.2209401067 0.6142126398 0.3593776101 -5.8217629298 24.4934818421 -3.3476834658 3.8541149616
1784244821.3948338032 0.3447804438 -1.2247954213 0.6048165457 0.3594628313 -5.9619658019 24.6185805212 -3.3147225589 3.8363693158
1784244821.4028754234 0.3368913997 -1.2285421354 0.5956941242 0.3593776101 -5.9180579556 24.7555374371 -3.4115804685 3.8444621194
1784244821.4108715057 0.3285640754 -1.2323974500 0.5869365995 0.3592923890 -5.7804556070 24.7891037008 -3.6087511596 3.8500419229
1784244821.4188792706 0.3203828446 -1.2362799146 0.5784071354 0.3592923890 -6.0904918008 24.5708786432 -3.8890567055 3.8614306826
1784244821.4268033504 0.3124938005 -1.2399451785 0.5701513440 0.3591219467 -6.4989188087 24.5683697326 -4.0751646138 3.8963725625
1784244821.4347279072 0.3045682331 -1.2436647425 0.5618955525 0.3589515044 -6.2396903608 24.5345845929 -4.1481747620 3.8830525131
1784244821.4426586628 0.2961313388 -1.2473571564 0.5533204763 0.3589515044 -5.9825745782 24.7272507465 -4.0630570224 3.8734247259
1784244821.4490101337 0.2878405378 -1.2512124710 0.5442892790 0.3588662832 -6.0189663530 24.7271253612 -3.9287574180 3.8809750142
1784244821.4569773674 0.2795132136 -1.2550677855 0.5348019606 0.3587810621 -6.1641991835 24.5379395112 -3.7288190518 3.8556622656
1784244821.4666810036 0.2729755335 -1.2579185463 0.5271847387 0.3587810621 -5.5773598156 24.9653837941 -3.3312475728 3.8240386655
1784244821.4746968746 0.2623472381 -1.2625612138 0.5155536513 0.3587810621 -5.5695525204 24.9422139619 -3.1984191178 3.8290392873
1784244821.4826772213 0.2538007737 -1.2665251287 0.5057014360 0.3586958409 -5.6610699147 24.8740581847 -3.1306612104 3.8151726828
1784244821.4907147884 0.2452177859 -1.2702718429 0.4962141177 0.3586958409 -5.6467914765 24.8216676922 -3.1364808140 3.8261700440
1784244821.4970195293 0.2363791347 -1.2740457071 0.4868636356 0.3585253986 -5.8563880667 25.0468057541 -3.2397796503 3.8787591453
1784244821.5050108433 0.2278691937 -1.2781182225 0.4775587657 0.3582697351 -5.8139227779 24.9520886012 -3.3769219036 3.8931537374
1784244821.5149271488 0.2192862060 -1.2818106364 0.4686187926 0.3581845140 -6.2945031778 24.8662509747 -3.4790403832 3.8600377729
1784244821.5228786469 0.2104110314 -1.2856116508 0.4593139227 0.3580992928 -5.7792571046 25.1277211657 -3.3841948610 3.9171576858
1784244821.5308797359 0.2015723802 -1.2894669653 0.4499178285 0.3576731870 -5.8679635205 25.1260949118 -3.2658215337 3.9552748091
1784244821.5389621258 0.1930624392 -1.2932679796 0.4403392860 0.3574175236 -5.7064726128 25.1700029694 -3.0442054940 3.9449329454
1784244821.5470154285 0.1842237880 -1.2970418439 0.4305326828 0.3572470813 -4.5280620750 25.7001823118 -2.8027287205 3.9409757570
1784244821.5566928387 0.1736320158 -1.3016573613 0.4188559833 0.3569914178 -4.8560955216 25.6557394476 -2.6956874861 3.9440047568
1784244821.5630190372 0.1647203179 -1.3056212763 0.4091862165 0.3568209755 -5.9186738544 25.3323130487 -2.8994432101 3.8901271597
1784244821.5710237026 0.1560642835 -1.3093679904 0.3999725708 0.3569061966 -6.0679464684 25.4289658173 -3.0062170986 3.8563602667
1784244821.5807178020 0.1474812957 -1.3132233049 0.3907589251 0.3567357543 -6.1328067626 25.6308781031 -3.0945867471 3.8772845585
1784244821.5888724327 0.1384600278 -1.3172686702 0.3813172188 0.3564800909 -5.8331773670 25.5001531453 -3.1517068771 3.8952706551
1784244821.5968761444 0.1293657131 -1.3209882342 0.3720579610 0.3562244274 -4.8833390945 25.8306279504 -3.0086046472 3.9126582382
1784244821.6048855782 0.1205270619 -1.3249792993 0.3623425821 0.3557131005 -5.4978234097 25.7207209734 -2.9431736358 4.0622423580
1784244821.6128911972 0.1113962239 -1.3287260134 0.3528552637 0.3551165524 -4.6308965936 26.0807051864 -2.7682898414 4.0930677612
1784244821.6209251881 0.1023749559 -1.3325813280 0.3431854970 0.3547756678 -4.1619781090 26.1775067808 -2.6297519026 4.1166325852
1784244821.6288936138 0.0932441179 -1.3362194417 0.3338806270 0.3544347832 -5.0312864285 25.8356462780 -2.7625856875 4.0960846106
1784244821.6369864941 0.0841863266 -1.3399933059 0.3248038176 0.3540086774 -5.3192148023 25.7787720515 -2.8596747827 4.0068032884
1784244821.6450250149 0.0754207221 -1.3437128700 0.3158182324 0.3540086774 -4.0696814593 26.2507083272 -2.7077594691 3.9758509273
1784244821.6547231674 0.0644637164 -1.3481926369 0.3052818356 0.3538382351 -5.4577814348 25.8716453017 -3.1136046971 3.9184068312
1784244821.6610212326 0.0555885419 -1.3519936512 0.2964330867 0.3534973505 -5.8331727106 25.7494899749 -3.2744981311 3.9113188591
1784244821.6690740585 0.0467133673 -1.3555231645 0.2877667863 0.3531564658 -6.1175074385 25.7073677908 -3.3210789018 3.9493468267
1784244821.6788713932 0.0395547903 -1.3584825257 0.2805144612 0.3528155812 -5.6618347163 25.8935295491 -3.1897279824 4.0499299014
1784244821.6868829727 0.0283786446 -1.3629351425 0.2694763312 0.3520485908 -5.7220663284 25.9302668409 -3.0719906004 4.0769135084
1784244821.6949284077 0.0195399934 -1.3665732562 0.2601714613 0.3517077062 -5.7893159414 25.8920009074 -2.9397190279 4.0891195210
1784244821.7029256821 0.0105552488 -1.3701027696 0.2509578156 0.3511111581 -5.8684699674 26.2518560873 -2.8124042449 4.1197736893
1784244821.7109622955 0.0017165975 -1.3739580841 0.2416529456 0.3505998312 -5.4125800091 26.1928415166 -2.7595560648 4.1328432729
1784244821.7188804150 -0.0075603339 -1.3773789970 0.2327129725 0.3500885043 -5.3642876186 26.1886013995 -2.7240039234 4.1349657119
1784244821.7270152569 -0.0164355084 -1.3807999099 0.2239554479 0.3495771773 -5.5036883909 26.3029360135 -2.8120338398 4.1955219623
1784244821.7368340492 -0.0272464207 -1.3853068269 0.2134646632 0.3487249658 -5.8461841790 26.1915322970 -3.1086856119 4.1884270855
1784244821.7450215816 -0.0365963988 -1.3888091901 0.2050264233 0.3482988600 -5.6174088779 26.3169977967 -3.2196990944 4.0969213928
1784244821.7547771931 -0.0479551613 -1.3931803566 0.1946724749 0.3479579754 -5.7992196341 26.3962457672 -3.2871918248 4.0422302060
1784244821.7628879547 -0.0572686161 -1.3967098699 0.1860061745 0.3475318696 -5.5850696071 26.6136015680 -3.1294445547 3.9966399017
1784244821.7708771229 -0.0666185942 -1.4004837342 0.1766556924 0.3471909850 -4.5141054389 27.0956436494 -2.9054098792 3.9943943696
1784244821.7790322304 -0.0756763855 -1.4039589473 0.1674420467 0.3467648792 -4.4748257111 27.2714309292 -2.5970849344 3.9942467363
1784244821.7888798714 -0.0868525313 -1.4083572639 0.1558565714 0.3459126677 -4.8046382698 27.3549195545 -2.3133243828 4.0928087516
1784244821.7968375683 -0.0962755561 -1.4119139273 0.1465060893 0.3450604561 -5.5967449584 26.7655302782 -2.3806134011 4.2352648973
1784244821.8048729897 -0.1051872540 -1.4152262398 0.1377485647 0.3442934657 -5.7557647105 26.8462673871 -2.4940611106 4.3194382681
1784244821.8129346371 -0.1143911388 -1.4186743028 0.1293103248 0.3433560330 -5.6997288678 26.9402809166 -2.6311844240 4.3703005919
1784244821.8209714890 -0.1234854534 -1.4221223658 0.1208720849 0.3425890426 -5.4484435052 27.0326249113 -2.7506581033 4.3390276582
1784244821.8306326866 -0.1327258615 -1.4255161286 0.1127075177 0.3419924945 -4.5015855249 27.3941960384 -2.6509294147 4.3506977631
1784244821.8370156288 -0.1433176336 -1.4294257434 0.1030377509 0.3409698407 -6.0369244296 26.8639710881 -2.9987920255 4.3510539024
1784244821.8467333317 -0.1524484716 -1.4326566056 0.0948731836 0.3402880714 -6.1207594730 26.8113904573 -3.0650223165 4.2729198677
1784244821.8549301624 -0.1615793097 -1.4359146179 0.0863893316 0.3396915234 -5.7902382775 27.0230600749 -2.9032425827 4.2142892021
1784244821.8646817207 -0.1729380722 -1.4398785328 0.0756248743 0.3390097541 -5.9387415331 26.9758825120 -2.6825428096 4.1634339363
1784244821.8709735870 -0.1822515269 -1.4431636952 0.0664568407 0.3384132060 -5.6442689993 26.9875700830 -2.5218188183 4.1472705208
1784244821.8808374405 -0.1895927207 -1.4456072044 0.0593413519 0.3379018791 -4.1207826487 27.4377607956 -2.2483282701 4.1454264070
1784244821.8888897896 -0.2011706233 -1.4494896691 0.0479839371 0.3371348887 -3.6427350105 27.5625914638 -1.8843593191 4.1668116216
1784244821.8969748020 -0.2104475548 -1.4526662311 0.0388159035 0.3362826772 -4.0359490447 27.7325553385 -1.7162840061 4.2395320454
1784244821.9068427086 -0.2197244862 -1.4555712920 0.0303776636 0.3353452445 -3.7811664070 27.6604194961 -1.7264318642 4.3192537213
1784244821.9109725952 -0.2310102020 -1.4591822557 0.0207535089 0.3341521483 -4.6913545499 27.3885045028 -2.1207632649 4.3939791787
1784244821.9207377434 -0.2356486677 -1.4608112618 0.0166484192 0.3336408214 -4.0971794973 27.7493158826 -2.1705894876 4.4627037868
1784244821.9289512634 -0.2464230566 -1.4642864749 0.0077996704 0.3322772829 -5.7378636767 27.1768947215 -2.8213997738 4.5334225177
1784244821.9370701313 -0.2577452957 -1.4676530876 -0.0014139753 0.3311694079 -5.8136911917 27.2304875910 -2.9246008070 4.5280368904
1784244821.9468116760 -0.2647943027 -1.4700151465 -0.0077540583 0.3304024175 -5.7044427527 27.4912066608 -2.6747540850 4.4880347402
1784244821.9549341202 -0.2758608784 -1.4735175098 -0.0179255583 0.3293797636 -5.6698223281 27.3661347749 -2.3843139997 4.3823526597
1784244821.9629502296 -0.2849186697 -1.4761510697 -0.0265462466 0.3287832155 -5.7617587465 27.5397906135 -2.1003878576 4.3127822928
1784244821.9709455967 -0.2937938442 -1.4790289805 -0.0353037712 0.3281014463 -5.6681388892 27.7085676372 -1.8288667974 4.2960092880
1784244821.9788517952 -0.3026324954 -1.4816896906 -0.0439700716 0.3273344559 -5.0404148725 27.9094479290 -1.6453431666 4.2809742692
1784244821.9868445396 -0.3118363802 -1.4844590010 -0.0525451479 0.3266526867 -5.1650492114 27.8163790832 -1.6406169741 4.2747909850
1784244821.9950239658 -0.3207480781 -1.4870382608 -0.0606184909 0.3258004751 -4.2573973213 28.1245008264 -1.5299001791 4.3024790721
1784244822.0030262470 -0.3316685604 -1.4901605225 -0.0697865245 0.3246073789 -5.4565497330 27.7290507207 -2.0633605455 4.4300037585
1784244822.0109403133 -0.3406167816 -1.4927397823 -0.0770388496 0.3234995039 -5.3106865864 27.6675031886 -2.3717148732 4.4930767626
1784244822.0188949108 -0.3478849287 -1.4945859892 -0.0825123025 0.3225620712 -5.2752081812 27.8676474873 -2.4925086447 4.6092645364
1784244822.0269010067 -0.3564679164 -1.4970294985 -0.0895365671 0.3211985328 -5.3507471555 27.7605308817 -2.5523023220 4.6725129170
1784244822.0349416733 -0.3654161377 -1.4993101071 -0.0966520558 0.3200906577 -5.4110708401 27.8259355547 -2.5026843395 4.6589443370
1784244822.0428998470 -0.3741817422 -1.5016721660 -0.1040868294 0.3190680039 -5.1558307536 27.9664979244 -2.3817760015 4.6236515338
1784244822.0509407520 -0.3832760569 -1.5040070748 -0.1115672150 0.3180453500 -5.1419757986 28.1109404026 -2.2447990365 4.5229923610
1784244822.0588457584 -0.3919686147 -1.5063691337 -0.1190932127 0.3174488019 -5.1888668351 28.0529082519 -2.1512744209 4.3270390831
1784244822.0668416023 -0.4005881258 -1.5085682920 -0.1264367620 0.3171931385 -5.2366233447 28.2144272929 -2.0946459149 4.1926514404
1784244822.0748424530 -0.4094267770 -1.5107946004 -0.1336434750 0.3165965904 -5.1121944196 28.3065811770 -2.1063307623 4.1724509986
1784244822.0828781128 -0.4181923815 -1.5129394585 -0.1406221275 0.3159148211 -4.6070793608 28.2685387653 -2.0592286551 4.1659885417
1784244822.0908651352 -0.4267753692 -1.5148942659 -0.1476463920 0.3152330519 -5.3251377164 28.0416103235 -2.1622633344 4.2888745988
1784244822.0988907814 -0.4351757402 -1.5168219231 -0.1545338203 0.3140399557 -5.5818576177 28.0420000168 -2.1834546556 4.4656740540
1784244822.1068878174 -0.4438317746 -1.5187224303 -0.1613756364 0.3127616384 -5.2998140697 27.7805406762 -2.1643067132 4.5768370621
1784244822.1149399281 -0.4523417157 -1.5202971363 -0.1681262283 0.3115685423 -5.1114664397 27.9160305382 -2.1742107668 4.6952126158
1784244822.1228911877 -0.4610707968 -1.5220890430 -0.1746943718 0.3102050038 -5.1977278162 28.0173655348 -2.1651174182 4.7352648937
1784244822.1308991909 -0.4695442145 -1.5238537997 -0.1813993516 0.3091823499 -4.7891464044 27.9548455459 -2.1607379820 4.6394254948
1784244822.1388814449 -0.4783098190 -1.5254556557 -0.1879218830 0.3084153595 -4.7385976780 28.3458843159 -2.1680120070 4.4978612683
1784244822.1468431950 -0.4868197600 -1.5272747126 -0.1942619659 0.3078188114 -4.7380310929 28.4713790682 -2.2145216487 4.3231565382
1784244822.1548964977 -0.4954027478 -1.5289851690 -0.2005108246 0.3074779268 -4.4640378091 28.4685853286 -2.2625202185 4.1657643172
1784244822.1628766060 -0.5042048756 -1.5306413253 -0.2067596834 0.3071370422 -4.7145540831 28.5640746916 -2.3279224547 4.1364677846
1784244822.1708452702 -0.5123861065 -1.5322160312 -0.2126892573 0.3065404941 -4.9859418333 28.4804749982 -2.3811095675 4.1642814276
1784244822.1788465977 -0.5208595242 -1.5336006865 -0.2185732192 0.3057735037 -5.0587787254 28.3926697532 -2.4181754367 4.2825062546
1784244822.1868908405 -0.5291138018 -1.5350124918 -0.2244115690 0.3047508499 -5.0223243364 28.3546608877 -2.4388213453 4.4649960705
1784244822.1948325634 -0.5374776494 -1.5362613965 -0.2302499187 0.3034725325 -5.0679803939 28.2095432930 -2.4586036421 4.5781064161
1784244822.2028920650 -0.5458780204 -1.5373745507 -0.2358602080 0.3023646575 -4.9270257632 28.1869824150 -2.4706049361 4.6548812466
1784244822.2108850479 -0.5542053447 -1.5385420051 -0.2415617214 0.3012567825 -4.1854188007 28.4309340939 -2.3648832745 4.6643865457
1784244822.2189393044 -0.5622770055 -1.5397637597 -0.2471720106 0.3005750133 -4.2332653247 28.5613753047 -2.3079105199 4.5885412535
1784244822.2270200253 -0.5704582363 -1.5409583642 -0.2529191362 0.3002341287 -4.2824865902 28.7034695895 -2.2362514794 4.3348347532
1784244822.2349307537 -0.5802830180 -1.5423158693 -0.2597609523 0.3000636863 -4.9039854706 28.9438453819 -2.2244888559 4.0966213138
1784244822.2429394722 -0.5867476514 -1.5432118227 -0.2640028783 0.2999784652 -4.8668381655 28.9316124149 -2.2614172857 3.9120821100
1784244822.2508563995 -0.5947462655 -1.5442163765 -0.2692482707 0.2998932440 -4.9897573809 28.9556203921 -2.3080989509 3.8695090173
1784244822.2588415146 -0.6026353095 -1.5452752305 -0.2744024388 0.2995523594 -4.9666399727 28.9537347524 -2.3547410834 3.9575665507
1784244822.2668452263 -0.6106704470 -1.5461168837 -0.2793741585 0.2989558113 -4.7824634534 28.8026405446 -2.3933277645 4.0865180150
1784244822.2748844624 -0.6188882012 -1.5467956362 -0.2842546540 0.2981888209 -4.7658683246 28.8021696952 -2.4292053320 4.2828728487
1784244822.2829394341 -0.6267407219 -1.5475558391 -0.2891807617 0.2971661671 -4.7713692350 28.7648637147 -2.3887740279 4.4449561430
1784244822.2908966541 -0.6346662893 -1.5480988412 -0.2941980935 0.2962287344 -4.5188406110 28.6969010856 -2.3393960049 4.5084064036
1784244822.2988228798 -0.6429205669 -1.5486146931 -0.2990785890 0.2953765228 -4.1666086237 28.8192188199 -2.3057606713 4.5461275914
1784244822.3068890572 -0.6508461343 -1.5491848453 -0.3037766361 0.2946095324 -4.4235835201 28.9768877193 -2.2441588941 4.4979143619
1784244822.3148257732 -0.6586986550 -1.5497549974 -0.3087483558 0.2940982055 -4.6129537616 29.0377470757 -2.1802706884 4.4212694943
1784244822.3228819370 -0.6666242224 -1.5501622489 -0.3135376271 0.2936720997 -4.7947141128 29.2017590864 -2.1904086761 4.3560274161
1784244822.3308835030 -0.6743671730 -1.5506781009 -0.3181444499 0.2932459940 -4.4557583399 29.2386028204 -2.1550862342 4.2530583502
1784244822.3389403820 -0.6823292638 -1.5510310522 -0.3227512728 0.2930755516 -4.3445978762 29.4167329615 -2.1094941944 4.1860976685
1784244822.3487036228 -0.6900356911 -1.5514926040 -0.3273580956 0.2928198882 -4.2325454446 29.4142451177 -2.0136089564 4.1447770550
1784244822.3567245007 -0.6993491459 -1.5517369549 -0.3329683849 0.2925642247 -4.7738326287 29.3104500521 -1.9887122185 4.1644533513
1784244822.3647212982 -0.7068729564 -1.5518998555 -0.3373471472 0.2920528978 -4.6793579884 29.3017320563 -1.9745316776 4.2361102704
1784244822.3726520538 -0.7146889537 -1.5518998555 -0.3418171337 0.2915415709 -4.6369035555 29.2879674545 -1.9363786547 4.3058697028
1784244822.3789331913 -0.7221031942 -1.5518998555 -0.3461958960 0.2910302439 -4.2341114583 29.2956252222 -1.8956149005 4.3384846073
1784244822.3868458271 -0.7278738839 -1.5518727054 -0.3495255799 0.2906893593 -4.4038216520 29.2257642575 -1.8783436270 4.4059504787
1784244822.3948802948 -0.7352516010 -1.5516283545 -0.3535850575 0.2901780324 -4.5489221973 29.3693844650 -1.9000380788 4.4091569414
1784244822.4028494358 -0.7424101780 -1.5515740543 -0.3575076987 0.2898371478 -4.5372336635 29.4388135273 -1.9508919561 4.3710560130
1784244822.4108994007 -0.7496783251 -1.5513297033 -0.3612022794 0.2895814843 -4.3548653630 29.4191151551 -2.0078959104 4.3063559571
1784244822.4188382626 -0.7572021356 -1.5509496019 -0.3648512480 0.2894962631 -4.1727150648 29.4942416787 -2.0389029526 4.3000204665
1784244822.4268448353 -0.7644702826 -1.5506509508 -0.3684546045 0.2892405997 -4.1484654754 29.5241301592 -2.0283227045 4.2835896848
1784244822.4348933697 -0.7716653830 -1.5501893990 -0.3720579610 0.2890701574 -4.0720040970 29.5561886464 -1.9906260136 4.2759647187
1784244822.4428846836 -0.7790065768 -1.5497006972 -0.3756157054 0.2888997151 -3.9799277772 29.6242967689 -1.9618845662 4.3377193505
1784244822.4508502483 -0.7862747238 -1.5491848453 -0.3790366135 0.2884736093 -3.9464647524 29.5750655034 -1.9268142054 4.3729217393
1784244822.4588491917 -0.7933967775 -1.5484789426 -0.3824119094 0.2883031670 -3.8176458536 29.5386991073 -1.8888128667 4.4142084021
1784244822.4668509960 -0.8007014479 -1.5477187397 -0.3857872054 0.2879622823 -3.7677685625 29.5551977610 -1.8224216980 4.4399223794
1784244822.4750156403 -0.8077869782 -1.5469313867 -0.3891168892 0.2877066189 -3.0683125501 29.5108755050 -1.7536908157 4.4511233375
1784244822.4847676754 -0.8162603959 -1.5458996829 -0.3929483063 0.2874509554 -3.5634171424 29.5725121429 -1.7562266265 4.4668122312
1784244822.4929044247 -0.8232728795 -1.5449494293 -0.3960043175 0.2873657343 -3.5069377483 29.5957530752 -1.7756001961 4.4410637604
1784244822.5009920597 -0.8300662230 -1.5440263258 -0.3988322681 0.2873657343 -3.7879226836 29.6964350368 -1.8566655181 4.3588285050
1784244822.5109350681 -0.8385031173 -1.5426959708 -0.4021619520 0.2874509554 -4.1762425580 29.8045962809 -1.9153539060 4.3741896071
1784244822.5189070702 -0.8454425542 -1.5415828166 -0.4047618421 0.2874509554 -4.1769850289 29.8156628192 -1.9249641772 4.4122920221
1784244822.5269253254 -0.8520532810 -1.5403610620 -0.4071792838 0.2873657343 -3.3771827078 29.6914315505 -1.8751389331 4.4197574339
1784244822.5366449356 -0.8588101011 -1.5390307069 -0.4096879497 0.2874509554 -2.9728721538 29.6304397293 -1.8465543736 4.4406348834
1784244822.5447292328 -0.8664800050 -1.5374560010 -0.4126071246 0.2874509554 -3.5352321353 29.7694877121 -1.8228111044 4.4624596686
1784244822.5528888702 -0.8732003018 -1.5360170456 -0.4149333421 0.2874509554 -3.2835954085 29.7657048915 -1.8014303392 4.4848733156
1784244822.5608944893 -0.8798475519 -1.5345509400 -0.4172139475 0.2874509554 -3.0957572871 29.8346557512 -1.7483150197 4.5049060610
1784244822.5690181255 -0.8860930451 -1.5331119846 -0.4196313892 0.2876213977 -3.9635757378 30.0514475555 -1.5650187370 4.4808338283
1784244822.5786478519 -0.8936899024 -1.5311300271 -0.4226874004 0.2878770612 -4.1027358145 30.1426882107 -1.4095161919 4.5412942569
1784244822.5867359638 -0.9000449656 -1.5295281711 -0.4251048421 0.2878770612 -3.4751833426 30.0781821919 -1.3402134386 4.5610602722
1784244822.5948171616 -0.9065461223 -1.5277634144 -0.4276135080 0.2878770612 -3.1633274199 30.0460917396 -1.2098512335 4.6254257739
1784244822.6028521061 -0.9125724754 -1.5260258079 -0.4299853376 0.2880475035 -3.7106716725 30.3183477740 -1.0667284752 4.6707688333
1784244822.6109859943 -0.9188910153 -1.5242067510 -0.4324027793 0.2881327247 -2.9798143056 30.1618991350 -1.0054899965 4.6836900615
1784244822.6208870411 -0.9252460786 -1.5223062438 -0.4345921604 0.2881327247 -2.4956840616 30.1693759402 -0.9440587513 4.7271844785
1784244822.6288495064 -0.9326968424 -1.5199984851 -0.4371920505 0.2883883881 -3.4441993852 30.5177820529 -0.9271116147 4.7463244112
1784244822.6368494034 -0.9386866721 -1.5180708279 -0.4391533712 0.2885588304 -3.1353049507 30.6449859061 -0.9042920951 4.8212789046
1784244822.6447689533 -0.9448591186 -1.5160617203 -0.4410690797 0.2885588304 -2.8827082957 30.6973765785 -0.8897708766 4.8902194318
1784244822.6526932716 -0.9510315651 -1.5140254626 -0.4428479519 0.2887292727 -2.9820486229 30.7935948592 -0.8366842049 4.9062001222
1784244822.6590180397 -0.9566926847 -1.5119892049 -0.4447180483 0.2888997151 -3.3805646984 30.9828622520 -0.7605404058 4.9476230563
1784244822.6687273979 -0.9623903276 -1.5098714969 -0.4466337568 0.2890701574 -3.4530826538 31.0415731977 -0.6599755570 4.9920891056
1784244822.6768286228 -0.9681610173 -1.5076723386 -0.4485038532 0.2892405997 -3.1456892295 31.0042259261 -0.5774529937 5.0291507568
1784244822.6848886013 -0.9739682303 -1.5054188801 -0.4505563980 0.2894110420 -3.5121780876 31.2239723706 -0.3811507688 5.0322579505
1784244822.6928825378 -0.9794102097 -1.5031654216 -0.4525177187 0.2897519266 -3.2697185017 31.2517403914 -0.2967428765 5.0249054630
1784244822.7009105682 -0.9851443760 -1.5008576629 -0.4542053666 0.2900928112 -2.8742182751 31.2671516980 -0.2690359313 5.0519499186
1784244822.7088963985 -0.9908785423 -1.4984684539 -0.4557561783 0.2903484747 -3.0417409121 31.3599769507 -0.2908682801 5.0718046288
1784244822.7169353962 -0.9960648583 -1.4961335451 -0.4571245415 0.2907745805 -3.3049466463 31.4249931618 -0.3205845819 5.0565159793
1784244822.7249090672 -1.0012146509 -1.4937171860 -0.4582648442 0.2912859074 -3.1266367004 31.4325571478 -0.3846080292 5.0881553488
1784244822.7328958511 -1.0066201070 -1.4911650763 -0.4591770864 0.2916267920 -3.0076221284 31.5256163567 -0.4616375969 5.1756093698
1784244822.7408816814 -1.0118064230 -1.4886401168 -0.4599524922 0.2918824555 -3.2561062538 31.6257535843 -0.5113738990 5.2017484921
1784244822.7488541603 -1.0167735989 -1.4860880072 -0.4606822859 0.2923937824 -3.3582360095 31.5882684703 -0.4856788105 5.2195331669
1784244822.7568933964 -1.0217042514 -1.4834001470 -0.4615489160 0.2929051093 -3.0747723210 31.6444311930 -0.4454489987 5.2895208324
1784244822.7649443150 -1.0269270908 -1.4806579867 -0.4624155460 0.2931607728 -3.1752544315 31.7789636960 -0.3426398691 5.3541240036
1784244822.7728517056 -1.0317481733 -1.4779429764 -0.4632365639 0.2935016574 -3.4558525988 31.7462254727 -0.2392146013 5.3652451357
1784244822.7808923721 -1.0363135923 -1.4750379155 -0.4640119698 0.2940982055 -3.3534195791 31.7724283133 -0.1805168071 5.3701200939
1784244822.7889122963 -1.0411711981 -1.4722143048 -0.4646505393 0.2946095324 -3.1867576569 31.8703572148 -0.1755705248 5.4162055797
1784244822.7969682217 -1.0458827105 -1.4693363940 -0.4651066603 0.2951208594 -3.1473309908 31.9290049328 -0.1953289532 5.3872166401
1784244822.8048982620 -1.0505576996 -1.4663227326 -0.4653347209 0.2959730709 -3.2221120932 31.9112643301 -0.2505618894 5.3549919370
1784244822.8128926754 -1.0550135485 -1.4633090712 -0.4653803330 0.2967400613 -2.9948866788 32.0436505487 -0.3178461715 5.3381881179
1784244822.8209462166 -1.0596520143 -1.4603497101 -0.4652434967 0.2975922728 -2.7942491882 32.0476033435 -0.3167309128 5.3257202807
1784244822.8289456367 -1.0642174333 -1.4571459980 -0.4652434967 0.2985297056 -2.9778831823 32.0105599969 -0.3310118428 5.2591244556
1784244822.8370277882 -1.0684906655 -1.4539694360 -0.4649242119 0.2997228017 -2.8708341782 32.0584824957 -0.3002256716 5.2462359071
1784244822.8466875553 -1.0737135048 -1.4500869713 -0.4646961514 0.3009158979 -3.0186187936 32.1869085854 -0.3276345195 5.2384082974
1784244822.8547298908 -1.0781328304 -1.4467746588 -0.4642400303 0.3021089941 -2.9943097106 32.2352888493 -0.2608697886 5.2580104929
1784244822.8627386093 -1.0823330159 -1.4434080461 -0.4639663577 0.3032168691 -3.0342360033 32.3492629928 -0.1767685222 5.3354668009
1784244822.8706853390 -1.0865332014 -1.4400142833 -0.4637382971 0.3041543018 -2.9983211773 32.3231903441 -0.1003221592 5.4253489150
1784244822.8770108223 -1.0906238168 -1.4364576199 -0.4632365639 0.3051769556 -2.7567845817 32.2098360995 -0.0484578268 5.4933712888
1784244822.8849115372 -1.0947144323 -1.4328466563 -0.4626436065 0.3061143883 -2.7631144626 32.1862304112 -0.0110140294 5.5561670806
1784244822.8929343224 -1.0978189172 -1.4299687454 -0.4621874855 0.3068813787 -2.8267139039 32.1232555445 0.0297379889 5.5764095757
1784244822.9009056091 -1.1015442991 -1.4263034816 -0.4615945281 0.3080744749 -2.7271440748 32.1557963118 0.0660344446 5.5659822765
1784244822.9108977318 -1.1055253445 -1.4226110677 -0.4608647343 0.3093527922 -2.7371569711 32.1025911604 0.1114987924 5.4897419351
1784244822.9188578129 -1.1102368569 -1.4178054995 -0.4598156559 0.3112276576 -2.8503780816 32.1211030063 0.1910370800 5.4384433537
1784244822.9268572330 -1.1137796221 -1.4140316353 -0.4591314743 0.3126764173 -2.8512965491 32.1430765518 0.2693680747 5.4279973857
1784244822.9349062443 -1.1174319573 -1.4100948704 -0.4583560684 0.3142103981 -2.7854028531 32.0125374651 0.3470380527 5.4378148984
1784244822.9428997040 -1.1210112458 -1.4059680549 -0.4574438263 0.3156591577 -2.7402701974 31.9192426819 0.4645646063 5.4986758299
1784244822.9508187771 -1.1244809642 -1.4018140892 -0.4567596447 0.3171079173 -2.8387550344 31.9820655882 0.5889049431 5.5630569812
1784244822.9587788582 -1.1277680659 -1.3977144237 -0.4559842388 0.3185566770 -2.6999867895 31.9345274382 0.6916041690 5.5754010593
1784244822.9667379856 -1.1312012610 -1.3933704073 -0.4550719967 0.3201758789 -2.5221977800 31.8667659081 0.7796076062 5.5381656723
1784244822.9746541977 -1.1344883627 -1.3890806912 -0.4541597545 0.3219655231 -2.7307965080 32.0783616402 0.8517927284 5.5327595401
1784244822.9826962948 -1.1375928476 -1.3848724253 -0.4532019003 0.3237551674 -2.6798252462 31.9850478588 0.8725219334 5.5462454255
1784244822.9889974594 -1.1408434260 -1.3803112081 -0.4520159855 0.3255448117 -2.5809655770 31.8326890764 0.8632663907 5.5386821934
1784244822.9970438480 -1.1432904906 -1.3766730943 -0.4509212949 0.3270787924 -2.4280905634 31.6677281877 0.8951873221 5.5221591192
1784244823.0049114227 -1.1468332557 -1.3713245242 -0.4493248711 0.3293797636 -2.7493058752 31.9544750052 0.8994502583 5.5179387363
1784244823.0129554272 -1.1490246568 -1.3677950108 -0.4481389563 0.3309989656 -2.6023236601 31.6402520049 0.8412855161 5.4913516623
1784244823.0209493637 -1.1525308986 -1.3620663392 -0.4460864115 0.3336408214 -2.5077539325 31.6656289618 0.8289729228 5.5109441765
1784244823.0289301872 -1.1548318698 -1.3582653249 -0.4447180483 0.3350895810 -2.4635234855 31.7282662307 0.8962303725 5.5211253663
1784244823.0369606018 -1.1574250278 -1.3536498075 -0.4431672366 0.3373053310 -2.5253090429 31.5764917271 1.0144213609 5.4636034519
1784244823.0448389053 -1.1600181858 -1.3487899391 -0.4417532613 0.3396915234 -2.2861527951 31.2837886850 1.0320131954 5.4297687400
1784244823.0529096127 -1.1627939606 -1.3440386712 -0.4400656133 0.3418220522 -2.2323716020 31.5041757665 1.1497484500 5.4620714235
1784244823.0609049797 -1.1653140719 -1.3390973526 -0.4382411290 0.3442082446 -2.4555416890 31.4854524399 1.2053522229 5.4321708648
1784244823.0688946247 -1.1676515664 -1.3341560339 -0.4364166447 0.3467648792 -2.5032434761 31.5139124481 1.2131859851 5.4175478544
1784244823.0769639015 -1.1700255843 -1.3291875652 -0.4344553241 0.3492362927 -2.2586241317 31.5157599997 1.1846040425 5.4525388866
1784244823.0849044323 -1.1725456956 -1.3240018956 -0.4322203308 0.3517077062 -2.2287981160 31.2701884890 1.1421772322 5.4133752905
1784244823.0928926468 -1.1747736201 -1.3188162260 -0.4299853376 0.3545200043 -2.4354806497 31.1754926129 1.0907443931 5.3567447763
1784244823.1008987427 -1.1768189278 -1.3136305565 -0.4275678959 0.3572470813 -2.3494040165 31.2380350406 1.0445193889 5.3439652874
1784244823.1089172363 -1.1790103289 -1.3083634366 -0.4248311694 0.3599741582 -2.1768731477 31.0715829076 1.0540033287 5.3123929027
1784244823.1169810295 -1.1811652067 -1.3029605662 -0.4223225035 0.3629568986 -2.3381739953 30.8219187878 1.0391091807 5.2444282972
1784244823.1266906261 -1.1829548509 -1.2974762455 -0.4195857770 0.3660248602 -2.1094639209 30.1191433304 0.9839658205 5.1893747652
1784244823.1348173618 -1.1852192988 -1.2908787706 -0.4163473174 0.3696041487 -2.3400873459 30.7560555785 1.1189681446 5.2910892070
1784244823.1428334713 -1.1870819897 -1.2851500990 -0.4134737546 0.3725868891 -2.2410991464 30.4542632069 1.1110630679 5.3047950484
1784244823.1507902145 -1.1888351106 -1.2795028777 -0.4107370282 0.3755696296 -2.4534108169 30.5646367942 1.2505619731 5.3476137897
1784244823.1587874889 -1.1903690914 -1.2737199059 -0.4077722412 0.3786375911 -2.3336750575 30.7502855758 1.3283886622 5.3610147719
1784244823.1667764187 -1.1920126422 -1.2681269848 -0.4048530663 0.3817907739 -2.2142508186 30.6458188644 1.3694363797 5.3343043695
1784244823.1749536991 -1.1936196697 -1.2623440130 -0.4019795035 0.3852848412 -2.2303539483 30.5682741841 1.4535135369 5.2296241010
1784244823.1830284595 -1.1950806038 -1.2564795908 -0.3990603287 0.3888641297 -2.2429024653 30.4964224140 1.4953563440 5.1902765558
1784244823.1909160614 -1.1967606780 -1.2494477143 -0.3952745237 0.3928695240 -2.2007415749 30.5929327582 1.5372838979 5.2176858813
1784244823.1990132332 -1.1978563786 -1.2448593470 -0.3927658578 0.3957670433 -2.0792991209 30.3130399167 1.5211405425 5.2069401816
1784244823.2069523335 -1.1994268827 -1.2376374197 -0.3888432166 0.4000281010 -2.2165874780 30.5053077503 1.5291566943 5.2479233906
1784244823.2150142193 -1.2003399665 -1.2330490524 -0.3861521022 0.4028403991 -2.1439219925 30.3124166639 1.4795662862 5.2444806452
1784244823.2230124474 -1.2017278539 -1.2255827743 -0.3815452794 0.4072718992 -2.0527263257 30.1608456455 1.4559717435 5.2487940153
1784244823.2309546471 -1.2028235545 -1.2194468511 -0.3778963108 0.4110216300 -2.1010973398 30.2665780942 1.4408594565 5.2978388076
1784244823.2389056683 -1.2035905449 -1.2147498834 -0.3748402996 0.4138339281 -2.1653421721 29.9996843612 1.3999644433 5.2474713086
1784244823.2469055653 -1.2044305820 -1.2084239095 -0.3706895978 0.4177541012 -2.1241879439 29.7556185578 1.3909223772 5.1876186955
1784244823.2549099922 -1.2053071424 -1.2022336862 -0.3667669565 0.4216742744 -1.9098637814 29.6988523917 1.4230102287 5.1326582310
1784244823.2628967762 -1.2062567496 -1.1959891626 -0.3629355395 0.4258501109 -1.9891246104 29.5772494335 1.4928886523 5.0327827457
1784244823.2708990574 -1.2069506932 -1.1896631887 -0.3589672862 0.4301111687 -2.0230804131 29.5657026317 1.5853874287 4.9586750304
1784244823.2790260315 -1.2076081136 -1.1833915151 -0.3549990328 0.4343722264 -1.9434313055 29.3963702132 1.6356165757 4.8945280913
1784244823.2869713306 -1.2084116273 -1.1757623363 -0.3503009857 0.4396559380 -1.9569932370 29.4019448038 1.6805392354 4.8973449880
1784244823.2966938019 -1.2088133842 -1.1704680663 -0.3467888534 0.4431500054 -2.0637131624 29.2330730116 1.5404601318 4.8938749105
1784244823.3029899597 -1.2092881878 -1.1626488368 -0.3410417279 0.4483484958 -2.0826552605 29.2737799039 1.4965016185 4.9533187249
1784244823.3127026558 -1.2095803746 -1.1575989178 -0.3374839835 0.4516721209 -1.9472335506 28.3656018375 1.3820775070 4.8605807917
1784244823.3208334446 -1.2100186548 -1.1495624874 -0.3317368580 0.4574671594 -1.9283031690 28.2376307218 1.3223361649 4.7688720744
1784244823.3289120197 -1.2101647482 -1.1428835622 -0.3267195261 0.4620691018 -2.0500512567 28.6489653700 1.3329617355 4.7490105182
1784244823.3369333744 -1.2103473650 -1.1361503368 -0.3218846427 0.4669267076 -1.8606041768 28.4027615810 1.3452002566 4.6492059493
1784244823.3449401855 -1.2105665051 -1.1292270607 -0.3168216988 0.4719547557 -1.8047446340 27.5377256113 1.2615048323 4.5298819834
1784244823.3547356129 -1.2106395518 -1.1223852349 -0.3114394701 0.4770680250 -1.7892329021 27.1598488577 1.1639319915 4.4115364518
1784244823.3628139496 -1.2106760752 -1.1141587538 -0.3054642840 0.4832039482 -1.7219841918 28.0052009731 1.2984245214 4.3822553049
1784244823.3709120750 -1.2106760752 -1.1073169280 -0.3001732796 0.4884024386 -1.5690827197 28.1613709915 1.4166740517 4.3955551066
1784244823.3789026737 -1.2106760752 -1.1005022523 -0.2952927841 0.4937713714 -1.4319546718 27.9510329291 1.5283156981 4.3480413004
1784244823.3868968487 -1.2106395518 -1.0935246760 -0.2901386159 0.4990550830 -1.2741334330 27.9016406192 1.6177970585 4.2947344409
1784244823.3948967457 -1.2106030285 -1.0867371504 -0.2851212841 0.5045092369 -1.1183065831 27.8217137254 1.6593202354 4.2145302810
1784244823.4028990269 -1.2105665051 -1.0799224747 -0.2799671159 0.5099633908 -0.9586447673 27.5394108333 1.6765425067 4.1884751504
1784244823.4108943939 -1.2105299818 -1.0727819977 -0.2744480509 0.5154175447 -0.7862432567 27.3351838928 1.6801399416 4.1753736497
1784244823.4188659191 -1.2104934584 -1.0657772713 -0.2691570465 0.5209569198 -0.5876758118 27.0531304218 1.6473613967 4.2017901359
1784244823.4269073009 -1.2104569351 -1.0586367944 -0.2634555330 0.5263258526 -0.5057466776 26.3594933711 1.5971414413 4.1313543393
1784244823.4349105358 -1.2104204117 -1.0515234675 -0.2578908559 0.5317800065 -0.1645221352 26.6170913773 1.6492148197 4.1829390157
1784244823.4428658485 -1.2104204117 -1.0443286904 -0.2523717909 0.5375750450 0.0446826321 26.4494204597 1.6217137258 4.1130303331
1784244823.4508984089 -1.2104204117 -1.0371067631 -0.2465334411 0.5432848624 0.2100955873 26.4815537973 1.6720690875 4.0615724630
1784244823.4589025974 -1.2103838883 -1.0300205864 -0.2409231519 0.5489946798 0.4066112898 26.2493332325 1.7113406903 3.9706784809
1784244823.4668984413 -1.2103838883 -1.0227172088 -0.2353128627 0.5551306029 0.5209277839 26.1491347751 1.6954225271 3.9309223026
1784244823.4749019146 -1.2103108416 -1.0155495818 -0.2292920645 0.5609256414 0.6624951056 26.1100419856 1.7052195029 3.9438855869
1784244823.4829094410 -1.2102743183 -1.0083819547 -0.2233624905 0.5666354588 0.7607120568 25.8158454624 1.7029297137 3.9162010932
1784244823.4909114838 -1.2101647482 -1.0010242770 -0.2174785286 0.5727713820 0.8675167799 25.1806270605 1.6155038118 3.8473066389
1784244823.4989230633 -1.2100917015 -0.9937208994 -0.2113208941 0.5785664205 1.1175288913 25.3198518518 1.6201286576 3.9625948448
1784244823.5069816113 -1.2100186548 -0.9862274711 -0.2048439749 0.5842762379 1.2566260379 24.8373926182 1.5118631437 3.9414081628
1784244823.5149145126 -1.2099090848 -0.9785439922 -0.1982302193 0.5904973822 1.4403902937 24.6544234432 1.5187660572 3.8437865300
1784244823.5229058266 -1.2098360381 -0.9711320142 -0.1919813605 0.5966333053 1.6018052474 24.5014019022 1.4698603524 3.7637783339
1784244823.5309636593 -1.2097264680 -0.9637471863 -0.1856868897 0.6029396708 1.7465628588 24.2916550585 1.4086911732 3.6606186782
1784244823.5389561653 -1.2096168980 -0.9562809082 -0.1790731341 0.6093312574 1.8300666474 24.2889553755 1.4574464634 3.4932296381
1784244823.5469701290 -1.2094342812 -0.9488960803 -0.1725962148 0.6158932863 1.9502373397 24.2983671355 1.4599909827 3.4014797932
1784244823.5549104214 -1.2092881878 -0.9416470029 -0.1661649077 0.6225405364 2.0698688299 24.0773353943 1.4402375628 3.3446493766
1784244823.5629098415 -1.2091055710 -0.9342078749 -0.1594143158 0.6290173442 2.1139288176 23.9310161207 1.4802996229 3.2711968988
1784244823.5708639622 -1.2088499076 -0.9267958969 -0.1528005602 0.6355793731 2.1821491969 23.5757111887 1.4324478380 3.2815487914
1784244823.5788621902 -1.2085577207 -0.9193839189 -0.1460043562 0.6418857386 2.3204649004 23.4859574245 1.4133692072 3.3302810363
1784244823.5869076252 -1.2083020573 -0.9118633406 -0.1392081521 0.6484477675 2.4139391568 23.1601430114 1.3141960862 3.3435647419
1784244823.5949134827 -1.2079733471 -0.9041527115 -0.1318189907 0.6549245753 2.4922137110 22.9167074312 1.2768477761 3.3306937562
1784244823.6029102802 -1.2076446369 -0.8965235327 -0.1246578898 0.6614866042 2.5845802754 22.8444154849 1.2668243222 3.3137703973
1784244823.6109120846 -1.2072794034 -0.8889758042 -0.1175424011 0.6682190754 2.6921369588 22.5419995774 1.2152026001 3.2045550846
1784244823.6189036369 -1.2068776465 -0.8812380250 -0.1100164033 0.6752072101 2.7640839293 22.3944527691 1.2805856807 3.0595727554
1784244823.6269733906 -1.2064758897 -0.8736359963 -0.1029921388 0.6823657871 2.8142428440 22.3460537078 1.2968608440 2.9608918120
1784244823.6349720955 -1.2060010861 -0.8661697182 -0.0957398137 0.6893539218 2.9460758507 22.0364703773 1.2357426775 2.8177826708
1784244823.6429252625 -1.2055628059 -0.8584047889 -0.0879857554 0.6965977200 3.0531389458 21.5223301562 1.1437361842 2.7131786879
1784244823.6509196758 -1.2050880023 -0.8506670097 -0.0805509819 0.7039267393 3.0981368868 21.0507160261 1.0344614295 2.6764875819
1784244823.6590046883 -1.2045401520 -0.8428477802 -0.0727969236 0.7109148740 3.0645219789 19.9765571627 0.8834730447 2.5429317933
1784244823.6687533855 -1.2038462083 -0.8333452443 -0.0637657263 0.7196074318 3.2604408077 20.7045625384 1.1502274772 2.7287477688
1784244823.6767468452 -1.2032618347 -0.8253359641 -0.0559660559 0.7265103454 3.3117147929 20.5224942832 1.2539411365 2.7013364763
1784244823.6847522259 -1.2026044144 -0.8174895845 -0.0485312824 0.7339245858 3.4030261523 20.3964976201 1.3287779430 2.6775703045
1784244823.6927499771 -1.2019469940 -0.8096975051 -0.0411877331 0.7412536052 3.5692090894 20.3938420998 1.3882644930 2.6465996538
1784244823.7006955147 -1.2013260970 -0.8018782756 -0.0333424506 0.7484974033 3.6249820505 20.2819284721 1.4345663120 2.5005269056
1784244823.7087466717 -1.2005956300 -0.7941947966 -0.0259076771 0.7563377496 3.5466476961 20.0877425754 1.4731500055 2.3629925003
1784244823.7169601917 -1.1997555929 -0.7865384677 -0.0184272914 0.7640928747 3.4432057146 19.9761946019 1.4912735218 2.2328130468
1784244823.7250008583 -1.1988059857 -0.7786920881 -0.0103539484 0.7719332209 3.4033633138 19.4294339762 1.3573569193 2.0673479102
1784244823.7329716682 -1.1976737618 -0.7691895522 -0.0002280605 0.7811371057 3.3963207013 19.2482643005 1.1917046549 2.0832321004
1784244823.7409570217 -1.1968702481 -0.7631079293 0.0062488587 0.7872730288 3.3342703556 18.7541246389 1.0523468944 1.9825692421
1784244823.7489705086 -1.1957380242 -0.7552615497 0.0144134260 0.7951985962 3.3556916906 18.3405950286 0.9188028372 1.8733280449
1784244823.7569012642 -1.1946423236 -0.7473337198 0.0230797264 0.8028685001 3.3323608758 17.8406149682 0.8439561218 1.7759834346
1784244823.7648701668 -1.1935100997 -0.7395416404 0.0310618452 0.8109645099 3.4226589452 17.8069063326 0.9338128120 1.6786517539
1784244823.7729163170 -1.1923413524 -0.7318310113 0.0389071277 0.8187196350 3.4803520065 17.5111116551 1.0364172731 1.5820296516
1784244823.7808673382 -1.1911360818 -0.7239031814 0.0470260828 0.8266452024 3.6172533317 17.3556835047 1.2035238956 1.4871222076
1784244823.7889084816 -1.1900038579 -0.7161382521 0.0547801411 0.8346559909 3.7434849677 16.8450641246 1.2409414396 1.4276888744
1784244823.7969617844 -1.1887985873 -0.7081018217 0.0628078721 0.8427520006 3.7640106959 16.5502503605 1.3027990766 1.3344426818
1784244823.8049147129 -1.1875567933 -0.7002011419 0.0707899909 0.8508480103 3.6367206183 16.1734332985 1.3458525987 1.2814180809
1784244823.8129012585 -1.1861689059 -0.6922733120 0.0786352734 0.8589440201 3.5297083480 15.9050161985 1.3086619433 1.2317009517
1784244823.8208990097 -1.1847079718 -0.6844269324 0.0867086164 0.8670400298 3.4381731939 15.7710764109 1.3021394137 1.1363850440
1784244823.8289759159 -1.1831739910 -0.6764991025 0.0950100200 0.8752212606 3.3651574202 15.7292989961 1.3383378271 1.0594504072
1784244823.8368985653 -1.1815669635 -0.6687884734 0.1030377509 0.8834024915 3.2299962229 15.5922094440 1.3763134571 0.9305627293
1784244823.8449609280 -1.1798138426 -0.6610235441 0.1109742576 0.8920098282 3.1702729921 15.1267806221 1.3279916924 0.7947085968
1784244823.8530089855 -1.1780607217 -0.6530685641 0.1195037217 0.9005319436 3.0605475614 14.9978022060 1.3171327452 0.6885580030
1784244823.8629066944 -1.1757962739 -0.6434845779 0.1298576701 0.9108437034 2.9821427214 14.7004459924 1.2403172458 0.6853441261
1784244823.8709528446 -1.1738240129 -0.6355567480 0.1384327463 0.9194510400 2.8675727996 14.2928984719 1.1807380501 0.5903960718
1784244823.8790063858 -1.1717787052 -0.6277375185 0.1468253741 0.9280583767 2.5985021775 13.3583392909 1.0459408417 0.4075832515
1784244823.8887033463 -1.1692951172 -0.6180992322 0.1574529951 0.9381996941 2.7574979045 13.6863073995 1.1308143584 0.4595620163
1784244823.8950228691 -1.1672132862 -0.6102800027 0.1659368471 0.9467218096 2.9056962304 13.6227362657 1.1586536544 0.4803937924
1784244823.9029498100 -1.1650949318 -0.6025422235 0.1743750870 0.9556700309 3.0040289405 13.4589553099 1.2073854919 0.4396662687
1784244823.9108431339 -1.1633783342 -0.5962705498 0.1814449637 0.9624025021 3.0032847357 13.0980370225 1.2100090172 0.2969447663
1784244823.9188921452 -1.1612965031 -0.5887228213 0.1897463673 0.9710098387 3.0746023927 12.7416725649 1.1195145509 0.2092554920
1784244823.9286680222 -1.1591051020 -0.5808221415 0.1988231767 0.9797876177 2.8962787961 12.1571906904 0.9469837752 0.0904466638
1784244823.9367492199 -1.1562562805 -0.5712653054 0.2097700825 0.9906959255 2.8578965199 12.1524479417 0.9598553558 -0.0387560761
1784244823.9447536469 -1.1539187860 -0.5634460759 0.2185276071 0.9999850314 2.9771308789 11.7478889101 0.9350445402 -0.1819326669
1784244823.9529139996 -1.1516178148 -0.5554367957 0.2277868649 1.0091889161 3.0419000393 11.3494213496 0.8827730229 -0.3542117107
1784244823.9609956741 -1.1492437969 -0.5474546656 0.2370005107 1.0187336855 3.0120928421 10.9701577279 0.9065360486 -0.5541758187
1784244823.9706425667 -1.1463219288 -0.5380878803 0.2473544591 1.0300680991 3.0658295831 11.0395494492 1.0717819900 -0.6838804336
1784244823.9787442684 -1.1439479109 -0.5303501011 0.2561575958 1.0393572049 3.1045455919 10.9461160747 1.2234628965 -0.6809533232
1784244823.9869923592 -1.1414277996 -0.5227209223 0.2645958357 1.0488167531 2.9956032635 10.6182192055 1.2877494152 -0.7070046687
1784244823.9949314594 -1.1383233147 -0.5130826359 0.2756795778 1.0598955033 3.0169843151 10.2306711095 1.2978176941 -0.6792038470
1784244824.0028715134 -1.1362780070 -0.5069467128 0.2827038424 1.0670540803 2.8378278271 9.3531290390 1.1515685158 -0.8249716496
1784244824.0109062195 -1.1336118022 -0.4992089336 0.2915069791 1.0764284073 2.8113579207 8.9941466033 0.9879366156 -0.8227756014
1784244824.0188708305 -1.1309821209 -0.4916069049 0.3004469522 1.0852061863 2.8304822721 8.7897268841 0.9411483316 -0.8358452655
1784244824.0268676281 -1.1283159162 -0.4838148255 0.3096149858 1.0941544075 2.9359341538 8.5521773959 0.9639972982 -0.9682485668
