-1.035366 0.506707 -0.751623 0.957733
-1.033323 0.510796 -0.746036 0.963133
-1.031272 0.514873 -0.740444 0.968539
-1.029214 0.518937 -0.734849 0.973951
-1.027150 0.522989 -0.729249 0.979369
-1.025079 0.527028 -0.723645 0.984794
-1.023001 0.531054 -0.718037 0.990224
-1.020916 0.535068 -0.712425 0.995661
-1.018825 0.539068 -0.706810 1.001103
-1.016728 0.543056 -0.701191 1.006551
-1.014625 0.547031 -0.695568 1.012005
-1.012515 0.550992 -0.689941 1.017464
-1.010399 0.554940 -0.684312 1.022928
-1.008277 0.558875 -0.678679 1.028399
-1.006148 0.562797 -0.673043 1.033874
-1.004014 0.566705 -0.667404 1.039354
-1.001875 0.570599 -0.661762 1.044840
-0.999729 0.574480 -0.656117 1.050330
-0.997578 0.578347 -0.650470 1.055826
-0.995421 0.582200 -0.644819 1.061326
-0.993258 0.586040 -0.639167 1.066831
-0.991091 0.589865 -0.633512 1.072341
-0.988917 0.593676 -0.627854 1.077855
-0.986739 0.597473 -0.622195 1.083374
-0.984555 0.601256 -0.616533 1.088897
-0.982366 0.605025 -0.610869 1.094424
-0.980173 0.608779 -0.605204 1.099956
-0.977974 0.612518 -0.599536 1.105491
-0.975770 0.616243 -0.593867 1.111031
-0.973562 0.619953 -0.588196 1.116574
-0.971349 0.623649 -0.582524 1.122121
-0.969131 0.627330 -0.576851 1.127672
-0.966909 0.630996 -0.571176 1.133227
-0.964682 0.634647 -0.565500 1.138785
-0.962451 0.638283 -0.559823 1.144346
-0.960216 0.641903 -0.554145 1.149911
-0.957976 0.645509 -0.548466 1.155479
-0.955732 0.649099 -0.542786 1.161050
-0.953484 0.652674 -0.537106 1.166625
-0.951233 0.656234 -0.531425 1.172202
-0.948977 0.659778 -0.525743 1.177782
-0.946717 0.663307 -0.520062 1.183365
-0.944454 0.666820 -0.514380 1.188950
-0.942187 0.670317 -0.508697 1.194538
-0.939917 0.673798 -0.503015 1.200129
-0.937643 0.677264 -0.497333 1.205722
-0.935366 0.680714 -0.491651 1.211317
-0.933085 0.684147 -0.485969 1.216915
-0.930801 0.687565 -0.480287 1.222514
-0.928514 0.690967 -0.474606 1.228116
-0.926224 0.694352 -0.468925 1.233719
-0.923931 0.697721 -0.463245 1.239325
-0.921635 0.701074 -0.457566 1.244932
-0.919336 0.704410 -0.451888 1.250540
-0.917034 0.707730 -0.446210 1.256151
-0.914730 0.711034 -0.440533 1.261762
-0.912423 0.714321 -0.434858 1.267375
-0.910114 0.717591 -0.429184 1.272989
-0.907802 0.720844 -0.423511 1.278605
-0.905487 0.724081 -0.417839 1.284221
-0.903171 0.727301 -0.412169 1.289839
-0.900852 0.730504 -0.406500 1.295457
-0.898532 0.733690 -0.400833 1.301076
-0.896209 0.736859 -0.395168 1.306695
-0.893884 0.740011 -0.389505 1.312316
-0.891557 0.743146 -0.383843 1.317936
-0.889229 0.746263 -0.378184 1.323558
-0.886899 0.749364 -0.372527 1.329179
-0.884567 0.752447 -0.366872 1.334801
-0.882234 0.755513 -0.361219 1.340422
-0.879899 0.758561 -0.355569 1.346044
-0.877563 0.761592 -0.349921 1.351666
-0.875226 0.764605 -0.344276 1.357287
-0.872887 0.767600 -0.338634 1.362908
-0.870547 0.770579 -0.332994 1.368529
-0.868206 0.773539 -0.327358 1.374149
-0.865864 0.776481 -0.321724 1.379769
-0.863522 0.779406 -0.316093 1.385388
-0.861178 0.782313 -0.310465 1.391006
-0.858834 0.785202 -0.304841 1.396624
-0.856489 0.788073 -0.299220 1.402240
-0.854143 0.790926 -0.293602 1.407855
-0.851797 0.793761 -0.287988 1.413470
-0.849451 0.796578 -0.282377 1.419083
-0.847104 0.799377 -0.276770 1.424694
-0.844757 0.802158 -0.271167 1.430305
-0.842409 0.804920 -0.265568 1.435913
-0.840062 0.807664 -0.259972 1.441520
-0.837714 0.810390 -0.254381 1.447126
-0.835367 0.813097 -0.248794 1.452729
-0.833020 0.815786 -0.243210 1.458331
-0.830672 0.818457 -0.237632 1.463931
-0.828326 0.821109 -0.232057 1.469528
-0.825979 0.823742 -0.226487 1.475124
-0.823633 0.826357 -0.220921 1.480717
-0.821288 0.828953 -0.215360 1.486307
-0.818943 0.831531 -0.209804 1.491895
-0.816598 0.834090 -0.204253 1.497481
-0.814255 0.836630 -0.198706 1.503064
-0.811912 0.839151 -0.193164 1.508644
-0.809570 0.841654 -0.187628 1.514222
-0.807229 0.844137 -0.182096 1.519796
-0.804890 0.846602 -0.176570 1.525367
-0.802551 0.849048 -0.171048 1.530935
-0.800213 0.851475 -0.165533 1.536500
-0.797877 0.853883 -0.160022 1.542062
-0.795542 0.856272 -0.154517 1.547620
-0.793209 0.858641 -0.149018 1.553175
-0.790877 0.860992 -0.143524 1.558726
-0.788547 0.863324 -0.138036 1.564273
-0.786218 0.865636 -0.132554 1.569817
-0.783891 0.867929 -0.127078 1.575357
-0.781566 0.870203 -0.121608 1.580892
-0.779243 0.872458 -0.116143 1.586424
-0.776922 0.874693 -0.110685 1.591951
-0.774603 0.876909 -0.105233 1.597474
-0.772286 0.879106 -0.099788 1.602993
-0.769971 0.881283 -0.094348 1.608508
-0.767658 0.883441 -0.088915 1.614017
-0.765348 0.885580 -0.083489 1.619523
-0.763040 0.887699 -0.078069 1.625023
-0.760735 0.889799 -0.072656 1.630519
-0.758432 0.891879 -0.067249 1.636010
-0.756132 0.893940 -0.061850 1.641495
-0.753834 0.895981 -0.056457 1.646976
-0.751539 0.898003 -0.051071 1.652451
-0.749247 0.900005 -0.045692 1.657922
-0.746959 0.901987 -0.040320 1.663386
-0.744673 0.903950 -0.034955 1.668846
-0.742390 0.905893 -0.029598 1.674300
-0.740110 0.907817 -0.024247 1.679748
-0.737834 0.909721 -0.018904 1.685190
-0.735560 0.911605 -0.013569 1.690627
-0.733291 0.913469 -0.008241 1.696058
-0.731024 0.915314 -0.002921 1.701482
-0.728761 0.917139 0.002392 1.706901
-0.726502 0.918944 0.007697 1.712313
-0.724246 0.920730 0.012995 1.717720
-0.721994 0.922496 0.018284 1.723119
-0.719746 0.924242 0.023566 1.728513
-0.717502 0.925968 0.028840 1.733900
-0.715261 0.927674 0.034106 1.739280
-0.713025 0.929361 0.039363 1.744653
-0.710792 0.931027 0.044613 1.750020
-0.708564 0.932674 0.049854 1.755380
-0.706340 0.934301 0.055087 1.760733
-0.704120 0.935908 0.060312 1.766079
-0.701905 0.937496 0.065528 1.771417
-0.699694 0.939063 0.070736 1.776749
-0.697488 0.940611 0.075935 1.782073
-0.695286 0.942138 0.081126 1.787389
-0.693088 0.943646 0.086308 1.792699
-0.690896 0.945134 0.091481 1.798000
-0.688708 0.946602 0.096646 1.803294
-0.686525 0.948050 0.101802 1.808580
-0.684346 0.949479 0.106949 1.813859
-0.682173 0.950887 0.112087 1.819129
-0.680005 0.952275 0.117216 1.824391
-0.677842 0.953644 0.122336 1.829646
-0.675684 0.954992 0.127447 1.834892
-0.673531 0.956321 0.132549 1.840130
-0.671384 0.957630 0.137641 1.845359
-0.669241 0.958919 0.142724 1.850580
-0.667105 0.960188 0.147798 1.855793
-0.664973 0.961437 0.152863 1.860997
-0.662848 0.962666 0.157918 1.866192
-0.660728 0.963876 0.162963 1.871379
-0.658613 0.965065 0.167999 1.876556
-0.656505 0.966235 0.173026 1.881725
-0.654402 0.967385 0.178043 1.886885
-0.652305 0.968515 0.183050 1.892035
-0.650214 0.969625 0.188047 1.897177
-0.648128 0.970715 0.193035 1.902309
-0.646049 0.971786 0.198013 1.907432
-0.643976 0.972836 0.202980 1.912545
-0.641910 0.973867 0.207938 1.917649
-0.639849 0.974878 0.212886 1.922744
-0.637795 0.975869 0.217824 1.927828
-0.635747 0.976841 0.222752 1.932903
-0.633706 0.977793 0.227669 1.937969
-0.631671 0.978725 0.232577 1.943024
-0.629642 0.979637 0.237474 1.948069
-0.627620 0.980530 0.242361 1.953105
-0.625605 0.981402 0.247237 1.958130
-0.623597 0.982256 0.252103 1.963145
-0.621595 0.983089 0.256959 1.968149
-0.619600 0.983903 0.261805 1.973144
-0.617612 0.984697 0.266639 1.978127
-0.615631 0.985472 0.271464 1.983101
-0.613657 0.986227 0.276277 1.988064
-0.611691 0.986962 0.281080 1.993016
-0.609731 0.987678 0.285873 1.997957
-0.607778 0.988375 0.290654 2.002888
-0.605833 0.989052 0.295425 2.007807
-0.603895 0.989709 0.300185 2.012716
-0.601964 0.990347 0.304935 2.017614
-0.600041 0.990966 0.309673 2.022500
-0.598125 0.991565 0.314400 2.027376
-0.596217 0.992144 0.319117 2.032240
-0.594317 0.992705 0.323822 2.037092
-0.592424 0.993246 0.328517 2.041934
-0.590538 0.993768 0.333200 2.046764
-0.588661 0.994270 0.337873 2.051582
-0.586791 0.994753 0.342534 2.056389
-0.584929 0.995217 0.347184 2.061184
-0.583075 0.995662 0.351823 2.065967
-0.581229 0.996088 0.356450 2.070739
-0.579391 0.996494 0.361066 2.075498
-0.577561 0.996881 0.365671 2.080246
-0.575739 0.997250 0.370265 2.084982
-0.573925 0.997599 0.374847 2.089705
-0.572120 0.997929 0.379418 2.094416
-0.570323 0.998241 0.383977 2.099115
-0.568534 0.998533 0.388525 2.103802
-0.566754 0.998806 0.393061 2.108476
-0.564981 0.999061 0.397586 2.113138
-0.563218 0.999296 0.402100 2.117788
-0.561463 0.999513 0.406601 2.122425
-0.559716 0.999712 0.411091 2.127049
-0.557979 0.999891 0.415570 2.131660
-0.556249 1.000052 0.420036 2.136259
-0.554529 1.000194 0.424491 2.140845
-0.552817 1.000317 0.428935 2.145418
-0.551114 1.000422 0.433366 2.149978
-0.549420 1.000508 0.437786 2.154525
-0.547735 1.000576 0.442194 2.159059
-0.546059 1.000626 0.446590 2.163579
-0.544392 1.000657 0.450974 2.168087
-0.542734 1.000669 0.455346 2.172581
-0.541085 1.000664 0.459707 2.177062
-0.539445 1.000640 0.464055 2.181529
-0.537815 1.000597 0.468391 2.185983
-0.536193 1.000537 0.472716 2.190424
-0.534581 1.000458 0.477028 2.194851
-0.532978 1.000362 0.481329 2.199264
-0.531385 1.000247 0.485617 2.203663
-0.529801 1.000114 0.489894 2.208049
-0.528226 0.999963 0.494158 2.212421
-0.526661 0.999795 0.498410 2.216779
-0.525105 0.999608 0.502650 2.221123
-0.523559 0.999404 0.506878 2.225453
-0.522023 0.999182 0.511093 2.229769
-0.520496 0.998942 0.515297 2.234071
-0.518979 0.998685 0.519488 2.238359
-0.517472 0.998409 0.523667 2.242633
-0.515974 0.998117 0.527834 2.246892
-0.514487 0.997806 0.531989 2.251137
-0.513009 0.997479 0.536131 2.255367
-0.511541 0.997134 0.540261 2.259583
-0.510083 0.996771 0.544379 2.263785
-0.508635 0.996391 0.548484 2.267972
-0.507197 0.995994 0.552577 2.272145
-0.505769 0.995580 0.556658 2.276302
-0.504351 0.995149 0.560726 2.280446
-0.502944 0.994700 0.564782 2.284574
-0.501546 0.994235 0.568826 2.288687
-0.500159 0.993752 0.572857 2.292786
-0.498782 0.993253 0.576876 2.296870
-0.497415 0.992737 0.580882 2.300939
-0.496059 0.992204 0.584876 2.304993
-0.494712 0.991654 0.588858 2.309031
-0.493377 0.991087 0.592827 2.313055
-0.492051 0.990504 0.596784 2.317064
-0.490736 0.989905 0.600728 2.321057
-0.489432 0.989288 0.604659 2.325035
-0.488138 0.988656 0.608579 2.328998
-0.486855 0.988007 0.612485 2.332945
-0.485582 0.987341 0.616380 2.336877
-0.484320 0.986660 0.620261 2.340794
-0.483068 0.985962 0.624131 2.344695
-0.481827 0.985248 0.627987 2.348581
-0.480597 0.984518 0.631832 2.352451
-0.479378 0.983772 0.635663 2.356305
-0.478169 0.983010 0.639482 2.360144
-0.476971 0.982232 0.643289 2.363967
-0.475784 0.981438 0.647083 2.367774
-0.474608 0.980629 0.650865 2.371566
-0.473443 0.979804 0.654634 2.375342
-0.472288 0.978963 0.658390 2.379102
-0.471145 0.978107 0.662134 2.382846
-0.470012 0.977235 0.665866 2.386574
-0.468891 0.976348 0.669584 2.390286
-0.467780 0.975445 0.673291 2.393982
-0.466681 0.974527 0.676985 2.397662
-0.465593 0.973594 0.680666 2.401326
-0.464515 0.972646 0.684334 2.404974
-0.463449 0.971683 0.687990 2.408605
-0.462394 0.970705 0.691634 2.412221
-0.461351 0.969711 0.695265 2.415820
-0.460318 0.968703 0.698884 2.419403
-0.459297 0.967681 0.702489 2.422969
-0.458286 0.966643 0.706083 2.426519
-0.457288 0.965591 0.709664 2.430053
-0.456300 0.964524 0.713232 2.433571
-0.455324 0.963443 0.716788 2.437071
-0.454359 0.962347 0.720331 2.440556
-0.453405 0.961237 0.723862 2.444024
-0.452463 0.960112 0.727380 2.447475
-0.451532 0.958974 0.730886 2.450910
-0.450613 0.957821 0.734379 2.454328
-0.449705 0.956654 0.737860 2.457730
-0.448809 0.955474 0.741328 2.461115
-0.447924 0.954279 0.744784 2.464483
-0.447050 0.953071 0.748227 2.467834
-0.446188 0.951848 0.751658 2.471169
-0.445338 0.950612 0.755076 2.474487
-0.444499 0.949363 0.758482 2.477788
-0.443672 0.948100 0.761876 2.481072
-0.442856 0.946823 0.765257 2.484339
-0.442052 0.945533 0.768626 2.487590
-0.441259 0.944230 0.771982 2.490823
-0.440478 0.942914 0.775326 2.494040
-0.439709 0.941584 0.778657 2.497240
-0.438952 0.940242 0.781976 2.500422
-0.438206 0.938886 0.785283 2.503588
-0.437472 0.937518 0.788577 2.506736
-0.436749 0.936136 0.791859 2.509868
-0.436038 0.934742 0.795129 2.512982
-0.435339 0.933336 0.798386 2.516079
-0.434652 0.931916 0.801631 2.519159
-0.433977 0.930485 0.804864 2.522222
-0.433313 0.929040 0.808085 2.525268
-0.432661 0.927584 0.811293 2.528296
-0.432021 0.926115 0.814489 2.531307
-0.431393 0.924634 0.817672 2.534301
-0.430776 0.923141 0.820844 2.537278
-0.430171 0.921636 0.824003 2.540238
-0.429579 0.920119 0.827150 2.543180
-0.428998 0.918590 0.830285 2.546105
-0.428428 0.917050 0.833408 2.549012
-0.427871 0.915498 0.836519 2.551903
-0.427326 0.913934 0.839617 2.554775
-0.426792 0.912359 0.842704 2.557631
-0.426271 0.910772 0.845778 2.560469
-0.425761 0.909174 0.848840 2.563289
-0.425263 0.907564 0.851891 2.566093
-0.424777 0.905944 0.854929 2.568878
-0.424303 0.904312 0.857955 2.571647
-0.423841 0.902670 0.860969 2.574397
-0.423391 0.901016 0.863972 2.577131
-0.422953 0.899352 0.866962 2.579847
-0.422526 0.897677 0.869940 2.582545
-0.422112 0.895992 0.872907 2.585226
-0.421710 0.894295 0.875861 2.587889
-0.421319 0.892589 0.878804 2.590535
-0.420941 0.890872 0.881735 2.593163
-0.420574 0.889144 0.884654 2.595774
-0.420220 0.887407 0.887561 2.598367
-0.419877 0.885659 0.890456 2.600942
-0.419546 0.883901 0.893340 2.603500
-0.419227 0.882133 0.896212 2.606040
-0.418921 0.880356 0.899072 2.608563
-0.418626 0.878568 0.901920 2.611068
-0.418343 0.876771 0.904757 2.613556
-0.418072 0.874965 0.907582 2.616026
-0.417813 0.873148 0.910396 2.618478
-0.417566 0.871323 0.913198 2.620913
-0.417331 0.869488 0.915988 2.623330
-0.417108 0.867644 0.918767 2.625729
-0.416897 0.865791 0.921535 2.628111
-0.416698 0.863928 0.924290 2.630475
-0.416510 0.862057 0.927035 2.632822
-0.416335 0.860177 0.929768 2.635150
-0.416172 0.858288 0.932489 2.637462
-0.416020 0.856390 0.935199 2.639755
-0.415881 0.854483 0.937898 2.642031
-0.415753 0.852569 0.940586 2.644289
-0.415637 0.850645 0.943262 2.646530
-0.415533 0.848714 0.945927 2.648753
-0.415442 0.846774 0.948580 2.650958
-0.415362 0.844826 0.951222 2.653146
-0.415293 0.842870 0.953854 2.655316
-0.415237 0.840905 0.956474 2.657469
-0.415193 0.838933 0.959082 2.659604
-0.415160 0.836954 0.961680 2.661721
-0.415140 0.834966 0.964267 2.663820
-0.415131 0.832971 0.966842 2.665902
-0.415134 0.830968 0.969407 2.667967
-0.415149 0.828958 0.971960 2.670013
-0.415176 0.826941 0.974503 2.672042
-0.415214 0.824916 0.977035 2.674054
-0.415265 0.822884 0.979555 2.676048
-0.415327 0.820845 0.982065 2.678024
-0.415401 0.818799 0.984564 2.679983
-0.415486 0.816747 0.987053 2.681924
-0.415584 0.814687 0.989530 2.683848
-0.415693 0.812621 0.991997 2.685754
-0.415814 0.810548 0.994453 2.687643
-0.415947 0.808468 0.996898 2.689514
-0.416091 0.806383 0.999332 2.691367
-0.416247 0.804290 1.001756 2.693203
-0.416415 0.802192 1.004170 2.695022
-0.416594 0.800087 1.006573 2.696823
-0.416785 0.797977 1.008965 2.698606
-0.416988 0.795860 1.011347 2.700372
-0.417202 0.793738 1.013718 2.702121
-0.417428 0.791609 1.016079 2.703852
-0.417665 0.789475 1.018429 2.705566
-0.417914 0.787336 1.020769 2.707262
-0.418175 0.785191 1.023099 2.708941
-0.418447 0.783040 1.025419 2.710603
-0.418730 0.780885 1.027728 2.712247
-0.419025 0.778724 1.030027 2.713874
-0.419332 0.776557 1.032316 2.715484
-0.419650 0.774386 1.034594 2.717076
-0.419980 0.772210 1.036863 2.718651
-0.420320 0.770029 1.039121 2.720209
-0.420673 0.767843 1.041370 2.721749
-0.421036 0.765653 1.043608 2.723272
-0.421411 0.763458 1.045836 2.724778
-0.421798 0.761258 1.048055 2.726267
-0.422195 0.759054 1.050263 2.727739
-0.422604 0.756846 1.052462 2.729193
-0.423025 0.754634 1.054650 2.730630
-0.423456 0.752417 1.056829 2.732050
-0.423899 0.750196 1.058999 2.733453
-0.424353 0.747972 1.061158 2.734839
-0.424818 0.745743 1.063308 2.736208
-0.425294 0.743511 1.065448 2.737560
-0.425782 0.741275 1.067578 2.738895
-0.426280 0.739036 1.069699 2.740213
-0.426790 0.736793 1.071810 2.741514
-0.427310 0.734546 1.073912 2.742798
-0.427842 0.732297 1.076004 2.744065
-0.428385 0.730044 1.078086 2.745315
-0.428939 0.727788 1.080160 2.746548
-0.429503 0.725529 1.082224 2.747765
-0.430079 0.723267 1.084278 2.748965
-0.430665 0.721002 1.086324 2.750147
-0.431263 0.718734 1.088360 2.751314
-0.431871 0.716464 1.090386 2.752463
-0.432490 0.714191 1.092404 2.753596
-0.433120 0.711916 1.094412 2.754712
-0.433761 0.709638 1.096411 2.755811
-0.434412 0.707358 1.098402 2.756894
-0.435074 0.705075 1.100383 2.757960
-0.435747 0.702791 1.102355 2.759010
-0.436430 0.700504 1.104318 2.760043
-0.437124 0.698216 1.106272 2.761059
-0.437829 0.695926 1.108218 2.762059
-0.438544 0.693634 1.110154 2.763043
-0.439270 0.691340 1.112082 2.764010
-0.440006 0.689044 1.114000 2.764961
-0.440753 0.686747 1.115911 2.765896
-0.441510 0.684449 1.117812 2.766814
-0.442277 0.682149 1.119705 2.767716
-0.443055 0.679848 1.121589 2.768601
-0.443844 0.677546 1.123464 2.769471
-0.444642 0.675243 1.125331 2.770324
-0.445451 0.672939 1.127189 2.771161
-0.446270 0.670634 1.129039 2.771982
-0.447099 0.668328 1.130881 2.772787
-0.447939 0.666021 1.132714 2.773576
-0.448788 0.663714 1.134538 2.774349
-0.449648 0.661406 1.136355 2.775106
-0.450517 0.659098 1.138163 2.775847
-0.451397 0.656790 1.139962 2.776572
-0.452287 0.654481 1.141754 2.777282
-0.453187 0.652171 1.143537 2.777975
-0.454096 0.649862 1.145312 2.778653
-0.455016 0.647553 1.147079 2.779315
-0.455945 0.645244 1.148839 2.779961
-0.456884 0.642934 1.150589 2.780592
-0.457833 0.640626 1.152332 2.781207
-0.458792 0.638317 1.154068 2.781806
-0.459760 0.636009 1.155795 2.782390
-0.460738 0.633701 1.157514 2.782958
-0.461726 0.631394 1.159225 2.783511
-0.462723 0.629087 1.160929 2.784049
-0.463730 0.626781 1.162625 2.784571
-0.464746 0.624476 1.164313 2.785077
-0.465772 0.622172 1.165993 2.785569
-0.466807 0.619869 1.167666 2.786045
-0.467852 0.617567 1.169331 2.786506
-0.468905 0.615266 1.170988 2.786952
-0.469969 0.612966 1.172638 2.787382
-0.471041 0.610667 1.174281 2.787798
-0.472123 0.608370 1.175916 2.788198
-0.473214 0.606074 1.177543 2.788584
-0.474314 0.603780 1.179164 2.788955
-0.475423 0.601488 1.180776 2.789310
-0.476541 0.599197 1.182382 2.789651
-0.477668 0.596908 1.183980 2.789977
-0.478804 0.594620 1.185571 2.790288
-0.479949 0.592335 1.187155 2.790584
-0.481103 0.590052 1.188731 2.790866
-0.482266 0.587771 1.190301 2.791133
-0.483438 0.585492 1.191863 2.791386
-0.484618 0.583215 1.193419 2.791624
-0.485807 0.580941 1.194967 2.791847
-0.487005 0.578669 1.196508 2.792056
-0.488211 0.576399 1.198042 2.792251
-0.489426 0.574132 1.199570 2.792431
-0.490649 0.571868 1.201090 2.792597
-0.491881 0.569606 1.202604 2.792749
-0.493122 0.567347 1.204111 2.792886
-0.494370 0.565091 1.205611 2.793010
-0.495627 0.562838 1.207104 2.793119
-0.496893 0.560588 1.208591 2.793214
-0.498166 0.558341 1.210071 2.793295
-0.499448 0.556097 1.211544 2.793362
-0.500738 0.553857 1.213011 2.793416
-0.502036 0.551620 1.214471 2.793455
-0.503343 0.549386 1.215925 2.793480
-0.504657 0.547155 1.217372 2.793492
-0.505979 0.544929 1.218813 2.793490
-0.507309 0.542705 1.220247 2.793475
-0.508647 0.540486 1.221675 2.793446
-0.509993 0.538270 1.223097 2.793403
-0.511346 0.536058 1.224512 2.793347
-0.512708 0.533850 1.225921 2.793277
-0.514077 0.531645 1.227324 2.793194
-0.515453 0.529445 1.228721 2.793097
-0.516838 0.527249 1.230111 2.792988
-0.518229 0.525057 1.231495 2.792865
-0.519629 0.522870 1.232873 2.792728
-0.521035 0.520686 1.234245 2.792579
-0.522449 0.518507 1.235611 2.792417
-0.523871 0.516333 1.236971 2.792241
-0.525299 0.514163 1.238325 2.792053
-0.526735 0.511997 1.239673 2.791851
-0.528178 0.509837 1.241015 2.791637
-0.529628 0.507681 1.242352 2.791410
-0.531086 0.505529 1.243682 2.791171
-0.532550 0.503383 1.245007 2.790918
-0.534021 0.501241 1.246326 2.790653
-0.535499 0.499105 1.247639 2.790375
-0.536984 0.496973 1.248946 2.790085
-0.538476 0.494847 1.250248 2.789782
-0.539975 0.492725 1.251544 2.789467
-0.541480 0.490609 1.252834 2.789140
-0.542992 0.488499 1.254119 2.788800
-0.544511 0.486393 1.255398 2.788448
-0.546036 0.484293 1.256672 2.788084
-0.547568 0.482199 1.257940 2.787707
-0.549106 0.480110 1.259203 2.787319
-0.550650 0.478026 1.260460 2.786918
-0.552201 0.475949 1.261712 2.786506
-0.553758 0.473877 1.262958 2.786082
-0.555321 0.471811 1.264200 2.785645
-0.556891 0.469750 1.265435 2.785197
-0.558467 0.467696 1.266666 2.784738
-0.560048 0.465647 1.267891 2.784266
-0.561636 0.463605 1.269111 2.783783
-0.563230 0.461569 1.270326 2.783289
-0.564829 0.459538 1.271536 2.782783
-0.566435 0.457514 1.272740 2.782265
-0.568046 0.455496 1.273940 2.781736
-0.569663 0.453485 1.275134 2.781196
-0.571286 0.451480 1.276323 2.780645
-0.572914 0.449481 1.277508 2.780082
-0.574548 0.447489 1.278687 2.779508
-0.576187 0.445503 1.279861 2.778923
-0.577832 0.443524 1.281030 2.778327
-0.579482 0.441551 1.282195 2.777720
-0.581138 0.439585 1.283354 2.777103
-0.582799 0.437626 1.284509 2.776474
-0.584465 0.435674 1.285658 2.775834
-0.586136 0.433729 1.286803 2.775184
-0.587813 0.431790 1.287943 2.774523
-0.589494 0.429858 1.289079 2.773852
-0.591181 0.427934 1.290209 2.773170
-0.592872 0.426016 1.291335 2.772478
-0.594569 0.424105 1.292456 2.771775
-0.596270 0.422202 1.293573 2.771062
-0.597976 0.420306 1.294684 2.770338
-0.599687 0.418417 1.295792 2.769604
-0.601402 0.416535 1.296894 2.768860
-0.603122 0.414661 1.297992 2.768106
-0.604846 0.412794 1.299086 2.767342
-0.606575 0.410934 1.300174 2.766568
-0.608309 0.409082 1.301259 2.765784
-0.610047 0.407238 1.302339 2.764990
-0.611789 0.405401 1.303414 2.764187
-0.613535 0.403571 1.304485 2.763373
-0.615286 0.401750 1.305552 2.762550
-0.617041 0.399936 1.306614 2.761718
-0.618799 0.398129 1.307672 2.760875
-0.620562 0.396331 1.308725 2.760024
-0.622329 0.394540 1.309774 2.759162
-0.624100 0.392757 1.310819 2.758292
-0.625874 0.390982 1.311860 2.757412
-0.627653 0.389215 1.312896 2.756523
-0.629435 0.387456 1.313928 2.755625
-0.631221 0.385705 1.314956 2.754717
-0.633010 0.383962 1.315979 2.753801
-0.634803 0.382227 1.316998 2.752875
-0.636599 0.380501 1.318013 2.751941
-0.638399 0.378782 1.319024 2.750998
-0.640203 0.377072 1.320031 2.750046
-0.642009 0.375370 1.321034 2.749085
-0.643819 0.373676 1.322032 2.748115
-0.645632 0.371991 1.323027 2.747137
-0.647448 0.370314 1.324017 2.746151
-0.649267 0.368645 1.325004 2.745155
-0.651090 0.366985 1.325986 2.744152
-0.652915 0.365333 1.326964 2.743140
-0.654743 0.363689 1.327938 2.742120
-0.656574 0.362055 1.328909 2.741091
-0.658408 0.360428 1.329875 2.740055
-0.660244 0.358811 1.330837 2.739010
-0.662083 0.357202 1.331796 2.737957
-0.663925 0.355602 1.332750 2.736896
-0.665769 0.354010 1.333701 2.735828
-0.667616 0.352427 1.334647 2.734751
-0.669465 0.350853 1.335590 2.733667
-0.671317 0.349287 1.336529 2.732575
-0.673171 0.347731 1.337464 2.731475
-0.675027 0.346183 1.338395 2.730367
-0.676885 0.344644 1.339322 2.729252
-0.678746 0.343114 1.340245 2.728130
-0.680608 0.341593 1.341165 2.727000
-0.682473 0.340081 1.342081 2.725863
-0.684339 0.338577 1.342993 2.724719
-0.686207 0.337083 1.343901 2.723567
-0.688078 0.335598 1.344805 2.722408
-0.689949 0.334122 1.345706 2.721242
-0.691823 0.332655 1.346603 2.720069
-0.693698 0.331197 1.347496 2.718889
-0.695575 0.329748 1.348386 2.717702
-0.697453 0.328308 1.349271 2.716509
-0.699333 0.326877 1.350153 2.715308
-0.701214 0.325456 1.351032 2.714101
-0.703097 0.324044 1.351906 2.712887
-0.704981 0.322641 1.352777 2.711666
-0.706866 0.321247 1.353644 2.710439
-0.708752 0.319862 1.354508 2.709206
-0.710639 0.318487 1.355368 2.707966
-0.712528 0.317121 1.356224 2.706720
-0.714417 0.315764 1.357076 2.705467
-0.716307 0.314417 1.357925 2.704208
-0.718199 0.313079 1.358770 2.702943
-0.720091 0.311750 1.359612 2.701672
-0.721983 0.310431 1.360450 2.700395
-0.723877 0.309121 1.361284 2.699112
-0.725771 0.307820 1.362115 2.697823
-0.727665 0.306529 1.362942 2.696528
-0.729560 0.305248 1.363765 2.695228
-0.731456 0.303975 1.364585 2.693921
-0.733352 0.302713 1.365402 2.692609
-0.735248 0.301459 1.366214 2.691292
-0.737144 0.300216 1.367023 2.689968
-0.739041 0.298981 1.367829 2.688640
-0.740938 0.297757 1.368630 2.687306
-0.742835 0.296541 1.369429 2.685966
-0.744732 0.295335 1.370223 2.684621
-0.746629 0.294139 1.371014 2.683271
-0.748526 0.292953 1.371802 2.681916
-0.750422 0.291775 1.372586 2.680556
-0.752319 0.290608 1.373366 2.679191
-0.754215 0.289450 1.374142 2.677820
-0.756111 0.288301 1.374915 2.676445
-0.758006 0.287163 1.375685 2.675065
-0.759901 0.286033 1.376451 2.673680
-0.761796 0.284914 1.377213 2.672291
-0.763690 0.283804 1.377972 2.670896
-0.765583 0.282703 1.378727 2.669497
-0.767476 0.281612 1.379478 2.668094
-0.769368 0.280531 1.380226 2.666686
-0.771259 0.279459 1.380970 2.665273
-0.773149 0.278397 1.381711 2.663856
-0.775039 0.277345 1.382448 2.662435
-0.776927 0.276302 1.383181 2.661009
-0.778815 0.275269 1.383911 2.659580
-0.780701 0.274245 1.384637 2.658146
-0.782586 0.273231 1.385360 2.656708
-0.784470 0.272227 1.386078 2.655266
-0.786353 0.271232 1.386794 2.653820
-0.788234 0.270247 1.387505 2.652370
-0.790114 0.269272 1.388213 2.650916
-0.791993 0.268306 1.388917 2.649459
-0.793870 0.267350 1.389618 2.647997
-0.795745 0.266403 1.390315 2.646532
-0.797619 0.265466 1.391008 2.645064
-0.799492 0.264538 1.391698 2.643591
-0.801362 0.263621 1.392383 2.642116
-0.803231 0.262712 1.393065 2.640637
-0.805098 0.261814 1.393744 2.639154
-0.806963 0.260925 1.394418 2.637668
-0.808826 0.260045 1.395089 2.636179
-0.810687 0.259175 1.395756 2.634686
-0.812546 0.258315 1.396420 2.633191
-0.814403 0.257464 1.397080 2.631692
-0.816258 0.256623 1.397735 2.630190
-0.818111 0.255791 1.398388 2.628686
-0.819961 0.254969 1.399036 2.627178
-0.821809 0.254156 1.399680 2.625667
-0.823655 0.253353 1.400321 2.624154
-0.825498 0.252559 1.400958 2.622638
-0.827338 0.251775 1.401591 2.621119
-0.829176 0.251000 1.402220 2.619597
-0.831012 0.250235 1.402845 2.618073
-0.832845 0.249479 1.403466 2.616546
-0.834675 0.248732 1.404084 2.615017
-0.836502 0.247995 1.404697 2.613485
-0.838327 0.247268 1.405307 2.611951
-0.840148 0.246550 1.405913 2.610415
-0.841967 0.245841 1.406514 2.608876
-0.843782 0.245141 1.407112 2.607335
-0.845595 0.244451 1.407706 2.605792
-0.847405 0.243771 1.408296 2.604247
-0.849211 0.243099 1.408881 2.602699
-0.851014 0.242437 1.409463 2.601150
-0.852814 0.241784 1.410041 2.599598
-0.854611 0.241141 1.410614 2.598045
-0.856404 0.240506 1.411184 2.596490
-0.858194 0.239881 1.411749 2.594933
-0.859980 0.239265 1.412310 2.593374
-0.861763 0.238658 1.412868 2.591814
-0.863542 0.238061 1.413421 2.590252
-0.865318 0.237473 1.413969 2.588688
-0.867090 0.236893 1.414514 2.587123
-0.868858 0.236323 1.415054 2.585556
-0.870622 0.235762 1.415591 2.583988
-0.872383 0.235210 1.416122 2.582418
-0.874140 0.234667 1.416650 2.580847
-0.875893 0.234133 1.417173 2.579275
-0.877641 0.233608 1.417692 2.577702
-0.879386 0.233092 1.418207 2.576127
-0.881127 0.232585 1.418717 2.574551
-0.882864 0.232087 1.419223 2.572974
-0.884596 0.231598 1.419725 2.571396
-0.886324 0.231118 1.420222 2.569817
-0.888048 0.230647 1.420714 2.568237
-0.889768 0.230184 1.421203 2.566656
-0.891483 0.229730 1.421686 2.565074
-0.893194 0.229285 1.422166 2.563491
-0.894900 0.228849 1.422640 2.561908
-0.896602 0.228421 1.423110 2.560324
-0.898299 0.228003 1.423576 2.558739
-0.899991 0.227592 1.424037 2.557154
-0.901679 0.227191 1.424493 2.555568
-0.903362 0.226798 1.424944 2.553981
-0.905041 0.226414 1.425391 2.552394
-0.906714 0.226038 1.425833 2.550806
-0.908383 0.225671 1.426271 2.549219
-0.910047 0.225312 1.426703 2.547630
-0.911706 0.224961 1.427131 2.546042
-0.913359 0.224620 1.427554 2.544453
-0.915008 0.224286 1.427972 2.542864
-0.916652 0.223961 1.428386 2.541275
-0.918290 0.223644 1.428794 2.539685
-0.919924 0.223336 1.429198 2.538096
-0.921552 0.223035 1.429596 2.536506
-0.923175 0.222743 1.429990 2.534917
-0.924792 0.222460 1.430378 2.533327
-0.926404 0.222184 1.430762 2.531738
-0.928011 0.221916 1.431140 2.530148
-0.929613 0.221657 1.431513 2.528559
-0.931208 0.221406 1.431882 2.526970
-0.932799 0.221162 1.432245 2.525382
-0.934383 0.220927 1.432602 2.523793
-0.935962 0.220700 1.432955 2.522205
-0.937536 0.220480 1.433302 2.520618
-0.939103 0.220269 1.433645 2.519030
-0.940665 0.220065 1.433981 2.517443
-0.942221 0.219869 1.434313 2.515857
-0.943772 0.219681 1.434639 2.514271
-0.945316 0.219500 1.434959 2.512686
-0.946855 0.219328 1.435275 2.511101
-0.948387 0.219163 1.435584 2.509518
-0.949914 0.219005 1.435889 2.507934
-0.951434 0.218855 1.436187 2.506352
-0.952948 0.218713 1.436480 2.504770
-0.954456 0.218578 1.436768 2.503189
-0.955959 0.218451 1.437050 2.501609
-0.957454 0.218331 1.437326 2.500029
-0.958944 0.218219 1.437597 2.498451
-0.960427 0.218113 1.437861 2.496874
-0.961904 0.218015 1.438120 2.495297
-0.963375 0.217925 1.438374 2.493722
-0.964839 0.217841 1.438621 2.492147
-0.966297 0.217765 1.438862 2.490574
-0.967748 0.217696 1.439098 2.489002
-0.969193 0.217634 1.439328 2.487431
-0.970631 0.217579 1.439551 2.485861
-0.972062 0.217531 1.439769 2.484292
-0.973487 0.217490 1.439980 2.482725
-0.974906 0.217456 1.440186 2.481159
-0.976317 0.217429 1.440385 2.479594
-0.977722 0.217408 1.440579 2.478031
-0.979120 0.217395 1.440766 2.476469
-0.980511 0.217388 1.440946 2.474909
-0.981896 0.217387 1.441121 2.473350
-0.983273 0.217394 1.441289 2.471792
-0.984644 0.217407 1.441451 2.470236
-0.986007 0.217427 1.441606 2.468682
-0.987364 0.217453 1.441755 2.467129
-0.988714 0.217485 1.441898 2.465578
-0.990056 0.217524 1.442034 2.464028
-0.991392 0.217570 1.442164 2.462480
-0.992720 0.217621 1.442286 2.460934
-0.994041 0.217679 1.442403 2.459389
-0.995355 0.217743 1.442513 2.457847
-0.996662 0.217814 1.442616 2.456306
-0.997961 0.217890 1.442712 2.454767
-0.999253 0.217973 1.442801 2.453229
-1.000538 0.218062 1.442884 2.451694
-1.001816 0.218156 1.442960 2.450161
-1.003086 0.218257 1.443029 2.448629
-1.004349 0.218363 1.443091 2.447100
-1.005604 0.218476 1.443146 2.445572
-1.006852 0.218594 1.443194 2.444047
-1.008092 0.218718 1.443235 2.442523
-1.009325 0.218847 1.443269 2.441002
-1.010550 0.218982 1.443295 2.439482
-1.011768 0.219123 1.443315 2.437965
-1.012978 0.219269 1.443327 2.436450
-1.014181 0.219421 1.443332 2.434937
-1.015375 0.219578 1.443330 2.433427
-1.016562 0.219741 1.443321 2.431918
-1.017742 0.219909 1.443304 2.430412
-1.018913 0.220082 1.443279 2.428908
-1.020077 0.220261 1.443248 2.427406
-1.021233 0.220445 1.443208 2.425907
-1.022381 0.220634 1.443161 2.424410
-1.023521 0.220828 1.443107 2.422915
-1.024653 0.221027 1.443045 2.421423
-1.025778 0.221231 1.442975 2.419933
-1.026894 0.221439 1.442898 2.418446
-1.028003 0.221653 1.442812 2.416961
-1.029103 0.221872 1.442719 2.415478
-1.030196 0.222095 1.442618 2.413998
-1.031280 0.222323 1.442509 2.412521
-1.032357 0.222556 1.442393 2.411046
-1.033425 0.222794 1.442268 2.409573
-1.034485 0.223036 1.442135 2.408103
-1.035538 0.223282 1.441994 2.406636
-1.036581 0.223533 1.441845 2.405171
-1.037617 0.223788 1.441688 2.403709
-1.038645 0.224048 1.441523 2.402250
-1.039664 0.224312 1.441349 2.400793
-1.040675 0.224580 1.441168 2.399339
-1.041678 0.224852 1.440977 2.397888
-1.042673 0.225129 1.440779 2.396439
-1.043659 0.225410 1.440572 2.394993
-1.044637 0.225694 1.440357 2.393550
-1.045607 0.225983 1.440133 2.392109
-1.046568 0.226275 1.439900 2.390671
-1.047521 0.226572 1.439659 2.389237
-1.048465 0.226872 1.439409 2.387804
-1.049402 0.227176 1.439151 2.386375
-1.050329 0.227483 1.438884 2.384949
-1.051248 0.227795 1.438608 2.383525
-1.052159 0.228110 1.438323 2.382104
-1.053061 0.228428 1.438029 2.380687
-1.053955 0.228750 1.437727 2.379272
-1.054841 0.229075 1.437415 2.377860
-1.055717 0.229404 1.437095 2.376450
-1.056585 0.229736 1.436765 2.375044
-1.057445 0.230071 1.436427 2.373641
-1.058296 0.230410 1.436079 2.372241
-1.059138 0.230751 1.435722 2.370843
-1.059972 0.231096 1.435356 2.369449
-1.060798 0.231444 1.434981 2.368057
-1.061614 0.231794 1.434596 2.366669
-1.062422 0.232148 1.434202 2.365283
-1.063221 0.232504 1.433798 2.363901
-1.064012 0.232864 1.433385 2.362522
-1.064794 0.233226 1.432963 2.361145
-1.065567 0.233590 1.432531 2.359772
-1.066331 0.233958 1.432089 2.358402
-1.067087 0.234328 1.431638 2.357035
-1.067834 0.234700 1.431177 2.355671
-1.068573 0.235075 1.430706 2.354309
-1.069302 0.235453 1.430226 2.352952
-1.070023 0.235833 1.429735 2.351597
-1.070735 0.236215 1.429235 2.350245
-1.071438 0.236599 1.428725 2.348896
-1.072132 0.236986 1.428205 2.347551
-1.072818 0.237375 1.427675 2.346208
-1.073495 0.237765 1.427135 2.344869
-1.074163 0.238158 1.426585 2.343533
-1.074822 0.238553 1.426024 2.342200
-1.075472 0.238950 1.425454 2.340870
-1.076114 0.239348 1.424873 2.339543
-1.076746 0.239749 1.424282 2.338220
-1.077370 0.240151 1.423681 2.336899
-1.077985 0.240555 1.423069 2.335582
-1.078591 0.240961 1.422447 2.334268
-1.079188 0.241368 1.421814 2.332957
-1.079777 0.241776 1.421171 2.331649
-1.080356 0.242187 1.420518 2.330344
-1.080926 0.242598 1.419854 2.329043
-1.081488 0.243011 1.419179 2.327744
-1.082041 0.243425 1.418493 2.326449
-1.082585 0.243841 1.417797 2.325157
-1.083120 0.244258 1.417090 2.323869
-1.083646 0.244675 1.416372 2.322583
-1.084163 0.245094 1.415643 2.321301
-1.084671 0.245514 1.414904 2.320021
-1.085170 0.245935 1.414153 2.318745
-1.085660 0.246357 1.413391 2.317473
-1.086142 0.246780 1.412619 2.316203
-1.086614 0.247204 1.411835 2.314936
-1.087078 0.247628 1.411040 2.313673
-1.087533 0.248053 1.410234 2.312413
-1.087978 0.248479 1.409417 2.311156
-1.088415 0.248905 1.408588 2.309902
-1.088843 0.249332 1.407749 2.308652
-1.089262 0.249760 1.406897 2.307404
-1.089672 0.250187 1.406035 2.306160
-1.090073 0.250616 1.405161 2.304919
-1.090466 0.251044 1.404275 2.303681
-1.090849 0.251473 1.403378 2.302446
-1.091223 0.251902 1.402470 2.301215
-1.091589 0.252331 1.401549 2.299986
-1.091946 0.252761 1.400617 2.298761
-1.092293 0.253190 1.399674 2.297539
-1.092632 0.253620 1.398719 2.296320
-1.092962 0.254049 1.397751 2.295104
-1.093283 0.254478 1.396772 2.293891
-1.093595 0.254908 1.395782 2.292681
-1.093899 0.255337 1.394779 2.291475
-1.094193 0.255765 1.393764 2.290271
-1.094479 0.256194 1.392737 2.289071
-1.094755 0.256622 1.391699 2.287874
-1.095023 0.257049 1.390648 2.286680
-1.095282 0.257477 1.389585 2.285489
-1.095532 0.257903 1.388510 2.284301
-1.095774 0.258329 1.387422 2.283116
-1.096006 0.258755 1.386323 2.281934
-1.096230 0.259180 1.385211 2.280755
-1.096445 0.259604 1.384086 2.279580
-1.096651 0.260027 1.382950 2.278407
-1.096848 0.260450 1.381801 2.277237
-1.097037 0.260872 1.380639 2.276071
-1.097216 0.261292 1.379465 2.274907
-1.097387 0.261712 1.378278 2.273747
-1.097550 0.262131 1.377079 2.272589
-1.097703 0.262549 1.375867 2.271434
-1.097848 0.262965 1.374643 2.270283
-1.097984 0.263381 1.373406 2.269134
-1.098111 0.263795 1.372156 2.267988
-1.098230 0.264208 1.370893 2.266846
-1.098340 0.264620 1.369618 2.265706
-1.098441 0.265030 1.368329 2.264569
-1.098534 0.265439 1.367028 2.263435
-1.098618 0.265847 1.365714 2.262304
-1.098693 0.266253 1.364387 2.261176
-1.098760 0.266657 1.363046 2.260050
-1.098818 0.267060 1.361693 2.258928
-1.098868 0.267461 1.360327 2.257808
-1.098909 0.267860 1.358947 2.256692
-1.098941 0.268258 1.357554 2.255578
-1.098965 0.268654 1.356149 2.254467
-1.098980 0.269048 1.354729 2.253358
-1.098987 0.269440 1.353297 2.252253
-1.098986 0.269831 1.351851 2.251150
-1.098976 0.270219 1.350392 2.250050
-1.098957 0.270605 1.348920 2.248953
-1.098930 0.270989 1.347434 2.247858
-1.098895 0.271372 1.345934 2.246766
-1.098851 0.271752 1.344422 2.245677
-1.098798 0.272129 1.342895 2.244591
-1.098738 0.272505 1.341355 2.243507
-1.098669 0.272878 1.339802 2.242426
-1.098591 0.273249 1.338234 2.241347
-1.098506 0.273618 1.336653 2.240272
-1.098412 0.273984 1.335059 2.239198
-1.098310 0.274347 1.333450 2.238128
-1.098199 0.274709 1.331828 2.237060
-1.098081 0.275067 1.330192 2.235994
-1.097954 0.275423 1.328543 2.234931
-1.097819 0.275777 1.326879 2.233871
-1.097675 0.276127 1.325201 2.232813
-1.097524 0.276475 1.323510 2.231758
-1.097364 0.276821 1.321804 2.230705
-1.097197 0.277163 1.320085 2.229654
-1.097021 0.277503 1.318351 2.228606
-1.096837 0.277840 1.316604 2.227561
-1.096645 0.278174 1.314842 2.226517
-1.096445 0.278504 1.313066 2.225477
-1.096238 0.278832 1.311276 2.224438
-1.096022 0.279157 1.309472 2.223402
-1.095798 0.279479 1.307653 2.222368
-1.095566 0.279798 1.305821 2.221337
-1.095327 0.280113 1.303974 2.220308
-1.095079 0.280426 1.302112 2.219281
-1.094824 0.280735 1.300237 2.218256
-1.094561 0.281041 1.298347 2.217234
-1.094290 0.281343 1.296442 2.216214
-1.094011 0.281642 1.294524 2.215196
-1.093725 0.281938 1.292590 2.214180
-1.093431 0.282231 1.290643 2.213166
-1.093129 0.282520 1.288680 2.212155
-1.092820 0.282805 1.286703 2.211145
-1.092503 0.283087 1.284712 2.210138
-1.092178 0.283366 1.282706 2.209133
-1.091846 0.283641 1.280685 2.208130
-1.091506 0.283912 1.278650 2.207128
-1.091159 0.284180 1.276600 2.206129
-1.090804 0.284443 1.274536 2.205132
-1.090441 0.284704 1.272456 2.204137
-1.090072 0.284960 1.270362 2.203144
-1.089695 0.285213 1.268254 2.202153
-1.089310 0.285462 1.266130 2.201163
-1.088918 0.285707 1.263991 2.200176
-1.088519 0.285948 1.261838 2.199190
-1.088113 0.286185 1.259670 2.198206
-1.087699 0.286418 1.257487 2.197224
-1.087278 0.286648 1.255289 2.196244
-1.086850 0.286873 1.253076 2.195266
-1.086415 0.287094 1.250848 2.194289
-1.085973 0.287311 1.248606 2.193314
-1.085523 0.287524 1.246348 2.192341
-1.085067 0.287733 1.244075 2.191369
-1.084603 0.287938 1.241787 2.190399
-1.084133 0.288139 1.239485 2.189431
-1.083656 0.288335 1.237167 2.188464
-1.083171 0.288527 1.234834 2.187499
-1.082680 0.288715 1.232485 2.186536
-1.082182 0.288899 1.230122 2.185574
-1.081677 0.289078 1.227744 2.184613
-1.081165 0.289253 1.225350 2.183654
-1.080647 0.289424 1.222942 2.182697
-1.080122 0.289590 1.220518 2.181741
-1.079590 0.289752 1.218078 2.180786
-1.079051 0.289909 1.215624 2.179833
-1.078506 0.290062 1.213154 2.178881
-1.077954 0.290211 1.210670 2.177931
-1.077396 0.290355 1.208169 2.176981
-1.076831 0.290494 1.205654 2.176033
-1.076260 0.290629 1.203123 2.175087
-1.075683 0.290759 1.200577 2.174142
-1.075099 0.290885 1.198016 2.173197
-1.074508 0.291006 1.195439 2.172254
-1.073912 0.291122 1.192847 2.171313
-1.073309 0.291234 1.190239 2.170372
-1.072699 0.291341 1.187616 2.169433
-1.072084 0.291443 1.184978 2.168494
-1.071463 0.291541 1.182324 2.167557
-1.070835 0.291634 1.179655 2.166621
-1.070201 0.291722 1.176971 2.165685
-1.069561 0.291805 1.174271 2.164751
-1.068915 0.291883 1.171555 2.163818
-1.068264 0.291957 1.168825 2.162886
-1.067606 0.292026 1.166078 2.161954
-1.066942 0.292090 1.163316 2.161024
-1.066273 0.292149 1.160539 2.160094
-1.065598 0.292203 1.157746 2.159165
-1.064917 0.292253 1.154938 2.158238
-1.064230 0.292297 1.152114 2.157310
-1.063537 0.292337 1.149275 2.156384
-1.062839 0.292371 1.146420 2.155458
-1.062136 0.292401 1.143550 2.154534
-1.061426 0.292425 1.140664 2.153609
-1.060712 0.292445 1.137763 2.152686
-1.059991 0.292460 1.134846 2.151763
-1.059266 0.292469 1.131913 2.150841
-1.058535 0.292474 1.128965 2.149919
-1.057798 0.292473 1.126002 2.148998
-1.057057 0.292468 1.123022 2.148077
-1.056310 0.292457 1.120028 2.147157
-1.055557 0.292442 1.117017 2.146237
-1.054800 0.292421 1.113992 2.145318
-1.054037 0.292395 1.110950 2.144400
-1.053270 0.292364 1.107893 2.143481
-1.052497 0.292328 1.104821 2.142563
-1.051720 0.292287 1.101733 2.141646
-1.050937 0.292241 1.098629 2.140729
-1.050149 0.292190 1.095510 2.139812
-1.049357 0.292133 1.092375 2.138895
-1.048560 0.292071 1.089225 2.137979
-1.047758 0.292005 1.086059 2.137062
-1.046951 0.291933 1.082878 2.136147
-1.046140 0.291856 1.079681 2.135231
-1.045323 0.291773 1.076469 2.134315
-1.044503 0.291686 1.073241 2.133399
-1.043678 0.291593 1.069997 2.132484
-1.042848 0.291495 1.066738 2.131569
-1.042014 0.291392 1.063464 2.130653
-1.041175 0.291284 1.060174 2.129738
-1.040332 0.291171 1.056868 2.128823
-1.039485 0.291052 1.053547 2.127907
-1.038633 0.290928 1.050210 2.126992
-1.037777 0.290799 1.046858 2.126076
-1.036917 0.290665 1.043491 2.125161
-1.036053 0.290526 1.040108 2.124245
-1.035185 0.290381 1.036709 2.123329
-1.034313 0.290231 1.033295 2.122413
-1.033436 0.290076 1.029866 2.121497
-1.032556 0.289916 1.026421 2.120580
-1.031672 0.289751 1.022961 2.119663
-1.030784 0.289580 1.019485 2.118746
-1.029892 0.289405 1.015994 2.117828
-1.028997 0.289224 1.012488 2.116911
-1.028098 0.289037 1.008966 2.115992
-1.027195 0.288846 1.005429 2.115074
-1.026288 0.288650 1.001876 2.114155
-1.025378 0.288448 0.998308 2.113235
-1.024465 0.288241 0.994725 2.112315
-1.023548 0.288029 0.991127 2.111395
-1.022627 0.287812 0.987513 2.110474
-1.021703 0.287590 0.983884 2.109552
-1.020776 0.287362 0.980240 2.108630
-1.019846 0.287130 0.976580 2.107708
-1.018912 0.286892 0.972906 2.106784
-1.017976 0.286649 0.969216 2.105860
-1.017036 0.286401 0.965511 2.104936
-1.016093 0.286148 0.961790 2.104010
-1.015147 0.285890 0.958055 2.103084
-1.014198 0.285626 0.954304 2.102157
-1.013246 0.285358 0.950539 2.101230
-1.012291 0.285085 0.946758 2.100301
-1.011334 0.284806 0.942962 2.099372
-1.010373 0.284523 0.939151 2.098442
-1.009410 0.284234 0.935325 2.097511
-1.008445 0.283940 0.931484 2.096579
-1.007476 0.283642 0.927629 2.095646
-1.006506 0.283338 0.923758 2.094713
-1.005532 0.283030 0.919872 2.093778
-1.004556 0.282716 0.915971 2.092842
-1.003578 0.282397 0.912056 2.091906
-1.002598 0.282074 0.908125 2.090968
-1.001615 0.281745 0.904180 2.090029
-1.000629 0.281412 0.900220 2.089089
-0.999642 0.281074 0.896245 2.088148
-0.998653 0.280731 0.892256 2.087206
-0.997661 0.280383 0.888252 2.086263
-0.996667 0.280030 0.884233 2.085318
-0.995671 0.279672 0.880199 2.084372
-0.994674 0.279310 0.876151 2.083426
-0.993674 0.278942 0.872088 2.082477
-0.992673 0.278570 0.868010 2.081528
-0.991670 0.278193 0.863918 2.080577
-0.990665 0.277812 0.859812 2.079625
-0.989658 0.277426 0.855691 2.078672
-0.988650 0.277035 0.851556 2.077717
-0.987640 0.276639 0.847406 2.076761
-0.986629 0.276238 0.843241 2.075803
-0.985616 0.275833 0.839063 2.074844
-0.984602 0.275424 0.834870 2.073884
-0.983586 0.275009 0.830663 2.072922
-0.982569 0.274591 0.826441 2.071958
-0.981551 0.274167 0.822206 2.070993
-0.980531 0.273739 0.817956 2.070027
-0.979511 0.273307 0.813692 2.069059
-0.978489 0.272870 0.809414 2.068089
-0.977466 0.272429 0.805122 2.067118
-0.976442 0.271983 0.800815 2.066145
-0.975418 0.271533 0.796495 2.065171
-0.974392 0.271078 0.792161 2.064195
-0.973365 0.270619 0.787813 2.063217
-0.972338 0.270156 0.783451 2.062237
-0.971310 0.269688 0.779075 2.061256
-0.970281 0.269216 0.774686 2.060273
-0.969252 0.268740 0.770282 2.059288
-0.968222 0.268260 0.765865 2.058301
-0.967191 0.267775 0.761435 2.057313
-0.966160 0.267287 0.756990 2.056323
-0.965129 0.266794 0.752532 2.055331
-0.964097 0.266297 0.748061 2.054337
-0.963065 0.265796 0.743576 2.053341
-0.962032 0.265291 0.739078 2.052344
-0.961000 0.264781 0.734566 2.051344
-0.959967 0.264268 0.730040 2.050342
-0.958934 0.263751 0.725502 2.049339
-0.957901 0.263230 0.720950 2.048334
-0.956868 0.262705 0.716385 2.047326
-0.955835 0.262176 0.711807 2.046317
-0.954802 0.261644 0.707215 2.045305
-0.953770 0.261107 0.702611 2.044292
-0.952737 0.260567 0.697994 2.043276
-0.951705 0.260023 0.693363 2.042258
-0.950673 0.259476 0.688720 2.041239
-0.949641 0.258924 0.684063 2.040217
-0.948610 0.258369 0.679394 2.039193
-0.947580 0.257811 0.674712 2.038167
-0.946549 0.257249 0.670018 2.037138
-0.945520 0.256683 0.665310 2.036108
-0.944491 0.256114 0.660590 2.035075
-0.943463 0.255542 0.655858 2.034040
-0.942435 0.254966 0.651112 2.033003
-0.941408 0.254386 0.646355 2.031964
-0.940382 0.253804 0.641585 2.030922
-0.939357 0.253218 0.636802 2.029878
-0.938333 0.252628 0.632008 2.028832
-0.937310 0.252036 0.627201 2.027784
-0.936288 0.251440 0.622382 2.026733
-0.935267 0.250841 0.617550 2.025680
-0.934247 0.250239 0.612707 2.024624
-0.933228 0.249634 0.607851 2.023567
-0.932211 0.249026 0.602984 2.022507
-0.931195 0.248415 0.598105 2.021444
-0.930180 0.247801 0.593213 2.020379
-0.929167 0.247184 0.588310 2.019312
-0.928155 0.246564 0.583395 2.018242
-0.927145 0.245942 0.578469 2.017170
-0.926136 0.245316 0.573531 2.016095
-0.925129 0.244688 0.568581 2.015018
-0.924123 0.244057 0.563620 2.013938
-0.923119 0.243424 0.558648 2.012856
-0.922117 0.242788 0.553664 2.011772
-0.921117 0.242149 0.548668 2.010685
-0.920119 0.241508 0.543662 2.009595
-0.919122 0.240864 0.538644 2.008503
-0.918128 0.240218 0.533615 2.007408
-0.917135 0.239569 0.528575 2.006311
-0.916145 0.238918 0.523524 2.005212
-0.915157 0.238265 0.518462 2.004109
-0.914171 0.237609 0.513389 2.003004
-0.913187 0.236952 0.508306 2.001897
-0.912206 0.236292 0.503212 2.000787
-0.911226 0.235630 0.498107 1.999674
-0.910250 0.234966 0.492991 1.998559
-0.909275 0.234299 0.487865 1.997441
-0.908303 0.233631 0.482728 1.996320
-0.907334 0.232961 0.477581 1.995197
-0.906367 0.232289 0.472424 1.994071
-0.905403 0.231615 0.467256 1.992943
-0.904442 0.230940 0.462078 1.991811
-0.903483 0.230262 0.456890 1.990678
-0.902527 0.229583 0.451692 1.989541
-0.901574 0.228903 0.446484 1.988402
-0.900623 0.228220 0.441266 1.987260
-0.899676 0.227536 0.436038 1.986115
-0.898732 0.226851 0.430801 1.984968
-0.897791 0.226164 0.425554 1.983818
-0.896852 0.225476 0.420297 1.982665
-0.895917 0.224786 0.415030 1.981510
-0.894985 0.224095 0.409754 1.980351
-0.894056 0.223403 0.404469 1.979190
-0.893131 0.222710 0.399174 1.978027
-0.892209 0.222015 0.393870 1.976860
-0.891290 0.221320 0.388557 1.975691
-0.890375 0.220623 0.383235 1.974519
-0.889463 0.219926 0.377903 1.973344
-0.888555 0.219227 0.372563 1.972167
-0.887650 0.218527 0.367214 1.970987
-0.886749 0.217827 0.361856 1.969804
-0.885851 0.217126 0.356489 1.968618
-0.884957 0.216424 0.351114 1.967429
-0.884067 0.215722 0.345730 1.966238
-0.883181 0.215018 0.340337 1.965044
-0.882298 0.214315 0.334936 1.963847
-0.881420 0.213610 0.329527 1.962647
-0.880545 0.212906 0.324109 1.961445
-0.879674 0.212201 0.318684 1.960240
-0.878808 0.211495 0.313250 1.959031
-0.877945 0.210789 0.307808 1.957821
-0.877087 0.210083 0.302358 1.956607
-0.876232 0.209377 0.296901 1.955391
-0.875382 0.208670 0.291435 1.954171
-0.874536 0.207964 0.285962 1.952949
-0.873695 0.207257 0.280481 1.951725
-0.872858 0.206551 0.274993 1.950497
-0.872025 0.205845 0.269497 1.949267
-0.871197 0.205138 0.263994 1.948034
-0.870373 0.204432 0.258484 1.946798
-0.869553 0.203726 0.252966 1.945559
-0.868739 0.203021 0.247441 1.944317
-0.867928 0.202316 0.241909 1.943073
-0.867123 0.201611 0.236371 1.941826
-0.866322 0.200907 0.230825 1.940576
-0.865526 0.200203 0.225272 1.939324
-0.864735 0.199500 0.219713 1.938068
-0.863948 0.198797 0.214148 1.936810
-0.863167 0.198095 0.208575 1.935549
-0.862390 0.197394 0.202997 1.934286
-0.861618 0.196694 0.197411 1.933019
-0.860852 0.195995 0.191820 1.931750
-0.860090 0.195296 0.186223 1.930478
-0.859333 0.194599 0.180619 1.929204
-0.858582 0.193903 0.175009 1.927926
-0.857836 0.193207 0.169394 1.926646
-0.857094 0.192513 0.163772 1.925363
-0.856359 0.191820 0.158145 1.924078
-0.855628 0.191129 0.152512 1.922790
-0.854903 0.190438 0.146874 1.921499
-0.854183 0.189750 0.141230 1.920205
-0.853469 0.189062 0.135581 1.918909
-0.852760 0.188376 0.129926 1.917610
-0.852056 0.187692 0.124267 1.916308
-0.851358 0.187009 0.118602 1.915004
-0.850666 0.186328 0.112932 1.913697
-0.849979 0.185649 0.107257 1.912387
-0.849298 0.184972 0.101578 1.911075
-0.848622 0.184296 0.095893 1.909760
-0.847953 0.183623 0.090204 1.908442
-0.847289 0.182951 0.084511 1.907122
-0.846631 0.182281 0.078813 1.905799
-0.845978 0.181614 0.073110 1.904474
-0.845332 0.180949 0.067404 1.903146
-0.844691 0.180285 0.061693 1.901816
-0.844057 0.179625 0.055978 1.900483
-0.843428 0.178966 0.050259 1.899147
-0.842806 0.178310 0.044536 1.897809
-0.842189 0.177657 0.038809 1.896468
-0.841579 0.177006 0.033078 1.895125
-0.840975 0.176357 0.027344 1.893779
-0.840377 0.175711 0.021607 1.892431
-0.839785 0.175068 0.015866 1.891080
-0.839199 0.174428 0.010121 1.889727
-0.838620 0.173791 0.004373 1.888371
-0.838047 0.173156 -0.001377 1.887013
-0.837480 0.172524 -0.007131 1.885653
-0.836920 0.171896 -0.012888 1.884290
-0.836366 0.171270 -0.018648 1.882924
-0.835818 0.170648 -0.024410 1.881557
-0.835277 0.170028 -0.030175 1.880186
-0.834743 0.169412 -0.035943 1.878814
-0.834215 0.168800 -0.041713 1.877439
-0.833694 0.168190 -0.047486 1.876062
-0.833179 0.167584 -0.053261 1.874683
-0.832671 0.166982 -0.059038 1.873301
-0.832170 0.166383 -0.064817 1.871917
-0.831675 0.165788 -0.070598 1.870531
-0.831187 0.165196 -0.076381 1.869142
-0.830706 0.164608 -0.082166 1.867751
-0.830232 0.164024 -0.087952 1.866358
-0.829764 0.163444 -0.093740 1.864963
-0.829304 0.162868 -0.099530 1.863566
-0.828850 0.162296 -0.105321 1.862166
-0.828403 0.161727 -0.111113 1.860765
-0.827963 0.161163 -0.116907 1.859361
-0.827530 0.160603 -0.122701 1.857955
-0.827104 0.160047 -0.128497 1.856547
-0.826686 0.159495 -0.134293 1.855137
-0.826274 0.158948 -0.140091 1.853725
-0.825869 0.158405 -0.145889 1.852311
-0.825472 0.157867 -0.151687 1.850894
-0.825081 0.157333 -0.157486 1.849476
-0.824698 0.156804 -0.163286 1.848056
-0.824322 0.156279 -0.169086 1.846634
-0.823953 0.155759 -0.174886 1.845210
-0.823592 0.155244 -0.180686 1.843784
-0.823238 0.154733 -0.186486 1.842356
-0.822891 0.154228 -0.192286 1.840927
-0.822551 0.153727 -0.198085 1.839495
-0.822219 0.153231 -0.203885 1.838062
-0.821894 0.152740 -0.209684 1.836627
-0.821577 0.152255 -0.215482 1.835190
-0.821267 0.151774 -0.221280 1.833751
-0.820964 0.151299 -0.227078 1.832311
-0.820669 0.150829 -0.232874 1.830869
-0.820382 0.150365 -0.238669 1.829425
-0.820102 0.149905 -0.244464 1.827980
-0.819830 0.149452 -0.250257 1.826533
-0.819565 0.149003 -0.256049 1.825084
-0.819308 0.148561 -0.261840 1.823634
-0.819058 0.148124 -0.267629 1.822182
-0.818816 0.147692 -0.273417 1.820729
-0.818582 0.147266 -0.279203 1.819274
-0.818355 0.146847 -0.284988 1.817818
-0.818136 0.146433 -0.290771 1.816360
-0.817925 0.146024 -0.296551 1.814901
-0.817722 0.145622 -0.302330 1.813440
-0.817526 0.145226 -0.308106 1.811978
-0.817339 0.144836 -0.313881 1.810515
-0.817159 0.144452 -0.319652 1.809050
-0.816986 0.144074 -0.325422 1.807584
-0.816822 0.143703 -0.331189 1.806117
-0.816666 0.143338 -0.336953 1.804648
-0.816517 0.142979 -0.342714 1.803178
-0.816376 0.142626 -0.348473 1.801708
-0.816244 0.142280 -0.354229 1.800235
-0.816119 0.141941 -0.359981 1.798762
-0.816002 0.141608 -0.365731 1.797288
-0.815893 0.141282 -0.371477 1.795812
-0.815792 0.140962 -0.377219 1.794336
-0.815699 0.140649 -0.382959 1.792859
-0.815614 0.140343 -0.388694 1.791380
-0.815538 0.140044 -0.394426 1.789901
-0.815469 0.139752 -0.400154 1.788420
-0.815408 0.139467 -0.405879 1.786939
-0.815355 0.139188 -0.411599 1.785457
-0.815311 0.138917 -0.417315 1.783974
-0.815274 0.138653 -0.423027 1.782490
-0.815246 0.138396 -0.428735 1.781006
-0.815226 0.138146 -0.434438 1.779520
-0.815214 0.137904 -0.440137 1.778034
-0.815210 0.137669 -0.445831 1.776548
-0.815214 0.137441 -0.451520 1.775060
-0.815227 0.137221 -0.457205 1.773572
-0.815247 0.137008 -0.462885 1.772084
-0.815276 0.136803 -0.468559 1.770595
-0.815313 0.136605 -0.474229 1.769105
-0.815358 0.136415 -0.479893 1.767615
-0.815412 0.136232 -0.485552 1.766125
-0.815474 0.136058 -0.491206 1.764634
-0.815544 0.135891 -0.496854 1.763142
-0.815622 0.135732 -0.502496 1.761651
-0.815708 0.135580 -0.508132 1.760159
-0.815803 0.135437 -0.513763 1.758666
-0.815906 0.135302 -0.519388 1.757174
-0.816018 0.135175 -0.525007 1.755681
-0.816137 0.135055 -0.530619 1.754188
-0.816265 0.134944 -0.536226 1.752695
-0.816402 0.134842 -0.541826 1.751202
-0.816546 0.134747 -0.547419 1.749708
-0.816699 0.134661 -0.553006 1.748215
-0.816861 0.134582 -0.558586 1.746722
-0.817030 0.134513 -0.564160 1.745228
-0.817208 0.134452 -0.569727 1.743735
-0.817395 0.134399 -0.575286 1.742242
-0.817589 0.134354 -0.580839 1.740749
-0.817792 0.134319 -0.586384 1.739256
-0.818004 0.134291 -0.591923 1.737764
-0.818223 0.134273 -0.597453 1.736271
-0.818451 0.134263 -0.602977 1.734779
-0.818688 0.134262 -0.608493 1.733287
-0.818933 0.134269 -0.614001 1.731796
-0.819186 0.134286 -0.619501 1.730305
-0.819448 0.134311 -0.624994 1.728815
-0.819717 0.134345 -0.630478 1.727324
-0.819996 0.134388 -0.635955 1.725835
-0.820282 0.134440 -0.641423 1.724346
-0.820578 0.134502 -0.646883 1.722857
-0.820881 0.134572 -0.652334 1.721370
-0.821193 0.134651 -0.657778 1.719882
-0.821513 0.134739 -0.663212 1.718396
-0.821842 0.134837 -0.668638 1.716910
-0.822179 0.134944 -0.674055 1.715425
-0.822524 0.135060 -0.679464 1.713941
-0.822878 0.135186 -0.684863 1.712458
-0.823240 0.135320 -0.690253 1.710976
-0.823610 0.135465 -0.695634 1.709495
-0.823989 0.135618 -0.701006 1.708014
-0.824376 0.135781 -0.706369 1.706535
-0.824771 0.135954 -0.711722 1.705056
-0.825175 0.136136 -0.717065 1.703579
-0.825587 0.136328 -0.722399 1.702103
-0.826008 0.136529 -0.727723 1.700628
-0.826436 0.136740 -0.733038 1.699155
-0.826873 0.136961 -0.738342 1.697682
-0.827319 0.137191 -0.743636 1.696211
-0.827773 0.137431 -0.748921 1.694741
-0.828235 0.137681 -0.754194 1.693273
-0.828705 0.137941 -0.759458 1.691806
-0.829184 0.138210 -0.764711 1.690341
-0.829671 0.138490 -0.769954 1.688877
-0.830166 0.138779 -0.775186 1.687415
-0.830669 0.139079 -0.780408 1.685954
-0.831181 0.139388 -0.785618 1.684495
-0.831701 0.139708 -0.790818 1.683037
-0.832229 0.140037 -0.796007 1.681582
-0.832765 0.140377 -0.801185 1.680128
-0.833310 0.140726 -0.806351 1.678675
-0.833863 0.141086 -0.811506 1.677225
-0.834424 0.141456 -0.816650 1.675777
-0.834993 0.141836 -0.821783 1.674330
-0.835570 0.142227 -0.826904 1.672886
-0.836156 0.142628 -0.832013 1.671443
-0.836749 0.143039 -0.837111 1.670003
-0.837351 0.143460 -0.842196 1.668565
-0.837961 0.143892 -0.847270 1.667129
-0.838579 0.144334 -0.852332 1.665695
-0.839205 0.144786 -0.857382 1.664263
-0.839839 0.145249 -0.862419 1.662834
-0.840481 0.145723 -0.867445 1.661407
-0.841131 0.146207 -0.872458 1.659982
-0.841790 0.146701 -0.877458 1.658560
-0.842456 0.147206 -0.882446 1.657140
-0.843130 0.147721 -0.887422 1.655723
-0.843813 0.148247 -0.892384 1.654308
-0.844503 0.148784 -0.897334 1.652896
-0.845201 0.149331 -0.902271 1.651486
-0.845907 0.149889 -0.907195 1.650080
-0.846621 0.150458 -0.912106 1.648676
-0.847343 0.151037 -0.917004 1.647274
-0.848073 0.151627 -0.921888 1.645876
-0.848810 0.152228 -0.926759 1.644480
-0.849556 0.152840 -0.931617 1.643088
-0.850309 0.153462 -0.936461 1.641698
-0.851070 0.154095 -0.941292 1.640311
-0.851839 0.154739 -0.946109 1.638927
-0.852616 0.155393 -0.950912 1.637547
-0.853400 0.156059 -0.955702 1.636169
-0.854192 0.156736 -0.960477 1.634795
-0.854992 0.157423 -0.965239 1.633424
-0.855799 0.158121 -0.969986 1.632056
-0.856614 0.158830 -0.974720 1.630692
-0.857437 0.159550 -0.979439 1.629331
-0.858267 0.160281 -0.984143 1.627973
-0.859105 0.161023 -0.988833 1.626619
-0.859950 0.161776 -0.993509 1.625268
-0.860803 0.162540 -0.998170 1.623921
-0.861664 0.163315 -1.002817 1.622577
-0.862532 0.164101 -1.007449 1.621237
-0.863407 0.164898 -1.012065 1.619901
-0.864290 0.165706 -1.016668 1.618568
-0.865180 0.166525 -1.021255 1.617239
-0.866078 0.167355 -1.025827 1.615914
-0.866982 0.168196 -1.030383 1.614593
-0.867895 0.169049 -1.034925 1.613276
-0.868814 0.169912 -1.039451 1.611963
-0.869741 0.170786 -1.043962 1.610654
-0.870675 0.171672 -1.048458 1.609349
-0.871616 0.172569 -1.052938 1.608048
-0.872565 0.173476 -1.057402 1.606751
-0.873520 0.174395 -1.061851 1.605458
-0.874483 0.175325 -1.066284 1.604169
-0.875453 0.176267 -1.070701 1.602885
-0.876430 0.177219 -1.075102 1.601605
-0.877414 0.178182 -1.079487 1.600330
-0.878405 0.179157 -1.083856 1.599059
-0.879403 0.180143 -1.088209 1.597792
-0.880407 0.181140 -1.092546 1.596530
-0.881419 0.182148 -1.096867 1.595273
-0.882438 0.183167 -1.101171 1.594020
-0.883463 0.184197 -1.105459 1.592771
-0.884496 0.185239 -1.109730 1.591528
-0.885535 0.186292 -1.113985 1.590289
-0.886580 0.187356 -1.118223 1.589055
-0.887633 0.188431 -1.122445 1.587826
-0.888692 0.189517 -1.126649 1.586602
-0.889758 0.190614 -1.130837 1.585382
-0.890831 0.191723 -1.135008 1.584168
-0.891910 0.192843 -1.139162 1.582959
-0.892995 0.193973 -1.143299 1.581754
-0.894087 0.195115 -1.147419 1.580555
-0.895186 0.196269 -1.151522 1.579361
-0.896291 0.197433 -1.155607 1.578172
-0.897402 0.198608 -1.159676 1.576989
-0.898520 0.199795 -1.163726 1.575811
-0.899644 0.200993 -1.167760 1.574638
-0.900774 0.202201 -1.171776 1.573470
-0.901911 0.203421 -1.175774 1.572308
-0.903054 0.204652 -1.179755 1.571152
-0.904203 0.205894 -1.183718 1.570001
-0.905358 0.207148 -1.187663 1.568855
-0.906519 0.208412 -1.191590 1.567715
-0.907686 0.209687 -1.195500 1.566581
-0.908860 0.210974 -1.199391 1.565453
-0.910039 0.212271 -1.203265 1.564330
-0.911224 0.213580 -1.207121 1.563213
-0.912415 0.214899 -1.210958 1.562102
-0.913612 0.216229 -1.214777 1.560997
-0.914815 0.217571 -1.218579 1.559898
-0.916023 0.218923 -1.222361 1.558805
-0.917237 0.220287 -1.226126 1.557718
-0.918457 0.221661 -1.229872 1.556637
-0.919683 0.223046 -1.233599 1.555562
-0.920914 0.224443 -1.237308 1.554493
-0.922151 0.225850 -1.240999 1.553430
-0.923393 0.227268 -1.244671 1.552374
-0.924641 0.228697 -1.248324 1.551324
-0.925894 0.230136 -1.251959 1.550280
-0.927152 0.231587 -1.255574 1.549243
-0.928416 0.233048 -1.259171 1.548212
-0.929685 0.234520 -1.262749 1.547188
-0.930960 0.236003 -1.266308 1.546170
-0.932239 0.237497 -1.269848 1.545159
-0.933524 0.239001 -1.273369 1.544155
-0.934814 0.240517 -1.276871 1.543157
-0.936109 0.242042 -1.280354 1.542166
-0.937409 0.243579 -1.283817 1.541181
-0.938714 0.245126 -1.287262 1.540203
-0.940023 0.246684 -1.290687 1.539233
-0.941338 0.248252 -1.294093 1.538269
-0.942658 0.249831 -1.297479 1.537312
-0.943982 0.251420 -1.300846 1.536362
-0.945311 0.253020 -1.304193 1.535419
-0.946645 0.254630 -1.307521 1.534483
-0.947983 0.256251 -1.310829 1.533554
-0.949326 0.257882 -1.314118 1.532632
-0.950673 0.259524 -1.317387 1.531718
-0.952025 0.261176 -1.320637 1.530810
-0.953382 0.262839 -1.323866 1.529910
-0.954743 0.264511 -1.327076 1.529018
-0.956108 0.266194 -1.330266 1.528132
-0.957477 0.267887 -1.333436 1.527254
-0.958851 0.269591 -1.336587 1.526384
-0.960228 0.271304 -1.339717 1.525521
-0.961610 0.273028 -1.342827 1.524665
-0.962996 0.274762 -1.345918 1.523817
-0.964386 0.276506 -1.348988 1.522977
-0.965781 0.278260 -1.352038 1.522145
-0.967178 0.280024 -1.355068 1.521320
-0.968580 0.281798 -1.358078 1.520502
-0.969986 0.283582 -1.361068 1.519693
-0.971395 0.285376 -1.364038 1.518891
-0.972808 0.287180 -1.366987 1.518098
-0.974225 0.288994 -1.369916 1.517312
-0.975646 0.290817 -1.372824 1.516534
-0.977069 0.292650 -1.375712 1.515764
-0.978497 0.294493 -1.378580 1.515002
-0.979928 0.296345 -1.381428 1.514248
-0.981362 0.298208 -1.384254 1.513503
-0.982799 0.300079 -1.387061 1.512765
-0.984240 0.301961 -1.389847 1.512036
-0.985684 0.303852 -1.392612 1.511315
-0.987131 0.305752 -1.395357 1.510602
-0.988582 0.307662 -1.398081 1.509897
-0.990035 0.309581 -1.400784 1.509201
-0.991491 0.311509 -1.403467 1.508513
-0.992951 0.313447 -1.406129 1.507834
-0.994413 0.315394 -1.408771 1.507163
-0.995878 0.317350 -1.411391 1.506500
-0.997345 0.319316 -1.413991 1.505846
-0.998816 0.321290 -1.416570 1.505201
-1.000289 0.323274 -1.419129 1.504564
-1.001765 0.325266 -1.421666 1.503936
-1.003243 0.327268 -1.424183 1.503317
-1.004723 0.329278 -1.426678 1.502706
-1.006206 0.331298 -1.429153 1.502104
-1.007692 0.333326 -1.431607 1.501511
-1.009179 0.335363 -1.434040 1.500927
-1.010669 0.337408 -1.436452 1.500351
-1.012161 0.339463 -1.438843 1.499785
-1.013656 0.341525 -1.441213 1.499227
-1.015152 0.343597 -1.443562 1.498679
-1.016650 0.345677 -1.445890 1.498139
-1.018150 0.347765 -1.448197 1.497609
-1.019652 0.349862 -1.450483 1.497087
-1.021156 0.351967 -1.452747 1.496575
-1.022662 0.354081 -1.454991 1.496072
-1.024169 0.356203 -1.457214 1.495578
-1.025678 0.358333 -1.459415 1.495094
-1.027188 0.360471 -1.461595 1.494618
-1.028700 0.362617 -1.463755 1.494152
-1.030214 0.364771 -1.465893 1.493695
-1.031728 0.366933 -1.468010 1.493248
-1.033244 0.369103 -1.470105 1.492810
-1.034762 0.371281 -1.472180 1.492381
-1.036280 0.373467 -1.474233 1.491962
-1.037800 0.375660 -1.476265 1.491553
-1.039321 0.377861 -1.478276 1.491153
-1.040842 0.380069 -1.480266 1.490762
-1.042365 0.382286 -1.482234 1.490381
-1.043888 0.384509 -1.484182 1.490010
-1.045413 0.386740 -1.486108 1.489648
-1.046938 0.388978 -1.488012 1.489297
-1.048463 0.391224 -1.489896 1.488954
-1.049990 0.393477 -1.491758 1.488622
-1.051516 0.395737 -1.493599 1.488299
-1.053044 0.398004 -1.495419 1.487987
-1.054571 0.400278 -1.497218 1.487684
-1.056100 0.402559 -1.498995 1.487391
-1.057628 0.404847 -1.500751 1.487107
-1.059156 0.407142 -1.502486 1.486834
-1.060685 0.409444 -1.504199 1.486571
-1.062214 0.411752 -1.505892 1.486318
-1.063743 0.414067 -1.507563 1.486074
-1.065272 0.416388 -1.509213 1.485841
-1.066800 0.418716 -1.510841 1.485618
-1.068329 0.421051 -1.512448 1.485405
-1.069857 0.423392 -1.514035 1.485202
-1.071385 0.425739 -1.515600 1.485010
-1.072912 0.428092 -1.517143 1.484827
-1.074440 0.430451 -1.518666 1.484655
-1.075966 0.432817 -1.520167 1.484493
-1.077492 0.435188 -1.521647 1.484341
-1.079018 0.437565 -1.523106 1.484200
-1.080542 0.439948 -1.524544 1.484069
-1.082066 0.442337 -1.525960 1.483948
-1.083589 0.444732 -1.527356 1.483838
-1.085111 0.447132 -1.528730 1.483738
-1.086632 0.449538 -1.530083 1.483648
-1.088152 0.451950 -1.531415 1.483569
-1.089671 0.454366 -1.532726 1.483501
-1.091189 0.456788 -1.534016 1.483443
-1.092705 0.459216 -1.535285 1.483395
-1.094220 0.461648 -1.536532 1.483358
-1.095734 0.464086 -1.537759 1.483332
-1.097246 0.466528 -1.538964 1.483316
-1.098757 0.468976 -1.540149 1.483311
-1.100266 0.471428 -1.541312 1.483317
-1.101774 0.473886 -1.542455 1.483333
-1.103279 0.476347 -1.543577 1.483360
-1.104783 0.478814 -1.544677 1.483397
-1.106285 0.481285 -1.545757 1.483446
-1.107785 0.483761 -1.546816 1.483505
-1.109283 0.486240 -1.547854 1.483574
-1.110779 0.488725 -1.548871 1.483655
-1.112273 0.491213 -1.549867 1.483747
-1.113764 0.493706 -1.550843 1.483849
-1.115253 0.496202 -1.551797 1.483962
-1.116740 0.498703 -1.552731 1.484086
-1.118225 0.501207 -1.553644 1.484221
-1.119706 0.503716 -1.554537 1.484367
-1.121186 0.506228 -1.555408 1.484524
-1.122662 0.508744 -1.556259 1.484691
-1.124136 0.511263 -1.557090 1.484870
-1.125607 0.513785 -1.557899 1.485060
-1.127075 0.516312 -1.558689 1.485260
-1.128541 0.518841 -1.559457 1.485472
-1.130003 0.521374 -1.560205 1.485695
-1.131462 0.523909 -1.560933 1.485929
-1.132918 0.526448 -1.561640 1.486173
-1.134371 0.528990 -1.562327 1.486429
-1.135821 0.531534 -1.562993 1.486697
-1.137267 0.534082 -1.563639 1.486975
-1.138709 0.536632 -1.564265 1.487264
-1.140149 0.539184 -1.564870 1.487565
-1.141584 0.541740 -1.565455 1.487876
-1.143016 0.544297 -1.566020 1.488199
-1.144444 0.546857 -1.566564 1.488533
-1.145869 0.549419 -1.567088 1.488878
-1.147289 0.551984 -1.567593 1.489235
-1.148706 0.554550 -1.568077 1.489602
-1.150119 0.557118 -1.568541 1.489981
-1.151527 0.559689 -1.568985 1.490371
-1.152932 0.562261 -1.569409 1.490773
-1.154332 0.564834 -1.569813 1.491185
-1.155728 0.567410 -1.570198 1.491609
-1.157119 0.569987 -1.570562 1.492045
-1.158506 0.572565 -1.570906 1.492491
-1.159889 0.575145 -1.571231 1.492949
-1.161267 0.577725 -1.571536 1.493418
-1.162640 0.580308 -1.571822 1.493899
-1.164009 0.582891 -1.572087 1.494391
-1.165372 0.585475 -1.572334 1.494894
-1.166731 0.588059 -1.572560 1.495409
-1.168085 0.590645 -1.572767 1.495935
-1.169434 0.593231 -1.572955 1.496472
-1.170778 0.595818 -1.573123 1.497021
-1.172117 0.598406 -1.573272 1.497581
-1.173450 0.600994 -1.573401 1.498153
-1.174778 0.603582 -1.573511 1.498736
-1.176101 0.606170 -1.573602 1.499330
-1.177419 0.608758 -1.573674 1.499936
-1.178730 0.611347 -1.573726 1.500554
-1.180037 0.613935 -1.573760 1.501182
-1.181337 0.616523 -1.573774 1.501823
-1.182632 0.619111 -1.573770 1.502474
-1.183921 0.621698 -1.573746 1.503137
-1.185204 0.624285 -1.573704 1.503812
-1.186482 0.626871 -1.573643 1.504498
-1.187753 0.629457 -1.573563 1.505195
-1.189018 0.632042 -1.573464 1.505904
-1.190277 0.634626 -1.573347 1.506624
-1.191530 0.637209 -1.573211 1.507356
-1.192776 0.639791 -1.573056 1.508099
-1.194016 0.642372 -1.572883 1.508854
-1.195250 0.644951 -1.572692 1.509620
-1.196477 0.647530 -1.572482 1.510398
-1.197697 0.650106 -1.572254 1.511187
-1.198911 0.652681 -1.572007 1.511988
-1.200118 0.655255 -1.571743 1.512800
-1.201318 0.657827 -1.571460 1.513624
-1.202512 0.660396 -1.571159 1.514459
-1.203698 0.662964 -1.570840 1.515305
-1.204878 0.665530 -1.570503 1.516163
-1.206050 0.668094 -1.570148 1.517033
-1.207215 0.670655 -1.569776 1.517914
-1.208373 0.673214 -1.569385 1.518806
-1.209524 0.675770 -1.568977 1.519710
-1.210667 0.678324 -1.568551 1.520625
-1.211803 0.680875 -1.568108 1.521552
-1.212931 0.683424 -1.567647 1.522490
-1.214051 0.685969 -1.567168 1.523440
-1.215164 0.688512 -1.566672 1.524401
-1.216270 0.691051 -1.566159 1.525373
-1.217367 0.693588 -1.565629 1.526357
-1.218457 0.696121 -1.565081 1.527353
-1.219539 0.698650 -1.564516 1.528359
-1.220612 0.701176 -1.563934 1.529378
-1.221678 0.703699 -1.563335 1.530407
-1.222735 0.706218 -1.562719 1.531448
-1.223785 0.708733 -1.562087 1.532501
-1.224825 0.711244 -1.561437 1.533564
-1.225858 0.713751 -1.560771 1.534640
-1.226882 0.716254 -1.560088 1.535726
-1.227898 0.718752 -1.559388 1.536824
-1.228905 0.721247 -1.558672 1.537933
-1.229903 0.723737 -1.557940 1.539054
-1.230893 0.726222 -1.557191 1.540186
-1.231874 0.728703 -1.556426 1.541329
-1.232846 0.731179 -1.555645 1.542483
-1.233809 0.733650 -1.554847 1.543649
-1.234763 0.736116 -1.554033 1.544826
-1.235709 0.738578 -1.553204 1.546015
-1.236645 0.741034 -1.552358 1.547214
-1.237571 0.743484 -1.551497 1.548425
-1.238489 0.745930 -1.550620 1.549647
-1.239397 0.748370 -1.549727 1.550881
-1.240296 0.750804 -1.548818 1.552125
-1.241185 0.753233 -1.547894 1.553381
-1.242065 0.755656 -1.546955 1.554648
-1.242936 0.758073 -1.546000 1.555926
-1.243796 0.760484 -1.545029 1.557215
-1.244647 0.762889 -1.544044 1.558516
-1.245488 0.765288 -1.543043 1.559827
-1.246319 0.767680 -1.542028 1.561150
-1.247141 0.770066 -1.540997 1.562484
-1.247952 0.772446 -1.539951 1.563829
-1.248753 0.774819 -1.538891 1.565184
-1.249544 0.777185 -1.537815 1.566551
-1.250325 0.779544 -1.536726 1.567929
-1.251096 0.781897 -1.535621 1.569318
-1.251856 0.784242 -1.534502 1.570718
-1.252606 0.786580 -1.533369 1.572129
-1.253345 0.788911 -1.532221 1.573551
-1.254074 0.791235 -1.531059 1.574984
-1.254792 0.793551 -1.529882 1.576427
-1.255500 0.795860 -1.528692 1.577882
-1.256197 0.798161 -1.527488 1.579348
-1.256883 0.800454 -1.526269 1.580824
-1.257558 0.802739 -1.525037 1.582311
-1.258222 0.805017 -1.523791 1.583809
-1.258876 0.807286 -1.522532 1.585318
-1.259518 0.809547 -1.521259 1.586837
-1.260149 0.811800 -1.519972 1.588368
-1.260769 0.814045 -1.518672 1.589909
-1.261378 0.816281 -1.517359 1.591460
-1.261975 0.818508 -1.516032 1.593023
-1.262561 0.820727 -1.514692 1.594596
-1.263136 0.822937 -1.513340 1.596179
-1.263699 0.825138 -1.511974 1.597774
-1.264251 0.827329 -1.510595 1.599378
-1.264791 0.829512 -1.509204 1.600994
-1.265319 0.831686 -1.507800 1.602620
-1.265836 0.833850 -1.506383 1.604256
-1.266340 0.836005 -1.504954 1.605903
-1.266833 0.838151 -1.503512 1.607560
-1.267314 0.840286 -1.502058 1.609228
-1.267783 0.842412 -1.500592 1.610906
-1.268240 0.844529 -1.499113 1.612595
-1.268685 0.846635 -1.497623 1.614294
-1.269118 0.848731 -1.496120 1.616003
-1.269538 0.850817 -1.494606 1.617722
-1.269946 0.852893 -1.493080 1.619452
-1.270342 0.854959 -1.491542 1.621192
-1.270725 0.857014 -1.489993 1.622942
-1.271096 0.859058 -1.488432 1.624703
-1.271455 0.861092 -1.486859 1.626473
-1.271800 0.863115 -1.485276 1.628254
-1.272133 0.865128 -1.483681 1.630045
-1.272454 0.867129 -1.482075 1.631845
-1.272761 0.869119 -1.480458 1.633656
-1.273056 0.871098 -1.478830 1.635477
-1.273338 0.873066 -1.477191 1.637308
-1.273607 0.875023 -1.475541 1.639148
-1.273863 0.876968 -1.473881 1.640999
-1.274106 0.878902 -1.472210 1.642859
-1.274336 0.880823 -1.470529 1.644729
-1.274553 0.882734 -1.468838 1.646609
-1.274756 0.884632 -1.467136 1.648499
-1.274946 0.886518 -1.465424 1.650398
-1.275123 0.888393 -1.463702 1.652308
-1.275286 0.890255 -1.461969 1.654226
-1.275436 0.892105 -1.460228 1.656155
-1.275573 0.893943 -1.458476 1.658093
-1.275696 0.895768 -1.456714 1.660041
-1.275805 0.897581 -1.454943 1.661998
-1.275901 0.899381 -1.453163 1.663964
-1.275983 0.901168 -1.451373 1.665940
-1.276051 0.902943 -1.449574 1.667926
-1.276105 0.904704 -1.447766 1.669920
-1.276145 0.906453 -1.445948 1.671925
-1.276172 0.908188 -1.444122 1.673938
-1.276184 0.909911 -1.442287 1.675961
-1.276183 0.911620 -1.440443 1.677993
-1.276167 0.913315 -1.438590 1.680034
-1.276137 0.914997 -1.436729 1.682084
-1.276093 0.916666 -1.434859 1.684143
-1.276035 0.918321 -1.432981 1.686211
-1.275963 0.919962 -1.431094 1.688289
-1.275876 0.921589 -1.429200 1.690375
-1.275775 0.923203 -1.427297 1.692470
-1.275659 0.924802 -1.425386 1.694575
-1.275529 0.926387 -1.423468 1.696688
-1.275384 0.927958 -1.421542 1.698810
-1.275225 0.929514 -1.419608 1.700940
-1.275050 0.931057 -1.417666 1.703080
-1.274862 0.932584 -1.415717 1.705228
-1.274658 0.934097 -1.413761 1.707384
-1.274440 0.935596 -1.411797 1.709550
-1.274207 0.937079 -1.409826 1.711724
-1.273959 0.938548 -1.407848 1.713906
-1.273696 0.940002 -1.405864 1.716097
-1.273418 0.941440 -1.403872 1.718296
-1.273125 0.942864 -1.401873 1.720504
-1.272817 0.944272 -1.399868 1.722720
-1.272494 0.945665 -1.397857 1.724945
-1.272156 0.947043 -1.395839 1.727177
-1.271802 0.948405 -1.393814 1.729418
-1.271434 0.949752 -1.391784 1.731667
-1.271050 0.951083 -1.389747 1.733924
-1.270650 0.952398 -1.387704 1.736189
-1.270235 0.953697 -1.385656 1.738463
-1.269805 0.954981 -1.383601 1.740744
-1.269359 0.956248 -1.381541 1.743033
-1.268898 0.957500 -1.379475 1.745330
-1.268421 0.958735 -1.377404 1.747635
-1.267929 0.959954 -1.375327 1.749948
-1.267421 0.961156 -1.373245 1.752268
-1.266897 0.962342 -1.371158 1.754596
-1.266358 0.963512 -1.369066 1.756932
-1.265803 0.964665 -1.366969 1.759275
-1.265232 0.965802 -1.364866 1.761626
-1.264645 0.966921 -1.362760 1.763985
-1.264042 0.968024 -1.360648 1.766351
-1.263423 0.969110 -1.358532 1.768724
-1.262788 0.970179 -1.356411 1.771105
-1.262138 0.971231 -1.354286 1.773492
-1.261471 0.972266 -1.352157 1.775888
-1.260788 0.973283 -1.350024 1.778290
-1.260089 0.974283 -1.347886 1.780700
-1.259374 0.975266 -1.345745 1.783116
-1.258643 0.976231 -1.343600 1.785540
-1.257895 0.977179 -1.341451 1.787971
-1.257131 0.978109 -1.339299 1.790409
-1.256351 0.979022 -1.337143 1.792853
-1.255555 0.979917 -1.334983 1.795305
-1.254742 0.980794 -1.332820 1.797763
-1.253913 0.981653 -1.330655 1.800228
-1.253067 0.982494 -1.328485 1.802700
-1.252205 0.983317 -1.326313 1.805178
-1.251326 0.984121 -1.324139 1.807663
-1.250430 0.984908 -1.321961 1.810154
-1.249519 0.985676 -1.319780 1.812652
-1.248590 0.986426 -1.317597 1.815156
-1.247645 0.987158 -1.315412 1.817667
-1.246683 0.987871 -1.313224 1.820184
-1.245705 0.988565 -1.311034 1.822707
-1.244709 0.989241 -1.308842 1.825237
-1.243697 0.989898 -1.306648 1.827773
-1.242668 0.990537 -1.304451 1.830314
-1.241623 0.991156 -1.302253 1.832862
-1.240560 0.991757 -1.300053 1.835416
-1.239481 0.992339 -1.297852 1.837976
-1.238384 0.992901 -1.295649 1.840541
-1.237271 0.993445 -1.293444 1.843113
-1.236140 0.993969 -1.291239 1.845690
-1.234993 0.994474 -1.289032 1.848273
-1.233829 0.994960 -1.286824 1.850861
-1.232647 0.995427 -1.284614 1.853455
-1.231449 0.995874 -1.282404 1.856055
-1.230233 0.996301 -1.280194 1.858660
-1.229000 0.996710 -1.277982 1.861271
-1.227750 0.997098 -1.275770 1.863887
-1.226483 0.997467 -1.273557 1.866508
-1.225199 0.997816 -1.271344 1.869134
-1.223897 0.998145 -1.269131 1.871766
-1.222578 0.998454 -1.266917 1.874403
-1.221242 0.998744 -1.264703 1.877045
-1.219888 0.999013 -1.262490 1.879692
-1.218517 0.999263 -1.260276 1.882344
-1.217129 0.999492 -1.258063 1.885000
-1.215723 0.999702 -1.255850 1.887662
-1.214300 0.999891 -1.253637 1.890329
-1.212860 1.000060 -1.251425 1.893000
-1.211402 1.000208 -1.249214 1.895676
-1.209927 1.000336 -1.247003 1.898356
-1.208434 1.000444 -1.244793 1.901041
-1.206924 1.000532 -1.242584 1.903730
-1.205396 1.000598 -1.240376 1.906424
-1.203850 1.000645 -1.238169 1.909123
-1.202287 1.000670 -1.235963 1.911825
-1.200707 1.000675 -1.233759 1.914532
-1.199109 1.000660 -1.231556 1.917243
-1.197493 1.000623 -1.229355 1.919958
-1.195859 1.000566 -1.227155 1.922677
-1.194208 1.000488 -1.224957 1.925401
-1.192540 1.000389 -1.222761 1.928128
-1.190853 1.000269 -1.220566 1.930859
-1.189149 1.000128 -1.218374 1.933594
-1.187427 0.999966 -1.216184 1.936332
-1.185688 0.999783 -1.213996 1.939075
-1.183930 0.999578 -1.211810 1.941821
-1.182155 0.999353 -1.209627 1.944570
-1.180363 0.999106 -1.207446 1.947323
-1.178552 0.998838 -1.205268 1.950080
-1.176724 0.998549 -1.203093 1.952840
-1.174878 0.998239 -1.200920 1.955603
-1.173014 0.997907 -1.198750 1.958370
-1.171132 0.997554 -1.196583 1.961139
-1.169232 0.997179 -1.194420 1.963912
-1.167315 0.996783 -1.192259 1.966688
-1.165379 0.996365 -1.190102 1.969467
-1.163426 0.995925 -1.187948 1.972249
-1.161455 0.995464 -1.185798 1.975034
-1.159466 0.994982 -1.183651 1.977822
-1.157459 0.994478 -1.181508 1.980612
-1.155435 0.993952 -1.179369 1.983405
-1.153392 0.993404 -1.177233 1.986201
-1.151332 0.992835 -1.175101 1.988999
-1.149253 0.992243 -1.172974 1.991800
-1.147157 0.991630 -1.170850 1.994604
-1.145043 0.990995 -1.168731 1.997409
-1.142911 0.990339 -1.166616 2.000217
-1.140760 0.989660 -1.164506 2.003028
-1.138592 0.988959 -1.162400 2.005840
-1.136406 0.988236 -1.160298 2.008655
-1.134202 0.987492 -1.158202 2.011471
-1.131981 0.986725 -1.156110 2.014290
-1.129741 0.985936 -1.154023 2.017111
-1.127483 0.985125 -1.151940 2.019933
-1.125207 0.984292 -1.149863 2.022758
-1.122914 0.983437 -1.147791 2.025584
-1.120602 0.982560 -1.145725 2.028412
-1.118272 0.981661 -1.143663 2.031241
-1.115925 0.980739 -1.141607 2.034072
-1.113559 0.979795 -1.139557 2.036905
-1.111176 0.978829 -1.137512 2.039738
-1.108775 0.977841 -1.135472 2.042574
-1.106355 0.976831 -1.133439 2.045410
-1.103918 0.975798 -1.131411 2.048248
-1.101463 0.974743 -1.129389 2.051087
-1.098990 0.973665 -1.127374 2.053927
-1.096499 0.972565 -1.125364 2.056768
-1.093990 0.971443 -1.123360 2.059611
-1.091463 0.970299 -1.121363 2.062454
-1.088918 0.969132 -1.119372 2.065298
-1.086355 0.967943 -1.117388 2.068142
-1.083775 0.966731 -1.115410 2.070988
-1.081176 0.965497 -1.113439 2.073834
-1.078560 0.964240 -1.111474 2.076681
-1.075926 0.962962 -1.109516 2.079528
-1.073274 0.961660 -1.107565 2.082375
-1.070603 0.960336 -1.105621 2.085224
-1.067916 0.958990 -1.103684 2.088072
-1.065210 0.957622 -1.101754 2.090921
-1.062486 0.956230 -1.099831 2.093770
-1.059745 0.954817 -1.097916 2.096619
-1.056986 0.953381 -1.096008 2.099468
-1.054209 0.951922 -1.094107 2.102317
-1.051414 0.950441 -1.092214 2.105166
-1.048601 0.948937 -1.090328 2.108015
-1.045771 0.947411 -1.088450 2.110864
-1.042923 0.945863 -1.086580 2.113713
-1.040057 0.944292 -1.084718 2.116561
-1.037174 0.942698 -1.082863 2.119409
-1.034272 0.941082 -1.081017 2.122256
-1.031353 0.939444 -1.079178 2.125103
-1.028417 0.937783 -1.077348 2.127950
-1.025462 0.936100 -1.075525 2.130795
-1.022490 0.934394 -1.073712 2.133640
-1.019501 0.932666 -1.071906 2.136485
-1.016494 0.930915 -1.070109 2.139328
-1.013469 0.929142 -1.068320 2.142171
-1.010426 0.927346 -1.066540 2.145013
-1.007366 0.925528 -1.064769 2.147853
-1.004289 0.923687 -1.063006 2.150693
-1.001194 0.921824 -1.061252 2.153531
-0.998081 0.919939 -1.059507 2.156369
-0.994951 0.918031 -1.057771 2.159205
-0.991804 0.916101 -1.056044 2.162039
-0.988639 0.914149 -1.054326 2.164873
-0.985456 0.912174 -1.052617 2.167705
-0.982257 0.910177 -1.050917 2.170535
-0.979040 0.908158 -1.049227 2.173364
-0.975805 0.906116 -1.047546 2.176191
-0.972553 0.904052 -1.045874 2.179016
-0.969284 0.901966 -1.044212 2.181840
-0.965998 0.899857 -1.042559 2.184661
-0.962694 0.897727 -1.040916 2.187481
-0.959373 0.895574 -1.039283 2.190299
-0.956035 0.893399 -1.037659 2.193115
-0.952680 0.891201 -1.036046 2.195929
-0.949307 0.888982 -1.034442 2.198740
-0.945918 0.886740 -1.032848 2.201550
-0.942511 0.884477 -1.031264 2.204357
-0.939087 0.882191 -1.029690 2.207162
-0.935646 0.879883 -1.028126 2.209964
-0.932189 0.877554 -1.026573 2.212764
-0.928714 0.875202 -1.025029 2.215562
-0.925222 0.872828 -1.023496 2.218356
-0.921713 0.870433 -1.021974 2.221149
-0.918188 0.868015 -1.020462 2.223938
-0.914645 0.865576 -1.018960 2.226725
-0.911086 0.863115 -1.017469 2.229509
-0.907510 0.860632 -1.015988 2.232290
-0.903917 0.858127 -1.014518 2.235068
-0.900308 0.855600 -1.013059 2.237843
-0.896681 0.853052 -1.011611 2.240615
-0.893038 0.850482 -1.010173 2.243383
-0.889379 0.847891 -1.008747 2.246149
-0.885703 0.845278 -1.007331 2.248911
-0.882010 0.842643 -1.005926 2.251670
-0.878301 0.839987 -1.004533 2.254426
-0.874575 0.837309 -1.003150 2.257178
-0.870833 0.834610 -1.001779 2.259927
-0.867074 0.831889 -1.000419 2.262672
-0.863299 0.829147 -0.999070 2.265414
-0.859507 0.826384 -0.997733 2.268151
-0.855700 0.823600 -0.996406 2.270885
-0.851876 0.820794 -0.995092 2.273616
-0.848036 0.817967 -0.993788 2.276342
-0.844179 0.815119 -0.992497 2.279065
-0.840307 0.812250 -0.991216 2.281783
-0.836418 0.809359 -0.989948 2.284498
-0.832513 0.806448 -0.988691 2.287208
-0.828592 0.803516 -0.987446 2.289914
-0.824656 0.800563 -0.986212 2.292616
-0.820703 0.797589 -0.984991 2.295314
-0.816734 0.794594 -0.983781 2.298007
-0.812750 0.791579 -0.982583 2.300697
-0.808749 0.788542 -0.981397 2.303381
-0.804733 0.785486 -0.980223 2.306061
-0.800701 0.782408 -0.979061 2.308737
-0.796654 0.779310 -0.977911 2.311408
-0.792591 0.776192 -0.976773 2.314074
-0.788512 0.773053 -0.975648 2.316735
-0.784418 0.769893 -0.974534 2.319392
-0.780308 0.766714 -0.973433 2.322044
-0.776183 0.763514 -0.972344 2.324691
-0.772042 0.760294 -0.971267 2.327333
-0.767886 0.757054 -0.970203 2.329970
-0.763714 0.753793 -0.969151 2.332602
-0.759528 0.750513 -0.968111 2.335229
-0.755326 0.747213 -0.967084 2.337851
-0.751109 0.743892 -0.966070 2.340467
-0.746877 0.740552 -0.965068 2.343078
-0.742630 0.737193 -0.964078 2.345684
-0.738367 0.733813 -0.963101 2.348284
-0.734090 0.730414 -0.962137 2.350879
-0.729798 0.726995 -0.961185 2.353469
-0.725491 0.723557 -0.960246 2.356053
-0.721169 0.720099 -0.959320 2.358631
-0.716833 0.716622 -0.958406 2.361203
-0.712481 0.713126 -0.957506 2.363770
-0.708115 0.709611 -0.956618 2.366331
-0.703735 0.706076 -0.955743 2.368887
-0.699340 0.702522 -0.954880 2.371436
-0.694930 0.698949 -0.954031 2.373980
-0.690506 0.695358 -0.953195 2.376517
-0.686068 0.691747 -0.952371 2.379049
-0.681615 0.688117 -0.951561 2.381574
-0.677148 0.684469 -0.950763 2.384093
-0.672666 0.680803 -0.949979 2.386606
-0.668171 0.677117 -0.949208 2.389113
-0.663662 0.673413 -0.948449 2.391614
-0.659138 0.669691 -0.947704 2.394108
-0.654600 0.665950 -0.946972 2.396596
-0.650049 0.662192 -0.946253 2.399077
-0.645484 0.658415 -0.945547 2.401552
-0.640904 0.654619 -0.944855 2.404020
-0.636311 0.650806 -0.944176 2.406482
-0.631705 0.646975 -0.943509 2.408937
-0.627085 0.643126 -0.942856 2.411385
-0.622451 0.639260 -0.942217 2.413827
-0.617804 0.635375 -0.941590 2.416262
-0.613143 0.631473 -0.940977 2.418690
-0.608469 0.627554 -0.940378 2.421111
-0.603781 0.623617 -0.939791 2.423525
-0.599080 0.619663 -0.939218 2.425933
-0.594367 0.615691 -0.938658 2.428333
-0.589639 0.611703 -0.938112 2.430726
-0.584899 0.607697 -0.937579 2.433112
-0.580146 0.603674 -0.937059 2.435491
-0.575380 0.599635 -0.936553 2.437863
-0.570601 0.595578 -0.936060 2.440227
-0.565809 0.591505 -0.935581 2.442585
-0.561005 0.587415 -0.935115 2.444934
-0.556188 0.583309 -0.934663 2.447277
-0.551358 0.579187 -0.934224 2.449612
-0.546516 0.575048 -0.933798 2.451939
-0.541661 0.570892 -0.933386 2.454259
-0.536794 0.566721 -0.932987 2.456572
-0.531914 0.562533 -0.932602 2.458877
-0.527022 0.558330 -0.932231 2.461174
-0.522118 0.554111 -0.931872 2.463463
-0.517202 0.549876 -0.931528 2.465745
-0.512274 0.545625 -0.931197 2.468019
-0.507333 0.541359 -0.930879 2.470285
-0.502381 0.537077 -0.930575 2.472544
-0.497417 0.532780 -0.930284 2.474794
-0.492441 0.528468 -0.930007 2.477036
-0.487454 0.524140 -0.929744 2.479271
-0.482455 0.519798 -0.929493 2.481497
-0.477444 0.515440 -0.929257 2.483716
-0.472422 0.511068 -0.929034 2.485926
-0.467388 0.506681 -0.928824 2.488128
-0.462343 0.502279 -0.928628 2.490322
-0.457287 0.497863 -0.928446 2.492508
-0.452219 0.493433 -0.928276 2.494685
-0.447141 0.488988 -0.928121 2.496854
-0.442051 0.484529 -0.927979 2.499015
-0.436950 0.480055 -0.927850 2.501168
-0.431839 0.475568 -0.927735 2.503312
-0.426716 0.471067 -0.927633 2.505447
-0.421583 0.466552 -0.927545 2.507574
-0.416439 0.462024 -0.927470 2.509693
-0.411285 0.457481 -0.927409 2.511803
-0.406120 0.452926 -0.927361 2.513904
-0.400944 0.448357 -0.927327 2.515997
-0.395758 0.443775 -0.927305 2.518081
-0.390562 0.439180 -0.927298 2.520157
-0.385356 0.434572 -0.927303 2.522223
-0.380139 0.429951 -0.927323 2.524281
-0.374913 0.425317 -0.927355 2.526330
-0.369676 0.420670 -0.927401 2.528371
-0.364430 0.416011 -0.927460 2.530402
-0.359174 0.411340 -0.927532 2.532425
-0.353908 0.406656 -0.927618 2.534438
-0.348632 0.401960 -0.927717 2.536443
-0.343347 0.397253 -0.927829 2.538438
-0.338052 0.392533 -0.927955 2.540425
-0.332748 0.387801 -0.928093 2.542402
-0.327434 0.383058 -0.928245 2.544371
-0.322111 0.378303 -0.928411 2.546330
-0.316779 0.373536 -0.928589 2.548280
-0.311438 0.368759 -0.928780 2.550221
-0.306088 0.363970 -0.928985 2.552153
-0.300729 0.359170 -0.929203 2.554075
-0.295361 0.354359 -0.929433 2.555988
-0.289985 0.349537 -0.929677 2.557892
-0.284600 0.344704 -0.929934 2.559787
-0.279206 0.339861 -0.930204 2.561672
-0.273803 0.335008 -0.930487 2.563548
-0.268392 0.330144 -0.930782 2.565414
-0.262973 0.325270 -0.931091 2.567271
-0.257546 0.320385 -0.931413 2.569118
-0.252110 0.315491 -0.931747 2.570956
-0.246667 0.310587 -0.932095 2.572785
-0.241215 0.305673 -0.932455 2.574604
-0.235755 0.300750 -0.932828 2.576413
-0.230288 0.295817 -0.933214 2.578213
-0.224813 0.290875 -0.933612 2.580003
-0.219330 0.285924 -0.934023 2.581783
-0.213840 0.280963 -0.934447 2.583554
-0.208342 0.275994 -0.934884 2.585315
-0.202836 0.271016 -0.935333 2.587067
-0.197324 0.266029 -0.935794 2.588808
-0.191804 0.261034 -0.936269 2.590540
-0.186277 0.256030 -0.936755 2.592263
-0.180743 0.251018 -0.937254 2.593975
-0.175202 0.245998 -0.937766 2.595677
-0.169655 0.240970 -0.938290 2.597370
-0.164100 0.235934 -0.938826 2.599053
-0.158539 0.230890 -0.939375 2.600726
-0.152971 0.225839 -0.939936 2.602389
-0.147397 0.220780 -0.940509 2.604042
-0.141816 0.215714 -0.941094 2.605685
-0.136229 0.210640 -0.941692 2.607318
-0.130636 0.205560 -0.942301 2.608941
-0.125037 0.200472 -0.942923 2.610554
-0.119431 0.195378 -0.943557 2.612158
-0.113820 0.190278 -0.944202 2.613751
-0.108203 0.185170 -0.944860 2.615334
-0.102580 0.180057 -0.945530 2.616907
-0.096951 0.174937 -0.946211 2.618470
-0.091317 0.169811 -0.946904 2.620023
-0.085677 0.164679 -0.947609 2.621565
-0.080032 0.159541 -0.948326 2.623098
-0.074381 0.154398 -0.949054 2.624620
-0.068726 0.149249 -0.949795 2.626132
-0.063065 0.144094 -0.950546 2.627635
-0.057399 0.138934 -0.951309 2.629126
-0.051728 0.133770 -0.952084 2.630608
-0.046053 0.128600 -0.952870 2.632080
-0.040372 0.123425 -0.953668 2.633541
-0.034687 0.118246 -0.954476 2.634992
-0.028998 0.113062 -0.955296 2.636433
-0.023304 0.107874 -0.956128 2.637863
-0.017606 0.102682 -0.956970 2.639283
-0.011903 0.097485 -0.957824 2.640693
-0.006196 0.092285 -0.958689 2.642093
-0.000486 0.087080 -0.959564 2.643482
0.005229 0.081872 -0.960451 2.644861
0.010948 0.076661 -0.961349 2.646230
0.016670 0.071446 -0.962257 2.647589
0.022396 0.066227 -0.963177 2.648937
0.028126 0.061006 -0.964107 2.650274
0.033859 0.055782 -0.965047 2.651602
0.039596 0.050555 -0.965999 2.652919
0.045336 0.045325 -0.966961 2.654225
0.051079 0.040092 -0.967933 2.655521
0.056825 0.034858 -0.968916 2.656807
0.062575 0.029621 -0.969910 2.658083
0.068327 0.024382 -0.970913 2.659348
0.074082 0.019141 -0.971927 2.660602
0.079839 0.013898 -0.972951 2.661847
0.085600 0.008654 -0.973986 2.663080
0.091362 0.003408 -0.975030 2.664304
0.097128 -0.001839 -0.976085 2.665517
0.102895 -0.007088 -0.977149 2.666719
0.108665 -0.012337 -0.978223 2.667912
0.114437 -0.017587 -0.979307 2.669093
0.120211 -0.022838 -0.980401 2.670265
0.125987 -0.028090 -0.981505 2.671426
0.131764 -0.033342 -0.982618 2.672576
0.137543 -0.038595 -0.983741 2.673716
0.143324 -0.043847 -0.984874 2.674846
0.149107 -0.049100 -0.986016 2.675965
0.154891 -0.054352 -0.987167 2.677073
0.160676 -0.059604 -0.988327 2.678172
0.166463 -0.064856 -0.989497 2.679259
0.172250 -0.070107 -0.990676 2.680337
0.178039 -0.075357 -0.991864 2.681404
0.183828 -0.080607 -0.993061 2.682460
0.189619 -0.085855 -0.994267 2.683507
0.195410 -0.091103 -0.995482 2.684542
0.201201 -0.096348 -0.996706 2.685567
0.206993 -0.101593 -0.997939 2.686582
0.212786 -0.106835 -0.999180 2.687587
0.218579 -0.112076 -1.000430 2.688581
0.224372 -0.117315 -1.001688 2.689564
0.230165 -0.122552 -1.002955 2.690538
0.235958 -0.127787 -1.004230 2.691501
0.241751 -0.133019 -1.005514 2.692453
0.247544 -0.138248 -1.006806 2.693395
0.253337 -0.143475 -1.008106 2.694327
0.259129 -0.148699 -1.009414 2.695248
0.264921 -0.153920 -1.010730 2.696159
0.270712 -0.159138 -1.012054 2.697060
0.276502 -0.164353 -1.013386 2.697950
0.282292 -0.169564 -1.014725 2.698830
0.288081 -0.174771 -1.016073 2.699699
0.293868 -0.179975 -1.017428 2.700559
0.299655 -0.185175 -1.018790 2.701407
0.305440 -0.190370 -1.020160 2.702246
0.311224 -0.195562 -1.021538 2.703074
0.317007 -0.200749 -1.022922 2.703892
0.322788 -0.205931 -1.024314 2.704700
0.328567 -0.211109 -1.025713 2.705498
0.334345 -0.216282 -1.027120 2.706285
0.340121 -0.221450 -1.028533 2.707062
0.345895 -0.226613 -1.029953 2.707829
0.351666 -0.231771 -1.031380 2.708585
0.357436 -0.236923 -1.032813 2.709332
0.363204 -0.242069 -1.034254 2.710068
0.368969 -0.247210 -1.035701 2.710794
0.374731 -0.252345 -1.037154 2.711510
0.380491 -0.257474 -1.038614 2.712216
0.386249 -0.262596 -1.040080 2.712911
0.392003 -0.267713 -1.041552 2.713597
0.397755 -0.272823 -1.043031 2.714272
0.403504 -0.277926 -1.044516 2.714937
0.409250 -0.283022 -1.046006 2.715592
0.414992 -0.288111 -1.047503 2.716238
0.420731 -0.293193 -1.049005 2.716873
0.426467 -0.298268 -1.050513 2.717498
0.432200 -0.303336 -1.052027 2.718113
0.437928 -0.308396 -1.053546 2.718718
0.443653 -0.313448 -1.055071 2.719313
0.449375 -0.318493 -1.056601 2.719898
0.455092 -0.323529 -1.058136 2.720473
0.460805 -0.328557 -1.059677 2.721039
0.466515 -0.333577 -1.061223 2.721594
0.472220 -0.338588 -1.062773 2.722139
0.477920 -0.343591 -1.064329 2.722675
0.483617 -0.348585 -1.065890 2.723201
0.489308 -0.353570 -1.067455 2.723717
0.494995 -0.358546 -1.069025 2.724223
0.500678 -0.363513 -1.070599 2.724720
0.506355 -0.368471 -1.072178 2.725206
0.512028 -0.373419 -1.073762 2.725683
0.517695 -0.378357 -1.075350 2.726151
0.523358 -0.383285 -1.076941 2.726608
0.529015 -0.388204 -1.078538 2.727056
0.534666 -0.393112 -1.080138 2.727494
0.540313 -0.398010 -1.081742 2.727923
0.545953 -0.402898 -1.083349 2.728342
0.551588 -0.407775 -1.084961 2.728752
0.557218 -0.412641 -1.086576 2.729152
0.562841 -0.417497 -1.088195 2.729542
0.568458 -0.422342 -1.089817 2.729923
0.574070 -0.427175 -1.091443 2.730295
0.579675 -0.431997 -1.093072 2.730657
0.585274 -0.436808 -1.094704 2.731009
0.590866 -0.441607 -1.096339 2.731353
0.596452 -0.446394 -1.097977 2.731687
0.602032 -0.451170 -1.099618 2.732011
0.607604 -0.455933 -1.101262 2.732326
0.613170 -0.460685 -1.102909 2.732632
0.618729 -0.465424 -1.104558 2.732929
0.624281 -0.470150 -1.106210 2.733217
0.629826 -0.474864 -1.107864 2.733495
0.635363 -0.479565 -1.109520 2.733764
0.640894 -0.484254 -1.111179 2.734024
0.646416 -0.488929 -1.112840 2.734275
0.651932 -0.493591 -1.114503 2.734517
0.657439 -0.498240 -1.116167 2.734750
0.662939 -0.502875 -1.117834 2.734973
0.668432 -0.507497 -1.119502 2.735188
0.673916 -0.512104 -1.121172 2.735394
0.679392 -0.516699 -1.122844 2.735591
0.684860 -0.521279 -1.124517 2.735779
0.690320 -0.525844 -1.126191 2.735958
0.695771 -0.530396 -1.127867 2.736128
0.701214 -0.534933 -1.129543 2.736290
0.706649 -0.539455 -1.131221 2.736443
0.712075 -0.543963 -1.132900 2.736587
0.717492 -0.548456 -1.134579 2.736722
0.722900 -0.552934 -1.136259 2.736849
0.728299 -0.557396 -1.137940 2.736967
0.733689 -0.561844 -1.139622 2.737076
0.739070 -0.566276 -1.141304 2.737177
0.744442 -0.570692 -1.142986 2.737269
0.749805 -0.575093 -1.144669 2.737353
0.755158 -0.579478 -1.146351 2.737429
0.760501 -0.583847 -1.148034 2.737496
0.765835 -0.588199 -1.149717 2.737554
0.771159 -0.592536 -1.151399 2.737604
0.776473 -0.596856 -1.153081 2.737646
0.781777 -0.601160 -1.154763 2.737680
0.787072 -0.605446 -1.156445 2.737705
0.792356 -0.609717 -1.158125 2.737723
0.797629 -0.613970 -1.159806 2.737732
0.802893 -0.618206 -1.161485 2.737733
0.808146 -0.622425 -1.163164 2.737725
0.813388 -0.626627 -1.164841 2.737710
0.818620 -0.630811 -1.166518 2.737687
0.823841 -0.634978 -1.168193 2.737656
0.829051 -0.639126 -1.169867 2.737616
0.834250 -0.643257 -1.171540 2.737569
0.839439 -0.647371 -1.173211 2.737514
0.844616 -0.651466 -1.174881 2.737452
0.849781 -0.655542 -1.176549 2.737381
0.854936 -0.659601 -1.178215 2.737303
0.860079 -0.663641 -1.179879 2.737217
0.865210 -0.667662 -1.181542 2.737123
0.870330 -0.671664 -1.183202 2.737022
0.875438 -0.675648 -1.184860 2.736913
0.880535 -0.679613 -1.186516 2.736797
0.885619 -0.683558 -1.188169 2.736673
0.890691 -0.687485 -1.189820 2.736542
0.895752 -0.691392 -1.191468 2.736403
0.900800 -0.695279 -1.193114 2.736257
0.905835 -0.699147 -1.194757 2.736103
0.910859 -0.702995 -1.196397 2.735942
0.915869 -0.706823 -1.198034 2.735774
0.920868 -0.710631 -1.199667 2.735599
0.925853 -0.714419 -1.201298 2.735417
0.930826 -0.718187 -1.202925 2.735227
0.935786 -0.721935 -1.204549 2.735031
0.940732 -0.725662 -1.206169 2.734827
0.945666 -0.729368 -1.207786 2.734617
0.950587 -0.733054 -1.209399 2.734399
0.955494 -0.736719 -1.211008 2.734175
0.960388 -0.740363 -1.212613 2.733944
0.965269 -0.743986 -1.214214 2.733705
0.970136 -0.747588 -1.215811 2.733461
0.974989 -0.751168 -1.217404 2.733209
0.979829 -0.754727 -1.218993 2.732951
0.984655 -0.758265 -1.220577 2.732686
0.989467 -0.761781 -1.222156 2.732414
0.994265 -0.765275 -1.223731 2.732137
0.999049 -0.768747 -1.225301 2.731852
1.003818 -0.772197 -1.226866 2.731561
1.008574 -0.775625 -1.228426 2.731264
1.013315 -0.779031 -1.229982 2.730960
1.018041 -0.782415 -1.231532 2.730650
1.022753 -0.785776 -1.233076 2.730334
1.027450 -0.789115 -1.234616 2.730011
1.032133 -0.792431 -1.236150 2.729683
1.036801 -0.795725 -1.237678 2.729348
1.041454 -0.798995 -1.239201 2.729007
1.046091 -0.802243 -1.240718 2.728660
1.050714 -0.805467 -1.242229 2.728307
1.055322 -0.808669 -1.243734 2.727949
1.059914 -0.811847 -1.245233 2.727584
1.064491 -0.815002 -1.246726 2.727213
1.069052 -0.818133 -1.248213 2.726837
1.073598 -0.821240 -1.249693 2.726455
1.078129 -0.824324 -1.251167 2.726067
1.082643 -0.827385 -1.252634 2.725674
1.087142 -0.830421 -1.254095 2.725275
1.091625 -0.833433 -1.255549 2.724871
1.096092 -0.836422 -1.256995 2.724461
1.100543 -0.839386 -1.258435 2.724045
1.104978 -0.842325 -1.259868 2.723624
1.109396 -0.845241 -1.261294 2.723198
1.113798 -0.848132 -1.262712 2.722767
1.118184 -0.850998 -1.264123 2.722330
1.122553 -0.853840 -1.265527 2.721888
1.126906 -0.856657 -1.266923 2.721441
1.131242 -0.859449 -1.268311 2.720989
1.135561 -0.862216 -1.269692 2.720532
1.139864 -0.864958 -1.271065 2.720069
1.144149 -0.867675 -1.272429 2.719602
1.148418 -0.870367 -1.273786 2.719130
1.152669 -0.873034 -1.275135 2.718653
1.156904 -0.875675 -1.276475 2.718171
1.161121 -0.878290 -1.277807 2.717685
1.165320 -0.880880 -1.279130 2.717194
1.169503 -0.883445 -1.280445 2.716698
1.173668 -0.885983 -1.281752 2.716198
1.177815 -0.888496 -1.283049 2.715693
1.181944 -0.890983 -1.284338 2.715183
1.186056 -0.893444 -1.285618 2.714669
1.190150 -0.895879 -1.286889 2.714151
1.194227 -0.898287 -1.288150 2.713629
1.198285 -0.900670 -1.289403 2.713102
1.202325 -0.903026 -1.290646 2.712570
1.206347 -0.905356 -1.291879 2.712035
1.210351 -0.907659 -1.293104 2.711496
1.214336 -0.909936 -1.294318 2.710952
1.218303 -0.912186 -1.295523 2.710405
1.222252 -0.914409 -1.296718 2.709853
1.226182 -0.916605 -1.297903 2.709298
1.230094 -0.918775 -1.299079 2.708738
1.233987 -0.920918 -1.300244 2.708175
1.237861 -0.923034 -1.301399 2.707608
1.241716 -0.925122 -1.302544 2.707038
1.245552 -0.927184 -1.303678 2.706463
1.249370 -0.929218 -1.304802 2.705885
1.253168 -0.931225 -1.305915 2.705304
1.256947 -0.933204 -1.307018 2.704719
1.260707 -0.935156 -1.308110 2.704131
1.264448 -0.937081 -1.309192 2.703539
1.268170 -0.938978 -1.310262 2.702944
1.271872 -0.940848 -1.311321 2.702345
1.275554 -0.942689 -1.312370 2.701743
1.279217 -0.944503 -1.313407 2.701138
1.282860 -0.946289 -1.314433 2.700530
1.286484 -0.948047 -1.315447 2.699919
1.290087 -0.949778 -1.316450 2.699305
1.293671 -0.951480 -1.317442 2.698688
1.297235 -0.953154 -1.318422 2.698068
1.300779 -0.954800 -1.319390 2.697445
1.304303 -0.956418 -1.320347 2.696819
1.307807 -0.958008 -1.321291 2.696190
1.311290 -0.959569 -1.322224 2.695559
1.314754 -0.961102 -1.323145 2.694925
1.318197 -0.962606 -1.324053 2.694288
1.321619 -0.964082 -1.324949 2.693649
1.325021 -0.965530 -1.325833 2.693007
1.328403 -0.966949 -1.326705 2.692363
1.331763 -0.968339 -1.327564 2.691717
1.335104 -0.969701 -1.328410 2.691068
1.338423 -0.971033 -1.329244 2.690417
1.341722 -0.972337 -1.330065 2.689763
1.344999 -0.973613 -1.330874 2.689108
1.348256 -0.974859 -1.331669 2.688450
1.351492 -0.976076 -1.332451 2.687790
1.354706 -0.977265 -1.333221 2.687128
1.357900 -0.978424 -1.333977 2.686464
1.361072 -0.979555 -1.334720 2.685798
1.364223 -0.980656 -1.335450 2.685130
1.367353 -0.981728 -1.336166 2.684461
1.370461 -0.982771 -1.336869 2.683790
1.373548 -0.983785 -1.337558 2.683116
1.376614 -0.984769 -1.338233 2.682442
1.379658 -0.985725 -1.338895 2.681765
1.382680 -0.986651 -1.339543 2.681087
1.385680 -0.987547 -1.340178 2.680408
1.388659 -0.988414 -1.340798 2.679727
1.391616 -0.989252 -1.341404 2.679045
1.394551 -0.990060 -1.341996 2.678361
1.397464 -0.990838 -1.342574 2.677676
1.400355 -0.991587 -1.343138 2.676990
1.403224 -0.992307 -1.343688 2.676302
1.406071 -0.992997 -1.344222 2.675614
1.408896 -0.993657 -1.344743 2.674924
1.411698 -0.994288 -1.345249 2.674233
1.414479 -0.994889 -1.345740 2.673541
1.417237 -0.995460 -1.346217 2.672849
1.419972 -0.996001 -1.346679 2.672155
1.422685 -0.996513 -1.347126 2.671460
1.425376 -0.996995 -1.347558 2.670765
1.428044 -0.997447 -1.347975 2.670069
1.430689 -0.997869 -1.348377 2.669372
1.433312 -0.998262 -1.348764 2.668675
1.435912 -0.998624 -1.349135 2.667977
1.438490 -0.998957 -1.349492 2.667278
1.441044 -0.999259 -1.349833 2.666579
1.443576 -0.999532 -1.350158 2.665880
1.446084 -0.999775 -1.350468 2.665180
1.448570 -0.999988 -1.350763 2.664480
1.451033 -1.000171 -1.351042 2.663779
1.453473 -1.000324 -1.351305 2.663079
1.455889 -1.000447 -1.351552 2.662378
1.458283 -1.000540 -1.351784 2.661677
1.460653 -1.000602 -1.352000 2.660975
1.463000 -1.000635 -1.352199 2.660274
1.465323 -1.000638 -1.352383 2.659573
1.467623 -1.000611 -1.352551 2.658872
1.469900 -1.000553 -1.352702 2.658171
1.472154 -1.000466 -1.352837 2.657470
1.474384 -1.000349 -1.352956 2.656769
1.476590 -1.000201 -1.353059 2.656069
1.478773 -1.000023 -1.353145 2.655368
1.480932 -0.999816 -1.353215 2.654669
1.483067 -0.999578 -1.353268 2.653969
1.485179 -0.999310 -1.353305 2.653270
1.487267 -0.999012 -1.353325 2.652572
1.489331 -0.998684 -1.353328 2.651874
1.491372 -0.998326 -1.353315 2.651176
1.493388 -0.997938 -1.353284 2.650479
1.495381 -0.997520 -1.353237 2.649783
1.497349 -0.997071 -1.353173 2.649088
1.499294 -0.996593 -1.353092 2.648393
1.501214 -0.996085 -1.352994 2.647700
1.503111 -0.995546 -1.352879 2.647007
1.504983 -0.994978 -1.352746 2.646315
1.506831 -0.994379 -1.352596 2.645624
1.508655 -0.993751 -1.352429 2.644933
1.510455 -0.993092 -1.352245 2.644244
1.512230 -0.992404 -1.352043 2.643557
1.513981 -0.991686 -1.351824 2.642870
1.515708 -0.990937 -1.351588 2.642184
1.517410 -0.990159 -1.351333 2.641500
1.519088 -0.989351 -1.351062 2.640817
1.520742 -0.988512 -1.350772 2.640135
1.522371 -0.987644 -1.350465 2.639455
1.523975 -0.986747 -1.350140 2.638776
1.525555 -0.985819 -1.349798 2.638098
1.527111 -0.984861 -1.349437 2.637422
1.528641 -0.983874 -1.349059 2.636748
1.530147 -0.982857 -1.348663 2.636075
1.531629 -0.981810 -1.348248 2.635403
1.533086 -0.980733 -1.347816 2.634734
1.534518 -0.979627 -1.347366 2.634066
1.535925 -0.978491 -1.346897 2.633400
1.537307 -0.977325 -1.346411 2.632735
1.538665 -0.976130 -1.345906 2.632073
1.539997 -0.974905 -1.345383 2.631412
1.541305 -0.973650 -1.344841 2.630754
1.542588 -0.972367 -1.344281 2.630097
1.543846 -0.971053 -1.343703 2.629442
1.545079 -0.969710 -1.343107 2.628789
1.546287 -0.968338 -1.342492 2.628139
1.547470 -0.966936 -1.341858 2.627490
1.548628 -0.965505 -1.341206 2.626844
1.549761 -0.964045 -1.340536 2.626200
1.550869 -0.962555 -1.339846 2.625558
1.551952 -0.961036 -1.339139 2.624919
1.553009 -0.959488 -1.338412 2.624282
1.554042 -0.957911 -1.337667 2.623647
1.555049 -0.956304 -1.336903 2.623014
1.556031 -0.954669 -1.336120 2.622385
1.556988 -0.953004 -1.335318 2.621757
1.557919 -0.951311 -1.334498 2.621132
1.558826 -0.949589 -1.333658 2.620510
1.559707 -0.947837 -1.332800 2.619890
1.560562 -0.946057 -1.331922 2.619273
1.561393 -0.944248 -1.331026 2.618659
1.562198 -0.942411 -1.330111 2.618047
1.562978 -0.940544 -1.329176 2.617438
1.563732 -0.938650 -1.328223 2.616832
1.564461 -0.936726 -1.327250 2.616228
1.565165 -0.934774 -1.326259 2.615628
1.565843 -0.932793 -1.325248 2.615030
1.566495 -0.930784 -1.324218 2.614436
1.567123 -0.928747 -1.323168 2.613844
1.567725 -0.926681 -1.322100 2.613255
1.568301 -0.924587 -1.321012 2.612670
1.568852 -0.922465 -1.319905 2.612087
1.569377 -0.920315 -1.318778 2.611508
1.569877 -0.918137 -1.317632 2.610931
1.570351 -0.915930 -1.316467 2.610358
1.570800 -0.913696 -1.315283 2.609788
1.571223 -0.911434 -1.314079 2.609221
1.571621 -0.909144 -1.312855 2.608658
1.571993 -0.906826 -1.311612 2.608098
1.572340 -0.904481 -1.310350 2.607541
1.572661 -0.902108 -1.309068 2.606988
1.572956 -0.899707 -1.307767 2.606438
1.573226 -0.897279 -1.306446 2.605891
1.573470 -0.894824 -1.305106 2.605348
1.573689 -0.892341 -1.303746 2.604808
1.573882 -0.889830 -1.302366 2.604272
1.574049 -0.887293 -1.300967 2.603740
1.574191 -0.884729 -1.299548 2.603211
1.574307 -0.882137 -1.298110 2.602686
1.574398 -0.879519 -1.296651 2.602164
1.574462 -0.876873 -1.295174 2.601646
1.574502 -0.874201 -1.293676 2.601132
1.574515 -0.871502 -1.292159 2.600621
1.574503 -0.868776 -1.290623 2.600114
1.574465 -0.866024 -1.289066 2.599611
1.574402 -0.863245 -1.287490 2.599112
1.574313 -0.860440 -1.285894 2.598617
1.574198 -0.857608 -1.284279 2.598125
1.574058 -0.854750 -1.282643 2.597638
1.573892 -0.851866 -1.280988 2.597154
1.573701 -0.848956 -1.279313 2.596674
1.573484 -0.846020 -1.277619 2.596198
1.573241 -0.843058 -1.275904 2.595727
1.572972 -0.840070 -1.274170 2.595259
1.572678 -0.837056 -1.272417 2.594795
1.572359 -0.834017 -1.270643 2.594335
1.572013 -0.830952 -1.268850 2.593880
1.571642 -0.827862 -1.267036 2.593428
1.571246 -0.824746 -1.265203 2.592981
1.570824 -0.821605 -1.263351 2.592538
1.570376 -0.818438 -1.261478 2.592099
1.569903 -0.815247 -1.259586 2.591664
1.569404 -0.812030 -1.257674 2.591234
1.568879 -0.808789 -1.255742 2.590808
1.568329 -0.805523 -1.253790 2.590386
1.567754 -0.802232 -1.251819 2.589968
1.567153 -0.798916 -1.249828 2.589555
1.566526 -0.795576 -1.247817 2.589146
1.565874 -0.792211 -1.245786 2.588741
1.565197 -0.788823 -1.243736 2.588341
1.564493 -0.785409 -1.241666 2.587945
1.563765 -0.781972 -1.239576 2.587553
1.563011 -0.778511 -1.237466 2.587166
1.562231 -0.775025 -1.235337 2.586784
1.561426 -0.771516 -1.233188 2.586406
1.560596 -0.767983 -1.231019 2.586032
1.559740 -0.764427 -1.228831 2.585663
1.558859 -0.760847 -1.226623 2.585298
1.557952 -0.757244 -1.224395 2.584938
1.557021 -0.753617 -1.222148 2.584582
1.556063 -0.749967 -1.219880 2.584231
1.555081 -0.746294 -1.217594 2.583885
1.554073 -0.742598 -1.215287 2.583543
1.553040 -0.738879 -1.212961 2.583206
1.551981 -0.735138 -1.210616 2.582873
1.550897 -0.731374 -1.208251 2.582545
1.549789 -0.727587 -1.205866 2.582222
1.548654 -0.723778 -1.203462 2.581903
1.547495 -0.719946 -1.201038 2.581589
1.546311 -0.716093 -1.198595 2.581280
1.545101 -0.712217 -1.196132 2.580976
1.543866 -0.708320 -1.193650 2.580676
1.542606 -0.704400 -1.191148 2.580381
1.541321 -0.700459 -1.188627 2.580090
1.540011 -0.696496 -1.186086 2.579804
1.538676 -0.692512 -1.183527 2.579524
1.537316 -0.688507 -1.180947 2.579247
1.535931 -0.684480 -1.178349 2.578976
1.534522 -0.680432 -1.175731 2.578709
1.533087 -0.676363 -1.173094 2.578448
1.531627 -0.672273 -1.170437 2.578191
1.530142 -0.668163 -1.167762 2.577938
1.528633 -0.664032 -1.165067 2.577691
1.527099 -0.659880 -1.162353 2.577449
1.525540 -0.655708 -1.159619 2.577211
1.523956 -0.651516 -1.156867 2.576978
1.522347 -0.647303 -1.154095 2.576750
1.520714 -0.643071 -1.151305 2.576527
1.519056 -0.638819 -1.148495 2.576308
1.517374 -0.634547 -1.145667 2.576095
1.515667 -0.630256 -1.142819 2.575886
1.513935 -0.625945 -1.139953 2.575682
1.512179 -0.621614 -1.137067 2.575484
1.510398 -0.617265 -1.134163 2.575289
1.508593 -0.612896 -1.131240 2.575100
1.506764 -0.608509 -1.128298 2.574916
1.504910 -0.604102 -1.125337 2.574737
1.503032 -0.599677 -1.122357 2.574562
1.501129 -0.595234 -1.119359 2.574392
1.499202 -0.590772 -1.116342 2.574228
1.497251 -0.586292 -1.113307 2.574068
1.495276 -0.581793 -1.110253 2.573913
1.493276 -0.577277 -1.107180 2.573763
1.491252 -0.572743 -1.104089 2.573618
1.489205 -0.568191 -1.100979 2.573477
1.487133 -0.563621 -1.097851 2.573342
1.485037 -0.559035 -1.094704 2.573211
1.482917 -0.554430 -1.091540 2.573086
1.480774 -0.549809 -1.088356 2.572965
1.478606 -0.545171 -1.085155 2.572849
1.476415 -0.540515 -1.081935 2.572738
1.474200 -0.535843 -1.078698 2.572632
1.471961 -0.531155 -1.075442 2.572530
1.469698 -0.526450 -1.072167 2.572434
1.467411 -0.521728 -1.068875 2.572342
1.465101 -0.516991 -1.065565 2.572255
1.462768 -0.512237 -1.062237 2.572173
1.460411 -0.507468 -1.058891 2.572096
1.458030 -0.502683 -1.055527 2.572024
1.455626 -0.497882 -1.052146 2.571956
1.453199 -0.493066 -1.048746 2.571894
1.450748 -0.488235 -1.045329 2.571836
1.448274 -0.483388 -1.041894 2.571783
1.445776 -0.478527 -1.038442 2.571735
1.443256 -0.473650 -1.034972 2.571691
1.440712 -0.468759 -1.031484 2.571652
1.438145 -0.463854 -1.027980 2.571619
1.435555 -0.458934 -1.024457 2.571589
1.432942 -0.453999 -1.020918 2.571565
1.430306 -0.449051 -1.017361 2.571545
1.427647 -0.444089 -1.013786 2.571530
1.424966 -0.439113 -1.010195 2.571520
1.422261 -0.434123 -1.006587 2.571514
1.419534 -0.429120 -1.002961 2.571514
1.416784 -0.424104 -0.999318 2.571517
1.414011 -0.419074 -0.995659 2.571526
1.411216 -0.414032 -0.991982 2.571539
1.408399 -0.408977 -0.988289 2.571557
1.405558 -0.403908 -0.984579 2.571579
1.402696 -0.398828 -0.980852 2.571606
1.399811 -0.393735 -0.977109 2.571637
1.396903 -0.388630 -0.973349 2.571674
1.393974 -0.383512 -0.969572 2.571714
1.391022 -0.378383 -0.965779 2.571759
1.388048 -0.373242 -0.961969 2.571809
1.385052 -0.368089 -0.958144 2.571863
1.382034 -0.362925 -0.954301 2.571922
1.378994 -0.357750 -0.950443 2.571985
1.375933 -0.352564 -0.946569 2.572053
1.372849 -0.347366 -0.942678 2.572125
1.369743 -0.342158 -0.938771 2.572202
1.366616 -0.336939 -0.934849 2.572283
1.363467 -0.331710 -0.930910 2.572368
1.360297 -0.326470 -0.926956 2.572458
1.357105 -0.321221 -0.922986 2.572552
1.353891 -0.315961 -0.919000 2.572650
1.350656 -0.310691 -0.914998 2.572753
1.347400 -0.305412 -0.910981 2.572859
1.344122 -0.300123 -0.906949 2.572971
1.340824 -0.294825 -0.902901 2.573086
1.337504 -0.289518 -0.898838 2.573206
1.334163 -0.284202 -0.894759 2.573329
1.330801 -0.278876 -0.890665 2.573457
1.327417 -0.273543 -0.886557 2.573589
1.324014 -0.268200 -0.882433 2.573726
1.320589 -0.262850 -0.878294 2.573866
1.317143 -0.257491 -0.874140 2.574010
1.313677 -0.252124 -0.869971 2.574159
1.310190 -0.246749 -0.865788 2.574311
1.306683 -0.241367 -0.861590 2.574467
1.303155 -0.235977 -0.857377 2.574628
1.299607 -0.230579 -0.853149 2.574792
1.296038 -0.225175 -0.848908 2.574960
1.292449 -0.219763 -0.844651 2.575132
1.288840 -0.214345 -0.840381 2.575308
1.285211 -0.208920 -0.836096 2.575488
1.281561 -0.203488 -0.831797 2.575671
1.277892 -0.198050 -0.827484 2.575859
1.274203 -0.192606 -0.823157 2.576050
1.270494 -0.187156 -0.818817 2.576245
1.266765 -0.181700 -0.814462 2.576443
1.263016 -0.176238 -0.810093 2.576645
1.259248 -0.170771 -0.805711 2.576851
1.255460 -0.165299 -0.801315 2.577060
1.251653 -0.159821 -0.796906 2.577273
1.247826 -0.154338 -0.792483 2.577489
1.243980 -0.148851 -0.788047 2.577709
1.240115 -0.143359 -0.783598 2.577932
1.236230 -0.137862 -0.779135 2.578159
1.232327 -0.132361 -0.774660 2.578389
1.228404 -0.126856 -0.770171 2.578623
1.224463 -0.121347 -0.765669 2.578859
1.220502 -0.115834 -0.761155 2.579099
1.216523 -0.110317 -0.756627 2.579343
1.212525 -0.104797 -0.752087 2.579589
1.208509 -0.099274 -0.747535 2.579839
1.204474 -0.093747 -0.742970 2.580092
1.200420 -0.088218 -0.738392 2.580348
1.196348 -0.082686 -0.733803 2.580607
1.192258 -0.077151 -0.729200 2.580869
1.188149 -0.071614 -0.724586 2.581134
1.184023 -0.066075 -0.719960 2.581402
1.179878 -0.060533 -0.715322 2.581673
1.175715 -0.054989 -0.710671 2.581947
1.171534 -0.049444 -0.706009 2.582223
1.167336 -0.043897 -0.701336 2.582503
1.163120 -0.038349 -0.696650 2.582785
1.158886 -0.032800 -0.691953 2.583070
1.154634 -0.027249 -0.687245 2.583358
1.150365 -0.021698 -0.682525 2.583648
1.146079 -0.016146 -0.677794 2.583941
1.141775 -0.010593 -0.673052 2.584237
1.137454 -0.005040 -0.668299 2.584535
1.133116 0.000513 -0.663535 2.584835
1.128761 0.006066 -0.658760 2.585138
1.124389 0.011619 -0.653974 2.585444
1.120000 0.017172 -0.649177 2.585751
1.115594 0.022724 -0.644370 2.586061
1.111171 0.028276 -0.639552 2.586374
1.106732 0.033827 -0.634724 2.586688
1.102276 0.039376 -0.629885 2.587005
1.097804 0.044925 -0.625036 2.587324
1.093315 0.050472 -0.620177 2.587645
1.088810 0.056018 -0.615308 2.587968
1.084289 0.061562 -0.610429 2.588293
1.079752 0.067104 -0.605541 2.588620
1.075198 0.072644 -0.600642 2.588949
1.070629 0.078182 -0.595734 2.589279
1.066044 0.083717 -0.590816 2.589612
1.061443 0.089250 -0.585889 2.589946
1.056827 0.094780 -0.580952 2.590282
1.052195 0.100308 -0.576006 2.590620
1.047547 0.105832 -0.571051 2.590959
1.042885 0.111353 -0.566087 2.591300
1.038206 0.116870 -0.561114 2.591643
1.033513 0.122384 -0.556132 2.591987
1.028805 0.127895 -0.551141 2.592332
1.024081 0.133401 -0.546141 2.592679
1.019343 0.138903 -0.541133 2.593027
1.014589 0.144401 -0.536117 2.593377
1.009822 0.149894 -0.531092 2.593727
1.005039 0.155383 -0.526058 2.594079
1.000242 0.160867 -0.521017 2.594432
0.995430 0.166346 -0.515967 2.594787
0.990604 0.171820 -0.510910 2.595142
0.985764 0.177289 -0.505845 2.595498
0.980910 0.182752 -0.500771 2.595855
0.976041 0.188210 -0.495691 2.596213
0.971159 0.193661 -0.490602 2.596572
0.966262 0.199107 -0.485506 2.596931
0.961352 0.204547 -0.480403 2.597292
0.956429 0.209980 -0.475292 2.597653
0.951491 0.215407 -0.470175 2.598014
0.946540 0.220827 -0.465050 2.598377
0.941576 0.226241 -0.459918 2.598739
0.936599 0.231647 -0.454780 2.599103
0.931608 0.237046 -0.449634 2.599466
0.926604 0.242438 -0.444482 2.599830
0.921587 0.247823 -0.439324 2.600194
0.916558 0.253200 -0.434159 2.600559
0.911515 0.258569 -0.428988 2.600923
0.906460 0.263929 -0.423810 2.601288
0.901392 0.269282 -0.418627 2.601653
0.896312 0.274627 -0.413437 2.602018
0.891219 0.279963 -0.408241 2.602383
0.886114 0.285290 -0.403040 2.602748
0.880997 0.290609 -0.397833 2.603112
0.875868 0.295918 -0.392620 2.603477
0.870727 0.301219 -0.387402 2.603841
0.865574 0.306510 -0.382178 2.604205
0.860409 0.311791 -0.376949 2.604568
0.855232 0.317063 -0.371715 2.604931
0.850044 0.322326 -0.366476 2.605294
0.844844 0.327578 -0.361232 2.605656
0.839633 0.332820 -0.355983 2.606017
0.834411 0.338052 -0.350729 2.606378
0.829177 0.343273 -0.345471 2.606738
0.823933 0.348484 -0.340208 2.607097
0.818677 0.353684 -0.334941 2.607456
0.813411 0.358873 -0.329669 2.607813
0.808134 0.364051 -0.324393 2.608170
0.802846 0.369217 -0.319113 2.608525
0.797547 0.374373 -0.313829 2.608880
0.792239 0.379516 -0.308541 2.609233
0.786919 0.384648 -0.303249 2.609585
0.781590 0.389768 -0.297954 2.609936
0.776250 0.394876 -0.292655 2.610285
0.770901 0.399972 -0.287353 2.610633
0.765541 0.405055 -0.282047 2.610980
0.760172 0.410126 -0.276738 2.611325
0.754793 0.415184 -0.271426 2.611669
0.749405 0.420230 -0.266110 2.612011
0.744007 0.425262 -0.260792 2.612351
0.738599 0.430281 -0.255471 2.612690
0.733182 0.435287 -0.250147 2.613026
0.727756 0.440279 -0.244821 2.613361
0.722321 0.445258 -0.239492 2.613694
0.716877 0.450223 -0.234161 2.614025
0.711425 0.455174 -0.228827 2.614354
0.705963 0.460111 -0.223492 2.614680
0.700493 0.465034 -0.218154 2.615005
0.695014 0.469942 -0.212814 2.615327
0.689527 0.474836 -0.207473 2.615647
0.684032 0.479715 -0.202129 2.615964
0.678528 0.484580 -0.196784 2.616279
0.673016 0.489429 -0.191438 2.616592
0.667497 0.494263 -0.186090 2.616902
0.661969 0.499082 -0.180741 2.617209
0.656434 0.503885 -0.175390 2.617514
0.650891 0.508673 -0.170039 2.617816
0.645340 0.513445 -0.164686 2.618115
0.639782 0.518202 -0.159333 2.618411
0.634217 0.522942 -0.153979 2.618704
0.628644 0.527666 -0.148624 2.618994
0.623065 0.532374 -0.143269 2.619281
0.617478 0.537065 -0.137913 2.619565
0.611885 0.541740 -0.132557 2.619846
0.606284 0.546398 -0.127200 2.620123
0.600678 0.551039 -0.121844 2.620397
0.595064 0.555663 -0.116487 2.620668
0.589444 0.560269 -0.111131 2.620935
0.583818 0.564859 -0.105775 2.621198
0.578185 0.569431 -0.100419 2.621458
0.572547 0.573985 -0.095063 2.621714
0.566902 0.578522 -0.089708 2.621967
0.561252 0.583041 -0.084354 2.622216
0.555595 0.587541 -0.079000 2.622460
0.549933 0.592024 -0.073647 2.622701
0.544266 0.596488 -0.068296 2.622938
0.538593 0.600934 -0.062945 2.623171
0.532915 0.605361 -0.057595 2.623399
0.527231 0.609770 -0.052247 2.623624
0.521543 0.614160 -0.046900 2.623844
0.515849 0.618530 -0.041554 2.624060
0.510151 0.622882 -0.036211 2.624271
0.504448 0.627214 -0.030868 2.624478
0.498740 0.631527 -0.025528 2.624680
0.493027 0.635821 -0.020190 2.624878
0.487311 0.640095 -0.014853 2.625071
0.481590 0.644349 -0.009519 2.625259
0.475864 0.648583 -0.004187 2.625442
0.470135 0.652797 0.001143 2.625621
0.464401 0.656991 0.006470 2.625794
0.458664 0.661164 0.011795 2.625963
0.452923 0.665318 0.017117 2.626126
0.447179 0.669450 0.022436 2.626285
0.441430 0.673562 0.027753 2.626438
0.435679 0.677653 0.033066 2.626586
0.429924 0.681724 0.038377 2.626728
0.424166 0.685773 0.043684 2.626865
0.418405 0.689801 0.048988 2.626996
0.412641 0.693808 0.054288 2.627122
0.406874 0.697793 0.059586 2.627243
0.401104 0.701757 0.064879 2.627357
0.395332 0.705699 0.070169 2.627466
0.389558 0.709619 0.075455 2.627569
0.383780 0.713518 0.080737 2.627666
0.378001 0.717394 0.086015 2.627757
0.372220 0.721248 0.091289 2.627842
0.366436 0.725080 0.096559 2.627921
0.360651 0.728890 0.101824 2.627994
0.354863 0.732677 0.107085 2.628060
0.349074 0.736442 0.112341 2.628121
0.343284 0.740183 0.117593 2.628174
0.337492 0.743902 0.122840 2.628222
0.331698 0.747599 0.128083 2.628263
0.325904 0.751272 0.133320 2.628297
0.320108 0.754921 0.138552 2.628324
0.314311 0.758548 0.143779 2.628345
0.308514 0.762151 0.149001 2.628359
0.302715 0.765731 0.154218 2.628367
0.296916 0.769287 0.159429 2.628367
0.291116 0.772819 0.164635 2.628360
0.285316 0.776328 0.169835 2.628347
0.279516 0.779812 0.175029 2.628326
0.273715 0.783273 0.180217 2.628298
0.267915 0.786709 0.185400 2.628263
0.262114 0.790121 0.190576 2.628220
0.256313 0.793509 0.195747 2.628170
0.250513 0.796872 0.200911 2.628112
0.244713 0.800211 0.206069 2.628047
0.238914 0.803525 0.211220 2.627975
0.233115 0.806815 0.216365 2.627894
0.227317 0.810079 0.221503 2.627806
0.221519 0.813319 0.226634 2.627711
0.215723 0.816534 0.231759 2.627607
0.209928 0.819723 0.236877 2.627495
0.204133 0.822887 0.241987 2.627376
0.198340 0.826026 0.247091 2.627248
0.192549 0.829139 0.252188 2.627112
0.186759 0.832227 0.257277 2.626968
0.180971 0.835290 0.262358 2.626816
0.175184 0.838326 0.267433 2.626655
0.169399 0.841337 0.272499 2.626486
0.163616 0.844322 0.277558 2.626309
0.157835 0.847281 0.282610 2.626123
0.152057 0.850214 0.287653 2.625928
0.146281 0.853121 0.292688 2.625725
0.140507 0.856001 0.297716 2.625513
0.134736 0.858855 0.302735 2.625292
0.128967 0.861683 0.307746 2.625062
0.123201 0.864484 0.312749 2.624824
0.117438 0.867259 0.317743 2.624576
0.111678 0.870007 0.322729 2.624320
0.105921 0.872729 0.327706 2.624054
0.100167 0.875423 0.332675 2.623779
0.094417 0.878091 0.337634 2.623495
0.088670 0.880731 0.342585 2.623201
0.082927 0.883345 0.347527 2.622898
0.077187 0.885931 0.352460 2.622586
0.071451 0.888491 0.357383 2.622264
0.065719 0.891023 0.362298 2.621933
0.059991 0.893527 0.367203 2.621592
0.054267 0.896004 0.372099 2.621241
0.048547 0.898454 0.376985 2.620880
0.042832 0.900876 0.381862 2.620510
0.037121 0.903271 0.386729 2.620130
0.031415 0.905637 0.391586 2.619739
0.025713 0.907976 0.396434 2.619339
0.020017 0.910287 0.401271 2.618929
0.014325 0.912571 0.406099 2.618508
0.008638 0.914826 0.410916 2.618078
0.002956 0.917053 0.415723 2.617637
-0.002720 0.919252 0.420520 2.617185
-0.008391 0.921423 0.425307 2.616724
-0.014057 0.923565 0.430083 2.616251
-0.019717 0.925680 0.434849 2.615769
-0.025371 0.927766 0.439604 2.615276
-0.031020 0.929823 0.444349 2.614772
-0.036663 0.931852 0.449083 2.614257
-0.042299 0.933853 0.453805 2.613732
-0.047930 0.935825 0.458517 2.613195
-0.053554 0.937768 0.463218 2.612648
-0.059172 0.939682 0.467908 2.612090
-0.064783 0.941568 0.472587 2.611521
-0.070388 0.943425 0.477255 2.610941
-0.075986 0.945253 0.481911 2.610350
-0.081577 0.947052 0.486556 2.609748
-0.087162 0.948822 0.491189 2.609134
-0.092739 0.950563 0.495811 2.608509
-0.098309 0.952275 0.500421 2.607873
-0.103872 0.953958 0.505020 2.607225
-0.109428 0.955612 0.509606 2.606566
-0.114976 0.957237 0.514181 2.605895
-0.120517 0.958832 0.518744 2.605212
-0.126050 0.960398 0.523295 2.604518
-0.131575 0.961934 0.527834 2.603813
-0.137092 0.963442 0.532361 2.603095
-0.142602 0.964919 0.536875 2.602366
-0.148103 0.966368 0.541377 2.601625
-0.153596 0.967787 0.545867 2.600871
-0.159080 0.969176 0.550345 2.600106
-0.164556 0.970535 0.554810 2.599329
-0.170024 0.971865 0.559262 2.598540
-0.175483 0.973166 0.563702 2.597738
-0.180933 0.974437 0.568129 2.596924
-0.186374 0.975677 0.572543 2.596098
-0.191807 0.976889 0.576944 2.595260
-0.197230 0.978070 0.581332 2.594409
-0.202644 0.979222 0.585708 2.593546
-0.208049 0.980343 0.590070 2.592670
-0.213444 0.981435 0.594419 2.591782
-0.218830 0.982497 0.598755 2.590881
-0.224206 0.983529 0.603078 2.589968
-0.229573 0.984531 0.607387 2.589042
-0.234930 0.985503 0.611683 2.588103
-0.240276 0.986445 0.615966 2.587151
-0.245613 0.987357 0.620235 2.586187
-0.250940 0.988239 0.624490 2.585209
-0.256256 0.989091 0.628732 2.584218
-0.261562 0.989913 0.632960 2.583215
-0.266858 0.990704 0.637174 2.582198
-0.272143 0.991466 0.641374 2.581169
-0.277417 0.992197 0.645561 2.580126
-0.282680 0.992898 0.649733 2.579070
-0.287933 0.993569 0.653892 2.578000
-0.293175 0.994210 0.658036 2.576918
-0.298405 0.994820 0.662167 2.575822
-0.303625 0.995401 0.666283 2.574712
-0.308833 0.995951 0.670384 2.573589
-0.314030 0.996471 0.674472 2.572453
-0.319215 0.996960 0.678545 2.571303
-0.324389 0.997419 0.682604 2.570139
-0.329551 0.997848 0.686648 2.568962
-0.334701 0.998247 0.690678 2.567771
-0.339840 0.998615 0.694693 2.566566
-0.344966 0.998954 0.698693 2.565347
-0.350080 0.999261 0.702679 2.564115
-0.355182 0.999539 0.706650 2.562869
-0.360272 0.999786 0.710606 2.561609
-0.365349 1.000003 0.714547 2.560334
-0.370414 1.000190 0.718473 2.559046
-0.375467 1.000346 0.722385 2.557744
-0.380506 1.000472 0.726281 2.556428
-0.385533 1.000567 0.730162 2.555097
-0.390547 1.000633 0.734028 2.553752
-0.395548 1.000668 0.737879 2.552393
-0.400536 1.000673 0.741715 2.551020
-0.405510 1.000647 0.745535 2.549632
-0.410472 1.000591 0.749340 2.548230
-0.415420 1.000505 0.753130 2.546814
-0.420354 1.000389 0.756905 2.545383
-0.425275 1.000243 0.760663 2.543938
-0.430182 1.000066 0.764407 2.542478
-0.435076 0.999859 0.768135 2.541004
-0.439956 0.999622 0.771847 2.539515
-0.444821 0.999354 0.775543 2.538011
-0.449673 0.999057 0.779224 2.536493
-0.454510 0.998729 0.782890 2.534959
-0.459334 0.998371 0.786539 2.533412
-0.464143 0.997983 0.790173 2.531849
-0.468937 0.997565 0.793790 2.530271
-0.473717 0.997117 0.797392 2.528679
-0.478482 0.996638 0.800978 2.527072
-0.483233 0.996130 0.804548 2.525450
-0.487969 0.995592 0.808102 2.523812
-0.492690 0.995023 0.811640 2.522160
-0.497395 0.994425 0.815162 2.520493
-0.502086 0.993797 0.818668 2.518810
-0.506762 0.993139 0.822157 2.517113
-0.511422 0.992451 0.825631 2.515400
-0.516067 0.991733 0.829088 2.513672
-0.520697 0.990985 0.832528 2.511929
-0.525311 0.990207 0.835953 2.510171
-0.529909 0.989400 0.839361 2.508397
-0.534492 0.988563 0.842753 2.506608
-0.539059 0.987696 0.846129 2.504804
-0.543610 0.986799 0.849488 2.502984
-0.548145 0.985873 0.852830 2.501149
-0.552664 0.984917 0.856156 2.499299
-0.557166 0.983932 0.859466 2.497433
-0.561653 0.982917 0.862759 2.495551
-0.566123 0.981873 0.866035 2.493654
-0.570576 0.980799 0.869295 2.491742
-0.575014 0.979696 0.872538 2.489813
-0.579434 0.978563 0.875764 2.487870
-0.583838 0.977401 0.878974 2.485910
-0.588225 0.976210 0.882167 2.483935
-0.592595 0.974990 0.885343 2.481944
-0.596949 0.973740 0.888503 2.479938
-0.601285 0.972461 0.891645 2.477915
-0.605604 0.971153 0.894771 2.475877
-0.609906 0.969816 0.897880 2.473823
-0.614190 0.968450 0.900972 2.471754
-0.618458 0.967056 0.904048 2.469668
-0.622707 0.965632 0.907106 2.467567
-0.626940 0.964179 0.910147 2.465449
-0.631154 0.962698 0.913172 2.463316
-0.635351 0.961187 0.916179 2.461167
-0.639530 0.959648 0.919170 2.459002
-0.643692 0.958081 0.922143 2.456821
-0.647835 0.956485 0.925099 2.454624
-0.651960 0.954860 0.928039 2.452411
-0.656067 0.953207 0.930961 2.450182
-0.660156 0.951525 0.933866 2.447937
-0.664227 0.949815 0.936754 2.445675
-0.668279 0.948077 0.939625 2.443398
-0.672313 0.946311 0.942479 2.441105
-0.676329 0.944516 0.945316 2.438795
-0.680325 0.942693 0.948135 2.436469
-0.684304 0.940843 0.950937 2.434127
-0.688263 0.938964 0.953722 2.431769
-0.692204 0.937057 0.956490 2.429395
-0.696125 0.935123 0.959241 2.427004
-0.700028 0.933161 0.961974 2.424598
-0.703912 0.931171 0.964691 2.422175
-0.707776 0.929153 0.967390 2.419736
-0.711621 0.927108 0.970071 2.417280
-0.715448 0.925035 0.972736 2.414808
-0.719254 0.922935 0.975383 2.412320
-0.723041 0.920807 0.978013 2.409816
-0.726809 0.918653 0.980625 2.407295
-0.730557 0.916471 0.983221 2.404758
-0.734286 0.914261 0.985799 2.402205
-0.737995 0.912025 0.988359 2.399635
-0.741684 0.909762 0.990903 2.397049
-0.745353 0.907472 0.993429 2.394447
-0.749002 0.905155 0.995937 2.391828
-0.752631 0.902811 0.998429 2.389193
-0.756241 0.900441 1.000903 2.386542
-0.759830 0.898044 1.003360 2.383874
-0.763398 0.895621 1.005799 2.381189
-0.766947 0.893171 1.008221 2.378489
-0.770475 0.890695 1.010626 2.375771
-0.773983 0.888192 1.013013 2.373038
-0.777470 0.885663 1.015383 2.370288
-0.780937 0.883109 1.017736 2.367522
-0.784383 0.880528 1.020071 2.364739
-0.787808 0.877921 1.022390 2.361939
-0.791212 0.875289 1.024690 2.359124
-0.794596 0.872630 1.026974 2.356291
-0.797959 0.869946 1.029240 2.353443
-0.801301 0.867237 1.031489 2.350578
-0.804622 0.864502 1.033720 2.347696
-0.807921 0.861742 1.035935 2.344798
-0.811200 0.858956 1.038132 2.341884
-0.814457 0.856145 1.040311 2.338953
-0.817694 0.853309 1.042474 2.336006
-0.820908 0.850448 1.044619 2.333042
-0.824102 0.847563 1.046747 2.330062
-0.827273 0.844652 1.048857 2.327065
-0.830424 0.841716 1.050950 2.324052
-0.833552 0.838756 1.053027 2.321023
-0.836660 0.835772 1.055086 2.317977
-0.839745 0.832763 1.057127 2.314915
-0.842808 0.829730 1.059152 2.311836
-0.845850 0.826672 1.061159 2.308741
-0.848870 0.823590 1.063149 2.305630
-0.851868 0.820485 1.065122 2.302502
-0.854844 0.817355 1.067078 2.299357
-0.857798 0.814202 1.069017 2.296197
-0.860729 0.811025 1.070938 2.293020
-0.863639 0.807824 1.072843 2.289826
-0.866526 0.804600 1.074730 2.286616
-0.869391 0.801352 1.076601 2.283390
-0.872234 0.798081 1.078454 2.280148
-0.875054 0.794787 1.080290 2.276889
-0.877852 0.791470 1.082109 2.273614
-0.880627 0.788129 1.083912 2.270322
-0.883380 0.784766 1.085697 2.267015
-0.886110 0.781380 1.087465 2.263691
-0.888817 0.777972 1.089217 2.260350
-0.891502 0.774541 1.090951 2.256994
-0.894163 0.771088 1.092669 2.253621
-0.896802 0.767612 1.094369 2.250232
-0.899419 0.764114 1.096053 2.246827
-0.902012 0.760594 1.097720 2.243405
-0.904582 0.757052 1.099370 2.239968
-0.907129 0.753488 1.101004 2.236514
-0.909653 0.749903 1.102621 2.233044
-0.912154 0.746296 1.104221 2.229558
-0.914632 0.742667 1.105804 2.226056
-0.917086 0.739017 1.107370 2.222538
-0.919518 0.735346 1.108920 2.219004
-0.921926 0.731653 1.110454 2.215453
-0.924310 0.727940 1.111970 2.211887
-0.926671 0.724205 1.113471 2.208305
-0.929009 0.720450 1.114954 2.204706
-0.931323 0.716674 1.116421 2.201092
-0.933614 0.712878 1.117872 2.197462
-0.935881 0.709061 1.119306 2.193816
-0.938124 0.705224 1.120724 2.190154
-0.940344 0.701367 1.122125 2.186476
-0.942540 0.697490 1.123510 2.182782
-0.944712 0.693592 1.124879 2.179072
-0.946860 0.689675 1.126231 2.175347
-0.948985 0.685739 1.127567 2.171606
-0.951085 0.681782 1.128887 2.167849
-0.953162 0.677807 1.130191 2.164076
-0.955215 0.673812 1.131479 2.160288
-0.957243 0.669797 1.132750 2.156483
-0.959248 0.665764 1.134005 2.152664
-0.961229 0.661712 1.135245 2.148828
-0.963185 0.657641 1.136468 2.144978
-0.965117 0.653552 1.137675 2.141111
-0.967025 0.649444 1.138867 2.137229
-0.968909 0.645317 1.140042 2.133332
-0.970769 0.641173 1.141202 2.129419
-0.972604 0.637010 1.142345 2.125490
-0.974415 0.632829 1.143473 2.121547
-0.976201 0.628630 1.144586 2.117587
-0.977963 0.624414 1.145682 2.113613
-0.979701 0.620180 1.146763 2.109623
-0.981414 0.615928 1.147828 2.105618
-0.983102 0.611660 1.148878 2.101598
-0.984766 0.607374 1.149912 2.097563
-0.986406 0.603071 1.150931 2.093512
-0.988021 0.598751 1.151934 2.089446
-0.989611 0.594414 1.152921 2.085365
-0.991176 0.590061 1.153894 2.081269
-0.992717 0.585691 1.154851 2.077159
-0.994233 0.581304 1.155792 2.073033
-0.995724 0.576902 1.156719 2.068892
-0.997191 0.572483 1.157630 2.064736
-0.998632 0.568049 1.158526 2.060566
-1.000049 0.563598 1.159407 2.056380
-1.001441 0.559132 1.160273 2.052180
-1.002808 0.554651 1.161124 2.047965
-1.004150 0.550154 1.161960 2.043736
-1.005467 0.545642 1.162781 2.039491
-1.006760 0.541114 1.163588 2.035232
-1.008027 0.536572 1.164379 2.030959
-1.009269 0.532015 1.165156 2.026671
-1.010486 0.527443 1.165918 2.022369
-1.011678 0.522857 1.166665 2.018052
-1.012845 0.518256 1.167397 2.013720
-1.013986 0.513641 1.168116 2.009375
-1.015103 0.509012 1.168819 2.005015
-1.016194 0.504369 1.169508 2.000641
-1.017261 0.499712 1.170183 1.996252
-1.018302 0.495042 1.170843 1.991850
-1.019317 0.490358 1.171489 1.987433
-1.020308 0.485660 1.172121 1.983002
-1.021273 0.480949 1.172738 1.978557
-1.022213 0.476226 1.173342 1.974099
-1.023128 0.471489 1.173931 1.969626
-1.024017 0.466739 1.174506 1.965139
-1.024881 0.461977 1.175067 1.960639
-1.025720 0.457203 1.175614 1.956125
-1.026533 0.452416 1.176148 1.951597
-1.027321 0.447616 1.176667 1.947055
-1.028084 0.442805 1.177173 1.942500
-1.028821 0.437982 1.177665 1.937931
-1.029533 0.433147 1.178144 1.933349
-1.030219 0.428300 1.178609 1.928754
-1.030880 0.423442 1.179060 1.924144
-1.031515 0.418573 1.179498 1.919522
-1.032125 0.413692 1.179922 1.914886
-1.032709 0.408801 1.180333 1.910237
-1.033268 0.403898 1.180731 1.905575
-1.033802 0.398985 1.181115 1.900900
-1.034309 0.394062 1.181486 1.896211
-1.034792 0.389128 1.181845 1.891510
-1.035248 0.384183 1.182190 1.886796
-1.035680 0.379229 1.182522 1.882068
-1.036085 0.374264 1.182841 1.877328
-1.036465 0.369290 1.183147 1.872575
-1.036820 0.364306 1.183440 1.867810
-1.037149 0.359313 1.183721 1.863031
-1.037452 0.354310 1.183989 1.858241
-1.037730 0.349298 1.184244 1.853437
-1.037982 0.344277 1.184487 1.848621
-1.038209 0.339248 1.184717 1.843793
-1.038410 0.334209 1.184935 1.838952
-1.038586 0.329162 1.185140 1.834099
-1.038735 0.324106 1.185333 1.829234
-1.038860 0.319042 1.185514 1.824357
-1.038958 0.313970 1.185682 1.819467
-1.039031 0.308891 1.185839 1.814565
-1.039079 0.303803 1.185983 1.809652
-1.039100 0.298707 1.186115 1.804726
-1.039096 0.293604 1.186236 1.799789
-1.039067 0.288494 1.186344 1.794840
-1.039012 0.283377 1.186441 1.789879
-1.038931 0.278252 1.186526 1.784907
-1.038825 0.273121 1.186599 1.779923
-1.038693 0.267983 1.186661 1.774927
-1.038536 0.262838 1.186711 1.769920
-1.038353 0.257687 1.186749 1.764902
-1.038144 0.252529 1.186777 1.759872
-1.037910 0.247366 1.186792 1.754831
-1.037650 0.242196 1.186797 1.749779
-1.037364 0.237021 1.186790 1.744715
-1.037054 0.231840 1.186773 1.739641
-1.036717 0.226654 1.186744 1.734556
-1.036355 0.221462 1.186704 1.729460
-1.035967 0.216265 1.186653 1.724353
-1.035554 0.211063 1.186592 1.719235
-1.035115 0.205856 1.186519 1.714106
-1.034651 0.200645 1.186436 1.708967
-1.034161 0.195429 1.186342 1.703818
-1.033646 0.190208 1.186238 1.698657
-1.033105 0.184983 1.186123 1.693487
-1.032539 0.179754 1.185997 1.688306
-1.031947 0.174522 1.185862 1.683115
-1.031330 0.169285 1.185716 1.677914
-1.030688 0.164045 1.185559 1.672702
-1.030020 0.158801 1.185393 1.667481
-1.029326 0.153554 1.185216 1.662250
-1.028607 0.148304 1.185030 1.657008
-1.027863 0.143051 1.184833 1.651757
-1.027093 0.137794 1.184627 1.646497
-1.026298 0.132536 1.184410 1.641226
-1.025478 0.127274 1.184185 1.635946
-1.024632 0.122011 1.183949 1.630657
-1.023762 0.116745 1.183704 1.625358
-1.022865 0.111477 1.183449 1.620050
-1.021944 0.106207 1.183185 1.614733
-1.020997 0.100935 1.182911 1.609406
-1.020025 0.095662 1.182628 1.604070
-1.019028 0.090387 1.182336 1.598725
-1.018005 0.085111 1.182035 1.593372
-1.016958 0.079834 1.181724 1.588009
-1.015885 0.074555 1.181405 1.582638
-1.014787 0.069276 1.181077 1.577258
-1.013664 0.063996 1.180739 1.571869
-1.012516 0.058716 1.180393 1.566472
-1.011343 0.053435 1.180039 1.561067
-1.010145 0.048154 1.179675 1.555653
-1.008921 0.042873 1.179303 1.550230
-1.007673 0.037592 1.178923 1.544800
-1.006400 0.032311 1.178534 1.539361
-1.005102 0.027031 1.178137 1.533914
-1.003779 0.021751 1.177731 1.528460
-1.002431 0.016472 1.177318 1.522997
-1.001058 0.011194 1.176896 1.517527
-0.999661 0.005916 1.176466 1.512049
-0.998238 0.000640 1.176028 1.506563
-0.996791 -0.004635 1.175583 1.501070
-0.995319 -0.009908 1.175129 1.495570
-0.993822 -0.015180 1.174668 1.490062
-0.992301 -0.020450 1.174199 1.484546
-0.990755 -0.025718 1.173722 1.479024
-0.989184 -0.030985 1.173238 1.473494
-0.987589 -0.036249 1.172746 1.467958
-0.985969 -0.041510 1.172247 1.462414
-0.984325 -0.046769 1.171741 1.456864
-0.982656 -0.052026 1.171228 1.451307
-0.980962 -0.057280 1.170707 1.445743
-0.979245 -0.062530 1.170179 1.440173
-0.977502 -0.067778 1.169645 1.434596
-0.975736 -0.073022 1.169103 1.429012
-0.973945 -0.078263 1.168554 1.423423
-0.972130 -0.083501 1.167999 1.417827
-0.970290 -0.088735 1.167437 1.412225
-0.968427 -0.093965 1.166868 1.406617
-0.966539 -0.099191 1.166293 1.401003
-0.964627 -0.104412 1.165712 1.395383
-0.962690 -0.109630 1.165124 1.389757
-0.960730 -0.114843 1.164529 1.384126
-0.958746 -0.120052 1.163929 1.378489
-0.956738 -0.125256 1.163322 1.372847
-0.954705 -0.130455 1.162709 1.367199
-0.952649 -0.135649 1.162090 1.361545
-0.950569 -0.140838 1.161465 1.355887
-0.948465 -0.146021 1.160834 1.350223
-0.946338 -0.151199 1.160198 1.344555
-0.944186 -0.156372 1.159555 1.338881
-0.942011 -0.161539 1.158908 1.333202
-0.939813 -0.166700 1.158254 1.327519
-0.937590 -0.171855 1.157595 1.321831
-0.935344 -0.177003 1.156931 1.316139
-0.933075 -0.182146 1.156261 1.310442
-0.930782 -0.187282 1.155586 1.304740
-0.928465 -0.192411 1.154906 1.299034
-0.926125 -0.197534 1.154220 1.293324
-0.923762 -0.202650 1.153530 1.287610
-0.921376 -0.207759 1.152834 1.281892
-0.918966 -0.212861 1.152134 1.276170
-0.916533 -0.217955 1.151429 1.270444
-0.914077 -0.223042 1.150719 1.264714
-0.911597 -0.228122 1.150005 1.258981
-0.909095 -0.233194 1.149286 1.253244
-0.906570 -0.238258 1.148562 1.247503
-0.904021 -0.243314 1.147834 1.241760
-0.901450 -0.248362 1.147101 1.236013
-0.898856 -0.253401 1.146364 1.230262
-0.896239 -0.258433 1.145623 1.224509
-0.893599 -0.263455 1.144878 1.218753
-0.890937 -0.268470 1.144129 1.212994
-0.888252 -0.273475 1.143376 1.207232
-0.885544 -0.278471 1.142619 1.201467
-0.882814 -0.283459 1.141858 1.195700
-0.880061 -0.288437 1.141093 1.189930
-0.877286 -0.293406 1.140324 1.184158
-0.874488 -0.298365 1.139552 1.178383
-0.871668 -0.303315 1.138776 1.172606
-0.868826 -0.308255 1.137997 1.166827
-0.865962 -0.313185 1.137214 1.161047
-0.863075 -0.318106 1.136428 1.155264
-0.860166 -0.323016 1.135639 1.149479
-0.857236 -0.327916 1.134846 1.143693
-0.854283 -0.332806 1.134051 1.137905
-0.851308 -0.337685 1.133252 1.132115
-0.848312 -0.342553 1.132450 1.126324
-0.845293 -0.347411 1.131646 1.120532
-0.842253 -0.352258 1.130838 1.114738
-0.839191 -0.357094 1.130028 1.108943
-0.836108 -0.361918 1.129215 1.103148
-0.833002 -0.366732 1.128399 1.097351
-0.829876 -0.371534 1.127581 1.091553
-0.826728 -0.376325 1.126761 1.085755
-0.823558 -0.381104 1.125937 1.079956
-0.820367 -0.385871 1.125112 1.074156
-0.817155 -0.390626 1.124284 1.068356
-0.813922 -0.395370 1.123454 1.062556
-0.810667 -0.400101 1.122622 1.056755
-0.807392 -0.404820 1.121788 1.050954
-0.804095 -0.409527 1.120952 1.045153
-0.800778 -0.414221 1.120114 1.039352
-0.797439 -0.418902 1.119274 1.033552
-0.794080 -0.423571 1.118433 1.027751
-0.790700 -0.428227 1.117589 1.021951
-0.787299 -0.432871 1.116744 1.016151
-0.783878 -0.437501 1.115897 1.010352
-0.780436 -0.442118 1.115049 1.004553
-0.776974 -0.446721 1.114200 0.998755
-0.773491 -0.451311 1.113349 0.992958
-0.769988 -0.455888 1.112496 0.987162
-0.766464 -0.460451 1.111643 0.981367
-0.762921 -0.465000 1.110788 0.975573
-0.759357 -0.469536 1.109932 0.969780
-0.755773 -0.474057 1.109075 0.963989
-0.752169 -0.478564 1.108217 0.958198
-0.748545 -0.483057 1.107358 0.952410
-0.744901 -0.487536 1.106499 0.946623
-0.741238 -0.492001 1.105638 0.940838
-0.737554 -0.496450 1.104777 0.935054
-0.733852 -0.500886 1.103915 0.929273
-0.730129 -0.505306 1.103053 0.923493
-0.726387 -0.509712 1.102190 0.917716
-0.722626 -0.514102 1.101326 0.911941
-0.718845 -0.518478 1.100462 0.906168
-0.715045 -0.522838 1.099598 0.900397
-0.711226 -0.527184 1.098734 0.894629
-0.707387 -0.531513 1.097869 0.888864
-0.703530 -0.535828 1.097004 0.883101
-0.699653 -0.540126 1.096139 0.877341
-0.695758 -0.544409 1.095274 0.871584
-0.691844 -0.548677 1.094409 0.865830
-0.687911 -0.552928 1.093545 0.860080
-0.683959 -0.557163 1.092680 0.854332
-0.679989 -0.561383 1.091816 0.848588
-0.676000 -0.565586 1.090952 0.842847
-0.671993 -0.569773 1.090088 0.837109
-0.667967 -0.573943 1.089225 0.831375
-0.663923 -0.578097 1.088362 0.825645
-0.659861 -0.582234 1.087499 0.819918
-0.655781 -0.586355 1.086638 0.814196
-0.651682 -0.590459 1.085776 0.808477
-0.647566 -0.594546 1.084916 0.802763
-0.643432 -0.598616 1.084056 0.797052
-0.639280 -0.602670 1.083197 0.791346
-0.635110 -0.606706 1.082339 0.785645
-0.630923 -0.610724 1.081482 0.779947
-0.626718 -0.614726 1.080626 0.774255
-0.622496 -0.618710 1.079771 0.768567
-0.618256 -0.622677 1.078917 0.762884
-0.613999 -0.626626 1.078065 0.757205
-0.609724 -0.630557 1.077213 0.751532
-0.605433 -0.634471 1.076363 0.745864
-0.601124 -0.638367 1.075514 0.740200
-0.596799 -0.642244 1.074667 0.734542
-0.592456 -0.646104 1.073820 0.728890
-0.588097 -0.649946 1.072976 0.723243
-0.583721 -0.653770 1.072133 0.717601
-0.579328 -0.657575 1.071291 0.711965
-0.574919 -0.661362 1.070451 0.706335
-0.570493 -0.665131 1.069613 0.700710
-0.566051 -0.668881 1.068777 0.695092
-0.561593 -0.672613 1.067942 0.689479
-0.557118 -0.676326 1.067110 0.683873
-0.552627 -0.680020 1.066279 0.678273
-0.548121 -0.683695 1.065450 0.672679
-0.543598 -0.687352 1.064623 0.667092
-0.539059 -0.690989 1.063798 0.661511
-0.534505 -0.694608 1.062976 0.655936
-0.529935 -0.698207 1.062155 0.650368
-0.525349 -0.701788 1.061337 0.644808
-0.520748 -0.705349 1.060521 0.639254
-0.516132 -0.708891 1.059707 0.633706
-0.511500 -0.712413 1.058896 0.628166
-0.506853 -0.715916 1.058087 0.622634
-0.502190 -0.719399 1.057280 0.617108
-0.497513 -0.722863 1.056476 0.611590
-0.492821 -0.726307 1.055675 0.606079
-0.488113 -0.729732 1.054876 0.600576
-0.483392 -0.733136 1.054079 0.595080
-0.478655 -0.736521 1.053286 0.589592
-0.473904 -0.739886 1.052495 0.584112
-0.469138 -0.743231 1.051707 0.578639
-0.464358 -0.746556 1.050922 0.573175
-0.459563 -0.749861 1.050139 0.567719
-0.454755 -0.753145 1.049359 0.562271
-0.449932 -0.756410 1.048583 0.556831
-0.445095 -0.759654 1.047809 0.551400
-0.440244 -0.762878 1.047039 0.545977
-0.435380 -0.766081 1.046271 0.540562
-0.430501 -0.769264 1.045506 0.535157
-0.425609 -0.772426 1.044745 0.529760
-0.420704 -0.775568 1.043987 0.524371
-0.415785 -0.778689 1.043232 0.518992
-0.410852 -0.781790 1.042480 0.513622
-0.405907 -0.784870 1.041732 0.508260
-0.400948 -0.787929 1.040987 0.502908
-0.395976 -0.790967 1.040245 0.497565
-0.390991 -0.793984 1.039507 0.492232
-0.385993 -0.796981 1.038772 0.486908
-0.380982 -0.799956 1.038041 0.481593
-0.375959 -0.802911 1.037313 0.476288
-0.370923 -0.805844 1.036589 0.470993
-0.365875 -0.808756 1.035868 0.465707
-0.360814 -0.811647 1.035151 0.460432
-0.355741 -0.814517 1.034438 0.455166
-0.350656 -0.817366 1.033728 0.449911
-0.345558 -0.820193 1.033023 0.444665
-0.340449 -0.822999 1.032320 0.439430
-0.335328 -0.825784 1.031622 0.434205
-0.330194 -0.828547 1.030928 0.428990
-0.325050 -0.831288 1.030237 0.423786
-0.319893 -0.834009 1.029550 0.418593
-0.314725 -0.836707 1.028867 0.413410
-0.309546 -0.839385 1.028188 0.408238
-0.304356 -0.842040 1.027514 0.403076
-0.299154 -0.844674 1.026843 0.397926
-0.293941 -0.847286 1.026176 0.392786
-0.288717 -0.849877 1.025513 0.387658
-0.283482 -0.852445 1.024854 0.382541
-0.278237 -0.854992 1.024200 0.377435
-0.272980 -0.857518 1.023549 0.372340
-0.267714 -0.860021 1.022903 0.367257
-0.262436 -0.862503 1.022261 0.362185
-0.257148 -0.864962 1.021623 0.357124
-0.251850 -0.867400 1.020990 0.352076
-0.246542 -0.869816 1.020361 0.347039
-0.241224 -0.872209 1.019736 0.342014
-0.235896 -0.874581 1.019115 0.337000
-0.230558 -0.876931 1.018499 0.331999
-0.225210 -0.879259 1.017887 0.327010
-0.219852 -0.881564 1.017280 0.322033
-0.214485 -0.883848 1.016676 0.317068
-0.209109 -0.886109 1.016078 0.312115
-0.203723 -0.888348 1.015484 0.307174
-0.198328 -0.890566 1.014894 0.302246
-0.192924 -0.892761 1.014309 0.297331
-0.187511 -0.894933 1.013728 0.292428
-0.182088 -0.897084 1.013152 0.287538
-0.176657 -0.899212 1.012580 0.282660
-0.171218 -0.901319 1.012013 0.277796
-0.165769 -0.903402 1.011451 0.272944
-0.160313 -0.905464 1.010893 0.268105
-0.154847 -0.907504 1.010340 0.263279
-0.149374 -0.909521 1.009792 0.258467
-0.143892 -0.911515 1.009248 0.253667
-0.138402 -0.913488 1.008709 0.248881
-0.132905 -0.915438 1.008174 0.244108
-0.127399 -0.917366 1.007644 0.239348
-0.121886 -0.919271 1.007119 0.234602
-0.116365 -0.921155 1.006599 0.229870
-0.110836 -0.923015 1.006083 0.225151
-0.105300 -0.924854 1.005572 0.220446
-0.099757 -0.926670 1.005066 0.215754
-0.094207 -0.928464 1.004565 0.211077
-0.088649 -0.930235 1.004069 0.206413
-0.083084 -0.931984 1.003577 0.201763
-0.077513 -0.933711 1.003090 0.197128
-0.071935 -0.935415 1.002608 0.192506
-0.066350 -0.937097 1.002131 0.187899
-0.060758 -0.938757 1.001658 0.183305
-0.055160 -0.940394 1.001191 0.178727
-0.049556 -0.942009 1.000728 0.174162
-0.043945 -0.943602 1.000270 0.169612
-0.038329 -0.945172 0.999817 0.165076
-0.032706 -0.946720 0.999369 0.160555
-0.027077 -0.948245 0.998925 0.156049
-0.021443 -0.949749 0.998487 0.151558
-0.015803 -0.951230 0.998053 0.147081
-0.010157 -0.952688 0.997625 0.142619
-0.004506 -0.954124 0.997201 0.138172
0.001151 -0.955538 0.996782 0.133740
0.006813 -0.956930 0.996368 0.129322
0.012480 -0.958300 0.995959 0.124920
0.018152 -0.959647 0.995555 0.120534
0.023829 -0.960972 0.995156 0.116162
0.029510 -0.962275 0.994761 0.111806
0.035197 -0.963555 0.994372 0.107465
0.040888 -0.964814 0.993987 0.103139
0.046583 -0.966050 0.993608 0.098829
0.052283 -0.967264 0.993233 0.094534
0.057987 -0.968456 0.992863 0.090255
0.063696 -0.969626 0.992498 0.085992
0.069408 -0.970774 0.992138 0.081744
0.075124 -0.971899 0.991782 0.077512
0.080844 -0.973003 0.991432 0.073296
0.086568 -0.974084 0.991086 0.069095
0.092296 -0.975144 0.990746 0.064911
0.098026 -0.976182 0.990410 0.060743
0.103761 -0.977197 0.990079 0.056590
0.109498 -0.978191 0.989753 0.052454
0.115239 -0.979163 0.989432 0.048334
0.120983 -0.980113 0.989115 0.044230
0.126729 -0.981041 0.988804 0.040142
0.132479 -0.981947 0.988497 0.036071
0.138231 -0.982832 0.988195 0.032015
0.143985 -0.983695 0.987898 0.027977
0.149743 -0.984536 0.987605 0.023955
0.155502 -0.985355 0.987318 0.019949
0.161264 -0.986153 0.987035 0.015960
0.167028 -0.986929 0.986757 0.011987
0.172794 -0.987683 0.986483 0.008031
0.178562 -0.988416 0.986215 0.004092
0.184332 -0.989128 0.985951 0.000170
0.190103 -0.989818 0.985692 -0.003736
0.195876 -0.990486 0.985437 -0.007624
0.201651 -0.991133 0.985187 -0.011496
0.207427 -0.991759 0.984942 -0.015351
0.213204 -0.992363 0.984701 -0.019189
0.218982 -0.992946 0.984465 -0.023010
0.224761 -0.993508 0.984234 -0.026814
0.230541 -0.994049 0.984007 -0.030600
0.236322 -0.994568 0.983785 -0.034370
0.242104 -0.995067 0.983567 -0.038122
0.247886 -0.995544 0.983354 -0.041857
0.253669 -0.996001 0.983146 -0.045575
0.259452 -0.996436 0.982942 -0.049275
0.265235 -0.996850 0.982742 -0.052958
0.271019 -0.997244 0.982547 -0.056623
0.276802 -0.997617 0.982356 -0.060271
0.282586 -0.997969 0.982170 -0.063902
0.288369 -0.998300 0.981988 -0.067515
0.294152 -0.998610 0.981810 -0.071110
0.299934 -0.998900 0.981637 -0.074688
0.305716 -0.999169 0.981468 -0.078248
0.311497 -0.999418 0.981304 -0.081790
0.317277 -0.999646 0.981144 -0.085315
0.323057 -0.999854 0.980987 -0.088822
0.328835 -1.000042 0.980836 -0.092311
0.334613 -1.000209 0.980688 -0.095782
0.340389 -1.000356 0.980545 -0.099235
0.346164 -1.000483 0.980405 -0.102670
0.351937 -1.000589 0.980270 -0.106088
0.357709 -1.000676 0.980139 -0.109487
0.363479 -1.000742 0.980012 -0.112869
0.369248 -1.000789 0.979889 -0.116232
0.375014 -1.000815 0.979770 -0.119577
0.380779 -1.000822 0.979655 -0.122904
0.386541 -1.000809 0.979544 -0.126213
0.392301 -1.000776 0.979437 -0.129504
0.398059 -1.000724 0.979334 -0.132777
0.403815 -1.000652 0.979234 -0.136031
0.409568 -1.000560 0.979139 -0.139267
0.415318 -1.000449 0.979047 -0.142485
0.421065 -1.000319 0.978959 -0.145684
0.426810 -1.000169 0.978874 -0.148865
0.432551 -1.000000 0.978794 -0.152028
0.438289 -0.999812 0.978717 -0.155172
0.444024 -0.999605 0.978643 -0.158298
0.449756 -0.999379 0.978574 -0.161406
0.455485 -0.999133 0.978507 -0.164495
0.461209 -0.998869 0.978445 -0.167565
0.466930 -0.998586 0.978386 -0.170617
0.472648 -0.998284 0.978330 -0.173650
0.478361 -0.997963 0.978277 -0.176665
0.484070 -0.997624 0.978228 -0.179661
0.489776 -0.997266 0.978183 -0.182639
0.495477 -0.996890 0.978140 -0.185598
0.501173 -0.996495 0.978101 -0.188538
0.506866 -0.996082 0.978065 -0.191460
0.512553 -0.995651 0.978033 -0.194362
0.518236 -0.995201 0.978003 -0.197247
0.523915 -0.994734 0.977977 -0.200112
0.529588 -0.994248 0.977953 -0.202959
0.535256 -0.993745 0.977933 -0.205787
0.540920 -0.993223 0.977915 -0.208596
0.546578 -0.992684 0.977901 -0.211386
0.552230 -0.992127 0.977889 -0.214158
0.557878 -0.991553 0.977880 -0.216910
0.563519 -0.990960 0.977874 -0.219644
0.569155 -0.990351 0.977871 -0.222359
0.574786 -0.989724 0.977870 -0.225055
0.580410 -0.989080 0.977873 -0.227732
0.586028 -0.988418 0.977877 -0.230391
0.591641 -0.987739 0.977885 -0.233030
0.597247 -0.987044 0.977894 -0.235650
0.602847 -0.986331 0.977907 -0.238252
0.608440 -0.985601 0.977922 -0.240835
0.614027 -0.984855 0.977939 -0.243398
0.619607 -0.984092 0.977958 -0.245943
0.625181 -0.983312 0.977980 -0.248469
0.630747 -0.982516 0.978004 -0.250975
0.636307 -0.981703 0.978030 -0.253463
0.641860 -0.980874 0.978059 -0.255932
0.647405 -0.980029 0.978089 -0.258382
0.652943 -0.979168 0.978122 -0.260812
0.658474 -0.978290 0.978156 -0.263224
0.663997 -0.977397 0.978193 -0.265617
0.669513 -0.976487 0.978231 -0.267991
0.675021 -0.975562 0.978271 -0.270345
0.680521 -0.974621 0.978313 -0.272681
0.686013 -0.973664 0.978357 -0.274998
0.691497 -0.972692 0.978403 -0.277295
0.696973 -0.971704 0.978450 -0.279574
0.702441 -0.970701 0.978499 -0.281833
0.707900 -0.969683 0.978549 -0.284074
0.713351 -0.968650 0.978600 -0.286295
0.718794 -0.967601 0.978654 -0.288498
0.724227 -0.966538 0.978708 -0.290681
0.729652 -0.965460 0.978764 -0.292846
0.735069 -0.964367 0.978821 -0.294991
0.740476 -0.963259 0.978879 -0.297117
0.745874 -0.962136 0.978939 -0.299225
0.751263 -0.961000 0.978999 -0.301313
0.756642 -0.959848 0.979061 -0.303382
0.762012 -0.958683 0.979123 -0.305433
0.767373 -0.957503 0.979187 -0.307464
0.772724 -0.956310 0.979251 -0.309476
0.778065 -0.955102 0.979316 -0.311470
0.783397 -0.953880 0.979382 -0.313444
0.788718 -0.952645 0.979449 -0.315400
0.794030 -0.951396 0.979516 -0.317336
0.799331 -0.950133 0.979584 -0.319254
0.804623 -0.948857 0.979652 -0.321152
0.809904 -0.947568 0.979721 -0.323032
0.815174 -0.946265 0.979790 -0.324893
0.820434 -0.944949 0.979860 -0.326734
0.825683 -0.943620 0.979930 -0.328557
0.830922 -0.942278 0.980000 -0.330361
0.836150 -0.940923 0.980070 -0.332146
0.841366 -0.939556 0.980140 -0.333913
0.846572 -0.938176 0.980210 -0.335660
0.851767 -0.936783 0.980281 -0.337389
0.856950 -0.935378 0.980351 -0.339099
0.862122 -0.933960 0.980421 -0.340790
0.867283 -0.932531 0.980491 -0.342462
0.872432 -0.931089 0.980560 -0.344115
0.877569 -0.929635 0.980629 -0.345750
0.882695 -0.928169 0.980698 -0.347366
0.887809 -0.926692 0.980766 -0.348963
0.892911 -0.925203 0.980834 -0.350542
0.898001 -0.923702 0.980901 -0.352101
0.903079 -0.922190 0.980968 -0.353643
0.908144 -0.920667 0.981033 -0.355165
0.913197 -0.919132 0.981098 -0.356669
0.918238 -0.917586 0.981163 -0.358154
0.923266 -0.916029 0.981226 -0.359621
0.928282 -0.914461 0.981288 -0.361069
0.933285 -0.912883 0.981349 -0.362499
0.938275 -0.911293 0.981409 -0.363910
0.943252 -0.909693 0.981468 -0.365303
0.948216 -0.908083 0.981525 -0.366677
0.953167 -0.906462 0.981582 -0.368033
0.958105 -0.904832 0.981637 -0.369370
0.963030 -0.903190 0.981690 -0.370689
0.967941 -0.901539 0.981742 -0.371990
0.972839 -0.899878 0.981792 -0.373272
0.977723 -0.898208 0.981841 -0.374536
0.982593 -0.896527 0.981888 -0.375782
0.987450 -0.894837 0.981933 -0.377010
0.992293 -0.893138 0.981976 -0.378219
0.997122 -0.891429 0.982017 -0.379410
1.001936 -0.889711 0.982056 -0.380583
1.006737 -0.887984 0.982094 -0.381738
1.011523 -0.886248 0.982129 -0.382874
1.016296 -0.884503 0.982161 -0.383993
1.021053 -0.882749 0.982192 -0.385093
1.025796 -0.880987 0.982220 -0.386176
1.030525 -0.879216 0.982246 -0.387241
1.035239 -0.877437 0.982269 -0.388287
1.039938 -0.875649 0.982290 -0.389316
1.044622 -0.873853 0.982308 -0.390327
1.049291 -0.872050 0.982323 -0.391320
1.053946 -0.870238 0.982336 -0.392295
1.058585 -0.868418 0.982346 -0.393253
1.063208 -0.866591 0.982352 -0.394192
1.067817 -0.864756 0.982356 -0.395114
1.072410 -0.862913 0.982357 -0.396019
1.076987 -0.861064 0.982355 -0.396906
1.081549 -0.859207 0.982349 -0.397775
1.086096 -0.857342 0.982340 -0.398627
1.090626 -0.855471 0.982328 -0.399461
1.095141 -0.853593 0.982312 -0.400277
1.099640 -0.851708 0.982293 -0.401077
1.104122 -0.849817 0.982271 -0.401859
1.108589 -0.847919 0.982244 -0.402623
1.113039 -0.846014 0.982214 -0.403370
1.117473 -0.844104 0.982180 -0.404101
1.121891 -0.842187 0.982143 -0.404813
1.126292 -0.840264 0.982101 -0.405509
1.130677 -0.838335 0.982055 -0.406187
1.135045 -0.836400 0.982006 -0.406849
1.139396 -0.834459 0.981952 -0.407493
1.143731 -0.832513 0.981894 -0.408121
1.148049 -0.830562 0.981831 -0.408731
1.152349 -0.828605 0.981764 -0.409325
1.156633 -0.826642 0.981693 -0.409901
1.160900 -0.824675 0.981617 -0.410461
1.165149 -0.822703 0.981537 -0.411004
1.169381 -0.820726 0.981452 -0.411530
1.173596 -0.818744 0.981362 -0.412040
1.177793 -0.816757 0.981268 -0.412533
1.181973 -0.814766 0.981168 -0.413010
1.186135 -0.812770 0.981064 -0.413470
1.190279 -0.810770 0.980954 -0.413913
1.194406 -0.808766 0.980840 -0.414340
1.198514 -0.806758 0.980720 -0.414751
1.202605 -0.804746 0.980595 -0.415145
1.206678 -0.802731 0.980464 -0.415523
1.210733 -0.800711 0.980329 -0.415885
1.214769 -0.798688 0.980187 -0.416231
1.218787 -0.796662 0.980040 -0.416560
1.222787 -0.794632 0.979888 -0.416874
1.226769 -0.792599 0.979730 -0.417171
1.230732 -0.790562 0.979566 -0.417453
1.234676 -0.788523 0.979396 -0.417718
1.238602 -0.786481 0.979220 -0.417968
1.242509 -0.784437 0.979038 -0.418202
1.246398 -0.782389 0.978850 -0.418420
1.250267 -0.780339 0.978656 -0.418623
1.254118 -0.778287 0.978456 -0.418810
1.257949 -0.776232 0.978249 -0.418981
1.261762 -0.774176 0.978036 -0.419137
1.265555 -0.772117 0.977817 -0.419277
1.269329 -0.770056 0.977591 -0.419402
1.273084 -0.767994 0.977358 -0.419512
1.276819 -0.765930 0.977119 -0.419606
1.280535 -0.763864 0.976873 -0.419685
1.284232 -0.761797 0.976620 -0.419749
1.287909 -0.759729 0.976360 -0.419798
1.291566 -0.757659 0.976093 -0.419832
1.295204 -0.755588 0.975819 -0.419850
1.298821 -0.753517 0.975538 -0.419854
1.302419 -0.751444 0.975250 -0.419843
1.305997 -0.749371 0.974955 -0.419817
1.309555 -0.747297 0.974652 -0.419777
1.313093 -0.745222 0.974342 -0.419722
1.316610 -0.743147 0.974024 -0.419652
1.320108 -0.741072 0.973699 -0.419567
1.323585 -0.738997 0.973366 -0.419468
1.327042 -0.736922 0.973025 -0.419355
1.330478 -0.734847 0.972676 -0.419227
1.333894 -0.732771 0.972320 -0.419085
1.337289 -0.730697 0.971955 -0.418929
1.340664 -0.728622 0.971583 -0.418758
1.344018 -0.726549 0.971202 -0.418574
1.347352 -0.724476 0.970814 -0.418375
1.350664 -0.722403 0.970417 -0.418163
1.353956 -0.720332 0.970012 -0.417936
1.357227 -0.718261 0.969598 -0.417696
1.360477 -0.716192 0.969176 -0.417442
1.363705 -0.714124 0.968745 -0.417174
1.366913 -0.712057 0.968306 -0.416892
1.370099 -0.709992 0.967858 -0.416597
1.373265 -0.707928 0.967401 -0.416289
1.376409 -0.705866 0.966936 -0.415967
1.379531 -0.703806 0.966461 -0.415631
1.382632 -0.701747 0.965978 -0.415283
1.385712 -0.699691 0.965485 -0.414921
1.388770 -0.697636 0.964984 -0.414546
1.391806 -0.695584 0.964473 -0.414158
1.394821 -0.693535 0.963953 -0.413756
1.397815 -0.691488 0.963423 -0.413342
1.400786 -0.689443 0.962885 -0.412915
1.403735 -0.687401 0.962336 -0.412475
1.406663 -0.685362 0.961778 -0.412023
1.409569 -0.683326 0.961211 -0.411558
1.412453 -0.681292 0.960634 -0.411080
1.415314 -0.679262 0.960047 -0.410589
1.418154 -0.677235 0.959450 -0.410087
1.420971 -0.675212 0.958843 -0.409571
1.423766 -0.673192 0.958227 -0.409044
1.426539 -0.671175 0.957600 -0.408504
1.429290 -0.669163 0.956963 -0.407952
1.432018 -0.667153 0.956316 -0.407388
1.434724 -0.665148 0.955659 -0.406812
1.437407 -0.663147 0.954991 -0.406224
1.440068 -0.661150 0.954313 -0.405625
1.442706 -0.659157 0.953625 -0.405013
1.445322 -0.657169 0.952926 -0.404390
1.447915 -0.655184 0.952216 -0.403755
1.450485 -0.653205 0.951496 -0.403108
1.453032 -0.651230 0.950765 -0.402450
1.455557 -0.649260 0.950023 -0.401781
1.458059 -0.647294 0.949271 -0.401100
1.460538 -0.645334 0.948507 -0.400408
1.462993 -0.643378 0.947732 -0.399705
1.465426 -0.641428 0.946947 -0.398991
1.467836 -0.639483 0.946150 -0.398265
1.470222 -0.637543 0.945342 -0.397529
1.472586 -0.635609 0.944522 -0.396782
1.474926 -0.633680 0.943692 -0.396024
1.477243 -0.631757 0.942850 -0.395255
1.479537 -0.629840 0.941996 -0.394476
1.481807 -0.627929 0.941131 -0.393686
1.484054 -0.626023 0.940254 -0.392886
1.486278 -0.624124 0.939366 -0.392075
1.488478 -0.622231 0.938466 -0.391254
1.490655 -0.620344 0.937554 -0.390423
1.492808 -0.618463 0.936630 -0.389581
1.494937 -0.616589 0.935694 -0.388730
1.497043 -0.614722 0.934746 -0.387868
1.499125 -0.612861 0.933787 -0.386997
1.501184 -0.611007 0.932815 -0.386115
1.503218 -0.609159 0.931831 -0.385224
1.505229 -0.607319 0.930834 -0.384323
1.507216 -0.605485 0.929826 -0.383413
1.509180 -0.603659 0.928805 -0.382493
1.511119 -0.601840 0.927771 -0.381564
1.513034 -0.600029 0.926725 -0.380625
1.514926 -0.598224 0.925667 -0.379677
1.516793 -0.596428 0.924596 -0.378720
1.518637 -0.594639 0.923512 -0.377753
1.520456 -0.592857 0.922415 -0.376778
1.522251 -0.591083 0.921306 -0.375793
1.524022 -0.589318 0.920184 -0.374800
1.525769 -0.587560 0.919049 -0.373798
1.527492 -0.585810 0.917901 -0.372787
1.529190 -0.584069 0.916740 -0.371768
1.530864 -0.582335 0.915566 -0.370740
1.532514 -0.580610 0.914378 -0.369703
1.534140 -0.578894 0.913178 -0.368659
1.535741 -0.577185 0.911964 -0.367606
1.537317 -0.575486 0.910737 -0.366544
1.538870 -0.573795 0.909496 -0.365475
1.540397 -0.572113 0.908243 -0.364397
1.541901 -0.570440 0.906975 -0.363312
1.543380 -0.568775 0.905694 -0.362218
1.544834 -0.567120 0.904400 -0.361117
1.546263 -0.565474 0.903092 -0.360008
1.547669 -0.563837 0.901770 -0.358892
1.549049 -0.562209 0.900434 -0.357768
1.550405 -0.560591 0.899085 -0.356636
1.551736 -0.558982 0.897721 -0.355497
1.553042 -0.557383 0.896344 -0.354351
1.554324 -0.555793 0.894953 -0.353197
1.555581 -0.554213 0.893548 -0.352037
1.556813 -0.552642 0.892128 -0.350869
1.558020 -0.551082 0.890695 -0.349694
1.559203 -0.549531 0.889247 -0.348513
1.560360 -0.547991 0.887786 -0.347325
1.561493 -0.546460 0.886309 -0.346130
1.562601 -0.544940 0.884819 -0.344928
1.563684 -0.543430 0.883314 -0.343720
1.564742 -0.541930 0.881795 -0.342505
1.565775 -0.540440 0.880261 -0.341284
1.566783 -0.538961 0.878713 -0.340057
1.567767 -0.537493 0.877150 -0.338823
1.568725 -0.536035 0.875573 -0.337583
1.569658 -0.534588 0.873980 -0.336338
1.570566 -0.533151 0.872374 -0.335086
1.571449 -0.531726 0.870752 -0.333828
1.572307 -0.530311 0.869116 -0.332565
1.573140 -0.528907 0.867464 -0.331296
1.573948 -0.527515 0.865798 -0.330021
1.574730 -0.526133 0.864117 -0.328741
1.575488 -0.524763 0.862421 -0.327455
1.576220 -0.523403 0.860710 -0.326164
1.576927 -0.522055 0.858984 -0.324868
1.577609 -0.520719 0.857243 -0.323566
1.578266 -0.519394 0.855486 -0.322260
1.578898 -0.518080 0.853715 -0.320948
1.579504 -0.516778 0.851928 -0.319631
1.580086 -0.515488 0.850126 -0.318310
1.580641 -0.514209 0.848308 -0.316984
1.581172 -0.512942 0.846475 -0.315653
1.581678 -0.511687 0.844627 -0.314317
1.582158 -0.510444 0.842763 -0.312977
1.582613 -0.509213 0.840884 -0.311633
1.583043 -0.507994 0.838990 -0.310284
1.583447 -0.506787 0.837079 -0.308931
1.583826 -0.505592 0.835154 -0.307573
1.584180 -0.504409 0.833212 -0.306212
1.584508 -0.503238 0.831255 -0.304847
1.584811 -0.502080 0.829282 -0.303477
1.585089 -0.500934 0.827294 -0.302104
1.585342 -0.499801 0.825289 -0.300727
1.585569 -0.498680 0.823269 -0.299346
1.585771 -0.497571 0.821233 -0.297962
1.585948 -0.496476 0.819182 -0.296574
1.586099 -0.495392 0.817114 -0.295183
1.586225 -0.494322 0.815030 -0.293789
1.586325 -0.493264 0.812930 -0.292391
1.586400 -0.492219 0.810815 -0.290990
1.586450 -0.491187 0.808683 -0.289586
1.586475 -0.490168 0.806535 -0.288179
1.586474 -0.489162 0.804372 -0.286769
1.586448 -0.488169 0.802192 -0.285356
1.586396 -0.487188 0.799996 -0.283940
1.586320 -0.486221 0.797783 -0.282522
1.586217 -0.485267 0.795555 -0.281101
1.586090 -0.484327 0.793310 -0.279678
1.585937 -0.483399 0.791049 -0.278252
1.585759 -0.482485 0.788772 -0.276823
1.585555 -0.481584 0.786478 -0.275393
1.585327 -0.480696 0.784169 -0.273960
1.585073 -0.479822 0.781842 -0.272526
1.584793 -0.478961 0.779500 -0.271089
1.584489 -0.478114 0.777140 -0.269650
1.584159 -0.477281 0.774765 -0.268209
1.583803 -0.476461 0.772373 -0.266767
1.583423 -0.475654 0.769965 -0.265323
1.583017 -0.474861 0.767540 -0.263877
1.582586 -0.474082 0.765098 -0.262430
1.582129 -0.473317 0.762640 -0.260981
1.581648 -0.472565 0.760166 -0.259531
1.581141 -0.471827 0.757674 -0.258080
1.580609 -0.471103 0.755167 -0.256628
1.580052 -0.470393 0.752642 -0.255174
1.579469 -0.469697 0.750101 -0.253719
1.578862 -0.469015 0.747544 -0.252264
1.578229 -0.468347 0.744969 -0.250807
1.577571 -0.467692 0.742378 -0.249350
1.576888 -0.467052 0.739770 -0.247891
1.576180 -0.466426 0.737146 -0.246433
1.575446 -0.465814 0.734505 -0.244973
1.574688 -0.465216 0.731847 -0.243513
1.573904 -0.464632 0.729172 -0.242053
1.573096 -0.464062 0.726481 -0.240593
1.572262 -0.463507 0.723772 -0.239132
1.571403 -0.462966 0.721047 -0.237671
1.570520 -0.462439 0.718305 -0.236210
1.569611 -0.461926 0.715547 -0.234748
1.568677 -0.461428 0.712771 -0.233287
1.567718 -0.460944 0.709979 -0.231826
1.566735 -0.460474 0.707169 -0.230366
1.565726 -0.460019 0.704343 -0.228905
1.564693 -0.459578 0.701500 -0.227445
1.563634 -0.459152 0.698641 -0.225985
1.562551 -0.458740 0.695764 -0.224526
1.561443 -0.458342 0.692870 -0.223068
1.560310 -0.457959 0.689960 -0.221610
1.559152 -0.457591 0.687032 -0.220153
1.557970 -0.457237 0.684088 -0.218696
1.556762 -0.456897 0.681127 -0.217241
1.555530 -0.456572 0.678149 -0.215786
1.554274 -0.456261 0.675154 -0.214333
1.552992 -0.455966 0.672142 -0.212881
1.551686 -0.455684 0.669113 -0.211429
1.550356 -0.455417 0.666067 -0.209980
1.549000 -0.455165 0.663004 -0.208531
1.547620 -0.454928 0.659925 -0.207084
1.546216 -0.454705 0.656828 -0.205638
1.544787 -0.454497 0.653715 -0.204194
1.543334 -0.454303 0.650584 -0.202752
1.541856 -0.454124 0.647437 -0.201311
1.540353 -0.453960 0.644273 -0.199872
1.538827 -0.453810 0.641092 -0.198435
1.537276 -0.453675 0.637894 -0.197000
1.535700 -0.453555 0.634679 -0.195567
1.534100 -0.453449 0.631447 -0.194135
1.532476 -0.453358 0.628198 -0.192706
1.530828 -0.453282 0.624933 -0.191280
1.529155 -0.453220 0.621650 -0.189855
1.527459 -0.453174 0.618351 -0.188433
1.525738 -0.453141 0.615035 -0.187013
1.523993 -0.453124 0.611702 -0.185596
1.522224 -0.453121 0.608352 -0.184181
1.520431 -0.453133 0.604986 -0.182769
1.518614 -0.453159 0.601602 -0.181359
1.516772 -0.453201 0.598202 -0.179953
1.514907 -0.453257 0.594785 -0.178549
1.513018 -0.453327 0.591351 -0.177148
1.511106 -0.453412 0.587900 -0.175750
1.509169 -0.453512 0.584433 -0.174355
1.507208 -0.453627 0.580949 -0.172963
1.505224 -0.453756 0.577448 -0.171574
1.503216 -0.453900 0.573930 -0.170189
1.501185 -0.454058 0.570396 -0.168806
1.499129 -0.454232 0.566845 -0.167428
1.497051 -0.454419 0.563278 -0.166052
1.494948 -0.454622 0.559694 -0.164680
1.492822 -0.454838 0.556093 -0.163312
1.490673 -0.455070 0.552475 -0.161947
1.488500 -0.455316 0.548841 -0.160586
1.486304 -0.455577 0.545191 -0.159228
1.484084 -0.455852 0.541524 -0.157875
1.481841 -0.456141 0.537840 -0.156525
1.479575 -0.456446 0.534140 -0.155179
1.477286 -0.456764 0.530423 -0.153837
1.474973 -0.457097 0.526690 -0.152500
1.472638 -0.457445 0.522941 -0.151166
1.470279 -0.457807 0.519175 -0.149836
1.467897 -0.458183 0.515393 -0.148511
1.465492 -0.458574 0.511594 -0.147190
1.463065 -0.458979 0.507779 -0.145874
1.460614 -0.459399 0.503948 -0.144561
1.458141 -0.459833 0.500100 -0.143254
1.455644 -0.460281 0.496237 -0.141950
1.453125 -0.460743 0.492357 -0.140652
1.450584 -0.461220 0.488461 -0.139358
1.448019 -0.461711 0.484548 -0.138069
1.445432 -0.462216 0.480620 -0.136784
1.442823 -0.462735 0.476675 -0.135504
1.440191 -0.463268 0.472715 -0.134230
1.437536 -0.463816 0.468738 -0.132960
1.434859 -0.464378 0.464745 -0.131695
1.432160 -0.464953 0.460737 -0.130435
1.429439 -0.465543 0.456712 -0.129180
1.426695 -0.466147 0.452672 -0.127930
1.423929 -0.466765 0.448616 -0.126686
1.421141 -0.467396 0.444544 -0.125447
1.418331 -0.468042 0.440456 -0.124213
1.415499 -0.468701 0.436352 -0.122984
1.412644 -0.469374 0.432233 -0.121761
1.409768 -0.470061 0.428098 -0.120544
1.406870 -0.470762 0.423947 -0.119332
1.403951 -0.471477 0.419781 -0.118125
1.401009 -0.472205 0.415599 -0.116924
1.398046 -0.472947 0.411402 -0.115729
1.395061 -0.473702 0.407189 -0.114539
1.392055 -0.474472 0.402961 -0.113356
1.389027 -0.475254 0.398717 -0.112178
1.385978 -0.476050 0.394459 -0.111005
1.382907 -0.476860 0.390184 -0.109839
1.379815 -0.477683 0.385895 -0.108679
1.376701 -0.478519 0.381590 -0.107525
1.373567 -0.479369 0.377270 -0.106377
1.370411 -0.480232 0.372935 -0.105235
1.367234 -0.481108 0.368585 -0.104099
1.364036 -0.481997 0.364220 -0.102969
1.360817 -0.482900 0.359840 -0.101846
1.357577 -0.483816 0.355445 -0.100729
1.354317 -0.484744 0.351035 -0.099618
1.351035 -0.485686 0.346610 -0.098513
1.347733 -0.486641 0.342171 -0.097415
1.344410 -0.487608 0.337717 -0.096324
1.341067 -0.488589 0.333248 -0.095239
1.337703 -0.489582 0.328764 -0.094160
1.334318 -0.490588 0.324266 -0.093088
1.330913 -0.491607 0.319754 -0.092023
1.327488 -0.492638 0.315227 -0.090964
1.324043 -0.493682 0.310685 -0.089912
1.320577 -0.494739 0.306129 -0.088867
1.317091 -0.495808 0.301559 -0.087828
1.313585 -0.496889 0.296975 -0.086797
1.310059 -0.497983 0.292376 -0.085772
1.306513 -0.499089 0.287763 -0.084754
1.302948 -0.500208 0.283136 -0.083743
1.299362 -0.501338 0.278496 -0.082740
1.295757 -0.502481 0.273841 -0.081743
1.292132 -0.503636 0.269172 -0.080753
1.288488 -0.504803 0.264490 -0.079770
1.284823 -0.505982 0.259793 -0.078794
1.281140 -0.507173 0.255083 -0.077826
1.277437 -0.508375 0.250359 -0.076865
1.273715 -0.509590 0.245622 -0.075911
1.269973 -0.510816 0.240871 -0.074964
1.266213 -0.512054 0.236107 -0.074024
1.262433 -0.513304 0.231329 -0.073092
1.258634 -0.514565 0.226538 -0.072167
1.254817 -0.515837 0.221734 -0.071250
1.250980 -0.517121 0.216916 -0.070340
1.247125 -0.518416 0.212086 -0.069437
1.243251 -0.519723 0.207242 -0.068542
1.239358 -0.521041 0.202385 -0.067655
1.235447 -0.522370 0.197515 -0.066775
1.231517 -0.523710 0.192633 -0.065902
1.227568 -0.525061 0.187737 -0.065037
1.223602 -0.526423 0.182829 -0.064180
1.219617 -0.527796 0.177908 -0.063331
1.215614 -0.529179 0.172975 -0.062489
1.211593 -0.530574 0.168029 -0.061654
1.207553 -0.531979 0.163071 -0.060828
1.203496 -0.533395 0.158100 -0.060009
1.199421 -0.534821 0.153117 -0.059198
1.195328 -0.536257 0.148122 -0.058395
1.191217 -0.537704 0.143114 -0.057600
1.187089 -0.539162 0.138094 -0.056812
1.182943 -0.540629 0.133063 -0.056033
1.178779 -0.542107 0.128019 -0.055261
1.174598 -0.543594 0.122964 -0.054497
1.170400 -0.545092 0.117897 -0.053741
1.166184 -0.546600 0.112818 -0.052993
1.161952 -0.548117 0.107727 -0.052254
1.157702 -0.549645 0.102625 -0.051522
1.153435 -0.551181 0.097511 -0.050798
1.149151 -0.552728 0.092386 -0.050082
1.144850 -0.554284 0.087250 -0.049374
1.140533 -0.555850 0.082102 -0.048674
1.136199 -0.557424 0.076944 -0.047983
1.131848 -0.559009 0.071774 -0.047299
1.127481 -0.560602 0.066593 -0.046624
1.123097 -0.562205 0.061401 -0.045957
1.118697 -0.563816 0.056199 -0.045297
1.114281 -0.565437 0.050985 -0.044647
1.109848 -0.567066 0.045761 -0.044004
1.105399 -0.568704 0.040527 -0.043369
1.100935 -0.570351 0.035282 -0.042743
1.096454 -0.572007 0.030026 -0.042125
1.091957 -0.573671 0.024760 -0.041515
1.087445 -0.575343 0.019484 -0.040913
1.082917 -0.577024 0.014198 -0.040320
1.078373 -0.578713 0.008901 -0.039735
1.073814 -0.580410 0.003595 -0.039158
1.069240 -0.582116 -0.001721 -0.038589
1.064650 -0.583829 -0.007047 -0.038029
1.060045 -0.585551 -0.012383 -0.037477
1.055424 -0.587280 -0.017729 -0.036934
1.050789 -0.589017 -0.023084 -0.036398
1.046138 -0.590762 -0.028448 -0.035871
1.041473 -0.592514 -0.033822 -0.035353
1.036793 -0.594274 -0.039205 -0.034843
1.032098 -0.596041 -0.044597 -0.034341
1.027389 -0.597815 -0.049999 -0.033847
1.022665 -0.599597 -0.055409 -0.033362
1.017926 -0.601386 -0.060829 -0.032885
1.013173 -0.603182 -0.066257 -0.032417
1.008406 -0.604984 -0.071694 -0.031957
1.003625 -0.606794 -0.077139 -0.031505
0.998829 -0.608610 -0.082593 -0.031062
0.994020 -0.610433 -0.088056 -0.030627
0.989196 -0.612263 -0.093527 -0.030200
0.984359 -0.614099 -0.099006 -0.029782
0.979508 -0.615941 -0.104493 -0.029372
0.974643 -0.617790 -0.109988 -0.028971
0.969765 -0.619645 -0.115492 -0.028578
0.964873 -0.621506 -0.121003 -0.028193
0.959968 -0.623372 -0.126522 -0.027817
0.955050 -0.625245 -0.132049 -0.027449
0.950118 -0.627124 -0.137583 -0.027089
0.945174 -0.629008 -0.143124 -0.026738
0.940216 -0.630898 -0.148674 -0.026395
0.935246 -0.632793 -0.154230 -0.026061
0.930262 -0.634694 -0.159794 -0.025735
0.925266 -0.636600 -0.165364 -0.025417
0.920258 -0.638512 -0.170942 -0.025107
0.915236 -0.640428 -0.176526 -0.024806
0.910203 -0.642349 -0.182118 -0.024513
0.905157 -0.644276 -0.187716 -0.024229
0.900099 -0.646207 -0.193320 -0.023953
0.895028 -0.648143 -0.198931 -0.023685
0.889946 -0.650083 -0.204549 -0.023426
0.884851 -0.652028 -0.210172 -0.023174
0.879745 -0.653977 -0.215802 -0.022931
0.874627 -0.655931 -0.221438 -0.022697
0.869497 -0.657889 -0.227080 -0.022470
0.864356 -0.659851 -0.232728 -0.022252
0.859203 -0.661817 -0.238381 -0.022042
0.854039 -0.663786 -0.244040 -0.021840
0.848863 -0.665760 -0.249705 -0.021647
0.843676 -0.667737 -0.255375 -0.021461
0.838479 -0.669718 -0.261050 -0.021284
0.833270 -0.671702 -0.266731 -0.021115
0.828050 -0.673690 -0.272417 -0.020954
0.822820 -0.675681 -0.278107 -0.020802
0.817578 -0.677675 -0.283803 -0.020657
0.812326 -0.679672 -0.289504 -0.020521
0.807064 -0.681672 -0.295209 -0.020392
0.801791 -0.683675 -0.300918 -0.020272
0.796508 -0.685681 -0.306633 -0.020159
0.791215 -0.687689 -0.312351 -0.020055
0.785911 -0.689700 -0.318074 -0.019959
0.780598 -0.691713 -0.323801 -0.019871
0.775275 -0.693729 -0.329532 -0.019790
0.769941 -0.695746 -0.335267 -0.019718
0.764598 -0.697766 -0.341005 -0.019654
0.759246 -0.699788 -0.346748 -0.019597
0.753884 -0.701812 -0.352494 -0.019548
0.748512 -0.703837 -0.358243 -0.019508
0.743131 -0.705865 -0.363996 -0.019475
0.737741 -0.707893 -0.369752 -0.019450
0.732342 -0.709923 -0.375511 -0.019432
0.726934 -0.711955 -0.381273 -0.019423
0.721517 -0.713988 -0.387039 -0.019421
0.716091 -0.716022 -0.392806 -0.019427
0.710656 -0.718057 -0.398577 -0.019441
0.705213 -0.720092 -0.404350 -0.019462
0.699761 -0.722129 -0.410126 -0.019491
0.694300 -0.724166 -0.415904 -0.019527
0.688832 -0.726204 -0.421684 -0.019571
0.683355 -0.728243 -0.427467 -0.019623
0.677870 -0.730281 -0.433251 -0.019682
0.672377 -0.732320 -0.439037 -0.019749
0.666876 -0.734359 -0.444825 -0.019823
0.661368 -0.736399 -0.450615 -0.019905
0.655851 -0.738438 -0.456406 -0.019994
0.650327 -0.740477 -0.462199 -0.020090
0.644796 -0.742515 -0.467993 -0.020194
0.639257 -0.744553 -0.473788 -0.020305
0.633710 -0.746591 -0.479584 -0.020424
0.628157 -0.748628 -0.485382 -0.020549
0.622596 -0.750664 -0.491180 -0.020682
0.617029 -0.752700 -0.496978 -0.020822
0.611454 -0.754734 -0.502778 -0.020969
0.605873 -0.756768 -0.508578 -0.021123
0.600285 -0.758800 -0.514378 -0.021285
0.594691 -0.760831 -0.520179 -0.021453
0.589090 -0.762861 -0.525979 -0.021629
0.583482 -0.764889 -0.531780 -0.021811
0.577869 -0.766915 -0.537581 -0.022000
0.572249 -0.768940 -0.543381 -0.022197
0.566623 -0.770963 -0.549181 -0.022400
0.560991 -0.772983 -0.554981 -0.022610
0.555353 -0.775002 -0.560780 -0.022826
0.549710 -0.777019 -0.566578 -0.023050
0.544061 -0.779033 -0.572376 -0.023280
0.538406 -0.781045 -0.578172 -0.023517
0.532746 -0.783054 -0.583968 -0.023760
0.527080 -0.785061 -0.589762 -0.024010
0.521409 -0.787065 -0.595555 -0.024267
0.515733 -0.789066 -0.601347 -0.024530
0.510053 -0.791065 -0.607137 -0.024799
0.504367 -0.793060 -0.612926 -0.025075
0.498676 -0.795052 -0.618713 -0.025358
0.492980 -0.797040 -0.624497 -0.025646
0.487280 -0.799026 -0.630280 -0.025941
0.481576 -0.801007 -0.636061 -0.026242
0.475867 -0.802986 -0.641840 -0.026550
0.470153 -0.804960 -0.647616 -0.026863
0.464436 -0.806930 -0.653389 -0.027183
0.458714 -0.808897 -0.659160 -0.027509
0.452988 -0.810860 -0.664929 -0.027840
0.447259 -0.812818 -0.670694 -0.028178
0.441525 -0.814772 -0.676457 -0.028521
0.435788 -0.816721 -0.682216 -0.028871
0.430048 -0.818667 -0.687972 -0.029226
0.424304 -0.820607 -0.693725 -0.029587
0.418556 -0.822543 -0.699474 -0.029954
0.412805 -0.824474 -0.705220 -0.030327
0.407052 -0.826400 -0.710962 -0.030705
0.401295 -0.828320 -0.716700 -0.031088
0.395535 -0.830236 -0.722435 -0.031478
0.389772 -0.832146 -0.728165 -0.031872
0.384006 -0.834051 -0.733891 -0.032272
0.378238 -0.835951 -0.739613 -0.032678
0.372467 -0.837845 -0.745330 -0.033089
0.366694 -0.839733 -0.751043 -0.033505
0.360918 -0.841615 -0.756751 -0.033926
0.355141 -0.843491 -0.762454 -0.034352
0.349361 -0.845362 -0.768152 -0.034784
0.343579 -0.847226 -0.773846 -0.035221
0.337795 -0.849084 -0.779534 -0.035662
0.332009 -0.850935 -0.785217 -0.036109
0.326222 -0.852780 -0.790894 -0.036560
0.320433 -0.854619 -0.796566 -0.037017
0.314642 -0.856450 -0.802232 -0.037478
0.308850 -0.858275 -0.807892 -0.037944
0.303057 -0.860093 -0.813547 -0.038414
0.297263 -0.861904 -0.819195 -0.038889
0.291467 -0.863707 -0.824838 -0.039369
0.285671 -0.865504 -0.830474 -0.039853
0.279874 -0.867293 -0.836104 -0.040342
0.274075 -0.869075 -0.841727 -0.040835
0.268277 -0.870849 -0.847343 -0.041332
0.262477 -0.872615 -0.852953 -0.041834
0.256677 -0.874374 -0.858556 -0.042340
0.250877 -0.876125 -0.864152 -0.042850
0.245077 -0.877867 -0.869741 -0.043364
0.239276 -0.879602 -0.875322 -0.043882
0.233475 -0.881328 -0.880897 -0.044404
0.227675 -0.883047 -0.886463 -0.044930
0.221874 -0.884756 -0.892022 -0.045460
0.216074 -0.886457 -0.897574 -0.045993
0.210274 -0.888150 -0.903117 -0.046530
0.204475 -0.889834 -0.908653 -0.047071
0.198676 -0.891509 -0.914180 -0.047616
0.192877 -0.893175 -0.919699 -0.048164
0.187080 -0.894832 -0.925210 -0.048716
0.181283 -0.896480 -0.930713 -0.049271
0.175488 -0.898118 -0.936207 -0.049829
0.169693 -0.899747 -0.941692 -0.050391
0.163900 -0.901367 -0.947168 -0.050955
0.158108 -0.902977 -0.952635 -0.051523
0.152317 -0.904578 -0.958094 -0.052095
0.146528 -0.906169 -0.963543 -0.052669
0.140740 -0.907749 -0.968983 -0.053246
0.134954 -0.909320 -0.974413 -0.053826
0.129170 -0.910881 -0.979834 -0.054409
0.123388 -0.912432 -0.985245 -0.054994
0.117608 -0.913972 -0.990647 -0.055582
0.111829 -0.915502 -0.996038 -0.056173
0.106053 -0.917022 -1.001420 -0.056767
0.100280 -0.918531 -1.006791 -0.057363
0.094508 -0.920029 -1.012152 -0.057961
0.088740 -0.921517 -1.017503 -0.058562
0.082973 -0.922994 -1.022843 -0.059165
0.077210 -0.924459 -1.028173 -0.059770
0.071449 -0.925914 -1.033491 -0.060377
0.065691 -0.927358 -1.038799 -0.060987
0.059936 -0.928790 -1.044096 -0.061598
0.054185 -0.930211 -1.049382 -0.062212
0.048436 -0.931620 -1.054657 -0.062827
0.042691 -0.933018 -1.059920 -0.063444
0.036949 -0.934404 -1.065172 -0.064063
0.031211 -0.935779 -1.070413 -0.064683
0.025476 -0.937142 -1.075641 -0.065305
0.019745 -0.938492 -1.080858 -0.065929
0.014018 -0.939831 -1.086063 -0.066554
0.008294 -0.941158 -1.091256 -0.067181
0.002575 -0.942472 -1.096437 -0.067808
-0.003140 -0.943774 -1.101605 -0.068437
-0.008851 -0.945064 -1.106762 -0.069067
-0.014558 -0.946341 -1.111905 -0.069699
-0.020261 -0.947606 -1.117036 -0.070331
-0.025958 -0.948858 -1.122155 -0.070964
-0.031652 -0.950097 -1.127260 -0.071598
-0.037340 -0.951323 -1.132353 -0.072233
-0.043024 -0.952537 -1.137432 -0.072869
-0.048703 -0.953737 -1.142498 -0.073505
-0.054377 -0.954924 -1.147551 -0.074142
-0.060046 -0.956098 -1.152591 -0.074779
-0.065710 -0.957259 -1.157617 -0.075417
-0.071369 -0.958406 -1.162629 -0.076055
-0.077022 -0.959540 -1.167628 -0.076694
-0.082669 -0.960661 -1.172612 -0.077332
-0.088312 -0.961767 -1.177583 -0.077971
-0.093948 -0.962860 -1.182540 -0.078610
-0.099579 -0.963939 -1.187482 -0.079249
-0.105204 -0.965004 -1.192410 -0.079888
-0.110823 -0.966055 -1.197324 -0.080526
-0.116436 -0.967093 -1.202223 -0.081164
-0.122042 -0.968115 -1.207108 -0.081802
-0.127643 -0.969124 -1.211977 -0.082440
-0.133237 -0.970118 -1.216832 -0.083077
-0.138825 -0.971098 -1.221672 -0.083714
-0.144406 -0.972064 -1.226497 -0.084350
-0.149981 -0.973015 -1.231306 -0.084985
-0.155549 -0.973951 -1.236100 -0.085620
-0.161111 -0.974872 -1.240879 -0.086253
-0.166665 -0.975779 -1.245643 -0.086886
-0.172212 -0.976671 -1.250390 -0.087518
-0.177753 -0.977547 -1.255122 -0.088148
-0.183286 -0.978409 -1.259838 -0.088778
-0.188812 -0.979256 -1.264538 -0.089406
-0.194331 -0.980087 -1.269222 -0.090033
-0.199842 -0.980903 -1.273890 -0.090659
-0.205345 -0.981704 -1.278542 -0.091283
-0.210841 -0.982489 -1.283177 -0.091905
-0.216330 -0.983258 -1.287795 -0.092526
-0.221810 -0.984012 -1.292397 -0.093145
-0.227283 -0.984751 -1.296983 -0.093762
-0.232747 -0.985474 -1.301551 -0.094378
-0.238204 -0.986180 -1.306103 -0.094992
-0.243652 -0.986871 -1.310637 -0.095603
-0.249093 -0.987546 -1.315155 -0.096213
-0.254524 -0.988205 -1.319655 -0.096820
-0.259948 -0.988848 -1.324138 -0.097425
-0.265363 -0.989475 -1.328603 -0.098028
-0.270769 -0.990085 -1.333051 -0.098628
-0.276166 -0.990679 -1.337482 -0.099226
-0.281555 -0.991257 -1.341894 -0.099821
-0.286935 -0.991818 -1.346289 -0.100413
-0.292306 -0.992362 -1.350666 -0.101003
-0.297668 -0.992891 -1.355024 -0.101590
-0.303021 -0.993402 -1.359365 -0.102174
-0.308364 -0.993897 -1.363687 -0.102755
-0.313698 -0.994374 -1.367991 -0.103334
-0.319023 -0.994835 -1.372277 -0.103908
-0.324338 -0.995279 -1.376544 -0.104480
-0.329644 -0.995707 -1.380792 -0.105049
-0.334940 -0.996117 -1.385022 -0.105614
-0.340226 -0.996509 -1.389233 -0.106175
-0.345503 -0.996885 -1.393425 -0.106734
-0.350769 -0.997244 -1.397597 -0.107288
-0.356026 -0.997585 -1.401751 -0.107839
-0.361272 -0.997908 -1.405886 -0.108386
-0.366509 -0.998215 -1.410001 -0.108929
-0.371735 -0.998504 -1.414097 -0.109468
-0.376950 -0.998775 -1.418173 -0.110004
-0.382156 -0.999029 -1.422230 -0.110535
-0.387351 -0.999265 -1.426267 -0.111062
-0.392535 -0.999483 -1.430284 -0.111585
-0.397708 -0.999684 -1.434282 -0.112103
-0.402871 -0.999866 -1.438259 -0.112617
-0.408023 -1.000031 -1.442216 -0.113127
-0.413164 -1.000178 -1.446154 -0.113631
-0.418294 -1.000307 -1.450071 -0.114132
-0.423413 -1.000418 -1.453967 -0.114627
-0.428521 -1.000510 -1.457844 -0.115118
-0.433617 -1.000585 -1.461699 -0.115604
-0.438703 -1.000641 -1.465535 -0.116085
-0.443777 -1.000679 -1.469349 -0.116561
-0.448839 -1.000699 -1.473143 -0.117032
-0.453890 -1.000700 -1.476916 -0.117497
-0.458929 -1.000683 -1.480668 -0.117957
-0.463956 -1.000648 -1.484399 -0.118412
-0.468972 -1.000594 -1.488108 -0.118862
-0.473976 -1.000521 -1.491797 -0.119305
-0.478968 -1.000430 -1.495464 -0.119744
-0.483948 -1.000320 -1.499110 -0.120176
-0.488915 -1.000192 -1.502735 -0.120603
-0.493871 -1.000044 -1.506338 -0.121024
-0.498814 -0.999878 -1.509919 -0.121439
-0.503745 -0.999694 -1.513479 -0.121848
-0.508664 -0.999490 -1.517016 -0.122251
-0.513570 -0.999267 -1.520532 -0.122648
-0.518464 -0.999026 -1.524026 -0.123039
-0.523344 -0.998765 -1.527498 -0.123423
-0.528213 -0.998486 -1.530948 -0.123801
-0.533068 -0.998187 -1.534376 -0.124172
-0.537911 -0.997869 -1.537782 -0.124537
-0.542740 -0.997532 -1.541165 -0.124895
-0.547557 -0.997176 -1.544525 -0.125246
-0.552361 -0.996801 -1.547864 -0.125591
-0.557151 -0.996406 -1.551179 -0.125929
-0.561928 -0.995992 -1.554472 -0.126259
-0.566692 -0.995559 -1.557742 -0.126583
-0.571443 -0.995106 -1.560990 -0.126900
-0.576180 -0.994634 -1.564214 -0.127209
-0.580904 -0.994143 -1.567416 -0.127512
-0.585614 -0.993632 -1.570595 -0.127806
-0.590310 -0.993101 -1.573750 -0.128094
-0.594993 -0.992551 -1.576883 -0.128374
-0.599662 -0.991982 -1.579992 -0.128646
-0.604317 -0.991393 -1.583077 -0.128911
-0.608958 -0.990784 -1.586140 -0.129168
-0.613585 -0.990156 -1.589179 -0.129417
-0.618198 -0.989508 -1.592194 -0.129658
-0.622797 -0.988840 -1.595186 -0.129892
-0.627382 -0.988153 -1.598154 -0.130117
-0.631953 -0.987445 -1.601099 -0.130334
-0.636509 -0.986719 -1.604019 -0.130543
-0.641051 -0.985972 -1.606916 -0.130744
-0.645579 -0.985205 -1.609789 -0.130936
-0.650092 -0.984419 -1.612638 -0.131120
-0.654590 -0.983612 -1.615463 -0.131295
-0.659074 -0.982786 -1.618264 -0.131462
-0.663543 -0.981940 -1.621040 -0.131621
-0.667997 -0.981074 -1.623792 -0.131770
-0.672436 -0.980188 -1.626520 -0.131911
-0.676861 -0.979282 -1.629224 -0.132043
-0.681270 -0.978356 -1.631903 -0.132165
-0.685665 -0.977411 -1.634558 -0.132279
-0.690044 -0.976445 -1.637188 -0.132384
-0.694409 -0.975459 -1.639794 -0.132480
-0.698758 -0.974453 -1.642374 -0.132566
-0.703092 -0.973427 -1.644930 -0.132643
-0.707410 -0.972381 -1.647462 -0.132710
-0.711713 -0.971314 -1.649968 -0.132769
-0.716001 -0.970228 -1.652450 -0.132817
-0.720273 -0.969122 -1.654906 -0.132856
-0.724530 -0.967995 -1.657338 -0.132886
-0.728771 -0.966849 -1.659744 -0.132905
-0.732996 -0.965682 -1.662126 -0.132915
-0.737205 -0.964495 -1.664482 -0.132915
-0.741399 -0.963288 -1.666813 -0.132904
-0.745577 -0.962060 -1.669119 -0.132884
-0.749739 -0.960813 -1.671399 -0.132854
-0.753885 -0.959545 -1.673654 -0.132813
-0.758015 -0.958258 -1.675883 -0.132762
-0.762129 -0.956950 -1.678087 -0.132701
-0.766227 -0.955621 -1.680266 -0.132630
-0.770309 -0.954273 -1.682419 -0.132548
-0.774374 -0.952905 -1.684546 -0.132455
-0.778423 -0.951516 -1.686648 -0.132352
-0.782456 -0.950107 -1.688723 -0.132238
-0.786473 -0.948678 -1.690773 -0.132114
-0.790473 -0.947229 -1.692798 -0.131978
-0.794456 -0.945759 -1.694796 -0.131832
-0.798423 -0.944269 -1.696769 -0.131675
-0.802373 -0.942759 -1.698715 -0.131506
-0.806307 -0.941229 -1.700636 -0.131327
-0.810224 -0.939679 -1.702530 -0.131136
-0.814124 -0.938109 -1.704398 -0.130934
-0.818008 -0.936518 -1.706241 -0.130721
-0.821874 -0.934907 -1.708057 -0.130497
-0.825724 -0.933277 -1.709847 -0.130261
-0.829557 -0.931625 -1.711610 -0.130014
-0.833373 -0.929954 -1.713348 -0.129755
-0.837171 -0.928263 -1.715059 -0.129484
-0.840953 -0.926552 -1.716743 -0.129202
-0.844717 -0.924820 -1.718401 -0.128908
-0.848465 -0.923068 -1.720033 -0.128602
-0.852195 -0.921297 -1.721639 -0.128284
-0.855908 -0.919505 -1.723218 -0.127954
-0.859603 -0.917693 -1.724770 -0.127612
-0.863281 -0.915861 -1.726296 -0.127258
-0.866942 -0.914009 -1.727795 -0.126892
-0.870586 -0.912137 -1.729267 -0.126514
-0.874211 -0.910245 -1.730713 -0.126124
-0.877820 -0.908333 -1.732132 -0.125721
-0.881410 -0.906401 -1.733525 -0.125306
-0.884984 -0.904450 -1.734890 -0.124878
-0.888539 -0.902478 -1.736229 -0.124438
-0.892077 -0.900486 -1.737541 -0.123985
-0.895597 -0.898475 -1.738826 -0.123519
-0.899099 -0.896443 -1.740085 -0.123041
-0.902584 -0.894392 -1.741316 -0.122550
-0.906050 -0.892321 -1.742521 -0.122046
-0.909499 -0.890230 -1.743698 -0.121530
-0.912930 -0.888120 -1.744849 -0.121000
-0.916343 -0.885989 -1.745973 -0.120457
-0.919738 -0.883839 -1.747069 -0.119902
-0.923114 -0.881669 -1.748139 -0.119333
-0.926473 -0.879480 -1.749181 -0.118751
-0.929814 -0.877271 -1.750196 -0.118156
-0.933136 -0.875042 -1.751185 -0.117547
-0.936440 -0.872794 -1.752146 -0.116925
-0.939726 -0.870526 -1.753080 -0.116290
-0.942994 -0.868239 -1.753987 -0.115641
-0.946244 -0.865932 -1.754866 -0.114979
-0.949475 -0.863605 -1.755719 -0.114303
-0.952688 -0.861260 -1.756544 -0.113613
-0.955882 -0.858895 -1.757342 -0.112910
-0.959058 -0.856510 -1.758113 -0.112193
-0.962216 -0.854106 -1.758856 -0.111462
-0.965355 -0.851683 -1.759573 -0.110718
-0.968476 -0.849241 -1.760262 -0.109959
-0.971578 -0.846779 -1.760923 -0.109187
-0.974661 -0.844298 -1.761558 -0.108400
-0.977726 -0.841799 -1.762165 -0.107600
-0.980772 -0.839280 -1.762744 -0.106785
-0.983800 -0.836742 -1.763297 -0.105956
-0.986809 -0.834184 -1.763822 -0.105113
-0.989799 -0.831608 -1.764319 -0.104256
-0.992771 -0.829013 -1.764790 -0.103384
-0.995723 -0.826399 -1.765232 -0.102498
-0.998657 -0.823767 -1.765648 -0.101598
-1.001573 -0.821115 -1.766036 -0.100683
-1.004469 -0.818445 -1.766397 -0.099754
-1.007346 -0.815756 -1.766730 -0.098810
-1.010205 -0.813048 -1.767036 -0.097851
-1.013044 -0.810321 -1.767315 -0.096878
-1.015865 -0.807576 -1.767566 -0.095890
-1.018667 -0.804813 -1.767789 -0.094887
-1.021450 -0.802031 -1.767986 -0.093870
-1.024213 -0.799230 -1.768155 -0.092837
-1.026958 -0.796411 -1.768296 -0.091790
-1.029684 -0.793574 -1.768410 -0.090728
-1.032390 -0.790719 -1.768497 -0.089651
-1.035078 -0.787845 -1.768556 -0.088559
-1.037746 -0.784953 -1.768588 -0.087452
-1.040396 -0.782043 -1.768592 -0.086329
-1.043026 -0.779115 -1.768569 -0.085192
-1.045637 -0.776168 -1.768519 -0.084039
-1.048229 -0.773204 -1.768441 -0.082871
-1.050801 -0.770222 -1.768336 -0.081688
-1.053355 -0.767222 -1.768203 -0.080489
-1.055889 -0.764204 -1.768043 -0.079276
-1.058404 -0.761169 -1.767856 -0.078046
-1.060899 -0.758116 -1.767642 -0.076802
-1.063376 -0.755045 -1.767400 -0.075541
-1.065833 -0.751956 -1.767130 -0.074266
-1.068271 -0.748850 -1.766834 -0.072974
-1.070689 -0.745727 -1.766510 -0.071668
-1.073088 -0.742586 -1.766159 -0.070345
-1.075468 -0.739428 -1.765780 -0.069007
-1.077828 -0.736252 -1.765375 -0.067653
-1.080169 -0.733059 -1.764941 -0.066283
-1.082491 -0.729850 -1.764481 -0.064898
-1.084793 -0.726623 -1.763994 -0.063497
-1.087076 -0.723379 -1.763479 -0.062080
-1.089340 -0.720118 -1.762937 -0.060647
-1.091584 -0.716840 -1.762368 -0.059198
-1.093808 -0.713545 -1.761772 -0.057733
-1.096013 -0.710234 -1.761149 -0.056252
-1.098199 -0.706906 -1.760498 -0.054756
-1.100365 -0.703561 -1.759820 -0.053243
-1.102512 -0.700200 -1.759116 -0.051714
-1.104639 -0.696822 -1.758384 -0.050169
-1.106747 -0.693428 -1.757625 -0.048608
-1.108836 -0.690017 -1.756839 -0.047030
-1.110904 -0.686591 -1.756027 -0.045437
-1.112954 -0.683148 -1.755187 -0.043827
-1.114984 -0.679688 -1.754320 -0.042201
-1.116994 -0.676213 -1.753426 -0.040559
-1.118985 -0.672722 -1.752506 -0.038900
-1.120956 -0.669215 -1.751559 -0.037225
-1.122908 -0.665692 -1.750584 -0.035534
-1.124840 -0.662153 -1.749583 -0.033826
-1.126753 -0.658599 -1.748555 -0.032102
-1.128646 -0.655029 -1.747501 -0.030361
-1.130520 -0.651443 -1.746419 -0.028604
-1.132374 -0.647842 -1.745311 -0.026831
-1.134209 -0.644226 -1.744177 -0.025041
-1.136024 -0.640594 -1.743015 -0.023234
-1.137820 -0.636947 -1.741827 -0.021411
-1.139596 -0.633285 -1.740613 -0.019571
-1.141353 -0.629608 -1.739372 -0.017715
-1.143090 -0.625916 -1.738104 -0.015842
-1.144807 -0.622209 -1.736810 -0.013952
-1.146505 -0.618487 -1.735490 -0.012046
-1.148184 -0.614750 -1.734143 -0.010123
-1.149843 -0.610999 -1.732769 -0.008183
-1.151483 -0.607233 -1.731370 -0.006226
-1.153103 -0.603453 -1.729944 -0.004253
-1.154703 -0.599658 -1.728492 -0.002263
-1.156284 -0.595849 -1.727013 -0.000257
-1.157846 -0.592025 -1.725509 0.001767
-1.159388 -0.588188 -1.723978 0.003807
-1.160911 -0.584336 -1.722421 0.005865
-1.162414 -0.580471 -1.720839 0.007939
-1.163898 -0.576591 -1.719230 0.010030
-1.165362 -0.572698 -1.717595 0.012137
-1.166807 -0.568791 -1.715934 0.014262
-1.168233 -0.564870 -1.714248 0.016404
-1.169639 -0.560936 -1.712535 0.018562
-1.171026 -0.556988 -1.710797 0.020738
-1.172393 -0.553027 -1.709033 0.022930
-1.173741 -0.549053 -1.707243 0.025139
-1.175070 -0.545065 -1.705428 0.027366
-1.176379 -0.541065 -1.703587 0.029609
-1.177669 -0.537051 -1.701720 0.031869
-1.178940 -0.533025 -1.699828 0.034146
-1.180191 -0.528985 -1.697910 0.036441
-1.181423 -0.524933 -1.695967 0.038752
-1.182635 -0.520869 -1.693999 0.041080
-1.183829 -0.516791 -1.692005 0.043426
-1.185003 -0.512702 -1.689987 0.045788
-1.186158 -0.508600 -1.687942 0.048167
-1.187294 -0.504485 -1.685873 0.050564
-1.188410 -0.500359 -1.683779 0.052977
-1.189507 -0.496220 -1.681659 0.055408
-1.190586 -0.492070 -1.679515 0.057855
-1.191645 -0.487907 -1.677345 0.060320
-1.192684 -0.483733 -1.675151 0.062802
-1.193705 -0.479547 -1.672932 0.065300
-1.194707 -0.475350 -1.670688 0.067816
-1.195689 -0.471141 -1.668419 0.070349
-1.196653 -0.466921 -1.666126 0.072899
-1.197597 -0.462689 -1.663808 0.075466
-1.198523 -0.458446 -1.661465 0.078050
-1.199429 -0.454192 -1.659098 0.080652
-1.200317 -0.449928 -1.656707 0.083270
-1.201185 -0.445652 -1.654291 0.085905
-1.202035 -0.441365 -1.651851 0.088558
-1.202865 -0.437068 -1.649386 0.091227
-1.203677 -0.432760 -1.646898 0.093914
-1.204470 -0.428442 -1.644385 0.096617
-1.205244 -0.424114 -1.641848 0.099338
-1.205999 -0.419775 -1.639287 0.102075
-1.206736 -0.415426 -1.636703 0.104830
-1.207453 -0.411067 -1.634094 0.107602
-1.208152 -0.406697 -1.631462 0.110391
-1.208833 -0.402319 -1.628805 0.113197
-1.209494 -0.397930 -1.626126 0.116019
-1.210137 -0.393531 -1.623422 0.118859
-1.210761 -0.389124 -1.620695 0.121716
-1.211367 -0.384706 -1.617945 0.124590
-1.211954 -0.380280 -1.615171 0.127481
-1.212523 -0.375844 -1.612373 0.130388
-1.213073 -0.371399 -1.609553 0.133313
-1.213604 -0.366945 -1.606709 0.136255
-1.214117 -0.362482 -1.603842 0.139213
-1.214612 -0.358010 -1.600952 0.142189
-1.215088 -0.353530 -1.598039 0.145181
-1.215546 -0.349041 -1.595103 0.148191
-1.215986 -0.344543 -1.592145 0.151217
-1.216407 -0.340038 -1.589163 0.154260
-1.216810 -0.335523 -1.586159 0.157320
-1.217195 -0.331001 -1.583132 0.160397
-1.217562 -0.326471 -1.580082 0.163491
-1.217910 -0.321933 -1.577010 0.166601
-1.218240 -0.317387 -1.573916 0.169728
-1.218553 -0.312833 -1.570799 0.172872
-1.218847 -0.308272 -1.567660 0.176033
-1.219123 -0.303703 -1.564499 0.179210
-1.219381 -0.299127 -1.561316 0.182405
-1.219621 -0.294544 -1.558111 0.185616
-1.219843 -0.289953 -1.554883 0.188843
-1.220048 -0.285355 -1.551634 0.192088
-1.220234 -0.280751 -1.548363 0.195348
-1.220403 -0.276140 -1.545071 0.198626
-1.220554 -0.271522 -1.541756 0.201920
-1.220687 -0.266897 -1.538420 0.205231
-1.220803 -0.262266 -1.535063 0.208558
-1.220900 -0.257629 -1.531684 0.211902
-1.220981 -0.252985 -1.528284 0.215262
-1.221043 -0.248335 -1.524863 0.218639
-1.221088 -0.243679 -1.521420 0.222032
-1.221116 -0.239017 -1.517957 0.225442
-1.221126 -0.234350 -1.514472 0.228868
-1.221119 -0.229677 -1.510966 0.232310
-1.221094 -0.224998 -1.507440 0.235769
-1.221052 -0.220314 -1.503893 0.239244
-1.220993 -0.215624 -1.500325 0.242735
-1.220917 -0.210929 -1.496737 0.246243
-1.220823 -0.206229 -1.493128 0.249767
-1.220712 -0.201525 -1.489499 0.253307
-1.220584 -0.196815 -1.485849 0.256863
-1.220439 -0.192100 -1.482179 0.260435
-1.220277 -0.187381 -1.478489 0.264024
-1.220098 -0.182658 -1.474779 0.267628
-1.219902 -0.177929 -1.471049 0.271249
-1.219689 -0.173197 -1.467299 0.274886
-1.219460 -0.168461 -1.463530 0.278538
-1.219213 -0.163720 -1.459740 0.282207
-1.218950 -0.158976 -1.455931 0.285891
-1.218670 -0.154227 -1.452103 0.289592
-1.218374 -0.149475 -1.448255 0.293308
-1.218061 -0.144719 -1.444387 0.297040
-1.217731 -0.139960 -1.440501 0.300788
-1.217385 -0.135198 -1.436595 0.304551
-1.217022 -0.130432 -1.432670 0.308330
-1.216643 -0.125663 -1.428726 0.312125
-1.216247 -0.120892 -1.424763 0.315936
-1.215836 -0.116117 -1.420782 0.319762
-1.215408 -0.111339 -1.416781 0.323604
-1.214963 -0.106559 -1.412762 0.327461
-1.214503 -0.101777 -1.408725 0.331333
-1.214027 -0.096992 -1.404669 0.335221
-1.213534 -0.092204 -1.400595 0.339125
-1.213025 -0.087415 -1.396502 0.343043
-1.212501 -0.082623 -1.392391 0.346978
-1.211961 -0.077830 -1.388263 0.350927
-1.211404 -0.073034 -1.384116 0.354891
-1.210832 -0.068237 -1.379951 0.358871
-1.210245 -0.063439 -1.375769 0.362866
-1.209641 -0.058639 -1.371569 0.366876
-1.209022 -0.053837 -1.367351 0.370901
-1.208387 -0.049035 -1.363116 0.374941
-1.207737 -0.044231 -1.358864 0.378995
-1.207072 -0.039426 -1.354594 0.383065
-1.206391 -0.034621 -1.350307 0.387150
-1.205694 -0.029814 -1.346003 0.391249
-1.204983 -0.025007 -1.341682 0.395363
-1.204256 -0.020200 -1.337344 0.399492
-1.203513 -0.015392 -1.332989 0.403636
-1.202756 -0.010584 -1.328617 0.407794
-1.201984 -0.005775 -1.324229 0.411967
-1.201197 -0.000967 -1.319825 0.416154
-1.200394 0.003841 -1.315404 0.420356
-1.199577 0.008649 -1.310966 0.424572
-1.198745 0.013457 -1.306513 0.428802
-1.197898 0.018264 -1.302043 0.433047
-1.197037 0.023071 -1.297557 0.437306
-1.196161 0.027877 -1.293056 0.441579
-1.195270 0.032683 -1.288538 0.445867
-1.194365 0.037487 -1.284005 0.450168
-1.193445 0.042290 -1.279456 0.454484
-1.192511 0.047093 -1.274892 0.458813
-1.191562 0.051894 -1.270312 0.463157
-1.190600 0.056693 -1.265718 0.467514
-1.189623 0.061491 -1.261107 0.471885
-1.188631 0.066288 -1.256482 0.476270
-1.187626 0.071082 -1.251842 0.480669
-1.186607 0.075875 -1.247187 0.485081
-1.185573 0.080666 -1.242517 0.489507
-1.184526 0.085455 -1.237832 0.493946
-1.183465 0.090241 -1.233133 0.498399
-1.182390 0.095025 -1.228420 0.502865
-1.181301 0.099807 -1.223692 0.507345
-1.180199 0.104586 -1.218949 0.511838
-1.179083 0.109363 -1.214193 0.516344
-1.177953 0.114137 -1.209422 0.520863
-1.176811 0.118908 -1.204638 0.525396
-1.175654 0.123675 -1.199840 0.529941
-1.174485 0.128440 -1.195028 0.534500
-1.173302 0.133201 -1.190202 0.539071
-1.172105 0.137959 -1.185363 0.543656
-1.170896 0.142714 -1.180510 0.548253
-1.169674 0.147465 -1.175644 0.552863
-1.168438 0.152212 -1.170765 0.557485
-1.167190 0.156955 -1.165873 0.562120
-1.165929 0.161694 -1.160967 0.566768
-1.164655 0.166429 -1.156049 0.571428
-1.163368 0.171160 -1.151118 0.576101
-1.162068 0.175887 -1.146175 0.580786
-1.160756 0.180609 -1.141218 0.585483
-1.159432 0.185327 -1.136250 0.590192
-1.158095 0.190040 -1.131269 0.594914
-1.156745 0.194749 -1.126275 0.599648
-1.155383 0.199452 -1.121270 0.604393
-1.154009 0.204150 -1.116252 0.609151
-1.152623 0.208844 -1.111223 0.613921
-1.151225 0.213532 -1.106182 0.618702
-1.149814 0.218214 -1.101129 0.623495
-1.148392 0.222892 -1.096064 0.628300
-1.146957 0.227563 -1.090988 0.633116
-1.145511 0.232229 -1.085900 0.637944
-1.144053 0.236890 -1.080802 0.642784
-1.142584 0.241544 -1.075692 0.647634
-1.141102 0.246192 -1.070571 0.652496
-1.139609 0.250834 -1.065439 0.657370
-1.138105 0.255470 -1.060296 0.662254
-1.136589 0.260100 -1.055142 0.667150
-1.135062 0.264723 -1.049978 0.672057
-1.133524 0.269339 -1.044803 0.676974
-1.131974 0.273949 -1.039618 0.681903
-1.130414 0.278552 -1.034422 0.686842
-1.128842 0.283148 -1.029217 0.691792
-1.127259 0.287737 -1.024001 0.696753
-1.125665 0.292319 -1.018775 0.701724
-1.124061 0.296894 -1.013540 0.706706
-1.122446 0.301461 -1.008294 0.711698
-1.120820 0.306021 -1.003039 0.716701
-1.119183 0.310573 -0.997774 0.721713
-1.117536 0.315118 -0.992500 0.726736
-1.115878 0.319654 -0.987217 0.731770
-1.114210 0.324183 -0.981924 0.736813
-1.112532 0.328704 -0.976623 0.741866
-1.110844 0.333217 -0.971312 0.746929
-1.109145 0.337721 -0.965992 0.752002
-1.107436 0.342218 -0.960664 0.757085
-1.105717 0.346705 -0.955327 0.762177
-1.103989 0.351185 -0.949981 0.767279
-1.102250 0.355655 -0.944627 0.772391
-1.100502 0.360117 -0.939265 0.777511
-1.098744 0.364570 -0.933894 0.782642
-1.096976 0.369014 -0.928515 0.787781
-1.095199 0.373449 -0.923128 0.792930
-1.093412 0.377875 -0.917733 0.798088
-1.091615 0.382291 -0.912331 0.803254
-1.089810 0.386698 -0.906921 0.808430
-1.087995 0.391096 -0.901503 0.813615
-1.086171 0.395484 -0.896078 0.818808
-1.084338 0.399862 -0.890645 0.824010
-1.082496 0.404231 -0.885205 0.829221
-1.080645 0.408589 -0.879758 0.834440
-1.078785 0.412938 -0.874304 0.839667
-1.076916 0.417276 -0.868843 0.844903
-1.075039 0.421605 -0.863375 0.850148
-1.073153 0.425923 -0.857901 0.855400
-1.071258 0.430230 -0.852419 0.860661
-1.069355 0.434528 -0.846932 0.865929
-1.067443 0.438814 -0.841438 0.871206
-1.065523 0.443090 -0.835937 0.876490
-1.063595 0.447355 -0.830431 0.881782
-1.061659 0.451609 -0.824918 0.887082
-1.059715 0.455852 -0.819400 0.892390
-1.057762 0.460084 -0.813876 0.897704
-1.055802 0.464305 -0.808346 0.903027
-1.053834 0.468515 -0.802810 0.908357
-1.051858 0.472713 -0.797269 0.913694
-1.049874 0.476900 -0.791722 0.919038
-1.047883 0.481075 -0.786170 0.924389
-1.045884 0.485238 -0.780613 0.929747
-1.043878 0.489390 -0.775051 0.935112
-1.041864 0.493530 -0.769484 0.940484
-1.039843 0.497658 -0.763912 0.945863
-1.037815 0.501773 -0.758335 0.951248
-1.035780 0.505877 -0.752754 0.956640
-1.033737 0.509969 -0.747168 0.962038
-1.031688 0.514048 -0.741577 0.967443
-1.029632 0.518115 -0.735983 0.972854
-1.027568 0.522169 -0.730384 0.978271
-1.025499 0.526210 -0.724781 0.983695
-1.023422 0.530239 -0.719173 0.989124
-1.021339 0.534256 -0.713562 0.994559
-1.019249 0.538259 -0.707948 1.000000
-1.017153 0.542249 -0.702329 1.005447
-1.015051 0.546227 -0.696707 1.010899
-1.012943 0.550191 -0.691081 1.016358
-1.010828 0.554142 -0.685453 1.021821
-1.008707 0.558079 -0.679820 1.027290
-1.006580 0.562004 -0.674185 1.032764
-1.004447 0.565914 -0.668546 1.038244
-1.002309 0.569812 -0.662905 1.043728
-1.000164 0.573695 -0.657261 1.049218
-0.998014 0.577565 -0.651614 1.054712
-0.995858 0.581421 -0.645964 1.060212
-0.993697 0.585263 -0.640312 1.065716
-0.991530 0.589091 -0.634657 1.071224
-0.989358 0.592905 -0.629000 1.076738
-0.987181 0.596705 -0.623341 1.082255
-0.984998 0.600491 -0.617680 1.087778
-0.982810 0.604262 -0.612017 1.093304
-0.980617 0.608019 -0.606351 1.098835
-0.978420 0.611762 -0.600684 1.104369
-0.976217 0.615490 -0.595016 1.109908
-0.974010 0.619203 -0.589345 1.115451
-0.971797 0.622902 -0.583673 1.120997
-0.969581 0.626585 -0.578000 1.126547
-0.967359 0.630254 -0.572325 1.132101
-0.965133 0.633908 -0.566650 1.137659
-0.962903 0.637547 -0.560973 1.143219
-0.960669 0.641171 -0.555295 1.148784
-0.958430 0.644780 -0.549616 1.154351
-0.956187 0.648373 -0.543937 1.159922
-0.953940 0.651952 -0.538257 1.165495
-0.951689 0.655514 -0.532576 1.171072
-0.949434 0.659062 -0.526894 1.176651
-0.947175 0.662593 -0.521213 1.182234
-0.944913 0.666109 -0.515531 1.187819
-0.942647 0.669610 -0.509848 1.193406
-0.940377 0.673094 -0.504166 1.198996
-0.938104 0.676563 -0.498484 1.204589
-0.935827 0.680016 -0.492802 1.210184
-0.933547 0.683453 -0.487120 1.215781
-0.931264 0.686874 -0.481438 1.221380
-0.928978 0.690279 -0.475757 1.226981
-0.926688 0.693668 -0.470076 1.232584
-0.924395 0.697040 -0.464396 1.238189
-0.922100 0.700396 -0.458716 1.243796
-0.919802 0.703736 -0.453038 1.249404
-0.917501 0.707059 -0.447360 1.255014
-0.915197 0.710366 -0.441683 1.260625
-0.912890 0.713656 -0.436007 1.266238
-0.910582 0.716930 -0.430333 1.271852
-0.908270 0.720187 -0.424660 1.277467
-0.905956 0.723427 -0.418988 1.283083
-0.903640 0.726650 -0.413317 1.288701
-0.901322 0.729856 -0.407648 1.294319
-0.899002 0.733046 -0.401981 1.299937
-0.896679 0.736218 -0.396315 1.305557
-0.894355 0.739374 -0.390652 1.311177
-0.892029 0.742512 -0.384990 1.316798
-0.889701 0.745633 -0.379330 1.322419
-0.887371 0.748737 -0.373673 1.328040
-0.885040 0.751824 -0.368017 1.333662
-0.882707 0.754893 -0.362364 1.339283
-0.880372 0.757945 -0.356714 1.344905
-0.878036 0.760979 -0.351065 1.350527
-0.875699 0.763996 -0.345420 1.356148
-0.873361 0.766995 -0.339777 1.361769
-0.871021 0.769977 -0.334136 1.367390
-0.868681 0.772941 -0.328499 1.373011
-0.866339 0.775887 -0.322865 1.378631
-0.863996 0.778815 -0.317233 1.384250
-0.861653 0.781726 -0.311605 1.389868
-0.859309 0.784618 -0.305980 1.395486
-0.856964 0.787493 -0.300358 1.401102
-0.854618 0.790350 -0.294740 1.406718
-0.852272 0.793189 -0.289125 1.412333
-0.849926 0.796009 -0.283514 1.417946
-0.847579 0.798812 -0.277906 1.423558
-0.845232 0.801596 -0.272302 1.429168
-0.842885 0.804362 -0.266702 1.434777
-0.840537 0.807110 -0.261106 1.440385
-0.838190 0.809839 -0.255513 1.445990
-0.835842 0.812550 -0.249925 1.451594
-0.833495 0.815243 -0.244341 1.457196
-0.831148 0.817917 -0.238761 1.462796
-0.828801 0.820573 -0.233186 1.468394
-0.826454 0.823210 -0.227615 1.473990
-0.824108 0.825829 -0.222049 1.479584
-0.821763 0.828429 -0.216487 1.485175
-0.819418 0.831010 -0.210929 1.490764
-0.817073 0.833573 -0.205377 1.496350
-0.814729 0.836117 -0.199829 1.501933
-0.812386 0.838642 -0.194287 1.507514
-0.810044 0.841148 -0.188749 1.513092
-0.807703 0.843636 -0.183216 1.518667
-0.805363 0.846104 -0.177689 1.524239
-0.803025 0.848554 -0.172166 1.529808
-0.800687 0.850985 -0.166650 1.535373
-0.798350 0.853397 -0.161138 1.540936
-0.796015 0.855789 -0.155632 1.546495
-0.793682 0.858163 -0.150131 1.552050
-0.791349 0.860517 -0.144637 1.557602
-0.789019 0.862853 -0.139148 1.563150
-0.786690 0.865169 -0.133664 1.568694
-0.784363 0.867466 -0.128187 1.574235
-0.782037 0.869744 -0.122715 1.579771
-0.779714 0.872003 -0.117250 1.585304
-0.777392 0.874242 -0.111790 1.590832
-0.775072 0.876462 -0.106337 1.596356
-0.772755 0.878663 -0.100890 1.601876
-0.770439 0.880844 -0.095450 1.607391
-0.768126 0.883006 -0.090015 1.612902
-0.765816 0.885148 -0.084588 1.618408
-0.763507 0.887272 -0.079166 1.623909
-0.761201 0.889375 -0.073752 1.629406
-0.758898 0.891459 -0.068344 1.634898
-0.756597 0.893524 -0.062943 1.640384
-0.754299 0.895569 -0.057549 1.645866
-0.752004 0.897595 -0.052161 1.651343
-0.749712 0.899601 -0.046781 1.656814
-0.747422 0.901587 -0.041408 1.662280
-0.745135 0.903554 -0.036041 1.667740
-0.742852 0.905501 -0.030682 1.673195
-0.740572 0.907429 -0.025331 1.678645
-0.738294 0.909336 -0.019986 1.684088
-0.736021 0.911225 -0.014649 1.689526
-0.733750 0.913093 -0.009320 1.694958
-0.731483 0.914942 -0.003998 1.700384
-0.729219 0.916771 0.001317 1.705804
-0.726959 0.918580 0.006623 1.711218
-0.724703 0.920370 0.011922 1.716625
-0.722450 0.922140 0.017214 1.722026
-0.720201 0.923890 0.022497 1.727421
-0.717956 0.925620 0.027772 1.732809
-0.715715 0.927330 0.033040 1.738191
-0.713477 0.929021 0.038299 1.743565
-0.711244 0.930691 0.043550 1.748934
-0.709015 0.932342 0.048793 1.754295
-0.706790 0.933973 0.054028 1.759649
-0.704570 0.935585 0.059254 1.764996
-0.702353 0.937176 0.064472 1.770336
-0.700142 0.938747 0.069682 1.775669
-0.697934 0.940299 0.074883 1.780995
-0.695731 0.941831 0.080075 1.786313
-0.693533 0.943342 0.085259 1.791624
-0.691339 0.944834 0.090434 1.796927
-0.689151 0.946306 0.095601 1.802222
-0.686966 0.947759 0.100758 1.807510
-0.684787 0.949191 0.105907 1.812790
-0.682613 0.950603 0.111047 1.818062
-0.680444 0.951996 0.116178 1.823326
-0.678280 0.953368 0.121299 1.828582
-0.676121 0.954721 0.126412 1.833830
-0.673967 0.956054 0.131516 1.839069
-0.671818 0.957367 0.136610 1.844300
-0.669675 0.958659 0.141695 1.849523
-0.667537 0.959933 0.146771 1.854738
-0.665405 0.961186 0.151838 1.859943
-0.663278 0.962419 0.156895 1.865140
-0.661157 0.963632 0.161942 1.870329
-0.659041 0.964826 0.166980 1.875508
-0.656931 0.966000 0.172008 1.880679
-0.654827 0.967154 0.177027 1.885840
-0.652729 0.968288 0.182036 1.890993
-0.650637 0.969402 0.187036 1.896136
-0.648550 0.970496 0.192025 1.901270
-0.646470 0.971570 0.197005 1.906395
-0.644396 0.972625 0.201975 1.911510
-0.642328 0.973660 0.206935 1.916616
-0.640266 0.974675 0.211885 1.921712
-0.638210 0.975670 0.216824 1.926799
-0.636161 0.976646 0.221754 1.931876
-0.634119 0.977602 0.226674 1.936943
-0.632082 0.978538 0.231583 1.942001
-0.630052 0.979454 0.236483 1.947048
-0.628029 0.980350 0.241372 1.952085
-0.626013 0.981227 0.246250 1.957113
-0.624003 0.982084 0.251119 1.962130
-0.622000 0.982922 0.255976 1.967136
-0.620004 0.983740 0.260824 1.972133
-0.618014 0.984538 0.265661 1.977119
-0.616032 0.985317 0.270487 1.982094
-0.614057 0.986076 0.275303 1.987059
-0.612088 0.986815 0.280108 1.992013
-0.610127 0.987535 0.284903 1.996957
-0.608173 0.988235 0.289687 2.001890
-0.606226 0.988916 0.294460 2.006812
-0.604287 0.989578 0.299222 2.011723
-0.602355 0.990219 0.303973 2.016622
-0.600430 0.990842 0.308714 2.021511
-0.598513 0.991445 0.313444 2.026389
-0.596603 0.992029 0.318162 2.031255
-0.594701 0.992593 0.322870 2.036110
-0.592806 0.993138 0.327567 2.040954
-0.590919 0.993663 0.332252 2.045786
-0.589040 0.994170 0.336927 2.050607
-0.587169 0.994657 0.341590 2.055416
-0.585306 0.995125 0.346243 2.060214
-0.583450 0.995573 0.350884 2.064999
-0.581602 0.996003 0.355514 2.069773
-0.579763 0.996413 0.360132 2.074535
-0.577931 0.996805 0.364739 2.079285
-0.576108 0.997177 0.369335 2.084023
-0.574292 0.997530 0.373920 2.088749
-0.572485 0.997864 0.378493 2.093463
-0.570686 0.998179 0.383055 2.098164
-0.568896 0.998475 0.387605 2.102854
-0.567114 0.998752 0.392143 2.107531
-0.565340 0.999011 0.396671 2.112195
-0.563574 0.999250 0.401186 2.116847
-0.561818 0.999471 0.405690 2.121486
-0.560070 0.999673 0.410183 2.126113
-0.558330 0.999856 0.414663 2.130727
-0.556599 1.000021 0.419133 2.135328
-0.554877 1.000166 0.423590 2.139917
-0.553163 1.000294 0.428036 2.144492
-0.551459 1.000402 0.432469 2.149055
-0.549763 1.000492 0.436892 2.153605
-0.548076 1.000564 0.441302 2.158141
-0.546398 1.000617 0.445700 2.162665
-0.544729 1.000652 0.450087 2.167175
-0.543069 1.000668 0.454462 2.171672
-0.541418 1.000666 0.458824 2.176155
-0.539777 1.000646 0.463175 2.180625
-0.538144 1.000607 0.467514 2.185082
-0.536521 1.000551 0.471841 2.189525
-0.534907 1.000476 0.476156 2.193955
-0.533302 1.000383 0.480459 2.198371
-0.531707 1.000272 0.484750 2.202773
-0.530121 1.000142 0.489028 2.207162
-0.528544 0.999995 0.493295 2.211536
-0.526977 0.999830 0.497550 2.215897
-0.525420 0.999647 0.501792 2.220244
-0.523872 0.999447 0.506022 2.224577
-0.522333 0.999228 0.510240 2.228896
-0.520805 0.998992 0.514446 2.233201
-0.519286 0.998738 0.518640 2.237492
-0.517777 0.998467 0.522822 2.241768
-0.516277 0.998177 0.526991 2.246030
-0.514787 0.997871 0.531148 2.250278
-0.513308 0.997547 0.535293 2.254512
-0.511838 0.997205 0.539425 2.258731
-0.510378 0.996846 0.543546 2.262935
-0.508928 0.996470 0.547653 2.267125
-0.507488 0.996076 0.551749 2.271301
-0.506058 0.995666 0.555832 2.275461
-0.504638 0.995238 0.559903 2.279607
-0.503228 0.994793 0.563962 2.283739
-0.501829 0.994331 0.568008 2.287855
-0.500439 0.993852 0.572041 2.291957
-0.499060 0.993356 0.576063 2.296044
-0.497691 0.992843 0.580072 2.300116
-0.496333 0.992313 0.584068 2.304173
-0.494984 0.991767 0.588052 2.308214
-0.493646 0.991204 0.592024 2.312241
-0.492319 0.990624 0.595983 2.316253
-0.491002 0.990027 0.599930 2.320249
-0.489695 0.989415 0.603864 2.324230
-0.488399 0.988785 0.607786 2.328196
-0.487114 0.988140 0.611695 2.332147
-0.485839 0.987477 0.615592 2.336082
-0.484575 0.986799 0.619476 2.340002
-0.483321 0.986105 0.623348 2.343906
-0.482078 0.985394 0.627207 2.347795
-0.480845 0.984667 0.631054 2.351668
-0.479624 0.983924 0.634888 2.355526
-0.478413 0.983166 0.638710 2.359368
-0.477213 0.982391 0.642519 2.363194
-0.476024 0.981600 0.646316 2.367004
-0.474845 0.980794 0.650100 2.370799
-0.473678 0.979972 0.653871 2.374578
-0.472521 0.979135 0.657630 2.378341
-0.471376 0.978281 0.661377 2.382088
-0.470241 0.977413 0.665111 2.385820
-0.469117 0.976529 0.668832 2.389535
-0.468004 0.975629 0.672541 2.393234
-0.466903 0.974715 0.676237 2.396918
-0.465812 0.973785 0.679921 2.400585
-0.464733 0.972839 0.683592 2.404236
-0.463664 0.971879 0.687251 2.407871
-0.462607 0.970904 0.690897 2.411489
-0.461561 0.969914 0.694531 2.415092
-0.460526 0.968909 0.698152 2.418678
-0.459503 0.967889 0.701760 2.422248
-0.458490 0.966854 0.705356 2.425801
-0.457489 0.965805 0.708939 2.429339
-0.456499 0.964741 0.712510 2.432859
-0.455521 0.963663 0.716069 2.436364
-0.454553 0.962570 0.719614 2.439851
-0.453598 0.961463 0.723148 2.443323
-0.452653 0.960341 0.726668 2.446777
-0.451720 0.959206 0.730177 2.450216
-0.450798 0.958056 0.733673 2.453637
-0.449888 0.956892 0.737156 2.457042
-0.448989 0.955714 0.740627 2.460430
-0.448102 0.954522 0.744085 2.463802
-0.447226 0.953316 0.747531 2.467157
-0.446362 0.952097 0.750964 2.470495
-0.445509 0.950864 0.754385 2.473816
-0.444668 0.949617 0.757793 2.477121
-0.443838 0.948357 0.761189 2.480408
-0.443020 0.947083 0.764573 2.483679
-0.442214 0.945796 0.767944 2.486933
-0.441419 0.944495 0.771303 2.490170
-0.440636 0.943181 0.774649 2.493390
-0.439864 0.941855 0.777983 2.496593
-0.439104 0.940515 0.781305 2.499779
-0.438356 0.939162 0.784614 2.502948
-0.437619 0.937796 0.787911 2.506100
-0.436895 0.936417 0.791195 2.509235
-0.436181 0.935026 0.794468 2.512352
-0.435480 0.933622 0.797727 2.515453
-0.434790 0.932205 0.800975 2.518537
-0.434113 0.930776 0.804210 2.521603
-0.433446 0.929334 0.807433 2.524652
-0.432792 0.927880 0.810644 2.527684
-0.432150 0.926414 0.813842 2.530699
-0.431519 0.924935 0.817029 2.533696
-0.430900 0.923445 0.820203 2.536677
-0.430293 0.921942 0.823364 2.539640
-0.429698 0.920427 0.826514 2.542585
-0.429114 0.918901 0.829651 2.545514
-0.428543 0.917363 0.832777 2.548425
-0.427983 0.915813 0.835890 2.551318
-0.427435 0.914252 0.838991 2.554195
-0.426899 0.912679 0.842080 2.557054
-0.426375 0.911094 0.845156 2.559895
-0.425863 0.909498 0.848221 2.562719
-0.425363 0.907891 0.851274 2.565526
-0.424875 0.906273 0.854314 2.568315
-0.424398 0.904644 0.857343 2.571087
-0.423934 0.903004 0.860360 2.573842
-0.423481 0.901352 0.863364 2.576578
-0.423041 0.899690 0.866357 2.579298
-0.422612 0.898017 0.869338 2.582000
-0.422195 0.896334 0.872307 2.584684
-0.421790 0.894640 0.875264 2.587351
-0.421397 0.892935 0.878209 2.590000
-0.421016 0.891220 0.881142 2.592632
-0.420647 0.889495 0.884063 2.595246
-0.420290 0.887759 0.886973 2.597843
-0.419945 0.886014 0.889871 2.600422
-0.419612 0.884258 0.892757 2.602983
-0.419291 0.882492 0.895631 2.605527
-0.418982 0.880717 0.898493 2.608054
-0.418685 0.878931 0.901344 2.610562
-0.418399 0.877136 0.904184 2.613053
-0.418126 0.875331 0.907011 2.615527
-0.417865 0.873517 0.909827 2.617983
-0.417615 0.871693 0.912631 2.620421
-0.417378 0.869860 0.915424 2.622842
-0.417152 0.868018 0.918205 2.625245
-0.416939 0.866167 0.920975 2.627630
-0.416737 0.864306 0.923733 2.629998
-0.416547 0.862437 0.926480 2.632348
-0.416369 0.860558 0.929215 2.634680
-0.416204 0.858671 0.931939 2.636995
-0.416050 0.856775 0.934651 2.639292
-0.415908 0.854870 0.937352 2.641572
-0.415778 0.852957 0.940042 2.643833
-0.415660 0.851036 0.942721 2.646078
-0.415554 0.849106 0.945388 2.648304
-0.415459 0.847167 0.948044 2.650513
-0.415377 0.845221 0.950688 2.652704
-0.415306 0.843266 0.953322 2.654878
-0.415248 0.841304 0.955944 2.657034
-0.415201 0.839333 0.958555 2.659173
-0.415166 0.837355 0.961155 2.661293
-0.415143 0.835369 0.963744 2.663396
-0.415132 0.833376 0.966322 2.665482
-0.415133 0.831375 0.968888 2.667550
-0.415145 0.829366 0.971444 2.669600
-0.415169 0.827350 0.973989 2.671633
-0.415206 0.825327 0.976523 2.673648
-0.415254 0.823296 0.979046 2.675645
-0.415313 0.821259 0.981558 2.677625
-0.415385 0.819214 0.984059 2.679588
-0.415468 0.817163 0.986549 2.681532
-0.415563 0.815105 0.989029 2.683460
-0.415670 0.813040 0.991498 2.685369
-0.415789 0.810968 0.993956 2.687261
-0.415919 0.808890 0.996403 2.689136
-0.416061 0.806806 0.998840 2.690993
-0.416214 0.804715 1.001266 2.692833
-0.416380 0.802617 1.003682 2.694655
-0.416557 0.800514 1.006087 2.696459
-0.416745 0.798405 1.008481 2.698246
-0.416946 0.796289 1.010865 2.700016
-0.417158 0.794168 1.013238 2.701768
-0.417381 0.792041 1.015601 2.703503
-0.417616 0.789908 1.017954 2.705220
-0.417863 0.787770 1.020296 2.706920
-0.418121 0.785626 1.022628 2.708603
-0.418391 0.783476 1.024950 2.710268
-0.418672 0.781322 1.027261 2.711916
-0.418965 0.779162 1.029562 2.713546
-0.419269 0.776997 1.031853 2.715159
-0.419585 0.774826 1.034134 2.716755
-0.419912 0.772651 1.036404 2.718333
-0.420250 0.770471 1.038665 2.719894
-0.420600 0.768286 1.040915 2.721438
-0.420962 0.766097 1.043155 2.722965
-0.421334 0.763903 1.045386 2.724475
-0.421719 0.761704 1.047606 2.725967
-0.422114 0.759501 1.049817 2.727442
-0.422521 0.757294 1.052017 2.728900
-0.422939 0.755082 1.054208 2.730340
-0.423368 0.752866 1.056389 2.731764
-0.423808 0.750646 1.058560 2.733171
-0.424260 0.748423 1.060721 2.734560
-0.424723 0.746195 1.062873 2.735932
-0.425197 0.743963 1.065015 2.737288
-0.425682 0.741728 1.067147 2.738626
-0.426178 0.739490 1.069270 2.739947
-0.426686 0.737247 1.071383 2.741252
-0.427204 0.735002 1.073487 2.742539
-0.427734 0.732753 1.075581 2.743810
-0.428274 0.730500 1.077665 2.745063
-0.428826 0.728245 1.079741 2.746300
-0.429388 0.725987 1.081806 2.747520
-0.429961 0.723725 1.083863 2.748723
-0.430546 0.721461 1.085910 2.749909
-0.431141 0.719194 1.087948 2.751079
-0.431747 0.716924 1.089976 2.752232
-0.432364 0.714652 1.091996 2.753368
-0.432992 0.712377 1.094006 2.754487
-0.433630 0.710099 1.096007 2.755590
-0.434279 0.707820 1.097999 2.756676
-0.434939 0.705538 1.099982 2.757745
-0.435610 0.703254 1.101956 2.758798
-0.436291 0.700968 1.103921 2.759835
-0.436983 0.698680 1.105877 2.760855
-0.437685 0.696390 1.107824 2.761858
-0.438398 0.694098 1.109762 2.762845
-0.439122 0.691805 1.111692 2.763815
-0.439856 0.689509 1.113612 2.764770
-0.440601 0.687213 1.115524 2.765708
-0.441356 0.684915 1.117427 2.766629
-0.442121 0.682615 1.119322 2.767534
-0.442897 0.680315 1.121208 2.768423
-0.443683 0.678013 1.123085 2.769296
-0.444480 0.675710 1.124953 2.770153
-0.445286 0.673406 1.126814 2.770993
-0.446103 0.671101 1.128665 2.771817
-0.446930 0.668795 1.130508 2.772626
-0.447768 0.666489 1.132343 2.773418
-0.448615 0.664182 1.134169 2.774194
-0.449473 0.661874 1.135987 2.774954
-0.450341 0.659566 1.137797 2.775698
-0.451218 0.657257 1.139598 2.776427
-0.452106 0.654948 1.141392 2.777139
-0.453004 0.652639 1.143177 2.777836
-0.453911 0.650330 1.144953 2.778517
-0.454829 0.648021 1.146722 2.779182
-0.455756 0.645711 1.148483 2.779832
-0.456693 0.643402 1.150235 2.780465
-0.457640 0.641093 1.151980 2.781083
-0.458597 0.638785 1.153717 2.781686
-0.459563 0.636476 1.155445 2.782273
-0.460539 0.634168 1.157166 2.782844
-0.461525 0.631861 1.158879 2.783400
-0.462520 0.629554 1.160584 2.783941
-0.463525 0.627248 1.162282 2.784466
-0.464540 0.624943 1.163971 2.784976
-0.465563 0.622639 1.165653 2.785471
-0.466597 0.620335 1.167328 2.785950
-0.467639 0.618033 1.168994 2.786414
-0.468691 0.615732 1.170653 2.786863
-0.469753 0.613432 1.172305 2.787296
-0.470823 0.611133 1.173949 2.787715
-0.471903 0.608835 1.175585 2.788119
-0.472992 0.606539 1.177214 2.788507
-0.474090 0.604245 1.178836 2.788881
-0.475197 0.601952 1.180450 2.789239
-0.476314 0.599661 1.182057 2.789583
-0.477439 0.597371 1.183657 2.789912
-0.478573 0.595084 1.185249 2.790226
-0.479717 0.592798 1.186835 2.790526
-0.480869 0.590514 1.188413 2.790810
-0.482030 0.588233 1.189984 2.791080
-0.483200 0.585953 1.191547 2.791336
-0.484378 0.583676 1.193104 2.791577
-0.485565 0.581401 1.194654 2.791803
-0.486761 0.579129 1.196196 2.792015
-0.487966 0.576859 1.197732 2.792213
-0.489179 0.574591 1.199261 2.792396
-0.490401 0.572326 1.200783 2.792565
-0.491631 0.570064 1.202298 2.792719
-0.492870 0.567805 1.203806 2.792860
-0.494117 0.565548 1.205308 2.792986
-0.495372 0.563294 1.206802 2.793098
-0.496636 0.561044 1.208290 2.793196
-0.497908 0.558796 1.209772 2.793280
-0.499188 0.556552 1.211247 2.793350
-0.500476 0.554310 1.212715 2.793406
-0.501773 0.552073 1.214176 2.793448
-0.503077 0.549838 1.215631 2.793476
-0.504390 0.547607 1.217080 2.793491
-0.505711 0.545379 1.218522 2.793492
-0.507039 0.543155 1.219957 2.793479
-0.508375 0.540935 1.221387 2.793453
-0.509720 0.538718 1.222810 2.793413
-0.511072 0.536506 1.224226 2.793359
-0.512431 0.534297 1.225636 2.793292
-0.513799 0.532092 1.227040 2.793212
-0.515174 0.529891 1.228438 2.793118
-0.516557 0.527694 1.229830 2.793011
-0.517947 0.525501 1.231215 2.792891
-0.519344 0.523313 1.232595 2.792757
-0.520750 0.521128 1.233968 2.792610
-0.522162 0.518948 1.235335 2.792451
-0.523582 0.516773 1.236696 2.792278
-0.525009 0.514602 1.238051 2.792092
-0.526444 0.512436 1.239401 2.791893
-0.527885 0.510274 1.240744 2.791682
-0.529334 0.508117 1.242082 2.791457
-0.530790 0.505965 1.243413 2.791220
-0.532253 0.503817 1.244739 2.790970
-0.533722 0.501675 1.246059 2.790708
-0.535199 0.499537 1.247373 2.790433
-0.536683 0.497404 1.248682 2.790145
-0.538173 0.495277 1.249984 2.789845
-0.539671 0.493155 1.251282 2.789532
-0.541175 0.491038 1.252573 2.789207
-0.542685 0.488926 1.253859 2.788870
-0.544203 0.486819 1.255139 2.788520
-0.545726 0.484718 1.256414 2.788158
-0.547257 0.482623 1.257684 2.787785
-0.548794 0.480533 1.258947 2.787399
-0.550337 0.478448 1.260206 2.787001
-0.551886 0.476369 1.261459 2.786591
-0.553442 0.474296 1.262706 2.786169
-0.555004 0.472229 1.263949 2.785735
-0.556573 0.470167 1.265186 2.785289
-0.558147 0.468112 1.266417 2.784832
-0.559727 0.466062 1.267644 2.784363
-0.561314 0.464018 1.268865 2.783882
-0.562907 0.461981 1.270081 2.783390
-0.564505 0.459949 1.271291 2.782886
-0.566109 0.457924 1.272497 2.782371
-0.567719 0.455905 1.273697 2.781844
-0.569335 0.453892 1.274893 2.781306
-0.570957 0.451885 1.276083 2.780757
-0.572584 0.449885 1.277268 2.780197
-0.574217 0.447892 1.278448 2.779625
-0.575855 0.445905 1.279623 2.779043
-0.577499 0.443924 1.280794 2.778449
-0.579148 0.441950 1.281959 2.777844
-0.580802 0.439983 1.283120 2.777229
-0.582462 0.438023 1.284275 2.776602
-0.584127 0.436069 1.285426 2.775965
-0.585797 0.434122 1.286572 2.775317
-0.587473 0.432182 1.287713 2.774658
-0.589153 0.430249 1.288849 2.773989
-0.590839 0.428323 1.289980 2.773309
-0.592529 0.426404 1.291107 2.772619
-0.594225 0.424492 1.292229 2.771918
-0.595925 0.422587 1.293347 2.771207
-0.597630 0.420689 1.294459 2.770485
-0.599340 0.418799 1.295568 2.769754
-0.601054 0.416916 1.296671 2.769012
-0.602773 0.415040 1.297770 2.768260
-0.604497 0.413172 1.298864 2.767498
-0.606225 0.411310 1.299954 2.766726
-0.607957 0.409457 1.301040 2.765944
-0.609694 0.407611 1.302120 2.765152
-0.611436 0.405772 1.303197 2.764350
-0.613181 0.403941 1.304269 2.763539
-0.614931 0.402118 1.305336 2.762718
-0.616685 0.400302 1.306399 2.761887
-0.618443 0.398495 1.307458 2.761047
-0.620205 0.396694 1.308512 2.760197
-0.621971 0.394902 1.309562 2.759338
-0.623741 0.393118 1.310608 2.758469
-0.625515 0.391341 1.311649 2.757591
-0.627292 0.389572 1.312686 2.756704
-0.629074 0.387812 1.313719 2.755807
-0.630859 0.386059 1.314748 2.754902
-0.632647 0.384315 1.315772 2.753987
-0.634439 0.382578 1.316792 2.753063
-0.636235 0.380850 1.317808 2.752131
-0.638034 0.379130 1.318820 2.751189
-0.639837 0.377418 1.319828 2.750239
-0.641643 0.375714 1.320831 2.749280
-0.643452 0.374018 1.321830 2.748312
-0.645264 0.372331 1.322826 2.747336
-0.647080 0.370653 1.323817 2.746351
-0.648899 0.368982 1.324804 2.745358
-0.650720 0.367320 1.325787 2.744356
-0.652545 0.365667 1.326766 2.743346
-0.654372 0.364022 1.327741 2.742327
-0.656203 0.362385 1.328712 2.741300
-0.658036 0.360757 1.329680 2.740265
-0.659872 0.359138 1.330643 2.739222
-0.661711 0.357527 1.331602 2.738171
-0.663552 0.355925 1.332557 2.737112
-0.665396 0.354332 1.333508 2.736045
-0.667242 0.352747 1.334456 2.734970
-0.669091 0.351171 1.335399 2.733887
-0.670942 0.349604 1.336339 2.732796
-0.672795 0.348045 1.337275 2.731698
-0.674651 0.346496 1.338206 2.730592
-0.676509 0.344955 1.339134 2.729479
-0.678369 0.343423 1.340059 2.728358
-0.680231 0.341900 1.340979 2.727230
-0.682095 0.340386 1.341896 2.726094
-0.683961 0.338881 1.342808 2.724951
-0.685829 0.337385 1.343717 2.723801
-0.687699 0.335898 1.344622 2.722643
-0.689570 0.334420 1.345524 2.721479
-0.691443 0.332951 1.346422 2.720307
-0.693318 0.331491 1.347316 2.719129
-0.695195 0.330041 1.348206 2.717943
-0.697073 0.328599 1.349092 2.716751
-0.698952 0.327166 1.349975 2.715552
-0.700833 0.325743 1.350854 2.714346
-0.702716 0.324329 1.351729 2.713133
-0.704599 0.322924 1.352601 2.711914
-0.706484 0.321528 1.353469 2.710688
-0.708370 0.320142 1.354333 2.709456
-0.710257 0.318765 1.355194 2.708218
-0.712145 0.317397 1.356051 2.706973
-0.714034 0.316038 1.356904 2.705721
-0.715924 0.314689 1.357753 2.704464
-0.717815 0.313349 1.358599 2.703200
-0.719707 0.312019 1.359442 2.701930
-0.721600 0.310697 1.360280 2.700654
-0.723493 0.309386 1.361116 2.699372
-0.725387 0.308083 1.361947 2.698085
-0.727281 0.306790 1.362775 2.696791
-0.729176 0.305507 1.363599 2.695491
-0.731072 0.304232 1.364420 2.694186
-0.732968 0.302968 1.365236 2.692875
-0.734864 0.301713 1.366050 2.691559
-0.736760 0.300467 1.366860 2.690237
-0.738657 0.299231 1.367666 2.688909
-0.740554 0.298004 1.368468 2.687576
-0.742451 0.296787 1.369267 2.686238
-0.744348 0.295579 1.370063 2.684894
-0.746244 0.294381 1.370854 2.683545
-0.748141 0.293192 1.371642 2.682191
-0.750038 0.292013 1.372427 2.680832
-0.751935 0.290844 1.373208 2.679468
-0.753831 0.289684 1.373985 2.678098
-0.755727 0.288533 1.374759 2.676724
-0.757622 0.287393 1.375529 2.675345
-0.759518 0.286261 1.376296 2.673961
-0.761412 0.285140 1.377059 2.672572
-0.763306 0.284028 1.377818 2.671179
-0.765200 0.282925 1.378574 2.669781
-0.767093 0.281832 1.379326 2.668378
-0.768985 0.280749 1.380075 2.666971
-0.770876 0.279676 1.380820 2.665560
-0.772767 0.278612 1.381561 2.664143
-0.774656 0.277557 1.382299 2.662723
-0.776545 0.276512 1.383033 2.661298
-0.778432 0.275477 1.383763 2.659870
-0.780319 0.274452 1.384490 2.658437
-0.782204 0.273436 1.385214 2.656999
-0.784089 0.272430 1.385933 2.655558
-0.785971 0.271433 1.386649 2.654113
-0.787853 0.270446 1.387361 2.652664
-0.789733 0.269469 1.388070 2.651211
-0.791612 0.268501 1.388775 2.649754
-0.793490 0.267543 1.389476 2.648294
-0.795366 0.266594 1.390174 2.646829
-0.797240 0.265655 1.390868 2.645361
-0.799112 0.264726 1.391558 2.643890
-0.800983 0.263806 1.392245 2.642415
-0.802853 0.262896 1.392928 2.640936
-0.804720 0.261995 1.393607 2.639455
-0.806585 0.261104 1.394282 2.637969
-0.808449 0.260223 1.394954 2.636481
-0.810310 0.259351 1.395622 2.634989
-0.812170 0.258488 1.396286 2.633494
-0.814027 0.257636 1.396946 2.631996
-0.815883 0.256792 1.397603 2.630495
-0.817736 0.255959 1.398256 2.628991
-0.819586 0.255134 1.398905 2.627484
-0.821435 0.254320 1.399550 2.625974
-0.823281 0.253515 1.400191 2.624461
-0.825125 0.252719 1.400829 2.622945
-0.826966 0.251933 1.401463 2.621427
-0.828804 0.251156 1.402093 2.619906
-0.830640 0.250389 1.402719 2.618382
-0.832474 0.249631 1.403341 2.616856
-0.834304 0.248883 1.403959 2.615327
-0.836132 0.248144 1.404573 2.613796
-0.837957 0.247414 1.405184 2.612262
-0.839779 0.246694 1.405790 2.610726
-0.841599 0.245984 1.406393 2.609188
-0.843415 0.245282 1.406991 2.607647
-0.845228 0.244590 1.407586 2.606105
-0.847038 0.243908 1.408177 2.604560
-0.848845 0.243234 1.408763 2.603013
-0.850649 0.242570 1.409346 2.601464
-0.852450 0.241916 1.409924 2.599913
-0.854247 0.241270 1.410498 2.598360
-0.856041 0.240634 1.411069 2.596805
-0.857831 0.240007 1.411635 2.595249
-0.859618 0.239389 1.412197 2.593690
-0.861402 0.238781 1.412755 2.592130
-0.863182 0.238181 1.413309 2.590568
-0.864958 0.237591 1.413859 2.589005
-0.866731 0.237010 1.414404 2.587440
-0.868500 0.236438 1.414945 2.585874
-0.870265 0.235875 1.415482 2.584306
-0.872027 0.235321 1.416015 2.582736
-0.873784 0.234776 1.416543 2.581166
-0.875538 0.234241 1.417068 2.579594
-0.877288 0.233714 1.417588 2.578020
-0.879033 0.233196 1.418103 2.576446
-0.880775 0.232687 1.418614 2.574870
-0.882512 0.232188 1.419121 2.573293
-0.884245 0.231697 1.419624 2.571716
-0.885974 0.231215 1.420122 2.570137
-0.887699 0.230741 1.420615 2.568557
-0.889420 0.230277 1.421104 2.566976
-0.891136 0.229821 1.421589 2.565395
-0.892847 0.229375 1.422069 2.563812
-0.894555 0.228937 1.422544 2.562229
-0.896257 0.228507 1.423015 2.560645
-0.897955 0.228087 1.423482 2.559060
-0.899649 0.227675 1.423944 2.557475
-0.901338 0.227272 1.424401 2.555889
-0.903022 0.226877 1.424853 2.554302
-0.904701 0.226491 1.425301 2.552715
-0.906376 0.226113 1.425744 2.551128
-0.908045 0.225744 1.426182 2.549540
-0.909710 0.225384 1.426616 2.547952
-0.911370 0.225032 1.427045 2.546364
-0.913025 0.224688 1.427469 2.544775
-0.914675 0.224353 1.427888 2.543186
-0.916319 0.224026 1.428302 2.541596
-0.917959 0.223708 1.428712 2.540007
-0.919593 0.223397 1.429116 2.538418
-0.921223 0.223095 1.429516 2.536828
-0.922846 0.222802 1.429910 2.535239
-0.924465 0.222516 1.430300 2.533649
-0.926078 0.222239 1.430684 2.532060
-0.927686 0.221970 1.431064 2.530470
-0.929289 0.221709 1.431438 2.528881
-0.930886 0.221456 1.431807 2.527292
-0.932477 0.221211 1.432172 2.525704
-0.934063 0.220974 1.432530 2.524115
-0.935643 0.220745 1.432884 2.522527
-0.937217 0.220524 1.433233 2.520939
-0.938786 0.220311 1.433576 2.519352
-0.940349 0.220106 1.433914 2.517765
-0.941907 0.219908 1.434246 2.516178
-0.943458 0.219718 1.434573 2.514593
-0.945004 0.219536 1.434895 2.513007
-0.946543 0.219362 1.435211 2.511422
-0.948077 0.219196 1.435522 2.509838
-0.949605 0.219037 1.435827 2.508255
-0.951126 0.218885 1.436127 2.506672
-0.952642 0.218741 1.436421 2.505090
-0.954151 0.218605 1.436710 2.503509
-0.955655 0.218476 1.436993 2.501929
-0.957152 0.218355 1.437271 2.500349
-0.958643 0.218241 1.437542 2.498771
-0.960127 0.218134 1.437808 2.497193
-0.961605 0.218035 1.438068 2.495616
-0.963077 0.217943 1.438323 2.494041
-0.964543 0.217858 1.438571 2.492466
-0.966002 0.217780 1.438814 2.490893
-0.967454 0.217709 1.439051 2.489320
-0.968901 0.217646 1.439282 2.487749
-0.970340 0.217590 1.439506 2.486179
-0.971773 0.217540 1.439725 2.484610
-0.973199 0.217498 1.439938 2.483042
-0.974619 0.217462 1.440145 2.481476
-0.976032 0.217434 1.440345 2.479911
-0.977438 0.217412 1.440540 2.478348
-0.978837 0.217397 1.440728 2.476785
-0.980230 0.217388 1.440910 2.475225
-0.981616 0.217387 1.441086 2.473665
-0.982995 0.217392 1.441255 2.472107
-0.984367 0.217404 1.441419 2.470551
-0.985732 0.217422 1.441575 2.468996
-0.987090 0.217447 1.441726 2.467443
-0.988441 0.217478 1.441870 2.465892
-0.989785 0.217516 1.442007 2.464342
-0.991122 0.217560 1.442138 2.462793
-0.992451 0.217610 1.442262 2.461247
-0.993774 0.217667 1.442380 2.459702
-0.995089 0.217730 1.442491 2.458159
-0.996398 0.217799 1.442595 2.456618
-0.997699 0.217874 1.442693 2.455078
-0.998992 0.217956 1.442784 2.453541
-1.000279 0.218043 1.442868 2.452005
-1.001558 0.218137 1.442945 2.450471
-1.002829 0.218236 1.443015 2.448939
-1.004094 0.218341 1.443079 2.447409
-1.005350 0.218452 1.443135 2.445881
-1.006600 0.218569 1.443185 2.444355
-1.007842 0.218692 1.443227 2.442831
-1.009076 0.218820 1.443262 2.441310
-1.010303 0.218954 1.443291 2.439790
-1.011522 0.219094 1.443312 2.438272
-1.012734 0.219239 1.443325 2.436757
-1.013938 0.219390 1.443332 2.435243
-1.015134 0.219546 1.443331 2.433732
-1.016322 0.219708 1.443323 2.432223
-1.017503 0.219875 1.443308 2.430717
-1.018676 0.220047 1.443285 2.429212
-1.019842 0.220224 1.443255 2.427710
-1.020999 0.220407 1.443217 2.426210
-1.022149 0.220595 1.443171 2.424713
-1.023291 0.220788 1.443119 2.423218
-1.024425 0.220986 1.443058 2.421725
-1.025551 0.221189 1.442990 2.420235
-1.026669 0.221397 1.442914 2.418747
-1.027779 0.221610 1.442830 2.417261
-1.028881 0.221827 1.442739 2.415778
-1.029975 0.222050 1.442639 2.414298
-1.031061 0.222277 1.442532 2.412820
-1.032139 0.222509 1.442417 2.411344
-1.033209 0.222745 1.442294 2.409871
-1.034271 0.222986 1.442163 2.408401
-1.035325 0.223232 1.442023 2.406933
-1.036371 0.223482 1.441876 2.405468
-1.037408 0.223736 1.441721 2.404005
-1.038437 0.223995 1.441557 2.402545
-1.039458 0.224258 1.441385 2.401088
-1.040471 0.224525 1.441205 2.399633
-1.041476 0.224797 1.441017 2.398181
-1.042472 0.225073 1.440820 2.396732
-1.043460 0.225352 1.440615 2.395286
-1.044440 0.225636 1.440401 2.393842
-1.045411 0.225924 1.440179 2.392401
-1.046374 0.226216 1.439948 2.390962
-1.047329 0.226511 1.439709 2.389527
-1.048275 0.226811 1.439461 2.388094
-1.049213 0.227114 1.439204 2.386664
-1.050142 0.227421 1.438939 2.385237
-1.051063 0.227731 1.438664 2.383813
-1.051975 0.228046 1.438381 2.382392
-1.052879 0.228363 1.438090 2.380974
-1.053775 0.228684 1.437789 2.379558
-1.054662 0.229009 1.437479 2.378145
-1.055540 0.229337 1.437161 2.376736
-1.056410 0.229668 1.436833 2.375329
-1.057272 0.230003 1.436496 2.373925
-1.058124 0.230341 1.436150 2.372524
-1.058969 0.230682 1.435795 2.371126
-1.059804 0.231026 1.435431 2.369731
-1.060631 0.231373 1.435057 2.368339
-1.061449 0.231723 1.434674 2.366950
-1.062259 0.232076 1.434282 2.365564
-1.063060 0.232432 1.433881 2.364181
-1.063852 0.232791 1.433470 2.362801
-1.064636 0.233152 1.433049 2.361424
-1.065411 0.233516 1.432619 2.360050
-1.066177 0.233883 1.432179 2.358679
-1.066935 0.234253 1.431730 2.357311
-1.067684 0.234625 1.431271 2.355947
-1.068424 0.234999 1.430802 2.354585
-1.069155 0.235376 1.430324 2.353226
-1.069878 0.235756 1.429835 2.351871
-1.070591 0.236137 1.429337 2.350518
-1.071296 0.236521 1.428829 2.349169
-1.071993 0.236907 1.428311 2.347823
-1.072680 0.237296 1.427783 2.346480
-1.073358 0.237686 1.427245 2.345140
-1.074028 0.238078 1.426697 2.343803
-1.074689 0.238473 1.426139 2.342470
-1.075341 0.238869 1.425570 2.341139
-1.075985 0.239268 1.424992 2.339812
-1.076619 0.239668 1.424403 2.338487
-1.077245 0.240069 1.423803 2.337166
-1.077861 0.240473 1.423194 2.335848
-1.078469 0.240878 1.422574 2.334534
-1.079068 0.241285 1.421943 2.333222
-1.079658 0.241693 1.421302 2.331914
-1.080239 0.242103 1.420651 2.330608
-1.080812 0.242515 1.419989 2.329306
-1.081375 0.242927 1.419316 2.328007
-1.081930 0.243341 1.418633 2.326711
-1.082475 0.243757 1.417939 2.325419
-1.083012 0.244173 1.417234 2.324129
-1.083540 0.244591 1.416518 2.322843
-1.084059 0.245009 1.415792 2.321560
-1.084569 0.245429 1.415054 2.320280
-1.085070 0.245850 1.414306 2.319004
-1.085562 0.246272 1.413547 2.317730
-1.086045 0.246694 1.412776 2.316460
-1.086519 0.247118 1.411995 2.315193
-1.086985 0.247542 1.411202 2.313929
-1.087441 0.247967 1.410398 2.312668
-1.087889 0.248393 1.409583 2.311410
-1.088327 0.248819 1.408757 2.310156
-1.088757 0.249246 1.407920 2.308905
-1.089178 0.249673 1.407071 2.307657
-1.089590 0.250101 1.406210 2.306412
-1.089993 0.250529 1.405339 2.305170
-1.090387 0.250957 1.404456 2.303931
-1.090772 0.251386 1.403561 2.302696
-1.091148 0.251815 1.402655 2.301464
-1.091516 0.252244 1.401737 2.300235
-1.091874 0.252674 1.400807 2.299009
-1.092224 0.253103 1.399866 2.297786
-1.092564 0.253533 1.398913 2.296566
-1.092896 0.253962 1.397948 2.295350
-1.093219 0.254391 1.396972 2.294136
-1.093533 0.254821 1.395983 2.292926
-1.093838 0.255250 1.394983 2.291719
-1.094134 0.255678 1.393971 2.290515
-1.094421 0.256107 1.392946 2.289314
-1.094700 0.256535 1.391910 2.288116
-1.094970 0.256963 1.390862 2.286921
-1.095230 0.257390 1.389801 2.285730
-1.095482 0.257817 1.388728 2.284541
-1.095725 0.258243 1.387643 2.283356
-1.095960 0.258669 1.386546 2.282173
-1.096185 0.259094 1.385437 2.280994
-1.096402 0.259518 1.384315 2.279818
-1.096610 0.259942 1.383181 2.278644
-1.096809 0.260364 1.382034 2.277474
-1.096999 0.260786 1.380875 2.276307
-1.097181 0.261207 1.379704 2.275143
-1.097353 0.261627 1.378520 2.273981
-1.097517 0.262046 1.377323 2.272823
-1.097673 0.262464 1.376114 2.271668
-1.097819 0.262881 1.374892 2.270516
-1.097957 0.263297 1.373657 2.269367
-1.098086 0.263711 1.372410 2.268220
-1.098207 0.264125 1.371150 2.267077
-1.098318 0.264537 1.369877 2.265937
-1.098421 0.264947 1.368591 2.264799
-1.098516 0.265356 1.367293 2.263664
-1.098602 0.265764 1.365981 2.262533
-1.098679 0.266170 1.364656 2.261404
-1.098747 0.266575 1.363319 2.260278
-1.098807 0.266978 1.361968 2.259155
-1.098858 0.267380 1.360604 2.258035
-1.098901 0.267780 1.359228 2.256918
-1.098935 0.268178 1.357838 2.255803
-1.098961 0.268574 1.356434 2.254691
-1.098978 0.268968 1.355018 2.253582
-1.098987 0.269361 1.353588 2.252476
-1.098987 0.269752 1.352145 2.251373
-1.098978 0.270140 1.350689 2.250272
-1.098961 0.270527 1.349219 2.249175
-1.098936 0.270912 1.347736 2.248080
-1.098902 0.271294 1.346239 2.246987
-1.098860 0.271675 1.344729 2.245898
-1.098810 0.272053 1.343205 2.244811
-1.098751 0.272429 1.341668 2.243726
-1.098683 0.272803 1.340117 2.242645
-1.098608 0.273174 1.338553 2.241566
-1.098524 0.273543 1.336975 2.240489
-1.098432 0.273910 1.335383 2.239416
-1.098331 0.274274 1.333777 2.238344
-1.098222 0.274636 1.332158 2.237276
-1.098105 0.274995 1.330525 2.236210
-1.097980 0.275351 1.328878 2.235146
-1.097847 0.275705 1.327217 2.234086
-1.097705 0.276057 1.325542 2.233027
-1.097555 0.276405 1.323854 2.231971
-1.097397 0.276751 1.322151 2.230918
-1.097231 0.277094 1.320434 2.229867
-1.097057 0.277434 1.318704 2.228818
-1.096875 0.277772 1.316959 2.227772
-1.096685 0.278106 1.315200 2.226729
-1.096487 0.278438 1.313427 2.225687
-1.096280 0.278766 1.311640 2.224648
-1.096066 0.279092 1.309838 2.223612
-1.095844 0.279414 1.308023 2.222577
-1.095614 0.279733 1.306193 2.221546
-1.095376 0.280050 1.304349 2.220516
-1.095130 0.280363 1.302491 2.219489
-1.094876 0.280672 1.300618 2.218464
-1.094615 0.280979 1.298731 2.217441
-1.094346 0.281282 1.296829 2.216420
-1.094069 0.281582 1.294913 2.215402
-1.093784 0.281879 1.292983 2.214385
-1.093491 0.282172 1.291038 2.213371
-1.093191 0.282462 1.289079 2.212359
-1.092883 0.282748 1.287105 2.211350
-1.092567 0.283031 1.285117 2.210342
-1.092244 0.283310 1.283114 2.209336
-1.091914 0.283585 1.281096 2.208333
-1.091575 0.283857 1.279064 2.207331
-1.091229 0.284126 1.277017 2.206332
-1.090876 0.284390 1.274955 2.205334
-1.090515 0.284651 1.272879 2.204338
-1.090147 0.284908 1.270788 2.203345
-1.089772 0.285162 1.268682 2.202353
-1.089389 0.285412 1.266561 2.201363
-1.088998 0.285657 1.264426 2.200376
-1.088601 0.285899 1.262276 2.199390
-1.088196 0.286137 1.260110 2.198405
-1.087784 0.286371 1.257930 2.197423
-1.087364 0.286601 1.255736 2.196442
-1.086938 0.286827 1.253526 2.195464
-1.086504 0.287050 1.251301 2.194487
-1.086063 0.287268 1.249061 2.193511
-1.085615 0.287481 1.246807 2.192538
-1.085160 0.287691 1.244537 2.191566
-1.084698 0.287897 1.242252 2.190596
-1.084229 0.288098 1.239952 2.189627
-1.083753 0.288296 1.237637 2.188660
-1.083270 0.288489 1.235307 2.187695
-1.082780 0.288678 1.232962 2.186731
-1.082283 0.288862 1.230602 2.185768
-1.081780 0.289042 1.228227 2.184808
-1.081269 0.289218 1.225836 2.183848
-1.080752 0.289390 1.223431 2.182891
-1.080228 0.289557 1.221010 2.181934
-1.079698 0.289720 1.218574 2.180979
-1.079161 0.289878 1.216122 2.180026
-1.078617 0.290032 1.213656 2.179074
-1.078067 0.290181 1.211174 2.178123
-1.077510 0.290326 1.208677 2.177174
-1.076946 0.290466 1.206165 2.176225
-1.076377 0.290602 1.203637 2.175279
-1.075800 0.290733 1.201094 2.174333
-1.075217 0.290860 1.198536 2.173389
-1.074628 0.290982 1.195962 2.172445
-1.074033 0.291099 1.193373 2.171503
-1.073431 0.291212 1.190769 2.170563
-1.072823 0.291320 1.188149 2.169623
-1.072209 0.291423 1.185514 2.168684
-1.071589 0.291521 1.182863 2.167747
-1.070963 0.291615 1.180197 2.166810
-1.070330 0.291704 1.177516 2.165875
-1.069691 0.291788 1.174819 2.164940
-1.069047 0.291868 1.172107 2.164007
-1.068396 0.291943 1.169379 2.163074
-1.067740 0.292012 1.166636 2.162143
-1.067077 0.292077 1.163877 2.161212
-1.066409 0.292138 1.161103 2.160282
-1.065735 0.292193 1.158313 2.159354
-1.065055 0.292243 1.155508 2.158425
-1.064369 0.292288 1.152688 2.157498
-1.063678 0.292329 1.149851 2.156572
-1.062981 0.292365 1.147000 2.155646
-1.062279 0.292395 1.144133 2.154721
-1.061571 0.292421 1.141250 2.153796
-1.060857 0.292441 1.138352 2.152873
-1.060138 0.292457 1.135438 2.151950
-1.059413 0.292468 1.132508 2.151027
-1.058683 0.292473 1.129564 2.150106
-1.057948 0.292474 1.126603 2.149184
-1.057207 0.292469 1.123627 2.148264
-1.056461 0.292460 1.120636 2.147343
-1.055710 0.292445 1.117629 2.146424
-1.054954 0.292426 1.114606 2.145504
-1.054192 0.292401 1.111568 2.144586
-1.053426 0.292371 1.108514 2.143667
-1.052654 0.292336 1.105445 2.142749
-1.051877 0.292296 1.102360 2.141832
-1.051096 0.292251 1.099259 2.140914
-1.050309 0.292200 1.096143 2.139997
-1.049518 0.292145 1.093012 2.139081
-1.048722 0.292084 1.089865 2.138164
-1.047921 0.292019 1.086702 2.137248
-1.047115 0.291948 1.083524 2.136332
-1.046304 0.291872 1.080330 2.135416
-1.045489 0.291790 1.077121 2.134501
-1.044669 0.291704 1.073896 2.133585
-1.043845 0.291612 1.070656 2.132669
-1.043016 0.291516 1.067400 2.131754
-1.042183 0.291414 1.064128 2.130839
-1.041345 0.291306 1.060841 2.129923
-1.040503 0.291194 1.057539 2.129008
-1.039657 0.291077 1.054221 2.128093
-1.038806 0.290954 1.050887 2.127177
-1.037951 0.290826 1.047539 2.126262
-1.037092 0.290693 1.044174 2.125346
-1.036229 0.290554 1.040794 2.124430
-1.035361 0.290411 1.037399 2.123515
-1.034490 0.290262 1.033988 2.122598
-1.033614 0.290108 1.030562 2.121682
-1.032735 0.289949 1.027120 2.120766
-1.031851 0.289785 1.023663 2.119849
-1.030964 0.289615 1.020191 2.118932
-1.030073 0.289441 1.016703 2.118014
-1.029179 0.289261 1.013199 2.117097
-1.028280 0.289076 1.009681 2.116178
-1.027378 0.288885 1.006147 2.115260
-1.026472 0.288690 1.002597 2.114341
-1.025563 0.288489 0.999032 2.113422
-1.024650 0.288283 0.995452 2.112502
-1.023734 0.288072 0.991857 2.111581
-1.022814 0.287856 0.988246 2.110661
-1.021891 0.287635 0.984620 2.109739
-1.020964 0.287409 0.980979 2.108817
-1.020035 0.287177 0.977323 2.107895
-1.019102 0.286940 0.973651 2.106971
-1.018166 0.286699 0.969964 2.106047
-1.017226 0.286452 0.966262 2.105123
-1.016284 0.286200 0.962545 2.104198
-1.015339 0.285942 0.958813 2.103272
-1.014390 0.285680 0.955065 2.102345
-1.013439 0.285413 0.951303 2.101418
-1.012485 0.285140 0.947525 2.100489
-1.011528 0.284863 0.943732 2.099560
-1.010568 0.284580 0.939924 2.098630
-1.009606 0.284293 0.936101 2.097700
-1.008641 0.284000 0.932264 2.096768
-1.007673 0.283703 0.928411 2.095835
-1.006702 0.283400 0.924543 2.094902
-1.005730 0.283092 0.920660 2.093967
-1.004754 0.282780 0.916763 2.093032
-1.003776 0.282462 0.912850 2.092095
-1.002796 0.282140 0.908923 2.091158
-1.001814 0.281812 0.904981 2.090219
-1.000829 0.281480 0.901024 2.089280
-0.999842 0.281143 0.897052 2.088339
-0.998853 0.280801 0.893065 2.087397
-0.997862 0.280454 0.889064 2.086454
-0.996869 0.280102 0.885048 2.085510
-0.995873 0.279745 0.881017 2.084564
-0.994876 0.279384 0.876972 2.083617
-0.993877 0.279017 0.872912 2.082670
-0.992876 0.278646 0.868838 2.081720
-0.991873 0.278270 0.864749 2.080770
-0.990869 0.277890 0.860645 2.079818
-0.989862 0.277504 0.856527 2.078865
-0.988854 0.277114 0.852394 2.077910
-0.987845 0.276719 0.848248 2.076955
-0.986834 0.276320 0.844086 2.075997
-0.985821 0.275916 0.839911 2.075039
-0.984807 0.275507 0.835721 2.074078
-0.983792 0.275094 0.831516 2.073117
-0.982775 0.274676 0.827298 2.072154
-0.981757 0.274253 0.823065 2.071189
-0.980738 0.273826 0.818818 2.070223
-0.979718 0.273395 0.814557 2.069255
-0.978696 0.272959 0.810282 2.068286
-0.977673 0.272518 0.805992 2.067315
-0.976650 0.272074 0.801689 2.066342
-0.975625 0.271624 0.797372 2.065368
-0.974600 0.271171 0.793040 2.064392
-0.973573 0.270712 0.788695 2.063415
-0.972546 0.270250 0.784336 2.062436
-0.971518 0.269783 0.779963 2.061455
-0.970490 0.269312 0.775576 2.060472
-0.969460 0.268837 0.771176 2.059488
-0.968430 0.268358 0.766761 2.058501
-0.967400 0.267874 0.762333 2.057513
-0.966369 0.267386 0.757892 2.056524
-0.965338 0.266894 0.753437 2.055532
-0.964306 0.266398 0.748968 2.054538
-0.963274 0.265897 0.744486 2.053543
-0.962242 0.265393 0.739990 2.052546
-0.961209 0.264885 0.735481 2.051547
-0.960176 0.264373 0.730958 2.050545
-0.959143 0.263856 0.726422 2.049542
-0.958110 0.263336 0.721873 2.048537
-0.957077 0.262812 0.717311 2.047530
-0.956044 0.262284 0.712735 2.046521
-0.955012 0.261752 0.708147 2.045510
-0.953979 0.261216 0.703545 2.044497
-0.952946 0.260677 0.698930 2.043482
-0.951914 0.260134 0.694302 2.042465
-0.950882 0.259587 0.689661 2.041445
-0.949850 0.259036 0.685008 2.040424
-0.948819 0.258482 0.680341 2.039400
-0.947788 0.257924 0.675662 2.038375
-0.946758 0.257363 0.670970 2.037347
-0.945728 0.256798 0.666265 2.036317
-0.944699 0.256230 0.661547 2.035285
-0.943671 0.255658 0.656817 2.034250
-0.942643 0.255083 0.652075 2.033213
-0.941616 0.254504 0.647320 2.032175
-0.940590 0.253922 0.642552 2.031133
-0.939565 0.253337 0.637772 2.030090
-0.938540 0.252748 0.632980 2.029044
-0.937517 0.252156 0.628175 2.027996
-0.936495 0.251561 0.623359 2.026946
-0.935474 0.250963 0.618530 2.025893
-0.934453 0.250361 0.613689 2.024838
-0.933435 0.249757 0.608836 2.023781
-0.932417 0.249150 0.603971 2.022721
-0.931401 0.248539 0.599094 2.021659
-0.930386 0.247926 0.594205 2.020595
-0.929372 0.247309 0.589304 2.019528
-0.928360 0.246690 0.584392 2.018459
-0.927349 0.246068 0.579468 2.017387
-0.926340 0.245443 0.574532 2.016313
-0.925332 0.244816 0.569585 2.015236
-0.924327 0.244185 0.564626 2.014157
-0.923322 0.243552 0.559656 2.013076
-0.922320 0.242917 0.554674 2.011992
-0.921320 0.242279 0.549681 2.010905
-0.920321 0.241638 0.544677 2.009816
-0.919324 0.240995 0.539661 2.008725
-0.918329 0.240349 0.534635 2.007630
-0.917336 0.239701 0.529597 2.006534
-0.916346 0.239050 0.524548 2.005435
-0.915357 0.238397 0.519488 2.004333
-0.914370 0.237742 0.514418 2.003228
-0.913386 0.237085 0.509336 2.002121
-0.912404 0.236426 0.504244 2.001012
-0.911425 0.235764 0.499141 1.999900
-0.910447 0.235100 0.494028 1.998785
-0.909472 0.234435 0.488904 1.997667
-0.908500 0.233767 0.483769 1.996547
-0.907530 0.233097 0.478625 1.995425
-0.906563 0.232426 0.473469 1.994299
-0.905598 0.231752 0.468304 1.993171
-0.904636 0.231077 0.463128 1.992041
-0.903677 0.230400 0.457942 1.990907
-0.902720 0.229721 0.452746 1.989771
-0.901767 0.229041 0.447540 1.988633
-0.900816 0.228359 0.442324 1.987491
-0.899868 0.227675 0.437098 1.986347
-0.898923 0.226990 0.431863 1.985201
-0.897981 0.226303 0.426617 1.984051
-0.897042 0.225615 0.421362 1.982899
-0.896106 0.224926 0.416098 1.981744
-0.895174 0.224236 0.410824 1.980586
-0.894244 0.223544 0.405540 1.979426
-0.893318 0.222850 0.400247 1.978263
-0.892395 0.222156 0.394945 1.977097
-0.891476 0.221461 0.389634 1.975928
-0.890560 0.220764 0.384314 1.974757
-0.889647 0.220067 0.378984 1.973583
-0.888738 0.219368 0.373645 1.972406
-0.887833 0.218669 0.368298 1.971226
-0.886931 0.217969 0.362942 1.970043
-0.886032 0.217268 0.357577 1.968858
-0.885138 0.216566 0.352203 1.967670
-0.884247 0.215864 0.346821 1.966479
-0.883360 0.215161 0.341430 1.965286
-0.882477 0.214457 0.336031 1.964090
-0.881597 0.213753 0.330623 1.962890
-0.880722 0.213048 0.325208 1.961689
-0.879850 0.212343 0.319784 1.960484
-0.878983 0.211638 0.314351 1.959276
-0.878119 0.210932 0.308911 1.958066
-0.877260 0.210226 0.303463 1.956853
-0.876405 0.209520 0.298007 1.955637
-0.875554 0.208814 0.292543 1.954419
-0.874707 0.208107 0.287071 1.953197
-0.873865 0.207401 0.281592 1.951973
-0.873027 0.206694 0.276105 1.950746
-0.872193 0.205988 0.270611 1.949516
-0.871364 0.205281 0.265109 1.948284
-0.870539 0.204575 0.259600 1.947048
-0.869719 0.203869 0.254084 1.945810
-0.868903 0.203164 0.248561 1.944569
-0.868092 0.202459 0.243030 1.943325
-0.867286 0.201754 0.237493 1.942079
-0.866484 0.201049 0.231949 1.940830
-0.865687 0.200345 0.226398 1.939578
-0.864895 0.199642 0.220840 1.938323
-0.864107 0.198940 0.215276 1.937065
-0.863325 0.198238 0.209705 1.935805
-0.862547 0.197536 0.204127 1.934542
-0.861774 0.196836 0.198543 1.933276
-0.861006 0.196136 0.192953 1.932008
-0.860244 0.195438 0.187357 1.930736
-0.859486 0.194740 0.181755 1.929462
-0.858734 0.194044 0.176146 1.928185
-0.857986 0.193348 0.170532 1.926906
-0.857244 0.192654 0.164911 1.925624
-0.856507 0.191961 0.159286 1.924339
-0.855776 0.191269 0.153654 1.923051
-0.855049 0.190578 0.148017 1.921761
-0.854328 0.189889 0.142374 1.920467
-0.853613 0.189201 0.136726 1.919172
-0.852903 0.188515 0.131072 1.917873
-0.852198 0.187831 0.125414 1.916572
-0.851499 0.187148 0.119750 1.915268
-0.850806 0.186466 0.114081 1.913962
-0.850118 0.185787 0.108407 1.912653
-0.849435 0.185109 0.102729 1.911341
-0.848759 0.184433 0.097045 1.910027
-0.848088 0.183759 0.091357 1.908710
-0.847423 0.183087 0.085664 1.907390
-0.846763 0.182417 0.079967 1.906068
-0.846110 0.181749 0.074266 1.904743
-0.845462 0.181083 0.068560 1.903415
-0.844821 0.180420 0.062850 1.902085
-0.844185 0.179758 0.057136 1.900753
-0.843555 0.179099 0.051417 1.899418
-0.842931 0.178443 0.045695 1.898080
-0.842314 0.177789 0.039969 1.896740
-0.841702 0.177137 0.034240 1.895397
-0.841097 0.176488 0.028506 1.894052
-0.840497 0.175842 0.022769 1.892704
-0.839904 0.175198 0.017029 1.891354
-0.839317 0.174558 0.011285 1.890001
-0.838737 0.173919 0.005538 1.888646
-0.838162 0.173284 -0.000212 1.887288
-0.837594 0.172652 -0.005965 1.885928
-0.837033 0.172023 -0.011722 1.884566
-0.836478 0.171397 -0.017481 1.883201
-0.835929 0.170773 -0.023243 1.881834
-0.835387 0.170154 -0.029007 1.880464
-0.834851 0.169537 -0.034775 1.879092
-0.834322 0.168923 -0.040544 1.877718
-0.833799 0.168313 -0.046316 1.876341
-0.833283 0.167707 -0.052091 1.874962
-0.832773 0.167104 -0.057867 1.873581
-0.832271 0.166504 -0.063646 1.872197
-0.831775 0.165908 -0.069427 1.870812
-0.831285 0.165316 -0.075209 1.869423
-0.830803 0.164727 -0.080994 1.868033
-0.830327 0.164142 -0.086780 1.866641
-0.829858 0.163561 -0.092568 1.865246
-0.829396 0.162984 -0.098357 1.863849
-0.828941 0.162411 -0.104148 1.862450
-0.828493 0.161842 -0.109940 1.861049
-0.828052 0.161277 -0.115733 1.859645
-0.827617 0.160716 -0.121527 1.858240
-0.827190 0.160159 -0.127323 1.856832
-0.826770 0.159607 -0.133119 1.855423
-0.826357 0.159059 -0.138916 1.854011
-0.825950 0.158515 -0.144714 1.852597
-0.825552 0.157976 -0.150513 1.851181
-0.825160 0.157441 -0.156312 1.849764
-0.824775 0.156911 -0.162111 1.848344
-0.824398 0.156385 -0.167911 1.846922
-0.824027 0.155864 -0.173711 1.845499
-0.823664 0.155348 -0.179511 1.844073
-0.823309 0.154836 -0.185311 1.842646
-0.822960 0.154330 -0.191111 1.841217
-0.822619 0.153828 -0.196911 1.839786
-0.822286 0.153331 -0.202710 1.838353
-0.821959 0.152839 -0.208509 1.836918
-0.821640 0.152353 -0.214308 1.835481
-0.821329 0.151871 -0.220106 1.834043
-0.821025 0.151395 -0.225903 1.832603
-0.820729 0.150924 -0.231700 1.831161
-0.820440 0.150458 -0.237496 1.829718
-0.820158 0.149998 -0.243290 1.828273
-0.819884 0.149543 -0.249084 1.826826
-0.819618 0.149094 -0.254876 1.825378
-0.819359 0.148650 -0.260667 1.823928
-0.819108 0.148212 -0.266457 1.822476
-0.818865 0.147779 -0.272245 1.821023
-0.818629 0.147352 -0.278032 1.819569
-0.818401 0.146931 -0.283816 1.818113
-0.818180 0.146516 -0.289599 1.816655
-0.817967 0.146107 -0.295380 1.815196
-0.817763 0.145703 -0.301159 1.813736
-0.817565 0.145306 -0.306936 1.812274
-0.817376 0.144915 -0.312711 1.810811
-0.817194 0.144529 -0.318483 1.809347
-0.817021 0.144150 -0.324253 1.807881
-0.816855 0.143778 -0.330021 1.806414
-0.816697 0.143411 -0.335786 1.804946
-0.816547 0.143051 -0.341548 1.803476
-0.816404 0.142697 -0.347307 1.802006
-0.816270 0.142350 -0.353063 1.800534
-0.816143 0.142009 -0.358816 1.799061
-0.816025 0.141675 -0.364566 1.797587
-0.815915 0.141347 -0.370313 1.796111
-0.815812 0.141026 -0.376056 1.794635
-0.815718 0.140712 -0.381796 1.793158
-0.815631 0.140405 -0.387533 1.791680
-0.815553 0.140104 -0.393265 1.790200
-0.815482 0.139811 -0.398994 1.788720
-0.815420 0.139524 -0.404720 1.787239
-0.815365 0.139244 -0.410441 1.785757
-0.815319 0.138972 -0.416158 1.784274
-0.815281 0.138706 -0.421870 1.782791
-0.815251 0.138448 -0.427579 1.781306
-0.815229 0.138196 -0.433283 1.779821
-0.815216 0.137952 -0.438983 1.778335
-0.815210 0.137716 -0.444678 1.776849
-0.815213 0.137487 -0.450368 1.775362
-0.815223 0.137265 -0.456054 1.773874
-0.815242 0.137050 -0.461735 1.772386
-0.815270 0.136843 -0.467410 1.770897
-0.815305 0.136644 -0.473081 1.769407
-0.815349 0.136453 -0.478746 1.767917
-0.815400 0.136269 -0.484406 1.766427
-0.815461 0.136092 -0.490061 1.764936
-0.815529 0.135924 -0.495710 1.763444
-0.815605 0.135763 -0.501353 1.761953
-0.815690 0.135610 -0.506991 1.760461
-0.815783 0.135466 -0.512623 1.758969
-0.815885 0.135329 -0.518249 1.757476
-0.815995 0.135200 -0.523869 1.755983
-0.816113 0.135079 -0.529483 1.754490
-0.816239 0.134966 -0.535090 1.752997
-0.816373 0.134862 -0.540692 1.751504
-0.816516 0.134765 -0.546287 1.750011
-0.816668 0.134677 -0.551875 1.748518
-0.816827 0.134598 -0.557457 1.747024
-0.816995 0.134526 -0.563031 1.745531
-0.817171 0.134463 -0.568599 1.744038
-0.817356 0.134409 -0.574161 1.742545
-0.817549 0.134363 -0.579715 1.741051
-0.817750 0.134325 -0.585262 1.739559
-0.817960 0.134296 -0.590801 1.738066
-0.818178 0.134276 -0.596334 1.736574
-0.818405 0.134264 -0.601859 1.735081
-0.818639 0.134261 -0.607376 1.733590
-0.818882 0.134267 -0.612886 1.732098
-0.819134 0.134282 -0.618387 1.730607
-0.819394 0.134305 -0.623882 1.729116
-0.819662 0.134338 -0.629368 1.727626
-0.819939 0.134379 -0.634846 1.726137
-0.820224 0.134429 -0.640316 1.724647
-0.820517 0.134488 -0.645777 1.723159
-0.820819 0.134557 -0.651231 1.721671
-0.821129 0.134634 -0.656676 1.720184
-0.821447 0.134721 -0.662112 1.718697
-0.821774 0.134817 -0.667540 1.717211
-0.822110 0.134922 -0.672959 1.715726
-0.822453 0.135036 -0.678369 1.714242
-0.822805 0.135159 -0.683770 1.712759
-0.823166 0.135292 -0.689162 1.711276
-0.823534 0.135435 -0.694545 1.709795
-0.823911 0.135586 -0.699919 1.708314
-0.824297 0.135747 -0.705283 1.706834
-0.824690 0.135918 -0.710638 1.705356
-0.825093 0.136098 -0.715984 1.703878
-0.825503 0.136288 -0.721319 1.702402
-0.825922 0.136487 -0.726646 1.700927
-0.826349 0.136696 -0.731962 1.699453
-0.826784 0.136915 -0.737268 1.697980
-0.827228 0.137144 -0.742565 1.696509
-0.827680 0.137382 -0.747851 1.695039
-0.828140 0.137630 -0.753127 1.693570
-0.828609 0.137887 -0.758393 1.692103
-0.829086 0.138155 -0.763648 1.690638
-0.829571 0.138433 -0.768893 1.689173
-0.830065 0.138720 -0.774127 1.687711
-0.830566 0.139017 -0.779351 1.686250
-0.831076 0.139325 -0.784564 1.684790
-0.831595 0.139642 -0.789766 1.683332
-0.832121 0.139970 -0.794957 1.681876
-0.832656 0.140307 -0.800137 1.680422
-0.833199 0.140655 -0.805305 1.678969
-0.833750 0.141012 -0.810463 1.677519
-0.834309 0.141380 -0.815609 1.676070
-0.834877 0.141759 -0.820744 1.674623
-0.835453 0.142147 -0.825867 1.673178
-0.836036 0.142546 -0.830979 1.671735
-0.836628 0.142955 -0.836079 1.670295
-0.837228 0.143374 -0.841167 1.668856
-0.837837 0.143803 -0.846243 1.667419
-0.838453 0.144243 -0.851308 1.665985
-0.839077 0.144694 -0.856360 1.664553
-0.839710 0.145155 -0.861400 1.663123
-0.840350 0.145626 -0.866428 1.661696
-0.840999 0.146108 -0.871443 1.660270
-0.841656 0.146600 -0.876446 1.658848
-0.842320 0.147103 -0.881437 1.657427
-0.842993 0.147616 -0.886415 1.656010
-0.843674 0.148140 -0.891380 1.654594
-0.844362 0.148674 -0.896332 1.653182
-0.845059 0.149220 -0.901272 1.651772
-0.845763 0.149775 -0.906199 1.650364
-0.846476 0.150342 -0.911112 1.648960
-0.847196 0.150919 -0.916013 1.647558
-0.847924 0.151507 -0.920900 1.646159
-0.848660 0.152105 -0.925774 1.644763
-0.849404 0.152715 -0.930634 1.643369
-0.850156 0.153335 -0.935481 1.641979
-0.850915 0.153966 -0.940315 1.640592
-0.851683 0.154607 -0.945134 1.639207
-0.852458 0.155260 -0.949941 1.637826
-0.853240 0.155923 -0.954733 1.636448
-0.854031 0.156598 -0.959511 1.635073
-0.854829 0.157283 -0.964275 1.633701
-0.855635 0.157979 -0.969026 1.632333
-0.856448 0.158686 -0.973762 1.630968
-0.857270 0.159404 -0.978484 1.629606
-0.858098 0.160132 -0.983191 1.628248
-0.858935 0.160872 -0.987885 1.626893
-0.859778 0.161623 -0.992563 1.625541
-0.860630 0.162384 -0.997227 1.624193
-0.861489 0.163157 -1.001877 1.622849
-0.862355 0.163941 -1.006512 1.621508
-0.863229 0.164736 -1.011131 1.620171
-0.864110 0.165541 -1.015736 1.618838
-0.864999 0.166358 -1.020327 1.617508
-0.865895 0.167186 -1.024902 1.616183
-0.866799 0.168025 -1.029461 1.614861
-0.867709 0.168875 -1.034006 1.613543
-0.868627 0.169736 -1.038536 1.612229
-0.869553 0.170608 -1.043050 1.610919
-0.870485 0.171492 -1.047548 1.609613
-0.871425 0.172386 -1.052031 1.608311
-0.872372 0.173292 -1.056499 1.607013
-0.873326 0.174208 -1.060951 1.605719
-0.874288 0.175136 -1.065387 1.604430
-0.875256 0.176075 -1.069807 1.603145
-0.876231 0.177025 -1.074212 1.601864
-0.877214 0.177986 -1.078600 1.600588
-0.878203 0.178959 -1.082973 1.599316
-0.879200 0.179942 -1.087329 1.598048
-0.880203 0.180937 -1.091669 1.596785
-0.881214 0.181943 -1.095993 1.595527
-0.882231 0.182960 -1.100301 1.594273
-0.883255 0.183988 -1.104592 1.593024
-0.884286 0.185027 -1.108866 1.591779
-0.885324 0.186078 -1.113125 1.590540
-0.886368 0.187139 -1.117366 1.589305
-0.887419 0.188212 -1.121591 1.588075
-0.888477 0.189296 -1.125799 1.586849
-0.889542 0.190391 -1.129990 1.585629
-0.890613 0.191497 -1.134165 1.584414
-0.891690 0.192615 -1.138322 1.583203
-0.892775 0.193743 -1.142463 1.581998
-0.893865 0.194883 -1.146586 1.580798
-0.894963 0.196034 -1.150692 1.579603
-0.896066 0.197196 -1.154781 1.578413
-0.897177 0.198369 -1.158853 1.577228
-0.898293 0.199554 -1.162907 1.576049
-0.899416 0.200749 -1.166944 1.574875
-0.900545 0.201956 -1.170963 1.573706
-0.901680 0.203173 -1.174965 1.572543
-0.902822 0.204402 -1.178950 1.571385
-0.903969 0.205642 -1.182916 1.570233
-0.905123 0.206893 -1.186865 1.569087
-0.906283 0.208155 -1.190796 1.567946
-0.907449 0.209428 -1.194709 1.566810
-0.908621 0.210712 -1.198605 1.565681
-0.909799 0.212007 -1.202482 1.564557
-0.910983 0.213314 -1.206341 1.563439
-0.912173 0.214631 -1.210182 1.562327
-0.913369 0.215959 -1.214005 1.561221
-0.914571 0.217298 -1.217810 1.560120
-0.915778 0.218649 -1.221596 1.559026
-0.916991 0.220010 -1.225365 1.557937
-0.918210 0.221382 -1.229114 1.556855
-0.919434 0.222765 -1.232846 1.555779
-0.920664 0.224159 -1.236559 1.554709
-0.921900 0.225564 -1.240253 1.553645
-0.923141 0.226980 -1.243929 1.552588
-0.924387 0.228406 -1.247586 1.551536
-0.925639 0.229844 -1.251224 1.550491
-0.926897 0.231292 -1.254843 1.549453
-0.928160 0.232751 -1.258444 1.548421
-0.929428 0.234221 -1.262026 1.547395
-0.930701 0.235702 -1.265589 1.546376
-0.931980 0.237194 -1.269133 1.545364
-0.933263 0.238696 -1.272657 1.544358
-0.934552 0.240209 -1.276163 1.543358
-0.935846 0.241732 -1.279650 1.542366
-0.937145 0.243267 -1.283117 1.541380
-0.938449 0.244812 -1.286566 1.540401
-0.939758 0.246367 -1.289995 1.539429
-0.941071 0.247933 -1.293404 1.538463
-0.942390 0.249510 -1.296794 1.537505
-0.943713 0.251097 -1.300165 1.536554
-0.945041 0.252695 -1.303517 1.535609
-0.946374 0.254303 -1.306849 1.534672
-0.947711 0.255922 -1.310161 1.533741
-0.949053 0.257551 -1.313454 1.532818
-0.950400 0.259191 -1.316727 1.531902
-0.951751 0.260841 -1.319980 1.530993
-0.953107 0.262501 -1.323214 1.530092
-0.954466 0.264172 -1.326428 1.529198
-0.955831 0.265852 -1.329622 1.528311
-0.957199 0.267544 -1.332796 1.527432
-0.958572 0.269245 -1.335950 1.526560
-0.959949 0.270957 -1.339085 1.525695
-0.961330 0.272678 -1.342199 1.524838
-0.962715 0.274410 -1.345293 1.523989
-0.964105 0.276152 -1.348368 1.523147
-0.965498 0.277904 -1.351422 1.522313
-0.966895 0.279666 -1.354456 1.521486
-0.968296 0.281438 -1.357470 1.520667
-0.969701 0.283220 -1.360464 1.519856
-0.971109 0.285012 -1.363438 1.519053
-0.972522 0.286814 -1.366391 1.518258
-0.973938 0.288625 -1.369324 1.517470
-0.975357 0.290447 -1.372237 1.516691
-0.976781 0.292278 -1.375129 1.515919
-0.978207 0.294119 -1.378001 1.515156
-0.979638 0.295969 -1.380852 1.514400
-0.981071 0.297830 -1.383683 1.513653
-0.982508 0.299699 -1.386494 1.512914
-0.983948 0.301579 -1.389284 1.512183
-0.985391 0.303468 -1.392054 1.511460
-0.986838 0.305366 -1.394802 1.510745
-0.988288 0.307274 -1.397531 1.510039
-0.989740 0.309191 -1.400238 1.509341
-0.991196 0.311118 -1.402925 1.508652
-0.992655 0.313054 -1.405592 1.507971
-0.994116 0.314999 -1.408237 1.507298
-0.995581 0.316953 -1.410862 1.506634
-0.997048 0.318917 -1.413466 1.505978
-0.998518 0.320889 -1.416050 1.505331
-0.999990 0.322871 -1.418612 1.504692
-1.001465 0.324862 -1.421154 1.504063
-1.002943 0.326862 -1.423675 1.503441
-1.004423 0.328870 -1.426174 1.502829
-1.005906 0.330888 -1.428654 1.502225
-1.007391 0.332914 -1.431112 1.501630
-1.008878 0.334949 -1.433549 1.501044
-1.010367 0.336993 -1.435965 1.500467
-1.011859 0.339046 -1.438360 1.499899
-1.013353 0.341107 -1.440735 1.499340
-1.014849 0.343177 -1.443088 1.498789
-1.016346 0.345255 -1.445420 1.498248
-1.017846 0.347342 -1.447731 1.497716
-1.019348 0.349437 -1.450021 1.497192
-1.020851 0.351540 -1.452290 1.496678
-1.022357 0.353652 -1.454538 1.496173
-1.023864 0.355772 -1.456765 1.495678
-1.025372 0.357901 -1.458971 1.495191
-1.026882 0.360037 -1.461156 1.494714
-1.028394 0.362181 -1.463319 1.494246
-1.029907 0.364334 -1.465461 1.493787
-1.031421 0.366494 -1.467582 1.493338
-1.032937 0.368663 -1.469682 1.492898
-1.034454 0.370839 -1.471761 1.492467
-1.035973 0.373023 -1.473819 1.492046
-1.037492 0.375215 -1.475855 1.491635
-1.039012 0.377414 -1.477870 1.491233
-1.040534 0.379621 -1.479864 1.490840
-1.042056 0.381836 -1.481837 1.490458
-1.043580 0.384058 -1.483789 1.490084
-1.045104 0.386288 -1.485719 1.489721
-1.046629 0.388524 -1.487628 1.489367
-1.048154 0.390769 -1.489516 1.489023
-1.049680 0.393020 -1.491383 1.488688
-1.051207 0.395279 -1.493228 1.488364
-1.052734 0.397544 -1.495052 1.488049
-1.054262 0.399817 -1.496855 1.487744
-1.055790 0.402097 -1.498637 1.487449
-1.057318 0.404383 -1.500397 1.487164
-1.058847 0.406677 -1.502136 1.486889
-1.060375 0.408977 -1.503854 1.486623
-1.061904 0.411284 -1.505551 1.486368
-1.063433 0.413598 -1.507226 1.486123
-1.064962 0.415918 -1.508880 1.485888
-1.066491 0.418244 -1.510513 1.485663
-1.068019 0.420577 -1.512125 1.485448
-1.069547 0.422917 -1.513715 1.485243
-1.071075 0.425263 -1.515284 1.485048
-1.072603 0.427615 -1.516832 1.484863
-1.074130 0.429973 -1.518359 1.484689
-1.075657 0.432337 -1.519865 1.484525
-1.077183 0.434707 -1.521349 1.484371
-1.078709 0.437083 -1.522812 1.484228
-1.080233 0.439465 -1.524254 1.484095
-1.081757 0.441853 -1.525675 1.483972
-1.083281 0.444247 -1.527075 1.483859
-1.084803 0.446646 -1.528453 1.483757
-1.086324 0.449050 -1.529811 1.483666
-1.087844 0.451461 -1.531147 1.483585
-1.089364 0.453876 -1.532462 1.483514
-1.090881 0.456297 -1.533756 1.483454
-1.092398 0.458724 -1.535029 1.483404
-1.093914 0.461155 -1.536281 1.483365
-1.095428 0.463592 -1.537512 1.483337
-1.096940 0.466033 -1.538722 1.483319
-1.098451 0.468480 -1.539911 1.483311
-1.099961 0.470931 -1.541078 1.483315
-1.101468 0.473387 -1.542225 1.483329
-1.102974 0.475848 -1.543351 1.483353
-1.104479 0.478314 -1.544456 1.483389
-1.105981 0.480784 -1.545540 1.483435
-1.107481 0.483259 -1.546603 1.483492
-1.108980 0.485738 -1.547645 1.483559
-1.110476 0.488221 -1.548667 1.483638
-1.111970 0.490709 -1.549667 1.483727
-1.113462 0.493200 -1.550647 1.483827
-1.114952 0.495696 -1.551606 1.483938
-1.116439 0.498196 -1.552544 1.484060
-1.117924 0.500700 -1.553461 1.484193
-1.119406 0.503207 -1.554358 1.484336
-1.120886 0.505719 -1.555233 1.484491
-1.122363 0.508234 -1.556089 1.484656
-1.123838 0.510752 -1.556923 1.484833
-1.125309 0.513274 -1.557737 1.485020
-1.126778 0.515800 -1.558530 1.485219
-1.128244 0.518328 -1.559303 1.485428
-1.129707 0.520860 -1.560056 1.485649
-1.131167 0.523395 -1.560787 1.485880
-1.132624 0.525933 -1.561499 1.486123
-1.134077 0.528475 -1.562189 1.486377
-1.135527 0.531019 -1.562860 1.486642
-1.136974 0.533565 -1.563510 1.486917
-1.138417 0.536115 -1.564139 1.487205
-1.139857 0.538667 -1.564749 1.487503
-1.141294 0.541222 -1.565338 1.487812
-1.142726 0.543779 -1.565907 1.488133
-1.144155 0.546338 -1.566455 1.488464
-1.145581 0.548900 -1.566984 1.488807
-1.147002 0.551464 -1.567492 1.489161
-1.148419 0.554030 -1.567980 1.489527
-1.149833 0.556598 -1.568449 1.489903
-1.151242 0.559168 -1.568897 1.490291
-1.152647 0.561740 -1.569325 1.490691
-1.154048 0.564313 -1.569733 1.491101
-1.155445 0.566888 -1.570121 1.491523
-1.156838 0.569465 -1.570490 1.491956
-1.158226 0.572043 -1.570838 1.492400
-1.159609 0.574622 -1.571167 1.492856
-1.160988 0.577203 -1.571476 1.493322
-1.162362 0.579784 -1.571765 1.493801
-1.163732 0.582367 -1.572035 1.494290
-1.165096 0.584951 -1.572285 1.494791
-1.166456 0.587536 -1.572516 1.495304
-1.167811 0.590121 -1.572727 1.495827
-1.169161 0.592707 -1.572918 1.496363
-1.170506 0.595294 -1.573090 1.496909
-1.171846 0.597882 -1.573243 1.497467
-1.173181 0.600469 -1.573376 1.498036
-1.174510 0.603057 -1.573490 1.498617
-1.175834 0.605646 -1.573585 1.499209
-1.177152 0.608234 -1.573661 1.499813
-1.178465 0.610822 -1.573717 1.500428
-1.179773 0.613411 -1.573755 1.501054
-1.181074 0.615999 -1.573773 1.501692
-1.182370 0.618587 -1.573772 1.502341
-1.183661 0.621174 -1.573753 1.503002
-1.184945 0.623761 -1.573714 1.503674
-1.186223 0.626348 -1.573657 1.504358
-1.187496 0.628933 -1.573580 1.505053
-1.188762 0.631518 -1.573486 1.505759
-1.190022 0.634103 -1.573372 1.506477
-1.191276 0.636686 -1.573240 1.507207
-1.192524 0.639268 -1.573089 1.507948
-1.193765 0.641849 -1.572920 1.508700
-1.195000 0.644429 -1.572732 1.509464
-1.196229 0.647007 -1.572526 1.510240
-1.197450 0.649584 -1.572302 1.511026
-1.198666 0.652160 -1.572059 1.511825
-1.199874 0.654734 -1.571798 1.512635
-1.201076 0.657306 -1.571519 1.513456
-1.202270 0.659876 -1.571221 1.514289
-1.203458 0.662444 -1.570906 1.515133
-1.204639 0.665010 -1.570573 1.515988
-1.205813 0.667574 -1.570222 1.516856
-1.206980 0.670136 -1.569853 1.517734
-1.208139 0.672696 -1.569466 1.518624
-1.209291 0.675253 -1.569061 1.519526
-1.210436 0.677807 -1.568639 1.520439
-1.211573 0.680359 -1.568199 1.521363
-1.212703 0.682908 -1.567741 1.522299
-1.213825 0.685454 -1.567267 1.523246
-1.214940 0.687997 -1.566774 1.524205
-1.216047 0.690537 -1.566264 1.525175
-1.217146 0.693074 -1.565737 1.526157
-1.218237 0.695608 -1.565193 1.527150
-1.219320 0.698138 -1.564632 1.528155
-1.220395 0.700665 -1.564053 1.529170
-1.221463 0.703188 -1.563458 1.530198
-1.222522 0.705708 -1.562845 1.531236
-1.223573 0.708223 -1.562216 1.532287
-1.224615 0.710735 -1.561570 1.533348
-1.225650 0.713243 -1.560907 1.534421
-1.226675 0.715747 -1.560228 1.535505
-1.227693 0.718247 -1.559531 1.536601
-1.228702 0.720742 -1.558819 1.537708
-1.229702 0.723233 -1.558090 1.538826
-1.230693 0.725719 -1.557344 1.539956
-1.231676 0.728201 -1.556582 1.541096
-1.232650 0.730678 -1.555804 1.542249
-1.233615 0.733150 -1.555010 1.543412
-1.234571 0.735617 -1.554200 1.544587
-1.235518 0.738079 -1.553373 1.545773
-1.236456 0.740537 -1.552531 1.546970
-1.237384 0.742988 -1.551673 1.548179
-1.238304 0.745435 -1.550799 1.549399
-1.239214 0.747876 -1.549909 1.550630
-1.240115 0.750312 -1.549004 1.551872
-1.241006 0.752741 -1.548083 1.553126
-1.241888 0.755166 -1.547146 1.554390
-1.242760 0.757584 -1.546194 1.555666
-1.243623 0.759996 -1.545227 1.556953
-1.244475 0.762402 -1.544245 1.558252
-1.245319 0.764802 -1.543247 1.559561
-1.246152 0.767196 -1.542235 1.560881
-1.246975 0.769583 -1.541207 1.562213
-1.247788 0.771964 -1.540164 1.563555
-1.248592 0.774338 -1.539107 1.564909
-1.249385 0.776706 -1.538034 1.566274
-1.250168 0.779067 -1.536948 1.567649
-1.250940 0.781421 -1.535846 1.569036
-1.251703 0.783767 -1.534730 1.570434
-1.252455 0.786107 -1.533599 1.571842
-1.253196 0.788440 -1.532454 1.573262
-1.253927 0.790765 -1.531295 1.574693
-1.254648 0.793083 -1.530122 1.576134
-1.255357 0.795393 -1.528934 1.577587
-1.256056 0.797695 -1.527733 1.579050
-1.256745 0.799990 -1.526517 1.580524
-1.257422 0.802277 -1.525288 1.582009
-1.258089 0.804556 -1.524045 1.583505
-1.258744 0.806827 -1.522788 1.585011
-1.259389 0.809090 -1.521518 1.586529
-1.260022 0.811344 -1.520234 1.588057
-1.260644 0.813591 -1.518937 1.589596
-1.261256 0.815828 -1.517626 1.591145
-1.261855 0.818057 -1.516302 1.592705
-1.262444 0.820278 -1.514965 1.594276
-1.263021 0.822490 -1.513615 1.595858
-1.263586 0.824692 -1.512252 1.597450
-1.264140 0.826886 -1.510876 1.599052
-1.264682 0.829071 -1.509487 1.600666
-1.265213 0.831246 -1.508085 1.602289
-1.265732 0.833413 -1.506671 1.603924
-1.266239 0.835569 -1.505244 1.605569
-1.266734 0.837717 -1.503805 1.607224
-1.267218 0.839855 -1.502353 1.608889
-1.267689 0.841983 -1.500890 1.610566
-1.268149 0.844101 -1.499414 1.612252
-1.268596 0.846209 -1.497926 1.613949
-1.269031 0.848307 -1.496426 1.615656
-1.269454 0.850395 -1.494914 1.617373
-1.269865 0.852473 -1.493390 1.619101
-1.270263 0.854541 -1.491854 1.620839
-1.270649 0.856598 -1.490307 1.622587
-1.271022 0.858645 -1.488749 1.624345
-1.271383 0.860681 -1.487179 1.626114
-1.271731 0.862706 -1.485597 1.627892
-1.272067 0.864721 -1.484005 1.629681
-1.272390 0.866724 -1.482401 1.631480
-1.272700 0.868717 -1.480786 1.633288
-1.272998 0.870698 -1.479160 1.635107
-1.273282 0.872669 -1.477524 1.636936
-1.273554 0.874627 -1.475876 1.638774
-1.273812 0.876575 -1.474218 1.640623
-1.274058 0.878511 -1.472550 1.642481
-1.274290 0.880435 -1.470871 1.644350
-1.274510 0.882348 -1.469181 1.646228
-1.274716 0.884248 -1.467481 1.648115
-1.274909 0.886137 -1.465771 1.650013
-1.275088 0.888014 -1.464051 1.651920
-1.275254 0.889879 -1.462321 1.653837
-1.275407 0.891731 -1.460581 1.655764
-1.275546 0.893571 -1.458831 1.657700
-1.275672 0.895399 -1.457072 1.659645
-1.275784 0.897214 -1.455303 1.661600
-1.275882 0.899017 -1.453524 1.663565
-1.275967 0.900807 -1.451736 1.665539
-1.276038 0.902584 -1.449939 1.667523
-1.276095 0.904348 -1.448133 1.669516
-1.276138 0.906100 -1.446317 1.671518
-1.276168 0.907838 -1.444493 1.673529
-1.276183 0.909563 -1.442659 1.675550
-1.276184 0.911275 -1.440817 1.677580
-1.276172 0.912973 -1.438966 1.679619
-1.276145 0.914658 -1.437106 1.681668
-1.276104 0.916329 -1.435238 1.683725
-1.276048 0.917987 -1.433362 1.685792
-1.275979 0.919631 -1.431477 1.687867
-1.275895 0.921261 -1.429584 1.689952
-1.275796 0.922877 -1.427683 1.692045
-1.275683 0.924479 -1.425774 1.694148
-1.275556 0.926067 -1.423857 1.696259
-1.275414 0.927641 -1.421932 1.698379
-1.275258 0.929200 -1.420000 1.700508
-1.275087 0.930745 -1.418060 1.702646
-1.274901 0.932276 -1.416112 1.704792
-1.274701 0.933792 -1.414158 1.706947
-1.274485 0.935293 -1.412195 1.709110
-1.274255 0.936780 -1.410226 1.711283
-1.274010 0.938252 -1.408250 1.713463
-1.273751 0.939708 -1.406266 1.715653
-1.273476 0.941150 -1.404276 1.717850
-1.273186 0.942577 -1.402279 1.720056
-1.272881 0.943988 -1.400275 1.722271
-1.272561 0.945384 -1.398265 1.724493
-1.272226 0.946765 -1.396248 1.726724
-1.271875 0.948131 -1.394225 1.728963
-1.271510 0.949480 -1.392196 1.731211
-1.271129 0.950814 -1.390160 1.733466
-1.270732 0.952133 -1.388119 1.735730
-1.270321 0.953435 -1.386071 1.738001
-1.269894 0.954722 -1.384018 1.740281
-1.269451 0.955993 -1.381959 1.742569
-1.268993 0.957247 -1.379894 1.744864
-1.268519 0.958486 -1.377824 1.747167
-1.268030 0.959708 -1.375748 1.749478
-1.267525 0.960914 -1.373667 1.751797
-1.267005 0.962103 -1.371581 1.754124
-1.266468 0.963277 -1.369490 1.756458
-1.265916 0.964433 -1.367394 1.758800
-1.265348 0.965573 -1.365293 1.761149
-1.264765 0.966696 -1.363187 1.763506
-1.264165 0.967802 -1.361076 1.765871
-1.263550 0.968891 -1.358961 1.768242
-1.262918 0.969964 -1.356841 1.770622
-1.262271 0.971019 -1.354717 1.773008
-1.261607 0.972057 -1.352589 1.775402
-1.260928 0.973078 -1.350456 1.777803
-1.260232 0.974082 -1.348320 1.780211
-1.259520 0.975068 -1.346179 1.782626
-1.258792 0.976037 -1.344035 1.785049
-1.258048 0.976989 -1.341887 1.787478
-1.257287 0.977922 -1.339735 1.789914
-1.256511 0.978839 -1.337580 1.792357
-1.255717 0.979737 -1.335421 1.794807
-1.254908 0.980617 -1.333259 1.797264
-1.254082 0.981480 -1.331094 1.799728
-1.253239 0.982325 -1.328925 1.802198
-1.252381 0.983151 -1.326754 1.804675
-1.251505 0.983960 -1.324579 1.807159
-1.250613 0.984750 -1.322402 1.809649
-1.249705 0.985522 -1.320222 1.812146
-1.248780 0.986276 -1.318040 1.814649
-1.247838 0.987011 -1.315855 1.817158
-1.246879 0.987728 -1.313668 1.819674
-1.245904 0.988426 -1.311478 1.822196
-1.244912 0.989106 -1.309286 1.824724
-1.243904 0.989767 -1.307092 1.827258
-1.242878 0.990409 -1.304896 1.829799
-1.241836 0.991032 -1.302699 1.832345
-1.240777 0.991637 -1.300499 1.834898
-1.239701 0.992222 -1.298298 1.837457
-1.238608 0.992789 -1.296095 1.840021
-1.237498 0.993336 -1.293891 1.842591
-1.236371 0.993865 -1.291686 1.845167
-1.235227 0.994374 -1.289479 1.847749
-1.234066 0.994863 -1.287271 1.850336
-1.232888 0.995334 -1.285062 1.852929
-1.231693 0.995785 -1.282852 1.855528
-1.230481 0.996216 -1.280641 1.858132
-1.229251 0.996628 -1.278430 1.860741
-1.228005 0.997021 -1.276218 1.863356
-1.226741 0.997394 -1.274005 1.865976
-1.225460 0.997747 -1.271792 1.868602
-1.224162 0.998080 -1.269579 1.871233
-1.222847 0.998393 -1.267365 1.873868
-1.221514 0.998687 -1.265152 1.876509
-1.220164 0.998960 -1.262938 1.879155
-1.218796 0.999214 -1.260724 1.881806
-1.217412 0.999447 -1.258511 1.884462
-1.216010 0.999661 -1.256298 1.887123
-1.214590 0.999854 -1.254085 1.889788
-1.213153 1.000027 -1.251873 1.892458
-1.211699 1.000180 -1.249661 1.895133
-1.210227 1.000312 -1.247451 1.897813
-1.208738 1.000424 -1.245240 1.900497
-1.207231 1.000515 -1.243031 1.903185
-1.205707 1.000586 -1.240823 1.905878
-1.204165 1.000637 -1.238616 1.908576
-1.202605 1.000667 -1.236410 1.911277
-1.201028 1.000676 -1.234205 1.913983
-1.199434 1.000664 -1.232002 1.916694
-1.197821 1.000632 -1.229800 1.919408
-1.196192 1.000579 -1.227600 1.922126
-1.194544 1.000505 -1.225402 1.924849
-1.192879 1.000410 -1.223205 1.927575
-1.191196 1.000295 -1.221011 1.930305
-1.189496 1.000158 -1.218818 1.933039
-1.187777 1.000000 -1.216627 1.935777
-1.186041 0.999821 -1.214439 1.938519
-1.184288 0.999621 -1.212253 1.941264
-1.182516 0.999400 -1.210069 1.944013
-1.180727 0.999158 -1.207888 1.946765
-1.178920 0.998894 -1.205709 1.949521
-1.177095 0.998610 -1.203533 1.952281
-1.175253 0.998303 -1.201360 1.955043
-1.173393 0.997976 -1.199189 1.957809
-1.171514 0.997627 -1.197022 1.960578
-1.169618 0.997256 -1.194858 1.963350
-1.167705 0.996865 -1.192697 1.966126
-1.165773 0.996451 -1.190539 1.968904
-1.163823 0.996016 -1.188384 1.971685
-1.161856 0.995560 -1.186233 1.974470
-1.159871 0.995081 -1.184086 1.977257
-1.157867 0.994582 -1.181942 1.980047
-1.155846 0.994060 -1.179802 1.982839
-1.153807 0.993517 -1.177665 1.985634
-1.151751 0.992952 -1.175533 1.988432
-1.149676 0.992365 -1.173405 1.991233
-1.147583 0.991756 -1.171280 1.994035
-1.145472 0.991126 -1.169160 1.996841
-1.143344 0.990473 -1.167044 1.999648
-1.141197 0.989799 -1.164933 2.002458
-1.139033 0.989103 -1.162826 2.005270
-1.136851 0.988385 -1.160724 2.008084
-1.134650 0.987644 -1.158626 2.010901
-1.132432 0.986882 -1.156533 2.013719
-1.130196 0.986098 -1.154445 2.016539
-1.127942 0.985291 -1.152362 2.019361
-1.125670 0.984463 -1.150284 2.022185
-1.123380 0.983612 -1.148211 2.025011
-1.121072 0.982740 -1.146143 2.027839
-1.118746 0.981845 -1.144080 2.030668
-1.116402 0.980928 -1.142023 2.033498
-1.114040 0.979988 -1.139972 2.036331
-1.111660 0.979027 -1.137925 2.039164
-1.109263 0.978043 -1.135885 2.041999
-1.106847 0.977037 -1.133850 2.044836
-1.104413 0.976009 -1.131821 2.047673
-1.101962 0.974958 -1.129798 2.050512
-1.099492 0.973885 -1.127781 2.053352
-1.097005 0.972790 -1.125770 2.056193
-1.094500 0.971672 -1.123766 2.059035
-1.091976 0.970532 -1.121767 2.061878
-1.089435 0.969370 -1.119775 2.064721
-1.086876 0.968185 -1.117789 2.067566
-1.084299 0.966978 -1.115810 2.070411
-1.081704 0.965749 -1.113837 2.073257
-1.079091 0.964497 -1.111871 2.076104
-1.076461 0.963222 -1.109912 2.078951
-1.073812 0.961926 -1.107960 2.081799
-1.071146 0.960606 -1.106014 2.084647
-1.068462 0.959265 -1.104076 2.087495
-1.065759 0.957901 -1.102145 2.090344
-1.063039 0.956514 -1.100220 2.093192
-1.060302 0.955105 -1.098303 2.096042
-1.057546 0.953673 -1.096394 2.098891
-1.054773 0.952219 -1.094491 2.101740
-1.051982 0.950743 -1.092597 2.104589
-1.049173 0.949244 -1.090710 2.107438
-1.046346 0.947722 -1.088830 2.110287
-1.043501 0.946178 -1.086958 2.113135
-1.040639 0.944612 -1.085094 2.115984
-1.037759 0.943023 -1.083238 2.118832
-1.034861 0.941412 -1.081390 2.121679
-1.031946 0.939778 -1.079550 2.124526
-1.029013 0.938121 -1.077718 2.127373
-1.026062 0.936442 -1.075894 2.130219
-1.023094 0.934741 -1.074078 2.133064
-1.020108 0.933017 -1.072271 2.135909
-1.017104 0.931271 -1.070472 2.138752
-1.014083 0.929503 -1.068682 2.141595
-1.011044 0.927711 -1.066900 2.144437
-1.007988 0.925898 -1.065127 2.147278
-1.004914 0.924062 -1.063362 2.150118
-1.001822 0.922204 -1.061607 2.152957
-0.998713 0.920323 -1.059860 2.155794
-0.995587 0.918420 -1.058122 2.158630
-0.992443 0.916494 -1.056393 2.161465
-0.989281 0.914546 -1.054673 2.164299
-0.986102 0.912576 -1.052962 2.167131
-0.982906 0.910584 -1.051261 2.169962
-0.979693 0.908569 -1.049568 2.172791
-0.976462 0.906531 -1.047885 2.175618
-0.973213 0.904472 -1.046212 2.178444
-0.969948 0.902390 -1.044548 2.181268
-0.966665 0.900286 -1.042893 2.184090
-0.963365 0.898160 -1.041248 2.186910
-0.960047 0.896012 -1.039613 2.189728
-0.956713 0.893841 -1.037987 2.192545
-0.953361 0.891648 -1.036372 2.195359
-0.949992 0.889433 -1.034766 2.198171
-0.946606 0.887196 -1.033170 2.200981
-0.943202 0.884937 -1.031584 2.203789
-0.939782 0.882656 -1.030008 2.206594
-0.936345 0.880353 -1.028442 2.209397
-0.932891 0.878027 -1.026887 2.212197
-0.929419 0.875680 -1.025341 2.214995
-0.925931 0.873311 -1.023806 2.217790
-0.922426 0.870920 -1.022281 2.220583
-0.918903 0.868507 -1.020767 2.223373
-0.915364 0.866072 -1.019263 2.226161
-0.911809 0.863615 -1.017770 2.228945
-0.908236 0.861136 -1.016287 2.231727
-0.904646 0.858636 -1.014815 2.234505
-0.901040 0.856114 -1.013354 2.237281
-0.897417 0.853570 -1.011903 2.240053
-0.893778 0.851005 -1.010464 2.242823
-0.890122 0.848417 -1.009035 2.245589
-0.886449 0.845809 -1.007617 2.248352
-0.882759 0.843178 -1.006210 2.251112
-0.879053 0.840526 -1.004814 2.253868
-0.875331 0.837853 -1.003430 2.256621
-0.871592 0.835158 -1.002056 2.259370
-0.867837 0.832442 -1.000694 2.262116
-0.864065 0.829704 -0.999342 2.264858
-0.860277 0.826946 -0.998003 2.267597
-0.856472 0.824165 -0.996674 2.270332
-0.852652 0.821364 -0.995357 2.273063
-0.848815 0.818541 -0.994051 2.275790
-0.844962 0.815697 -0.992757 2.278513
-0.841092 0.812833 -0.991475 2.281233
-0.837207 0.809947 -0.990204 2.283948
-0.833305 0.807040 -0.988945 2.286659
-0.829388 0.804112 -0.987697 2.289366
-0.825454 0.801163 -0.986461 2.292069
-0.821505 0.798193 -0.985237 2.294768
-0.817539 0.795203 -0.984025 2.297462
-0.813558 0.792191 -0.982825 2.300152
-0.809561 0.789159 -0.981636 2.302838
-0.805548 0.786107 -0.980460 2.305519
-0.801519 0.783033 -0.979295 2.308195
-0.797475 0.779939 -0.978143 2.310867
-0.793415 0.776825 -0.977003 2.313534
-0.789340 0.773690 -0.975875 2.316197
-0.785248 0.770535 -0.974759 2.318854
-0.781142 0.767360 -0.973655 2.321507
-0.777020 0.764164 -0.972563 2.324155
-0.772882 0.760948 -0.971484 2.326798
-0.768729 0.757712 -0.970417 2.329436
-0.764561 0.754455 -0.969363 2.332069
-0.760377 0.751179 -0.968321 2.334697
-0.756178 0.747883 -0.967291 2.337320
-0.751964 0.744567 -0.966274 2.339937
-0.747735 0.741231 -0.965269 2.342550
-0.743491 0.737875 -0.964277 2.345156
-0.739232 0.734499 -0.963298 2.347758
-0.734958 0.731104 -0.962331 2.350354
-0.730669 0.727689 -0.961377 2.352945
-0.726365 0.724255 -0.960435 2.355530
-0.722046 0.720801 -0.959506 2.358109
-0.717712 0.717328 -0.958590 2.360683
-0.713364 0.713836 -0.957687 2.363251
-0.709001 0.710324 -0.956797 2.365813
-0.704623 0.706793 -0.955919 2.368370
-0.700231 0.703244 -0.955054 2.370920
-0.695824 0.699675 -0.954202 2.373465
-0.691403 0.696087 -0.953363 2.376004
-0.686968 0.692480 -0.952537 2.378536
-0.682518 0.688854 -0.951724 2.381063
-0.678054 0.685210 -0.950924 2.383583
-0.673575 0.681547 -0.950137 2.386098
-0.669083 0.677865 -0.949363 2.388606
-0.664576 0.674165 -0.948602 2.391108
-0.660055 0.670447 -0.947854 2.393603
-0.655521 0.666710 -0.947119 2.396092
-0.650972 0.662955 -0.946398 2.398575
-0.646409 0.659181 -0.945689 2.401051
-0.641833 0.655390 -0.944994 2.403521
-0.637243 0.651580 -0.944312 2.405984
-0.632639 0.647753 -0.943643 2.408440
-0.628022 0.643907 -0.942988 2.410890
-0.623391 0.640044 -0.942345 2.413333
-0.618746 0.636164 -0.941716 2.415769
-0.614088 0.632265 -0.941100 2.418199
-0.609417 0.628349 -0.940498 2.420621
-0.604732 0.624416 -0.939909 2.423037
-0.600034 0.620465 -0.939333 2.425446
-0.595322 0.616497 -0.938771 2.427847
-0.590598 0.612512 -0.938222 2.430242
-0.585861 0.608510 -0.937686 2.432630
-0.581110 0.604491 -0.937163 2.435010
-0.576347 0.600454 -0.936655 2.437383
-0.571570 0.596401 -0.936159 2.439749
-0.566781 0.592332 -0.935677 2.442108
-0.561979 0.588245 -0.935208 2.444459
-0.557165 0.584142 -0.934753 2.446803
-0.552337 0.580023 -0.934311 2.449139
-0.547498 0.575887 -0.933883 2.451468
-0.542645 0.571735 -0.933468 2.453790
-0.537781 0.567567 -0.933067 2.456104
-0.532903 0.563383 -0.932679 2.458410
-0.528014 0.559183 -0.932305 2.460709
-0.523112 0.554967 -0.931944 2.463000
-0.518199 0.550735 -0.931597 2.465283
-0.513273 0.546487 -0.931263 2.467559
-0.508335 0.542224 -0.930942 2.469827
-0.503385 0.537946 -0.930635 2.472087
-0.498424 0.533652 -0.930342 2.474339
-0.493450 0.529343 -0.930062 2.476583
-0.488465 0.525018 -0.929796 2.478819
-0.483468 0.520679 -0.929543 2.481047
-0.478460 0.516324 -0.929304 2.483267
-0.473440 0.511955 -0.929078 2.485479
-0.468409 0.507571 -0.928866 2.487683
-0.463366 0.503172 -0.928667 2.489878
-0.458312 0.498759 -0.928481 2.492066
-0.453247 0.494331 -0.928310 2.494245
-0.448170 0.489889 -0.928151 2.496416
-0.443083 0.485433 -0.928006 2.498578
-0.437984 0.480963 -0.927875 2.500732
-0.432875 0.476478 -0.927757 2.502878
-0.427755 0.471980 -0.927653 2.505015
-0.422624 0.467468 -0.927562 2.507144
-0.417482 0.462942 -0.927484 2.509264
-0.412330 0.458403 -0.927420 2.511376
-0.407167 0.453850 -0.927370 2.513479
-0.401993 0.449284 -0.927332 2.515574
-0.396810 0.444704 -0.927309 2.517660
-0.391616 0.440112 -0.927298 2.519737
-0.386411 0.435506 -0.927301 2.521805
-0.381197 0.430888 -0.927318 2.523865
-0.375972 0.426256 -0.927347 2.525916
-0.370738 0.421613 -0.927390 2.527958
-0.365493 0.416956 -0.927447 2.529991
-0.360239 0.412287 -0.927516 2.532016
-0.354975 0.407606 -0.927600 2.534031
-0.349701 0.402913 -0.927696 2.536037
-0.344418 0.398207 -0.927805 2.538035
-0.339125 0.393490 -0.927928 2.540023
-0.333823 0.388761 -0.928064 2.542002
-0.328511 0.384020 -0.928214 2.543973
-0.323190 0.379267 -0.928376 2.545934
-0.317860 0.374503 -0.928552 2.547886
-0.312521 0.369727 -0.928740 2.549828
-0.307173 0.364941 -0.928942 2.551762
-0.301816 0.360143 -0.929157 2.553686
-0.296450 0.355334 -0.929385 2.555601
-0.291075 0.350515 -0.929627 2.557507
-0.285691 0.345684 -0.929881 2.559404
-0.280299 0.340843 -0.930148 2.561291
-0.274898 0.335992 -0.930428 2.563168
-0.269489 0.331130 -0.930722 2.565037
-0.264072 0.326258 -0.931028 2.566896
-0.258646 0.321376 -0.931347 2.568745
-0.253212 0.316483 -0.931679 2.570585
-0.247770 0.311581 -0.932023 2.572415
-0.242320 0.306669 -0.932381 2.574236
-0.236862 0.301748 -0.932751 2.576047
-0.231396 0.296817 -0.933135 2.577849
-0.225922 0.291877 -0.933530 2.579641
-0.220441 0.286927 -0.933939 2.581424
-0.214952 0.281969 -0.934360 2.583196
-0.209456 0.277001 -0.934794 2.584959
-0.203952 0.272025 -0.935241 2.586713
-0.198441 0.267040 -0.935700 2.588456
-0.192923 0.262046 -0.936171 2.590190
-0.187397 0.257044 -0.936656 2.591914
-0.181865 0.252034 -0.937152 2.593629
-0.176325 0.247016 -0.937661 2.595333
-0.170779 0.241989 -0.938183 2.597028
-0.165226 0.236955 -0.938717 2.598713
-0.159666 0.231912 -0.939263 2.600388
-0.154100 0.226862 -0.939821 2.602053
-0.148527 0.221805 -0.940392 2.603708
-0.142947 0.216740 -0.940975 2.605353
-0.137361 0.211669 -0.941570 2.606988
-0.131769 0.206590 -0.942177 2.608613
-0.126171 0.201504 -0.942796 2.610228
-0.120567 0.196411 -0.943427 2.611834
-0.114957 0.191311 -0.944071 2.613429
-0.109341 0.186205 -0.944726 2.615014
-0.103719 0.181093 -0.945393 2.616589
-0.098092 0.175974 -0.946072 2.618154
-0.092458 0.170850 -0.946763 2.619709
-0.086820 0.165719 -0.947466 2.621254
-0.081176 0.160582 -0.948180 2.622788
-0.075526 0.155440 -0.948906 2.624313
-0.069872 0.150292 -0.949644 2.625827
-0.064212 0.145139 -0.950393 2.627331
-0.058547 0.139980 -0.951154 2.628825
-0.052877 0.134816 -0.951926 2.630309
-0.047203 0.129648 -0.952710 2.631782
-0.041523 0.124474 -0.953505 2.633246
-0.035839 0.119296 -0.954312 2.634699
-0.030151 0.114113 -0.955129 2.636142
-0.024458 0.108926 -0.955959 2.637574
-0.018760 0.103734 -0.956799 2.638997
-0.013059 0.098538 -0.957650 2.640409
-0.007353 0.093338 -0.958513 2.641810
-0.001643 0.088135 -0.959386 2.643202
0.004071 0.082928 -0.960271 2.644583
0.009789 0.077717 -0.961166 2.645954
0.015511 0.072502 -0.962072 2.647314
0.021236 0.067285 -0.962990 2.648664
0.026965 0.062064 -0.963917 2.650004
0.032698 0.056840 -0.964856 2.651334
0.038434 0.051614 -0.965805 2.652653
0.044173 0.046384 -0.966765 2.653961
0.049915 0.041153 -0.967735 2.655260
0.055661 0.035918 -0.968716 2.656548
0.061410 0.030682 -0.969707 2.657825
0.067161 0.025443 -0.970709 2.659092
0.072916 0.020203 -0.971721 2.660349
0.078673 0.014960 -0.972743 2.661595
0.084433 0.009716 -0.973775 2.662831
0.090195 0.004471 -0.974818 2.664057
0.095960 -0.000776 -0.975870 2.665272
0.101727 -0.006024 -0.976933 2.666477
0.107496 -0.011273 -0.978005 2.667671
0.113267 -0.016524 -0.979087 2.668855
0.119041 -0.021775 -0.980179 2.670028
0.124816 -0.027026 -0.981281 2.671191
0.130594 -0.032278 -0.982392 2.672344
0.136373 -0.037531 -0.983513 2.673486
0.142153 -0.042783 -0.984643 2.674618
0.147935 -0.048036 -0.985783 2.675739
0.153719 -0.053288 -0.986933 2.676850
0.159504 -0.058540 -0.988091 2.677950
0.165290 -0.063792 -0.989259 2.679040
0.171078 -0.069043 -0.990436 2.680119
0.176866 -0.074294 -0.991623 2.681189
0.182655 -0.079544 -0.992818 2.682247
0.188445 -0.084792 -0.994022 2.683295
0.194236 -0.090040 -0.995235 2.684333
0.200028 -0.095286 -0.996457 2.685361
0.205820 -0.100531 -0.997688 2.686378
0.211613 -0.105774 -0.998928 2.687384
0.217405 -0.111015 -1.000176 2.688380
0.223198 -0.116254 -1.001433 2.689366
0.228992 -0.121491 -1.002698 2.690341
0.234785 -0.126727 -1.003971 2.691306
0.240578 -0.131959 -1.005253 2.692261
0.246371 -0.137189 -1.006543 2.693205
0.252164 -0.142417 -1.007842 2.694139
0.257956 -0.147641 -1.009148 2.695062
0.263748 -0.152863 -1.010462 2.695975
0.269539 -0.158082 -1.011785 2.696878
0.275330 -0.163297 -1.013115 2.697770
0.281119 -0.168509 -1.014453 2.698652
0.286908 -0.173717 -1.015799 2.699524
0.292696 -0.178921 -1.017153 2.700385
0.298483 -0.184122 -1.018514 2.701236
0.304268 -0.189318 -1.019882 2.702077
0.310053 -0.194511 -1.021258 2.702907
0.315836 -0.199699 -1.022641 2.703728
0.321617 -0.204882 -1.024032 2.704537
0.327397 -0.210061 -1.025429 2.705337
0.333175 -0.215235 -1.026834 2.706126
0.338951 -0.220404 -1.028246 2.706906
0.344725 -0.225568 -1.029665 2.707674
0.350497 -0.230726 -1.031090 2.708433
0.356268 -0.235880 -1.032522 2.709181
0.362035 -0.241027 -1.033961 2.709920
0.367801 -0.246169 -1.035407 2.710648
0.373564 -0.251305 -1.036859 2.711366
0.379325 -0.256435 -1.038318 2.712073
0.385083 -0.261559 -1.039783 2.712771
0.390838 -0.266677 -1.041254 2.713459
0.396590 -0.271788 -1.042731 2.714136
0.402340 -0.276892 -1.044214 2.714803
0.408086 -0.281990 -1.045704 2.715460
0.413829 -0.287081 -1.047199 2.716108
0.419569 -0.292165 -1.048700 2.716745
0.425306 -0.297241 -1.050207 2.717372
0.431039 -0.302310 -1.051720 2.717989
0.436768 -0.307372 -1.053238 2.718596
0.442494 -0.312425 -1.054762 2.719193
0.448216 -0.317471 -1.056291 2.719780
0.453934 -0.322509 -1.057825 2.720358
0.459648 -0.327539 -1.059364 2.720925
0.465358 -0.332561 -1.060909 2.721482
0.471064 -0.337574 -1.062459 2.722030
0.476766 -0.342578 -1.064014 2.722567
0.482463 -0.347574 -1.065573 2.723095
0.488156 -0.352561 -1.067137 2.723613
0.493844 -0.357539 -1.068706 2.724122
0.499527 -0.362508 -1.070280 2.724620
0.505205 -0.367467 -1.071858 2.725109
0.510879 -0.372417 -1.073441 2.725588
0.516548 -0.377357 -1.075028 2.726057
0.522211 -0.382288 -1.076619 2.726516
0.527869 -0.387208 -1.078214 2.726966
0.533522 -0.392119 -1.079813 2.727406
0.539169 -0.397019 -1.081416 2.727837
0.544811 -0.401909 -1.083023 2.728258
0.550447 -0.406788 -1.084634 2.728670
0.556078 -0.411656 -1.086249 2.729072
0.561702 -0.416514 -1.087867 2.729464
0.567321 -0.421361 -1.089488 2.729847
0.572934 -0.426197 -1.091113 2.730220
0.578540 -0.431021 -1.092742 2.730584
0.584140 -0.435834 -1.094373 2.730939
0.589734 -0.440636 -1.096008 2.731284
0.595321 -0.445426 -1.097645 2.731620
0.600902 -0.450203 -1.099286 2.731946
0.606476 -0.454969 -1.100929 2.732263
0.612043 -0.459723 -1.102575 2.732571
0.617603 -0.464465 -1.104224 2.732870
0.623157 -0.469194 -1.105875 2.733159
0.628703 -0.473910 -1.107529 2.733439
0.634242 -0.478614 -1.109185 2.733710
0.639774 -0.483305 -1.110843 2.733972
0.645298 -0.487983 -1.112503 2.734225
0.650815 -0.492648 -1.114166 2.734469
0.656324 -0.497299 -1.115830 2.734703
0.661826 -0.501937 -1.117496 2.734929
0.667320 -0.506561 -1.119164 2.735145
0.672805 -0.511172 -1.120834 2.735353
0.678283 -0.515769 -1.122505 2.735552
0.683753 -0.520352 -1.124178 2.735742
0.689214 -0.524921 -1.125852 2.735922
0.694668 -0.529475 -1.127527 2.736095
0.700112 -0.534015 -1.129204 2.736258
0.705549 -0.538540 -1.130881 2.736412
0.710976 -0.543051 -1.132560 2.736558
0.716395 -0.547547 -1.134239 2.736695
0.721805 -0.552028 -1.135919 2.736824
0.727206 -0.556494 -1.137600 2.736943
0.732598 -0.560944 -1.139281 2.737055
0.737981 -0.565379 -1.140963 2.737157
0.743355 -0.569799 -1.142645 2.737251
0.748719 -0.574203 -1.144328 2.737337
0.754074 -0.578591 -1.146010 2.737414
0.759420 -0.582963 -1.147693 2.737483
0.764755 -0.587319 -1.149376 2.737543
0.770081 -0.591659 -1.151058 2.737595
0.775398 -0.595982 -1.152740 2.737639
0.780704 -0.600289 -1.154422 2.737674
0.786000 -0.604579 -1.156104 2.737701
0.791286 -0.608853 -1.157785 2.737720
0.796562 -0.613110 -1.159465 2.737730
0.801827 -0.617349 -1.161145 2.737733
0.807083 -0.621572 -1.162824 2.737727
0.812327 -0.625777 -1.164501 2.737714
0.817561 -0.629965 -1.166178 2.737692
0.822784 -0.634135 -1.167854 2.737663
0.827997 -0.638287 -1.169528 2.737625
0.833198 -0.642422 -1.171201 2.737580
0.838389 -0.646539 -1.172873 2.737526
0.843568 -0.650638 -1.174543 2.737465
0.848736 -0.654718 -1.176211 2.737396
0.853893 -0.658780 -1.177878 2.737319
0.859038 -0.662824 -1.179542 2.737235
0.864172 -0.666849 -1.181205 2.737143
0.869294 -0.670855 -1.182866 2.737043
0.874404 -0.674843 -1.184524 2.736936
0.879503 -0.678811 -1.186181 2.736821
0.884590 -0.682761 -1.187835 2.736699
0.889665 -0.686691 -1.189486 2.736569
0.894727 -0.690602 -1.191135 2.736432
0.899778 -0.694493 -1.192781 2.736287
0.904816 -0.698365 -1.194424 2.736135
0.909842 -0.702217 -1.196065 2.735976
0.914855 -0.706049 -1.197702 2.735809
0.919856 -0.709861 -1.199337 2.735635
0.924844 -0.713654 -1.200968 2.735454
0.929819 -0.717426 -1.202596 2.735266
0.934782 -0.721177 -1.204220 2.735071
0.939731 -0.724908 -1.205841 2.734869
0.944668 -0.728619 -1.207459 2.734660
0.949591 -0.732309 -1.209072 2.734444
0.954501 -0.735978 -1.210682 2.734221
0.959398 -0.739626 -1.212288 2.733991
0.964281 -0.743254 -1.213890 2.733754
0.969151 -0.746860 -1.215488 2.733511
0.974007 -0.750444 -1.217082 2.733261
0.978850 -0.754008 -1.218671 2.733004
0.983678 -0.757550 -1.220256 2.732740
0.988493 -0.761070 -1.221836 2.732470
0.993294 -0.764569 -1.223412 2.732193
0.998081 -0.768045 -1.224983 2.731910
1.002853 -0.771500 -1.226549 2.731621
1.007611 -0.774933 -1.228111 2.731324
1.012355 -0.778343 -1.229667 2.731022
1.017085 -0.781732 -1.231218 2.730713
1.021800 -0.785097 -1.232764 2.730398
1.026500 -0.788441 -1.234304 2.730077
1.031186 -0.791761 -1.235840 2.729750
1.035856 -0.795059 -1.237369 2.729416
1.040512 -0.798335 -1.238893 2.729077
1.045153 -0.801587 -1.240411 2.728731
1.049779 -0.804816 -1.241923 2.728379
1.054390 -0.808022 -1.243430 2.728022
1.058985 -0.811205 -1.244930 2.727658
1.063565 -0.814364 -1.246424 2.727289
1.068130 -0.817500 -1.247912 2.726914
1.072679 -0.820613 -1.249394 2.726533
1.077212 -0.823702 -1.250869 2.726146
1.081730 -0.826767 -1.252337 2.725754
1.086232 -0.829808 -1.253799 2.725356
1.090718 -0.832825 -1.255255 2.724953
1.095188 -0.835818 -1.256703 2.724544
1.099643 -0.838787 -1.258144 2.724130
1.104081 -0.841732 -1.259579 2.723710
1.108502 -0.844652 -1.261006 2.723285
1.112908 -0.847548 -1.262426 2.722854
1.117297 -0.850420 -1.263838 2.722419
1.121670 -0.853266 -1.265243 2.721978
1.126026 -0.856088 -1.266641 2.721532
1.130365 -0.858885 -1.268031 2.721081
1.134688 -0.861658 -1.269413 2.720625
1.138994 -0.864405 -1.270787 2.720163
1.143283 -0.867127 -1.272154 2.719697
1.147555 -0.869824 -1.273512 2.719226
1.151809 -0.872495 -1.274862 2.718750
1.156047 -0.875142 -1.276204 2.718269
1.160268 -0.877762 -1.277538 2.717784
1.164471 -0.880358 -1.278863 2.717294
1.168657 -0.882927 -1.280180 2.716799
1.172825 -0.885471 -1.281488 2.716299
1.176976 -0.887989 -1.282787 2.715795
1.181109 -0.890481 -1.284078 2.715287
1.185225 -0.892948 -1.285359 2.714774
1.189322 -0.895388 -1.286632 2.714256
1.193402 -0.897802 -1.287895 2.713735
1.197464 -0.900189 -1.289150 2.713209
1.201508 -0.902551 -1.290395 2.712678
1.205534 -0.904886 -1.291630 2.712144
1.209541 -0.907195 -1.292856 2.711605
1.213530 -0.909477 -1.294073 2.711063
1.217501 -0.911732 -1.295280 2.710516
1.221454 -0.913961 -1.296477 2.709965
1.225387 -0.916163 -1.297664 2.709411
1.229303 -0.918338 -1.298841 2.708852
1.233199 -0.920486 -1.300009 2.708290
1.237077 -0.922607 -1.301166 2.707723
1.240937 -0.924701 -1.302313 2.707154
1.244777 -0.926768 -1.303449 2.706580
1.248598 -0.928808 -1.304575 2.706003
1.252400 -0.930820 -1.305691 2.705422
1.256183 -0.932806 -1.306796 2.704838
1.259947 -0.934763 -1.307890 2.704250
1.263692 -0.936693 -1.308973 2.703659
1.267417 -0.938596 -1.310046 2.703064
1.271123 -0.940471 -1.311108 2.702467
1.274810 -0.942318 -1.312158 2.701865
1.278476 -0.944138 -1.313198 2.701261
1.282124 -0.945930 -1.314226 2.700654
1.285751 -0.947694 -1.315243 2.700043
1.289359 -0.949430 -1.316248 2.699430
1.292947 -0.951137 -1.317242 2.698813
1.296515 -0.952817 -1.318224 2.698193
1.300063 -0.954469 -1.319195 2.697571
1.303591 -0.956093 -1.320154 2.696946
1.307099 -0.957688 -1.321101 2.696318
1.310586 -0.959255 -1.322036 2.695687
1.314054 -0.960794 -1.322959 2.695054
1.317501 -0.962304 -1.323870 2.694417
1.320927 -0.963786 -1.324769 2.693779
1.324334 -0.965239 -1.325655 2.693138
1.327719 -0.966664 -1.326529 2.692494
1.331084 -0.968060 -1.327391 2.691848
1.334429 -0.969427 -1.328240 2.691199
1.337752 -0.970766 -1.329076 2.690549
1.341055 -0.972076 -1.329900 2.689896
1.344337 -0.973357 -1.330711 2.689241
1.347598 -0.974609 -1.331509 2.688583
1.350838 -0.975832 -1.332294 2.687924
1.354057 -0.977027 -1.333066 2.687262
1.357255 -0.978192 -1.333825 2.686599
1.360431 -0.979328 -1.334570 2.685933
1.363587 -0.980435 -1.335303 2.685266
1.366721 -0.981513 -1.336022 2.684597
1.369834 -0.982562 -1.336727 2.683926
1.372925 -0.983582 -1.337419 2.683253
1.375995 -0.984572 -1.338098 2.682579
1.379043 -0.985534 -1.338762 2.681903
1.382069 -0.986465 -1.339413 2.681225
1.385074 -0.987368 -1.340050 2.680546
1.388057 -0.988241 -1.340673 2.679865
1.391019 -0.989084 -1.341283 2.679183
1.393958 -0.989898 -1.341878 2.678500
1.396876 -0.990683 -1.342458 2.677815
1.399771 -0.991438 -1.343025 2.677129
1.402645 -0.992164 -1.343577 2.676442
1.405496 -0.992860 -1.344115 2.675753
1.408325 -0.993526 -1.344639 2.675064
1.411132 -0.994162 -1.345148 2.674373
1.413917 -0.994769 -1.345642 2.673682
1.416680 -0.995347 -1.346122 2.672989
1.419420 -0.995894 -1.346586 2.672296
1.422137 -0.996412 -1.347036 2.671601
1.424833 -0.996900 -1.347471 2.670906
1.427505 -0.997358 -1.347892 2.670210
1.430155 -0.997786 -1.348297 2.669514
1.432783 -0.998185 -1.348686 2.668816
1.435387 -0.998553 -1.349061 2.668118
1.437969 -0.998892 -1.349421 2.667420
1.440528 -0.999201 -1.349765 2.666721
1.443065 -0.999479 -1.350093 2.666022
1.445578 -0.999728 -1.350407 2.665322
1.448069 -0.999947 -1.350704 2.664622
1.450536 -1.000136 -1.350986 2.663921
1.452980 -1.000295 -1.351253 2.663221
1.455402 -1.000424 -1.351503 2.662520
1.457800 -1.000523 -1.351738 2.661819
1.460174 -1.000592 -1.351957 2.661118
1.462526 -1.000631 -1.352160 2.660416
1.464854 -1.000640 -1.352347 2.659715
1.467159 -1.000619 -1.352518 2.659014
1.469441 -1.000567 -1.352673 2.658313
1.471699 -1.000486 -1.352811 2.657612
1.473934 -1.000375 -1.352934 2.656911
1.476145 -1.000233 -1.353040 2.656210
1.478332 -1.000062 -1.353129 2.655510
1.480496 -0.999860 -1.353202 2.654810
1.482637 -0.999629 -1.353259 2.654111
1.484753 -0.999367 -1.353299 2.653412
1.486846 -0.999075 -1.353322 2.652713
1.488915 -0.998753 -1.353329 2.652015
1.490960 -0.998401 -1.353319 2.651317
1.492981 -0.998019 -1.353292 2.650621
1.494979 -0.997607 -1.353248 2.649924
1.496952 -0.997165 -1.353188 2.649229
1.498902 -0.996692 -1.353110 2.648534
1.500827 -0.996190 -1.353015 2.647840
1.502728 -0.995658 -1.352903 2.647147
1.504606 -0.995095 -1.352774 2.646455
1.506459 -0.994503 -1.352628 2.645763
1.508287 -0.993881 -1.352465 2.645073
1.510092 -0.993228 -1.352284 2.644384
1.511872 -0.992546 -1.352086 2.643696
1.513628 -0.991834 -1.351870 2.643009
1.515360 -0.991091 -1.351637 2.642323
1.517067 -0.990319 -1.351386 2.641638
1.518750 -0.989517 -1.351118 2.640955
1.520409 -0.988685 -1.350832 2.640273
1.522043 -0.987823 -1.350529 2.639592
1.523652 -0.986931 -1.350208 2.638913
1.525237 -0.986009 -1.349869 2.638235
1.526798 -0.985058 -1.349512 2.637559
1.528333 -0.984076 -1.349137 2.636884
1.529844 -0.983065 -1.348744 2.636211
1.531331 -0.982024 -1.348334 2.635539
1.532793 -0.980954 -1.347905 2.634869
1.534230 -0.979853 -1.347458 2.634201
1.535642 -0.978723 -1.346994 2.633534
1.537029 -0.977564 -1.346511 2.632870
1.538392 -0.976374 -1.346009 2.632207
1.539730 -0.975155 -1.345490 2.631546
1.541042 -0.973907 -1.344952 2.630887
1.542330 -0.972629 -1.344396 2.630230
1.543593 -0.971322 -1.343822 2.629575
1.544831 -0.969985 -1.343229 2.628921
1.546045 -0.968618 -1.342618 2.628270
1.547233 -0.967222 -1.341988 2.627622
1.548396 -0.965797 -1.341340 2.626975
1.549534 -0.964343 -1.340673 2.626330
1.550647 -0.962859 -1.339988 2.625688
1.551734 -0.961346 -1.339283 2.625048
1.552797 -0.959804 -1.338561 2.624411
1.553835 -0.958233 -1.337819 2.623775
1.554847 -0.956632 -1.337059 2.623142
1.555834 -0.955003 -1.336280 2.622512
1.556796 -0.953344 -1.335482 2.621884
1.557733 -0.951656 -1.334665 2.621259
1.558644 -0.949940 -1.333830 2.620636
1.559530 -0.948195 -1.332975 2.620015
1.560391 -0.946420 -1.332102 2.619398
1.561227 -0.944617 -1.331209 2.618783
1.562037 -0.942785 -1.330298 2.618170
1.562822 -0.940925 -1.329367 2.617561
1.563581 -0.939036 -1.328418 2.616954
1.564315 -0.937118 -1.327449 2.616350
1.565024 -0.935172 -1.326461 2.615749
1.565707 -0.933197 -1.325454 2.615151
1.566365 -0.931194 -1.324428 2.614556
1.566998 -0.929162 -1.323382 2.613964
1.567605 -0.927102 -1.322318 2.613374
1.568186 -0.925014 -1.321234 2.612788
1.568742 -0.922897 -1.320131 2.612205
1.569273 -0.920753 -1.319008 2.611625
1.569778 -0.918580 -1.317866 2.611048
1.570257 -0.916380 -1.316705 2.610474
1.570711 -0.914151 -1.315524 2.609903
1.571140 -0.911894 -1.314324 2.609336
1.571543 -0.909610 -1.313105 2.608772
1.571920 -0.907298 -1.311866 2.608211
1.572272 -0.904958 -1.310607 2.607654
1.572598 -0.902591 -1.309329 2.607100
1.572898 -0.900196 -1.308032 2.606549
1.573173 -0.897773 -1.306715 2.606002
1.573423 -0.895323 -1.305379 2.605458
1.573647 -0.892846 -1.304023 2.604917
1.573845 -0.890341 -1.302647 2.604381
1.574017 -0.887809 -1.301252 2.603847
1.574164 -0.885250 -1.299837 2.603318
1.574286 -0.882664 -1.298402 2.602792
1.574381 -0.880051 -1.296948 2.602269
1.574451 -0.877411 -1.295475 2.601751
1.574496 -0.874744 -1.293981 2.601235
1.574514 -0.872051 -1.292468 2.600724
1.574508 -0.869330 -1.290935 2.600217
1.574475 -0.866584 -1.289383 2.599713
1.574417 -0.863810 -1.287811 2.599213
1.574333 -0.861010 -1.286219 2.598717
1.574224 -0.858184 -1.284607 2.598224
1.574089 -0.855331 -1.282976 2.597736
1.573928 -0.852453 -1.281325 2.597251
1.573742 -0.849548 -1.279654 2.596771
1.573530 -0.846617 -1.277964 2.596294
1.573292 -0.843660 -1.276253 2.595822
1.573029 -0.840677 -1.274523 2.595353
1.572740 -0.837669 -1.272773 2.594889
1.572425 -0.834635 -1.271004 2.594428
1.572085 -0.831575 -1.269214 2.593972
1.571720 -0.828490 -1.267405 2.593520
1.571328 -0.825379 -1.265576 2.593071
1.570911 -0.822243 -1.263728 2.592628
1.570469 -0.819082 -1.261859 2.592188
1.570001 -0.815895 -1.259971 2.591752
1.569507 -0.812684 -1.258063 2.591321
1.568988 -0.809448 -1.256135 2.590894
1.568443 -0.806186 -1.254187 2.590471
1.567873 -0.802900 -1.252220 2.590052
1.567277 -0.799590 -1.250233 2.589638
1.566655 -0.796255 -1.248226 2.589228
1.566008 -0.792895 -1.246199 2.588823
1.565336 -0.789511 -1.244153 2.588421
1.564638 -0.786103 -1.242087 2.588025
1.563914 -0.782670 -1.240001 2.587632
1.563166 -0.779214 -1.237895 2.587244
1.562391 -0.775733 -1.235770 2.586861
1.561591 -0.772229 -1.233625 2.586482
1.560766 -0.768701 -1.231460 2.586107
1.559916 -0.765149 -1.229276 2.585737
1.559040 -0.761574 -1.227072 2.585372
1.558138 -0.757975 -1.224848 2.585010
1.557211 -0.754353 -1.222604 2.584654
1.556259 -0.750708 -1.220341 2.584302
1.555282 -0.747040 -1.218058 2.583955
1.554279 -0.743349 -1.215756 2.583612
1.553251 -0.739634 -1.213434 2.583274
1.552198 -0.735898 -1.211093 2.582940
1.551119 -0.732138 -1.208731 2.582611
1.550015 -0.728356 -1.206351 2.582287
1.548886 -0.724551 -1.203950 2.581968
1.547732 -0.720724 -1.201531 2.581653
1.546553 -0.716875 -1.199091 2.581342
1.545348 -0.713004 -1.196632 2.581037
1.544118 -0.709111 -1.194154 2.580736
1.542864 -0.705196 -1.191656 2.580440
1.541584 -0.701259 -1.189139 2.580149
1.540279 -0.697301 -1.186603 2.579862
1.538949 -0.693321 -1.184047 2.579580
1.537594 -0.689320 -1.181471 2.579303
1.536214 -0.685297 -1.178877 2.579031
1.534809 -0.681254 -1.176263 2.578763
1.533379 -0.677189 -1.173629 2.578500
1.531925 -0.673103 -1.170977 2.578242
1.530445 -0.668997 -1.168305 2.577989
1.528941 -0.664870 -1.165614 2.577741
1.527411 -0.660723 -1.162904 2.577497
1.525857 -0.656555 -1.160175 2.577259
1.524279 -0.652367 -1.157426 2.577025
1.522675 -0.648158 -1.154658 2.576796
1.521047 -0.643930 -1.151872 2.576571
1.519394 -0.639682 -1.149066 2.576352
1.517717 -0.635414 -1.146241 2.576138
1.516015 -0.631127 -1.143397 2.575928
1.514288 -0.626819 -1.140535 2.575723
1.512537 -0.622493 -1.137653 2.575523
1.510761 -0.618147 -1.134753 2.575328
1.508961 -0.613783 -1.131833 2.575138
1.507136 -0.609399 -1.128895 2.574953
1.505287 -0.604996 -1.125938 2.574773
1.503414 -0.600575 -1.122962 2.574597
1.501516 -0.596135 -1.119968 2.574426
1.499594 -0.591677 -1.116955 2.574261
1.497648 -0.587201 -1.113923 2.574100
1.495678 -0.582706 -1.110873 2.573944
1.493683 -0.578193 -1.107804 2.573793
1.491664 -0.573663 -1.104716 2.573647
1.489622 -0.569114 -1.101611 2.573505
1.487555 -0.564549 -1.098486 2.573369
1.485464 -0.559965 -1.095343 2.573237
1.483349 -0.555364 -1.092182 2.573111
1.481210 -0.550746 -1.089003 2.572989
1.479047 -0.546111 -1.085805 2.572872
1.476861 -0.541460 -1.082589 2.572760
1.474650 -0.536791 -1.079355 2.572653
1.472416 -0.532106 -1.076103 2.572550
1.470158 -0.527404 -1.072832 2.572453
1.467877 -0.522686 -1.069544 2.572360
1.465571 -0.517952 -1.066237 2.572272
1.463242 -0.513201 -1.062913 2.572190
1.460890 -0.508435 -1.059570 2.572111
1.458514 -0.503653 -1.056210 2.572038
1.456115 -0.498856 -1.052832 2.571970
1.453692 -0.494043 -1.049436 2.571906
1.451246 -0.489214 -1.046023 2.571847
1.448777 -0.484371 -1.042592 2.571793
1.446284 -0.479513 -1.039143 2.571744
1.443768 -0.474639 -1.035676 2.571700
1.441229 -0.469751 -1.032192 2.571660
1.438667 -0.464848 -1.028691 2.571625
1.436081 -0.459931 -1.025172 2.571595
1.433473 -0.455000 -1.021636 2.571570
1.430842 -0.450055 -1.018083 2.571549
1.428188 -0.445095 -1.014512 2.571533
1.425511 -0.440122 -1.010924 2.571522
1.422811 -0.435135 -1.007319 2.571515
1.420088 -0.430135 -1.003697 2.571513
1.417343 -0.425121 -1.000058 2.571516
1.414575 -0.420094 -0.996401 2.571524
1.411784 -0.415054 -0.992728 2.571536
1.408971 -0.410002 -0.989039 2.571553
1.406136 -0.404936 -0.985332 2.571574
1.403277 -0.399858 -0.981608 2.571600
1.400397 -0.394767 -0.977868 2.571631
1.397494 -0.389665 -0.974112 2.571666
1.394569 -0.384550 -0.970338 2.571706
1.391622 -0.379423 -0.966549 2.571750
1.388653 -0.374284 -0.962742 2.571799
1.385661 -0.369134 -0.958920 2.571852
1.382647 -0.363972 -0.955081 2.571910
1.379612 -0.358799 -0.951226 2.571972
1.376555 -0.353615 -0.947355 2.572039
1.373475 -0.348420 -0.943467 2.572110
1.370374 -0.343214 -0.939564 2.572186
1.367251 -0.337997 -0.935645 2.572266
1.364107 -0.332770 -0.931709 2.572350
1.360941 -0.327533 -0.927758 2.572439
1.357753 -0.322285 -0.923791 2.572532
1.354544 -0.317027 -0.919809 2.572630
1.351313 -0.311760 -0.915810 2.572731
1.348061 -0.306482 -0.911796 2.572837
1.344788 -0.301195 -0.907767 2.572948
1.341494 -0.295899 -0.903722 2.573062
1.338178 -0.290594 -0.899662 2.573181
1.334841 -0.285279 -0.895587 2.573304
1.331483 -0.279956 -0.891496 2.573431
1.328104 -0.274624 -0.887390 2.573562
1.324705 -0.269283 -0.883269 2.573698
1.321284 -0.263934 -0.879133 2.573837
1.317843 -0.258577 -0.874983 2.573981
1.314381 -0.253212 -0.870817 2.574128
1.310898 -0.247838 -0.866636 2.574280
1.307395 -0.242458 -0.862441 2.574435
1.303871 -0.237069 -0.858231 2.574595
1.300327 -0.231673 -0.854007 2.574758
1.296763 -0.226270 -0.849768 2.574926
1.293178 -0.220860 -0.845515 2.575097
1.289573 -0.215443 -0.841247 2.575272
1.285947 -0.210019 -0.836965 2.575451
1.282302 -0.204589 -0.832669 2.575634
1.278637 -0.199152 -0.828359 2.575820
1.274952 -0.193709 -0.824035 2.576011
1.271247 -0.188260 -0.819697 2.576205
1.267522 -0.182806 -0.815345 2.576402
1.263777 -0.177345 -0.810979 2.576604
1.260013 -0.171879 -0.806600 2.576809
1.256229 -0.166408 -0.802207 2.577017
1.252426 -0.160931 -0.797800 2.577229
1.248603 -0.155449 -0.793380 2.577445
1.244761 -0.149963 -0.788947 2.577664
1.240899 -0.144471 -0.784500 2.577887
1.237019 -0.138976 -0.780040 2.578113
1.233119 -0.133476 -0.775567 2.578342
1.229200 -0.127971 -0.771081 2.578575
1.225263 -0.122463 -0.766582 2.578811
1.221306 -0.116951 -0.762070 2.579050
1.217331 -0.111435 -0.757546 2.579293
1.213337 -0.105916 -0.753008 2.579539
1.209324 -0.100393 -0.748458 2.579788
1.205293 -0.094867 -0.743896 2.580040
1.201243 -0.089338 -0.739321 2.580296
1.197174 -0.083807 -0.734733 2.580554
1.193088 -0.078273 -0.730134 2.580816
1.188983 -0.072736 -0.725522 2.581080
1.184860 -0.067197 -0.720898 2.581347
1.180719 -0.061656 -0.716262 2.581618
1.176560 -0.056113 -0.711614 2.581891
1.172383 -0.050568 -0.706955 2.582167
1.168188 -0.045021 -0.702283 2.582446
1.163975 -0.039473 -0.697600 2.582728
1.159745 -0.033924 -0.692906 2.583012
1.155497 -0.028374 -0.688200 2.583299
1.151231 -0.022823 -0.683482 2.583589
1.146949 -0.017271 -0.678754 2.583882
1.142648 -0.011718 -0.674014 2.584177
1.138331 -0.006165 -0.669263 2.584474
1.133996 -0.000612 -0.664501 2.584774
1.129645 0.004941 -0.659728 2.585077
1.125276 0.010494 -0.654944 2.585382
1.120890 0.016047 -0.650149 2.585689
1.116488 0.021600 -0.645344 2.585998
1.112068 0.027151 -0.640529 2.586310
1.107632 0.032702 -0.635703 2.586624
1.103180 0.038252 -0.630866 2.586941
1.098711 0.043801 -0.626019 2.587259
1.094226 0.049349 -0.621162 2.587579
1.089724 0.054895 -0.616296 2.587902
1.085206 0.060439 -0.611419 2.588227
1.080672 0.065981 -0.606532 2.588553
1.076122 0.071522 -0.601635 2.588882
1.071556 0.077060 -0.596729 2.589212
1.066974 0.082596 -0.591813 2.589544
1.062377 0.088130 -0.586888 2.589878
1.057763 0.093660 -0.581953 2.590214
1.053135 0.099188 -0.577009 2.590551
1.048490 0.104713 -0.572056 2.590890
1.043830 0.110235 -0.567093 2.591231
1.039155 0.115753 -0.562122 2.591573
1.034465 0.121268 -0.557142 2.591917
1.029760 0.126779 -0.552153 2.592262
1.025039 0.132286 -0.547155 2.592609
1.020304 0.137789 -0.542148 2.592957
1.015554 0.143288 -0.537133 2.593306
1.010789 0.148782 -0.532110 2.593656
1.006009 0.154272 -0.527079 2.594008
1.001215 0.159757 -0.522039 2.594361
0.996406 0.165237 -0.516991 2.594715
0.991583 0.170712 -0.511935 2.595070
0.986746 0.176182 -0.506871 2.595426
0.981894 0.181646 -0.501800 2.595783
0.977029 0.187105 -0.496720 2.596140
0.972149 0.192558 -0.491634 2.596499
0.967255 0.198005 -0.486539 2.596859
0.962348 0.203445 -0.481437 2.597219
0.957427 0.208880 -0.476328 2.597580
0.952493 0.214308 -0.471212 2.597941
0.947544 0.219730 -0.466089 2.598303
0.942583 0.225145 -0.460958 2.598666
0.937608 0.230552 -0.455821 2.599029
0.932620 0.235953 -0.450677 2.599392
0.927619 0.241347 -0.445527 2.599756
0.922605 0.246733 -0.440369 2.600120
0.917578 0.252111 -0.435206 2.600485
0.912538 0.257482 -0.430036 2.600850
0.907485 0.262844 -0.424860 2.601214
0.902420 0.268199 -0.419677 2.601579
0.897342 0.273545 -0.414489 2.601944
0.892252 0.278883 -0.409294 2.602309
0.887150 0.284212 -0.404094 2.602674
0.882035 0.289532 -0.398888 2.603039
0.876908 0.294843 -0.393676 2.603403
0.871769 0.300146 -0.388459 2.603767
0.866618 0.305439 -0.383237 2.604131
0.861456 0.310722 -0.378009 2.604495
0.856282 0.315996 -0.372776 2.604858
0.851096 0.321260 -0.367538 2.605221
0.845898 0.326515 -0.362295 2.605583
0.840690 0.331759 -0.357047 2.605944
0.835470 0.336993 -0.351794 2.606305
0.830238 0.342216 -0.346537 2.606665
0.824996 0.347429 -0.341275 2.607025
0.819743 0.352631 -0.336008 2.607383
0.814478 0.357823 -0.330737 2.607741
0.809203 0.363003 -0.325462 2.608098
0.803918 0.368172 -0.320183 2.608453
0.798622 0.373329 -0.314900 2.608808
0.793315 0.378475 -0.309613 2.609161
0.787998 0.383610 -0.304322 2.609514
0.782670 0.388732 -0.299027 2.609865
0.777333 0.393842 -0.293729 2.610215
0.771985 0.398941 -0.288427 2.610563
0.766628 0.404027 -0.283122 2.610910
0.761261 0.409100 -0.277813 2.611255
0.755884 0.414161 -0.272502 2.611599
0.750497 0.419209 -0.267187 2.611942
0.745101 0.424244 -0.261870 2.612282
0.739695 0.429265 -0.256549 2.612621
0.734280 0.434274 -0.251226 2.612958
0.728856 0.439269 -0.245900 2.613293
0.723423 0.444251 -0.240572 2.613627
0.717981 0.449219 -0.235241 2.613958
0.712530 0.454172 -0.229908 2.614287
0.707070 0.459112 -0.224573 2.614614
0.701602 0.464038 -0.219235 2.614939
0.696125 0.468949 -0.213896 2.615262
0.690639 0.473846 -0.208555 2.615582
0.685146 0.478728 -0.203212 2.615900
0.679644 0.483595 -0.197867 2.616216
0.674134 0.488448 -0.192521 2.616529
0.668616 0.493285 -0.187173 2.616839
0.663090 0.498107 -0.181824 2.617147
0.657556 0.502914 -0.176474 2.617452
0.652014 0.507705 -0.171123 2.617755
0.646465 0.512480 -0.165771 2.618054
0.640909 0.517240 -0.160417 2.618351
0.635345 0.521983 -0.155063 2.618645
0.629774 0.526710 -0.149709 2.618936
0.624196 0.531421 -0.144353 2.619223
0.618610 0.536116 -0.138998 2.619508
0.613018 0.540794 -0.133642 2.619789
0.607419 0.545455 -0.128285 2.620067
0.601814 0.550100 -0.122929 2.620342
0.596202 0.554727 -0.117572 2.620613
0.590583 0.559338 -0.112216 2.620881
0.584958 0.563931 -0.106860 2.621145
0.579327 0.568506 -0.101504 2.621406
0.573689 0.573064 -0.096148 2.621663
0.568046 0.577604 -0.090793 2.621916
0.562397 0.582127 -0.085438 2.622166
0.556742 0.586631 -0.080085 2.622411
0.551081 0.591117 -0.074732 2.622653
0.545414 0.595585 -0.069380 2.622890
0.539743 0.600035 -0.064029 2.623124
0.534065 0.604466 -0.058679 2.623354
0.528383 0.608878 -0.053330 2.623579
0.522696 0.613272 -0.047983 2.623800
0.517003 0.617646 -0.042637 2.624016
0.511306 0.622002 -0.037293 2.624229
0.505603 0.626338 -0.031950 2.624436
0.499896 0.630655 -0.026610 2.624640
0.494185 0.634953 -0.021271 2.624838
0.488469 0.639230 -0.015934 2.625032
0.482749 0.643488 -0.010599 2.625221
0.477024 0.647727 -0.005267 2.625406
0.471296 0.651945 0.000063 2.625585
0.465563 0.656143 0.005391 2.625760
0.459827 0.660321 0.010717 2.625929
0.454086 0.664478 0.016039 2.626094
0.448343 0.668615 0.021359 2.626253
0.442595 0.672731 0.026676 2.626407
0.436844 0.676826 0.031990 2.626556
0.431090 0.680901 0.037301 2.626700
0.425333 0.684954 0.042609 2.626838
0.419572 0.688987 0.047914 2.626970
0.413809 0.692998 0.053215 2.627097
0.408042 0.696987 0.058513 2.627219
0.402273 0.700956 0.063807 2.627334
0.396502 0.704902 0.069098 2.627444
0.390728 0.708827 0.074384 2.627549
0.384951 0.712730 0.079667 2.627647
0.379172 0.716611 0.084946 2.627739
0.373391 0.720469 0.090221 2.627825
0.367608 0.724306 0.095491 2.627906
0.361823 0.728120 0.100758 2.627980
0.356036 0.731912 0.106020 2.628047
0.350247 0.735681 0.111277 2.628109
0.344457 0.739427 0.116530 2.628164
0.338665 0.743151 0.121778 2.628213
0.332872 0.746852 0.127021 2.628255
0.327078 0.750529 0.132259 2.628290
0.321282 0.754184 0.137493 2.628319
0.315486 0.757815 0.142721 2.628342
0.309688 0.761423 0.147944 2.628357
0.303890 0.765007 0.153162 2.628366
0.298091 0.768568 0.158374 2.628368
0.292291 0.772105 0.163581 2.628362
0.286491 0.775619 0.168782 2.628350
0.280691 0.779108 0.173977 2.628331
0.274890 0.782574 0.179167 2.628304
0.269090 0.786015 0.184351 2.628270
0.263289 0.789432 0.189528 2.628229
0.257488 0.792825 0.194700 2.628181
0.251688 0.796193 0.199865 2.628125
0.245888 0.799537 0.205024 2.628061
0.240088 0.802856 0.210177 2.627990
0.234289 0.806150 0.215323 2.627911
0.228491 0.809420 0.220463 2.627825
0.222694 0.812665 0.225595 2.627731
0.216897 0.815884 0.230721 2.627629
0.211101 0.819079 0.235841 2.627519
0.205307 0.822248 0.240953 2.627401
0.199514 0.825392 0.246058 2.627275
0.193722 0.828511 0.251156 2.627140
0.187932 0.831604 0.256246 2.626998
0.182143 0.834671 0.261330 2.626847
0.176356 0.837713 0.266405 2.626689
0.170571 0.840729 0.271474 2.626521
0.164788 0.843720 0.276534 2.626346
0.159006 0.846684 0.281587 2.626161
0.153227 0.849622 0.286632 2.625968
0.147451 0.852534 0.291669 2.625767
0.141676 0.855420 0.296698 2.625557
0.135904 0.858279 0.301719 2.625338
0.130135 0.861112 0.306732 2.625110
0.124369 0.863919 0.311736 2.624873
0.118605 0.866699 0.316732 2.624627
0.112845 0.869453 0.321720 2.624372
0.107087 0.872180 0.326698 2.624108
0.101333 0.874879 0.331669 2.623835
0.095582 0.877553 0.336630 2.623553
0.089834 0.880199 0.341583 2.623261
0.084090 0.882818 0.346527 2.622960
0.078349 0.885410 0.351461 2.622650
0.072613 0.887974 0.356387 2.622330
0.066880 0.890512 0.361303 2.622001
0.061151 0.893022 0.366210 2.621661
0.055426 0.895505 0.371108 2.621313
0.049706 0.897960 0.375996 2.620954
0.043990 0.900388 0.380875 2.620586
0.038278 0.902788 0.385744 2.620207
0.032571 0.905160 0.390603 2.619819
0.026868 0.907505 0.395452 2.619421
0.021170 0.909822 0.400292 2.619013
0.015477 0.912110 0.405122 2.618594
0.009790 0.914371 0.409941 2.618166
0.004107 0.916604 0.414750 2.617727
-0.001571 0.918809 0.419550 2.617278
-0.007243 0.920985 0.424338 2.616818
-0.012910 0.923134 0.429117 2.616348
-0.018571 0.925254 0.433885 2.615867
-0.024226 0.927345 0.438642 2.615376
-0.029876 0.929409 0.443389 2.614875
-0.035520 0.931443 0.448124 2.614362
-0.041158 0.933450 0.452850 2.613839
-0.046790 0.935427 0.457564 2.613305
-0.052415 0.937376 0.462267 2.612760
-0.058034 0.939297 0.466959 2.612204
-0.063647 0.941188 0.471640 2.611637
-0.069253 0.943051 0.476310 2.611060
-0.074853 0.944885 0.480969 2.610471
-0.080445 0.946690 0.485616 2.609871
-0.086031 0.948466 0.490251 2.609259
-0.091610 0.950213 0.494876 2.608636
-0.097182 0.951931 0.499488 2.608002
-0.102746 0.953620 0.504089 2.607357
-0.108303 0.955279 0.508678 2.606700
-0.113853 0.956910 0.513255 2.606032
-0.119395 0.958511 0.517821 2.605352
-0.124930 0.960083 0.522374 2.604660
-0.130456 0.961625 0.526916 2.603957
-0.135975 0.963139 0.531445 2.603241
-0.141486 0.964622 0.535962 2.602514
-0.146989 0.966077 0.540466 2.601776
-0.152484 0.967501 0.544959 2.601025
-0.157970 0.968897 0.549439 2.600262
-0.163448 0.970262 0.553906 2.599487
-0.168917 0.971598 0.558361 2.598700
-0.174378 0.972905 0.562803 2.597901
-0.179830 0.974182 0.567233 2.597090
-0.185273 0.975429 0.571650 2.596267
-0.190707 0.976646 0.576053 2.595431
-0.196132 0.977833 0.580444 2.594583
-0.201548 0.978991 0.584822 2.593722
-0.206955 0.980119 0.589187 2.592849
-0.212352 0.981216 0.593539 2.591963
-0.217740 0.982284 0.597878 2.591065
-0.223118 0.983322 0.602203 2.590154
-0.228487 0.984331 0.606515 2.589230
-0.233845 0.985309 0.610814 2.588294
-0.239194 0.986257 0.615099 2.587345
-0.244533 0.987175 0.619371 2.586383
-0.249861 0.988063 0.623629 2.585408
-0.255180 0.988921 0.627874 2.584420
-0.260488 0.989749 0.632104 2.583419
-0.265786 0.990546 0.636321 2.582405
-0.271073 0.991314 0.640525 2.581378
-0.276349 0.992051 0.644714 2.580338
-0.281615 0.992759 0.648889 2.579285
-0.286870 0.993436 0.653051 2.578218
-0.292114 0.994082 0.657198 2.577138
-0.297347 0.994699 0.661331 2.576045
-0.302569 0.995286 0.665450 2.574938
-0.307779 0.995842 0.669555 2.573818
-0.312978 0.996368 0.673645 2.572684
-0.318166 0.996863 0.677721 2.571537
-0.323342 0.997329 0.681783 2.570376
-0.328506 0.997764 0.685830 2.569201
-0.333659 0.998169 0.689862 2.568013
-0.338800 0.998543 0.693880 2.566811
-0.343928 0.998887 0.697884 2.565595
-0.349045 0.999201 0.701872 2.564366
-0.354150 0.999485 0.705846 2.563122
-0.359242 0.999738 0.709805 2.561865
-0.364322 0.999961 0.713750 2.560594
-0.369389 1.000154 0.717679 2.559308
-0.374444 1.000317 0.721593 2.558009
-0.379486 1.000449 0.725493 2.556695
-0.384516 1.000550 0.729377 2.555368
-0.389532 1.000622 0.733246 2.554026
-0.394536 1.000663 0.737100 2.552670
-0.399526 1.000674 0.740939 2.551299
-0.404504 1.000655 0.744763 2.549915
-0.409468 1.000605 0.748571 2.548516
-0.414419 1.000525 0.752364 2.547102
-0.419356 1.000415 0.756141 2.545674
-0.424279 1.000275 0.759903 2.544232
-0.429190 1.000104 0.763650 2.542775
-0.434086 0.999903 0.767381 2.541303
-0.438968 0.999672 0.771096 2.539817
-0.443837 0.999411 0.774796 2.538317
-0.448691 0.999119 0.778480 2.536801
-0.453532 0.998798 0.782148 2.535271
-0.458358 0.998446 0.785801 2.533726
-0.463170 0.998064 0.789438 2.532167
-0.467967 0.997652 0.793059 2.530592
-0.472750 0.997210 0.796664 2.529003
-0.477518 0.996738 0.800253 2.527399
-0.482272 0.996235 0.803826 2.525779
-0.487011 0.995703 0.807384 2.524145
-0.491734 0.995141 0.810925 2.522496
-0.496443 0.994549 0.814450 2.520832
-0.501137 0.993926 0.817959 2.519152
-0.505816 0.993274 0.821452 2.517458
-0.510479 0.992592 0.824928 2.515748
-0.515128 0.991880 0.828389 2.514024
-0.519760 0.991139 0.831833 2.512284
-0.524377 0.990367 0.835261 2.510528
-0.528979 0.989566 0.838672 2.508758
-0.533565 0.988735 0.842067 2.506972
-0.538135 0.987874 0.845446 2.505171
-0.542689 0.986983 0.848808 2.503354
-0.547227 0.986063 0.852154 2.501522
-0.551749 0.985113 0.855484 2.499675
-0.556255 0.984134 0.858797 2.497812
-0.560745 0.983125 0.862093 2.495934
-0.565219 0.982087 0.865373 2.494040
-0.569676 0.981019 0.868636 2.492130
-0.574116 0.979922 0.871882 2.490205
-0.578540 0.978795 0.875112 2.488265
-0.582947 0.977639 0.878325 2.486308
-0.587338 0.976454 0.881522 2.484336
-0.591711 0.975239 0.884701 2.482349
-0.596068 0.973996 0.887864 2.480345
-0.600408 0.972723 0.891010 2.478326
-0.604730 0.971421 0.894139 2.476291
-0.609036 0.970090 0.897252 2.474241
-0.613324 0.968730 0.900347 2.472174
-0.617595 0.967340 0.903426 2.470092
-0.621848 0.965923 0.906488 2.467994
-0.626084 0.964476 0.909533 2.465880
-0.630302 0.963000 0.912561 2.463750
-0.634502 0.961496 0.915571 2.461604
-0.638685 0.959963 0.918565 2.459442
-0.642850 0.958401 0.921542 2.457264
-0.646997 0.956810 0.924502 2.455070
-0.651126 0.955191 0.927445 2.452860
-0.655237 0.953544 0.930370 2.450635
-0.659329 0.951868 0.933279 2.448393
-0.663404 0.950164 0.936171 2.446135
-0.667460 0.948432 0.939045 2.443861
-0.671498 0.946671 0.941902 2.441570
-0.675517 0.944882 0.944742 2.439264
-0.679517 0.943065 0.947565 2.436942
-0.683499 0.941220 0.950371 2.434603
-0.687462 0.939347 0.953160 2.432248
-0.691407 0.937446 0.955931 2.429877
-0.695332 0.935517 0.958685 2.427490
-0.699239 0.933560 0.961422 2.425087
-0.703126 0.931576 0.964142 2.422667
-0.706995 0.929564 0.966844 2.420231
-0.710844 0.927524 0.969529 2.417779
-0.714674 0.925457 0.972197 2.415310
-0.718485 0.923362 0.974848 2.412826
-0.722276 0.921241 0.977481 2.410325
-0.726048 0.919091 0.980097 2.407807
-0.729800 0.916915 0.982696 2.405274
-0.733532 0.914711 0.985278 2.402724
-0.737245 0.912480 0.987842 2.400157
-0.740938 0.910223 0.990389 2.397575
-0.744611 0.907938 0.992918 2.394975
-0.748265 0.905627 0.995431 2.392360
-0.751898 0.903288 0.997925 2.389728
-0.755511 0.900923 1.000403 2.387080
-0.759104 0.898532 1.002863 2.384415
-0.762677 0.896114 1.005306 2.381734
-0.766230 0.893669 1.007732 2.379037
-0.769762 0.891198 1.010140 2.376323
-0.773274 0.888701 1.012531 2.373593
-0.776765 0.886178 1.014905 2.370846
-0.780236 0.883628 1.017261 2.368083
-0.783686 0.881053 1.019600 2.365304
-0.787116 0.878451 1.021921 2.362508
-0.790525 0.875824 1.024226 2.359695
-0.793912 0.873171 1.026513 2.356867
-0.797280 0.870492 1.028782 2.354021
-0.800626 0.867788 1.031035 2.351160
-0.803951 0.865058 1.033270 2.348281
-0.807255 0.862303 1.035487 2.345387
-0.810538 0.859522 1.037688 2.342476
-0.813799 0.856717 1.039871 2.339548
-0.817040 0.853886 1.042037 2.336604
-0.820259 0.851030 1.044186 2.333644
-0.823456 0.848149 1.046317 2.330667
-0.826633 0.845243 1.048431 2.327674
-0.829787 0.842313 1.050528 2.324664
-0.832920 0.839358 1.052607 2.321638
-0.836032 0.836378 1.054670 2.318595
-0.839122 0.833374 1.056715 2.315537
-0.842190 0.830346 1.058743 2.312461
-0.845236 0.827293 1.060754 2.309369
-0.848260 0.824217 1.062747 2.306261
-0.851262 0.821116 1.064724 2.303137
-0.854243 0.817991 1.066683 2.299996
-0.857201 0.814842 1.068625 2.296838
-0.860137 0.811670 1.070550 2.293664
-0.863051 0.808474 1.072458 2.290474
-0.865943 0.805255 1.074349 2.287268
-0.868813 0.802012 1.076223 2.284045
-0.871660 0.798745 1.078080 2.280806
-0.874484 0.795456 1.079919 2.277550
-0.877287 0.792143 1.081742 2.274278
-0.880067 0.788808 1.083548 2.270990
-0.882824 0.785449 1.085337 2.267686
-0.885558 0.782068 1.087108 2.264365
-0.888270 0.778664 1.088863 2.261028
-0.890960 0.775238 1.090601 2.257675
-0.893626 0.771789 1.092322 2.254306
-0.896270 0.768318 1.094026 2.250920
-0.898890 0.764824 1.095713 2.247518
-0.901488 0.761309 1.097384 2.244100
-0.904063 0.757771 1.099038 2.240666
-0.906615 0.754212 1.100674 2.237215
-0.909144 0.750631 1.102294 2.233749
-0.911649 0.747028 1.103898 2.230266
-0.914132 0.743404 1.105484 2.226767
-0.916591 0.739758 1.107054 2.223252
-0.919027 0.736091 1.108608 2.219721
-0.921440 0.732403 1.110144 2.216174
-0.923829 0.728694 1.111664 2.212611
-0.926195 0.724963 1.113168 2.209032
-0.928537 0.721213 1.114655 2.205437
-0.930856 0.717441 1.116125 2.201826
-0.933152 0.713649 1.117579 2.198199
-0.935423 0.709836 1.119017 2.194556
-0.937672 0.706003 1.120438 2.190897
-0.939896 0.702150 1.121843 2.187222
-0.942097 0.698277 1.123231 2.183531
-0.944274 0.694383 1.124603 2.179825
-0.946427 0.690470 1.125959 2.176103
-0.948556 0.686538 1.127298 2.172365
-0.950662 0.682585 1.128621 2.168611
-0.952743 0.678614 1.129928 2.164841
-0.954801 0.674622 1.131219 2.161056
-0.956834 0.670612 1.132494 2.157255
-0.958844 0.666583 1.133752 2.153439
-0.960829 0.662535 1.134995 2.149607
-0.962791 0.658467 1.136221 2.145759
-0.964728 0.654382 1.137432 2.141896
-0.966641 0.650277 1.138627 2.138017
-0.968530 0.646155 1.139805 2.134122
-0.970394 0.642014 1.140968 2.130213
-0.972234 0.637854 1.142115 2.126287
-0.974050 0.633677 1.143246 2.122347
-0.975841 0.629482 1.144362 2.118391
-0.977608 0.625269 1.145461 2.114419
-0.979351 0.621039 1.146545 2.110433
-0.981069 0.616791 1.147614 2.106431
-0.982762 0.612526 1.148667 2.102414
-0.984431 0.608243 1.149704 2.098381
-0.986076 0.603944 1.150725 2.094334
-0.987696 0.599627 1.151732 2.090271
-0.989291 0.595294 1.152723 2.086193
-0.990861 0.590944 1.153698 2.082100
-0.992407 0.586577 1.154658 2.077993
-0.993928 0.582194 1.155603 2.073870
-0.995424 0.577795 1.156532 2.069732
-0.996896 0.573380 1.157447 2.065579
-0.998342 0.568948 1.158346 2.061412
-0.999764 0.564501 1.159230 2.057229
-1.001161 0.560038 1.160099 2.053032
-1.002533 0.555560 1.160953 2.048820
-1.003880 0.551066 1.161792 2.044594
-1.005203 0.546557 1.162616 2.040352
-1.006500 0.542033 1.163426 2.036096
-1.007772 0.537493 1.164220 2.031826
-1.009019 0.532939 1.165000 2.027541
-1.010241 0.528371 1.165764 2.023241
-1.011438 0.523787 1.166515 2.018927
-1.012610 0.519189 1.167250 2.014599
-1.013757 0.514577 1.167971 2.010256
-1.014879 0.509951 1.168678 2.005899
-1.015975 0.505311 1.169370 2.001528
-1.017047 0.500657 1.170047 1.997142
-1.018093 0.495989 1.170710 1.992743
-1.019114 0.491308 1.171359 1.988329
-1.020109 0.486613 1.171994 1.983901
-1.021080 0.481905 1.172614 1.979459
-1.022025 0.477184 1.173220 1.975003
-1.022945 0.472450 1.173813 1.970533
-1.023839 0.467703 1.174391 1.966049
-1.024708 0.462943 1.174955 1.961552
-1.025552 0.458171 1.175505 1.957040
-1.026371 0.453386 1.176041 1.952515
-1.027164 0.448589 1.176563 1.947976
-1.027931 0.443781 1.177072 1.943424
-1.028674 0.438960 1.177567 1.938858
-1.029391 0.434127 1.178048 1.934279
-1.030082 0.429283 1.178515 1.929686
-1.030748 0.424427 1.178970 1.925079
-1.031388 0.419560 1.179410 1.920459
-1.032003 0.414682 1.179837 1.915826
-1.032593 0.409793 1.180251 1.911180
-1.033157 0.404892 1.180651 1.906520
-1.033696 0.399981 1.181038 1.901848
-1.034209 0.395060 1.181412 1.897162
-1.034696 0.390128 1.181773 1.892463
-1.035158 0.385186 1.182121 1.887752
-1.035594 0.380233 1.182455 1.883027
-1.036005 0.375271 1.182777 1.878289
-1.036391 0.370299 1.183086 1.873539
-1.036750 0.365317 1.183382 1.868776
-1.037084 0.360325 1.183665 1.864000
-1.037393 0.355324 1.183936 1.859212
-1.037676 0.350314 1.184193 1.854411
-1.037933 0.345295 1.184439 1.849598
-1.038165 0.340267 1.184671 1.844772
-1.038371 0.335230 1.184892 1.839934
-1.038552 0.330185 1.185099 1.835083
-1.038707 0.325131 1.185295 1.830220
-1.038836 0.320069 1.185478 1.825346
-1.038940 0.314999 1.185649 1.820458
-1.039018 0.309920 1.185808 1.815559
-1.039071 0.304834 1.185955 1.810648
-1.039098 0.299740 1.186089 1.805725
-1.039099 0.294639 1.186212 1.800790
-1.039075 0.289530 1.186323 1.795844
-1.039025 0.284414 1.186422 1.790885
-1.038950 0.279291 1.186509 1.785915
-1.038849 0.274161 1.186585 1.780933
-1.038722 0.269024 1.186649 1.775940
-1.038570 0.263881 1.186702 1.770935
-1.038392 0.258731 1.186742 1.765919
-1.038188 0.253575 1.186772 1.760892
-1.037959 0.248412 1.186790 1.755853
-1.037705 0.243244 1.186797 1.750803
-1.037424 0.238070 1.186793 1.745742
-1.037119 0.232890 1.186777 1.740670
-1.036787 0.227705 1.186751 1.735587
-1.036430 0.222514 1.186713 1.730493
-1.036048 0.217318 1.186664 1.725388
-1.035640 0.212117 1.186605 1.720272
-1.035206 0.206911 1.186535 1.715146
-1.034747 0.201701 1.186454 1.710009
-1.034263 0.196486 1.186362 1.704862
-1.033753 0.191266 1.186260 1.699704
-1.033217 0.186042 1.186147 1.694535
-1.032656 0.180814 1.186024 1.689356
-1.032069 0.175582 1.185890 1.684167
-1.031457 0.170346 1.185746 1.678968
-1.030820 0.165107 1.185592 1.673759
-1.030157 0.159864 1.185427 1.668540
-1.029469 0.154617 1.185253 1.663310
-1.028755 0.149368 1.185068 1.658071
-1.028016 0.144115 1.184874 1.652822
-1.027251 0.138859 1.184669 1.647563
-1.026462 0.133601 1.184455 1.642295
-1.025646 0.128340 1.184231 1.637017
-1.024806 0.123077 1.183997 1.631729
-1.023940 0.117812 1.183754 1.626432
-1.023049 0.112544 1.183501 1.621126
-1.022132 0.107274 1.183239 1.615810
-1.021191 0.102003 1.182967 1.610486
-1.020224 0.096730 1.182686 1.605152
-1.019232 0.091456 1.182396 1.599809
-1.018214 0.086180 1.182096 1.594457
-1.017172 0.080903 1.181788 1.589096
-1.016104 0.075625 1.181470 1.583727
-1.015011 0.070346 1.181144 1.578348
-1.013894 0.065066 1.180808 1.572962
-1.012751 0.059786 1.180464 1.567566
-1.011583 0.054505 1.180111 1.562162
-1.010389 0.049224 1.179750 1.556750
-1.009171 0.043943 1.179379 1.551329
-1.007928 0.038662 1.179001 1.545900
-1.006660 0.033381 1.178614 1.540463
-1.005367 0.028101 1.178218 1.535018
-1.004049 0.022821 1.177814 1.529565
-1.002706 0.017541 1.177402 1.524104
-1.001338 0.012263 1.176982 1.518636
-0.999946 0.006985 1.176554 1.513159
-0.998528 0.001709 1.176118 1.507675
-0.997086 -0.003566 1.175674 1.502184
-0.995619 -0.008840 1.175222 1.496684
-0.994127 -0.014112 1.174762 1.491178
-0.992611 -0.019383 1.174294 1.485664
-0.991070 -0.024651 1.173819 1.480143
-0.989504 -0.029918 1.173337 1.474615
-0.987914 -0.035182 1.172847 1.469080
-0.986299 -0.040445 1.172349 1.463538
-0.984660 -0.045704 1.171844 1.457989
-0.982996 -0.050961 1.171332 1.452433
-0.981307 -0.056216 1.170813 1.446871
-0.979595 -0.061467 1.170287 1.441301
-0.977857 -0.066715 1.169753 1.435726
-0.976096 -0.071960 1.169213 1.430144
-0.974310 -0.077202 1.168666 1.424556
-0.972499 -0.082440 1.168112 1.418961
-0.970665 -0.087675 1.167551 1.413360
-0.968806 -0.092906 1.166984 1.407753
-0.966923 -0.098132 1.166410 1.402141
-0.965016 -0.103355 1.165830 1.396522
-0.963085 -0.108573 1.165243 1.390897
-0.961129 -0.113788 1.164650 1.385267
-0.959150 -0.118997 1.164051 1.379631
-0.957146 -0.124202 1.163445 1.373990
-0.955119 -0.129402 1.162833 1.368343
-0.953068 -0.134597 1.162216 1.362691
-0.950993 -0.139787 1.161592 1.357034
-0.948894 -0.144972 1.160963 1.351371
-0.946771 -0.150151 1.160327 1.345703
-0.944624 -0.155325 1.159686 1.340031
-0.942454 -0.160493 1.159039 1.334353
-0.940260 -0.165655 1.158387 1.328671
-0.938042 -0.170811 1.157729 1.322984
-0.935801 -0.175961 1.157066 1.317292
-0.933536 -0.181105 1.156397 1.311596
-0.931248 -0.186242 1.155723 1.305895
-0.928936 -0.191373 1.155044 1.300190
-0.926601 -0.196497 1.154359 1.294481
-0.924243 -0.201614 1.153670 1.288768
-0.921861 -0.206725 1.152976 1.283051
-0.919456 -0.211828 1.152276 1.277329
-0.917028 -0.216924 1.151572 1.271604
-0.914576 -0.222012 1.150863 1.265875
-0.912101 -0.227094 1.150150 1.260143
-0.909604 -0.232167 1.149432 1.254406
-0.907083 -0.237233 1.148709 1.248667
-0.904539 -0.242290 1.147982 1.242924
-0.901973 -0.247340 1.147250 1.237177
-0.899383 -0.252381 1.146514 1.231428
-0.896771 -0.257414 1.145774 1.225675
-0.894136 -0.262439 1.145030 1.219919
-0.891478 -0.267455 1.144281 1.214161
-0.888798 -0.272462 1.143529 1.208399
-0.886094 -0.277460 1.142772 1.202635
-0.883369 -0.282449 1.142012 1.196868
-0.880621 -0.287429 1.141248 1.191099
-0.877850 -0.292400 1.140480 1.185327
-0.875057 -0.297361 1.139709 1.179553
-0.872241 -0.302313 1.138934 1.173777
-0.869404 -0.307255 1.138155 1.167998
-0.866544 -0.312187 1.137373 1.162218
-0.863662 -0.317110 1.136588 1.156435
-0.860757 -0.322022 1.135799 1.150651
-0.857831 -0.326924 1.135007 1.144865
-0.854883 -0.331816 1.134212 1.139077
-0.851913 -0.336697 1.133414 1.133288
-0.848920 -0.341568 1.132613 1.127497
-0.845906 -0.346428 1.131809 1.121705
-0.842871 -0.351277 1.131002 1.115912
-0.839813 -0.356115 1.130192 1.110117
-0.836734 -0.360942 1.129380 1.104322
-0.833633 -0.365758 1.128565 1.098525
-0.830511 -0.370562 1.127747 1.092728
-0.827367 -0.375355 1.126927 1.086929
-0.824202 -0.380136 1.126104 1.081130
-0.821015 -0.384906 1.125279 1.075331
-0.817808 -0.389664 1.124452 1.069531
-0.814579 -0.394410 1.123623 1.063731
-0.811328 -0.399143 1.122791 1.057930
-0.808057 -0.403865 1.121957 1.052129
-0.804765 -0.408574 1.121122 1.046328
-0.801451 -0.413271 1.120284 1.040527
-0.798117 -0.417955 1.119445 1.034727
-0.794762 -0.422627 1.118603 1.028926
-0.791386 -0.427285 1.117760 1.023126
-0.787990 -0.431931 1.116915 1.017326
-0.784573 -0.436564 1.116069 1.011527
-0.781135 -0.441183 1.115221 1.005728
-0.777677 -0.445790 1.114372 0.999930
-0.774198 -0.450383 1.113521 0.994132
-0.770699 -0.454962 1.112669 0.988336
-0.767180 -0.459528 1.111816 0.982541
-0.763640 -0.464080 1.110961 0.976746
-0.760080 -0.468618 1.110105 0.970953
-0.756500 -0.473142 1.109249 0.965162
-0.752901 -0.477652 1.108391 0.959371
-0.749281 -0.482148 1.107532 0.953582
-0.745641 -0.486630 1.106673 0.947795
-0.741981 -0.491097 1.105812 0.942010
-0.738302 -0.495550 1.104951 0.936226
-0.734603 -0.499988 1.104090 0.930444
-0.730885 -0.504412 1.103227 0.924664
-0.727147 -0.508821 1.102364 0.918886
-0.723389 -0.513214 1.101501 0.913110
-0.719612 -0.517593 1.100637 0.907337
-0.715816 -0.521956 1.099773 0.901566
-0.712001 -0.526305 1.098909 0.895798
-0.708166 -0.530638 1.098044 0.890032
-0.704313 -0.534955 1.097179 0.884268
-0.700440 -0.539257 1.096314 0.878508
-0.696548 -0.543543 1.095450 0.872750
-0.692638 -0.547814 1.094585 0.866996
-0.688709 -0.552068 1.093720 0.861244
-0.684761 -0.556307 1.092855 0.855496
-0.680794 -0.560529 1.091991 0.849751
-0.676809 -0.564736 1.091127 0.844009
-0.672806 -0.568926 1.090263 0.838271
-0.668784 -0.573100 1.089399 0.832536
-0.664744 -0.577257 1.088536 0.826805
-0.660685 -0.581398 1.087674 0.821078
-0.656609 -0.585522 1.086812 0.815355
-0.652514 -0.589629 1.085951 0.809635
-0.648401 -0.593720 1.085090 0.803920
-0.644271 -0.597793 1.084230 0.798209
-0.640123 -0.601850 1.083371 0.792502
-0.635956 -0.605889 1.082513 0.786799
-0.631773 -0.609912 1.081656 0.781101
-0.627571 -0.613917 1.080800 0.775408
-0.623352 -0.617904 1.079944 0.769719
-0.619116 -0.621875 1.079090 0.764035
-0.614862 -0.625827 1.078237 0.758355
-0.610592 -0.629762 1.077386 0.752681
-0.606303 -0.633679 1.076535 0.747011
-0.601998 -0.637579 1.075686 0.741347
-0.597676 -0.641460 1.074838 0.735688
-0.593337 -0.645324 1.073992 0.730034
-0.588981 -0.649169 1.073147 0.724386
-0.584609 -0.652997 1.072303 0.718743
-0.580219 -0.656806 1.071462 0.713106
-0.575813 -0.660597 1.070621 0.707475
-0.571391 -0.664369 1.069783 0.701849
-0.566952 -0.668123 1.068946 0.696230
-0.562497 -0.671858 1.068111 0.690616
-0.558026 -0.675575 1.067278 0.685008
-0.553538 -0.679273 1.066447 0.679407
-0.549035 -0.682952 1.065618 0.673812
-0.544515 -0.686613 1.064790 0.668223
-0.539980 -0.690254 1.063965 0.662641
-0.535429 -0.693876 1.063142 0.657065
-0.530862 -0.697480 1.062321 0.651496
-0.526279 -0.701064 1.061503 0.645934
-0.521681 -0.704629 1.060686 0.640378
-0.517068 -0.708175 1.059872 0.634830
-0.512439 -0.711701 1.059060 0.629288
-0.507795 -0.715208 1.058250 0.623754
-0.503136 -0.718695 1.057443 0.618227
-0.498462 -0.722163 1.056639 0.612707
-0.493772 -0.725611 1.055837 0.607195
-0.489068 -0.729040 1.055037 0.601690
-0.484349 -0.732448 1.054241 0.596192
-0.479616 -0.735837 1.053446 0.590703
-0.474867 -0.739206 1.052655 0.585221
-0.470105 -0.742555 1.051866 0.579747
-0.465327 -0.745884 1.051080 0.574281
-0.460536 -0.749193 1.050297 0.568824
-0.455730 -0.752482 1.049517 0.563374
-0.450910 -0.755750 1.048740 0.557932
-0.446076 -0.758998 1.047966 0.552499
-0.441228 -0.762226 1.047194 0.547075
-0.436366 -0.765434 1.046426 0.541658
-0.431491 -0.768621 1.045661 0.536251
-0.426601 -0.771787 1.044899 0.530852
-0.421699 -0.774933 1.044140 0.525462
-0.416782 -0.778059 1.043385 0.520081
-0.411852 -0.781164 1.042632 0.514709
-0.406909 -0.784248 1.041883 0.509346
-0.401953 -0.787311 1.041138 0.503992
-0.396984 -0.790353 1.040395 0.498647
-0.392002 -0.793375 1.039656 0.493311
-0.387006 -0.796375 1.038921 0.487985
-0.381998 -0.799355 1.038189 0.482669
-0.376978 -0.802314 1.037460 0.477362
-0.371944 -0.805251 1.036735 0.472065
-0.366898 -0.808168 1.036014 0.466777
-0.361840 -0.811063 1.035296 0.461500
-0.356770 -0.813937 1.034582 0.456232
-0.351687 -0.816790 1.033872 0.450974
-0.346592 -0.819622 1.033165 0.445727
-0.341485 -0.822432 1.032462 0.440490
-0.336366 -0.825221 1.031763 0.435262
-0.331235 -0.827989 1.031068 0.430046
-0.326093 -0.830735 1.030377 0.424840
-0.320939 -0.833459 1.029689 0.419644
-0.315773 -0.836162 1.029005 0.414459
-0.310596 -0.838844 1.028326 0.409285
-0.305408 -0.841504 1.027650 0.404121
-0.300208 -0.844142 1.026978 0.398968
-0.294998 -0.846759 1.026311 0.393827
-0.289776 -0.849354 1.025647 0.388696
-0.284543 -0.851927 1.024988 0.383576
-0.279300 -0.854478 1.024332 0.378468
-0.274046 -0.857008 1.023681 0.373371
-0.268781 -0.859516 1.023034 0.368285
-0.263506 -0.862002 1.022391 0.363211
-0.258220 -0.864466 1.021752 0.358149
-0.252925 -0.866908 1.021118 0.353098
-0.247618 -0.869328 1.020488 0.348058
-0.242302 -0.871726 1.019862 0.343031
-0.236976 -0.874102 1.019241 0.338015
-0.231640 -0.876457 1.018623 0.333011
-0.226294 -0.878789 1.018011 0.328019
-0.220939 -0.881099 1.017402 0.323040
-0.215573 -0.883387 1.016798 0.318072
-0.210199 -0.885653 1.016199 0.313117
-0.204815 -0.887897 1.015604 0.308174
-0.199422 -0.890118 1.015013 0.303244
-0.194019 -0.892318 1.014427 0.298326
-0.188608 -0.894495 1.013845 0.293420
-0.183187 -0.896650 1.013268 0.288528
-0.177758 -0.898783 1.012696 0.283647
-0.172320 -0.900894 1.012128 0.278780
-0.166874 -0.902982 1.011565 0.273926
-0.161419 -0.905048 1.011006 0.269084
-0.155955 -0.907092 1.010452 0.264256
-0.150483 -0.909114 1.009902 0.259441
-0.145003 -0.911113 1.009358 0.254638
-0.139515 -0.913090 1.008817 0.249849
-0.134019 -0.915045 1.008282 0.245074
-0.128515 -0.916977 1.007751 0.240312
-0.123003 -0.918887 1.007225 0.235563
-0.117484 -0.920775 1.006704 0.230827
-0.111957 -0.922640 1.006187 0.226106
-0.106422 -0.924483 1.005676 0.221398
-0.100881 -0.926304 1.005168 0.216704
-0.095332 -0.928102 1.004666 0.212023
-0.089775 -0.929878 1.004169 0.207357
-0.084212 -0.931632 1.003676 0.202704
-0.078642 -0.933363 1.003188 0.198066
-0.073065 -0.935072 1.002705 0.193441
-0.067482 -0.936758 1.002227 0.188831
-0.061891 -0.938423 1.001753 0.184235
-0.056295 -0.940064 1.001285 0.179653
-0.050692 -0.941684 1.000821 0.175085
-0.045082 -0.943281 1.000362 0.170533
-0.039467 -0.944856 0.999908 0.165994
-0.033845 -0.946408 0.999459 0.161470
-0.028218 -0.947938 0.999015 0.156961
-0.022585 -0.949446 0.998575 0.152466
-0.016946 -0.950931 0.998141 0.147986
-0.011301 -0.952394 0.997711 0.143521
-0.005651 -0.953835 0.997287 0.139071
0.000005 -0.955254 0.996867 0.134636
0.005665 -0.956650 0.996452 0.130216
0.011331 -0.958024 0.996042 0.125811
0.017002 -0.959376 0.995636 0.121421
0.022678 -0.960705 0.995236 0.117046
0.028359 -0.962013 0.994841 0.112687
0.034044 -0.963298 0.994450 0.108343
0.039735 -0.964561 0.994065 0.104014
0.045429 -0.965801 0.993684 0.099701
0.051128 -0.967020 0.993308 0.095403
0.056831 -0.968216 0.992937 0.091121
0.062539 -0.969391 0.992571 0.086854
0.068250 -0.970543 0.992210 0.082603
0.073966 -0.971673 0.991854 0.078368
0.079685 -0.972781 0.991503 0.074148
0.085408 -0.973867 0.991156 0.069945
0.091135 -0.974931 0.990814 0.065757
0.096865 -0.975973 0.990478 0.061586
0.102599 -0.976993 0.990146 0.057430
0.108336 -0.977992 0.989819 0.053290
0.114076 -0.978968 0.989496 0.049167
0.119819 -0.979922 0.989179 0.045060
0.125565 -0.980855 0.988866 0.040969
0.131314 -0.981765 0.988559 0.036894
0.137065 -0.982654 0.988256 0.032836
0.142820 -0.983522 0.987958 0.028794
0.148576 -0.984367 0.987664 0.024768
0.154335 -0.985191 0.987376 0.020759
0.160097 -0.985993 0.987092 0.016767
0.165860 -0.986773 0.986813 0.012791
0.171626 -0.987532 0.986538 0.008831
0.177393 -0.988269 0.986269 0.004889
0.183163 -0.988985 0.986004 0.000963
0.188934 -0.989679 0.985744 -0.002946
0.194707 -0.990352 0.985488 -0.006838
0.200481 -0.991004 0.985237 -0.010713
0.206257 -0.991634 0.984991 -0.014572
0.212033 -0.992243 0.984750 -0.018413
0.217811 -0.992830 0.984513 -0.022237
0.223591 -0.993396 0.984280 -0.026044
0.229371 -0.993941 0.984053 -0.029835
0.235151 -0.994465 0.983830 -0.033607
0.240933 -0.994968 0.983611 -0.037363
0.246715 -0.995449 0.983397 -0.041102
0.252498 -0.995910 0.983188 -0.044823
0.258281 -0.996349 0.982983 -0.048527
0.264064 -0.996768 0.982782 -0.052213
0.269847 -0.997166 0.982586 -0.055882
0.275631 -0.997543 0.982394 -0.059534
0.281414 -0.997899 0.982207 -0.063168
0.287197 -0.998234 0.982024 -0.066784
0.292980 -0.998549 0.981846 -0.070383
0.298763 -0.998843 0.981672 -0.073964
0.304545 -0.999116 0.981502 -0.077528
0.310326 -0.999369 0.981337 -0.081074
0.316107 -0.999602 0.981176 -0.084602
0.321886 -0.999814 0.981019 -0.088113
0.327665 -1.000005 0.980866 -0.091605
0.333443 -1.000177 0.980718 -0.095080
0.339219 -1.000328 0.980573 -0.098537
0.344994 -1.000459 0.980433 -0.101976
0.350768 -1.000569 0.980297 -0.105397
0.356540 -1.000660 0.980165 -0.108800
0.362311 -1.000730 0.980037 -0.112185
0.368079 -1.000781 0.979914 -0.115552
0.373846 -1.000811 0.979794 -0.118901
0.379611 -1.000822 0.979678 -0.122232
0.385374 -1.000813 0.979566 -0.125544
0.391135 -1.000784 0.979458 -0.128839
0.396893 -1.000736 0.979354 -0.132115
0.402649 -1.000668 0.979254 -0.135373
0.408402 -1.000580 0.979158 -0.138613
0.414153 -1.000473 0.979065 -0.141834
0.419901 -1.000347 0.978976 -0.145038
0.425646 -1.000201 0.978891 -0.148222
0.431388 -1.000036 0.978810 -0.151389
0.437127 -0.999852 0.978732 -0.154537
0.442863 -0.999648 0.978658 -0.157667
0.448595 -0.999426 0.978588 -0.160778
0.454324 -0.999184 0.978521 -0.163870
0.460050 -0.998924 0.978457 -0.166945
0.465772 -0.998645 0.978397 -0.170000
0.471490 -0.998347 0.978341 -0.173037
0.477204 -0.998030 0.978288 -0.176056
0.482914 -0.997694 0.978238 -0.179056
0.488620 -0.997340 0.978192 -0.182037
0.494322 -0.996968 0.978149 -0.185000
0.500020 -0.996577 0.978109 -0.187944
0.505713 -0.996167 0.978072 -0.190869
0.511402 -0.995740 0.978039 -0.193776
0.517086 -0.995294 0.978009 -0.196664
0.522765 -0.994830 0.977982 -0.199533
0.528439 -0.994348 0.977958 -0.202384
0.534109 -0.993848 0.977937 -0.205215
0.539773 -0.993330 0.977919 -0.208028
0.545432 -0.992795 0.977903 -0.210822
0.551086 -0.992241 0.977891 -0.213598
0.556734 -0.991670 0.977882 -0.216354
0.562377 -0.991082 0.977875 -0.219092
0.568014 -0.990476 0.977871 -0.221811
0.573646 -0.989852 0.977870 -0.224510
0.579271 -0.989211 0.977872 -0.227191
0.584891 -0.988553 0.977876 -0.229854
0.590504 -0.987878 0.977883 -0.232497
0.596112 -0.987186 0.977892 -0.235121
0.601713 -0.986477 0.977904 -0.237727
0.607308 -0.985751 0.977918 -0.240313
0.612896 -0.985008 0.977935 -0.242880
0.618477 -0.984248 0.977954 -0.245429
0.624052 -0.983472 0.977975 -0.247958
0.629620 -0.982679 0.977999 -0.250469
0.635181 -0.981869 0.978025 -0.252961
0.640735 -0.981044 0.978053 -0.255433
0.646282 -0.980202 0.978083 -0.257887
0.651822 -0.979343 0.978115 -0.260321
0.657354 -0.978469 0.978149 -0.262737
0.662879 -0.977579 0.978185 -0.265134
0.668396 -0.976673 0.978223 -0.267511
0.673906 -0.975750 0.978263 -0.269870
0.679407 -0.974813 0.978305 -0.272209
0.684901 -0.973859 0.978348 -0.274530
0.690387 -0.972890 0.978393 -0.276831
0.695865 -0.971906 0.978440 -0.279114
0.701334 -0.970906 0.978489 -0.281377
0.706795 -0.969891 0.978538 -0.283622
0.712248 -0.968860 0.978590 -0.285847
0.717692 -0.967815 0.978643 -0.288053
0.723127 -0.966754 0.978697 -0.290240
0.728554 -0.965679 0.978753 -0.292409
0.733972 -0.964589 0.978809 -0.294558
0.739381 -0.963484 0.978867 -0.296688
0.744781 -0.962365 0.978927 -0.298799
0.750172 -0.961231 0.978987 -0.300892
0.755553 -0.960083 0.979048 -0.302965
0.760925 -0.958920 0.979111 -0.305019
0.766288 -0.957743 0.979174 -0.307054
0.771641 -0.956553 0.979238 -0.309070
0.776984 -0.955348 0.979303 -0.311068
0.782318 -0.954129 0.979369 -0.313046
0.787641 -0.952896 0.979435 -0.315005
0.792955 -0.951650 0.979503 -0.316945
0.798258 -0.950390 0.979570 -0.318867
0.803552 -0.949117 0.979638 -0.320769
0.808835 -0.947830 0.979707 -0.322653
0.814107 -0.946530 0.979776 -0.324517
0.819369 -0.945217 0.979846 -0.326363
0.824621 -0.943890 0.979915 -0.328190
0.829862 -0.942551 0.979985 -0.329997
0.835092 -0.941199 0.980056 -0.331786
0.840311 -0.939834 0.980126 -0.333556
0.845519 -0.938456 0.980196 -0.335308
0.850716 -0.937066 0.980266 -0.337040
0.855901 -0.935663 0.980337 -0.338754
0.861076 -0.934249 0.980407 -0.340449
0.866239 -0.932821 0.980476 -0.342125
0.871390 -0.931382 0.980546 -0.343782
0.876530 -0.929931 0.980615 -0.345420
0.881658 -0.928467 0.980684 -0.347040
0.886774 -0.926992 0.980753 -0.348641
0.891878 -0.925505 0.980820 -0.350223
0.896971 -0.924007 0.980888 -0.351787
0.902051 -0.922497 0.980954 -0.353332
0.907119 -0.920976 0.981020 -0.354858
0.912175 -0.919444 0.981085 -0.356366
0.917218 -0.917900 0.981150 -0.357855
0.922249 -0.916345 0.981213 -0.359326
0.927267 -0.914780 0.981275 -0.360778
0.932272 -0.913203 0.981337 -0.362211
0.937265 -0.911616 0.981397 -0.363626
0.942245 -0.910018 0.981456 -0.365022
0.947212 -0.908410 0.981514 -0.366400
0.952166 -0.906792 0.981570 -0.367760
0.957106 -0.905163 0.981626 -0.369101
0.962033 -0.903524 0.981679 -0.370424
0.966947 -0.901875 0.981731 -0.371728
0.971848 -0.900216 0.981782 -0.373014
0.976735 -0.898547 0.981831 -0.374282
0.981608 -0.896868 0.981878 -0.375531
0.986467 -0.895180 0.981924 -0.376762
0.991313 -0.893483 0.981967 -0.377975
0.996145 -0.891776 0.982009 -0.379170
1.000962 -0.890060 0.982049 -0.380347
1.005766 -0.888335 0.982086 -0.381505
1.010555 -0.886600 0.982122 -0.382645
1.015330 -0.884857 0.982155 -0.383768
1.020091 -0.883105 0.982186 -0.384872
1.024837 -0.881345 0.982215 -0.385958
1.029568 -0.879575 0.982241 -0.387026
1.034285 -0.877798 0.982265 -0.388077
1.038987 -0.876012 0.982286 -0.389109
1.043674 -0.874218 0.982304 -0.390124
1.048347 -0.872416 0.982320 -0.391120
1.053004 -0.870605 0.982334 -0.392099
1.057646 -0.868787 0.982344 -0.393060
1.062273 -0.866962 0.982351 -0.394003
1.066885 -0.865128 0.982356 -0.394929
1.071481 -0.863287 0.982357 -0.395837
1.076061 -0.861439 0.982355 -0.396727
1.080627 -0.859583 0.982350 -0.397600
1.085176 -0.857721 0.982342 -0.398455
1.089710 -0.855851 0.982331 -0.399293
1.094228 -0.853974 0.982316 -0.400113
1.098730 -0.852091 0.982297 -0.400916
1.103216 -0.850201 0.982275 -0.401702
1.107685 -0.848304 0.982250 -0.402470
1.112139 -0.846401 0.982221 -0.403221
1.116576 -0.844491 0.982187 -0.403954
1.120997 -0.842575 0.982151 -0.404670
1.125402 -0.840654 0.982110 -0.405369
1.129790 -0.838726 0.982065 -0.406051
1.134162 -0.836792 0.982016 -0.406716
1.138516 -0.834853 0.981963 -0.407364
1.142854 -0.832908 0.981906 -0.407995
1.147175 -0.830957 0.981844 -0.408609
1.151480 -0.829001 0.981778 -0.409206
1.155767 -0.827040 0.981708 -0.409786
1.160037 -0.825074 0.981633 -0.410349
1.164290 -0.823103 0.981554 -0.410895
1.168525 -0.821126 0.981470 -0.411425
1.172743 -0.819145 0.981381 -0.411938
1.176944 -0.817160 0.981287 -0.412435
1.181127 -0.815170 0.981189 -0.412914
1.185293 -0.813175 0.981085 -0.413378
1.189441 -0.811176 0.980977 -0.413825
1.193571 -0.809173 0.980863 -0.414255
1.197683 -0.807166 0.980745 -0.414669
1.201778 -0.805154 0.980621 -0.415067
1.205854 -0.803139 0.980491 -0.415448
1.209913 -0.801121 0.980357 -0.415813
1.213953 -0.799098 0.980216 -0.416162
1.217975 -0.797072 0.980071 -0.416495
1.221978 -0.795043 0.979919 -0.416812
1.225964 -0.793011 0.979762 -0.417112
1.229931 -0.790975 0.979599 -0.417397
1.233879 -0.788937 0.979431 -0.417666
1.237808 -0.786895 0.979256 -0.417919
1.241719 -0.784851 0.979076 -0.418156
1.245612 -0.782804 0.978889 -0.418377
1.249485 -0.780755 0.978696 -0.418583
1.253339 -0.778703 0.978497 -0.418773
1.257175 -0.776649 0.978292 -0.418948
1.260991 -0.774593 0.978080 -0.419107
1.264788 -0.772534 0.977862 -0.419250
1.268566 -0.770474 0.977637 -0.419378
1.272325 -0.768412 0.977406 -0.419491
1.276064 -0.766348 0.977168 -0.419588
1.279784 -0.764283 0.976923 -0.419670
1.283485 -0.762216 0.976672 -0.419737
1.287166 -0.760148 0.976413 -0.419789
1.290827 -0.758078 0.976148 -0.419826
1.294468 -0.756008 0.975876 -0.419848
1.298090 -0.753936 0.975596 -0.419855
1.301692 -0.751864 0.975309 -0.419847
1.305274 -0.749791 0.975015 -0.419824
1.308836 -0.747717 0.974714 -0.419786
1.312378 -0.745642 0.974405 -0.419734
1.315899 -0.743568 0.974089 -0.419667
1.319401 -0.741493 0.973765 -0.419585
1.322882 -0.739417 0.973434 -0.419489
1.326343 -0.737342 0.973094 -0.419379
1.329784 -0.735267 0.972747 -0.419254
1.333204 -0.733192 0.972393 -0.419115
1.336603 -0.731117 0.972030 -0.418962
1.339982 -0.729043 0.971659 -0.418794
1.343341 -0.726969 0.971280 -0.418612
1.346678 -0.724895 0.970893 -0.418417
1.349995 -0.722823 0.970498 -0.418207
1.353291 -0.720751 0.970094 -0.417983
1.356566 -0.718681 0.969682 -0.417746
1.359820 -0.716611 0.969262 -0.417494
1.363053 -0.714543 0.968833 -0.417229
1.366265 -0.712476 0.968396 -0.416950
1.369456 -0.710410 0.967949 -0.416658
1.372625 -0.708346 0.967494 -0.416352
1.375773 -0.706283 0.967031 -0.416033
1.378900 -0.704223 0.966558 -0.415700
1.382006 -0.702164 0.966076 -0.415354
1.385090 -0.700107 0.965586 -0.414995
1.388152 -0.698052 0.965086 -0.414623
1.391193 -0.696000 0.964577 -0.414237
1.394212 -0.693950 0.964059 -0.413839
1.397210 -0.691902 0.963531 -0.413427
1.400186 -0.689857 0.962995 -0.413003
1.403140 -0.687814 0.962448 -0.412566
1.406072 -0.685775 0.961892 -0.412116
1.408982 -0.683738 0.961327 -0.411653
1.411870 -0.681704 0.960752 -0.411178
1.414736 -0.679673 0.960167 -0.410690
1.417580 -0.677646 0.959572 -0.410189
1.420402 -0.675622 0.958967 -0.409677
1.423202 -0.673601 0.958353 -0.409152
1.425979 -0.671584 0.957728 -0.408614
1.428735 -0.669570 0.957093 -0.408065
1.431467 -0.667560 0.956448 -0.407503
1.434178 -0.665554 0.955793 -0.406930
1.436866 -0.663552 0.955128 -0.406344
1.439531 -0.661554 0.954452 -0.405747
1.442174 -0.659561 0.953765 -0.405138
1.444794 -0.657571 0.953068 -0.404517
1.447391 -0.655586 0.952361 -0.403884
1.449966 -0.653605 0.951643 -0.403240
1.452518 -0.651630 0.950914 -0.402584
1.455047 -0.649658 0.950174 -0.401917
1.457554 -0.647692 0.949424 -0.401239
1.460037 -0.645730 0.948663 -0.400549
1.462498 -0.643774 0.947890 -0.399848
1.464935 -0.641823 0.947107 -0.399136
1.467350 -0.639876 0.946312 -0.398413
1.469741 -0.637936 0.945506 -0.397679
1.472109 -0.636000 0.944689 -0.396934
1.474454 -0.634071 0.943861 -0.396178
1.476776 -0.632146 0.943021 -0.395412
1.479074 -0.630228 0.942170 -0.394635
1.481349 -0.628315 0.941307 -0.393847
1.483601 -0.626409 0.940433 -0.393049
1.485829 -0.624508 0.939547 -0.392240
1.488034 -0.622614 0.938649 -0.391421
1.490216 -0.620726 0.937739 -0.390592
1.492373 -0.618844 0.936818 -0.389753
1.494508 -0.616968 0.935885 -0.388903
1.496618 -0.615099 0.934939 -0.388044
1.498705 -0.613237 0.933982 -0.387174
1.500768 -0.611382 0.933013 -0.386295
1.502808 -0.609533 0.932031 -0.385406
1.504824 -0.607691 0.931037 -0.384507
1.506816 -0.605856 0.930031 -0.383598
1.508784 -0.604029 0.929012 -0.382680
1.510728 -0.602208 0.927981 -0.381753
1.512648 -0.600395 0.926938 -0.380816
1.514545 -0.598589 0.925882 -0.379870
1.516417 -0.596791 0.924814 -0.378914
1.518265 -0.595000 0.923732 -0.377950
1.520089 -0.593217 0.922638 -0.376976
1.521889 -0.591442 0.921532 -0.375993
1.523665 -0.589675 0.920412 -0.375002
1.525417 -0.587915 0.919280 -0.374002
1.527145 -0.586164 0.918134 -0.372993
1.528848 -0.584421 0.916976 -0.371975
1.530527 -0.582686 0.915804 -0.370949
1.532182 -0.580959 0.914620 -0.369914
1.533812 -0.579241 0.913422 -0.368871
1.535418 -0.577531 0.912211 -0.367820
1.537000 -0.575829 0.910987 -0.366760
1.538557 -0.574137 0.909749 -0.365692
1.540090 -0.572453 0.908498 -0.364616
1.541598 -0.570778 0.907233 -0.363532
1.543082 -0.569112 0.905955 -0.362441
1.544541 -0.567455 0.904663 -0.361341
1.545976 -0.565807 0.903358 -0.360234
1.547386 -0.564168 0.902039 -0.359119
1.548771 -0.562538 0.900706 -0.357996
1.550132 -0.560918 0.899359 -0.356866
1.551468 -0.559307 0.897999 -0.355728
1.552780 -0.557706 0.896624 -0.354584
1.554066 -0.556114 0.895236 -0.353432
1.555328 -0.554532 0.893833 -0.352272
1.556565 -0.552960 0.892417 -0.351106
1.557778 -0.551397 0.890986 -0.349933
1.558965 -0.549845 0.889542 -0.348753
1.560128 -0.548302 0.888083 -0.347566
1.561266 -0.546769 0.886610 -0.346372
1.562379 -0.545247 0.885122 -0.345172
1.563467 -0.543735 0.883620 -0.343965
1.564530 -0.542233 0.882104 -0.342752
1.565568 -0.540741 0.880573 -0.341532
1.566581 -0.539260 0.879028 -0.340306
1.567570 -0.537790 0.877468 -0.339073
1.568533 -0.536329 0.875893 -0.337835
1.569471 -0.534880 0.874304 -0.336590
1.570384 -0.533442 0.872700 -0.335340
1.571272 -0.532014 0.871082 -0.334083
1.572135 -0.530597 0.869448 -0.332821
1.572973 -0.529191 0.867800 -0.331553
1.573786 -0.527796 0.866137 -0.330280
1.574574 -0.526412 0.864459 -0.329001
1.575336 -0.525039 0.862766 -0.327716
1.576074 -0.523678 0.861058 -0.326426
1.576786 -0.522328 0.859335 -0.325131
1.577473 -0.520989 0.857597 -0.323830
1.578135 -0.519661 0.855843 -0.322525
1.578772 -0.518345 0.854075 -0.321214
1.579384 -0.517041 0.852291 -0.319899
1.579970 -0.515748 0.850492 -0.318578
1.580531 -0.514467 0.848677 -0.317253
1.581067 -0.513198 0.846848 -0.315923
1.581577 -0.511941 0.845003 -0.314588
1.582063 -0.510695 0.843142 -0.313249
1.582523 -0.509461 0.841266 -0.311905
1.582958 -0.508240 0.839375 -0.310557
1.583367 -0.507030 0.837468 -0.309205
1.583751 -0.505833 0.835545 -0.307849
1.584110 -0.504648 0.833607 -0.306488
1.584444 -0.503475 0.831653 -0.305124
1.584752 -0.502314 0.829683 -0.303755
1.585035 -0.501165 0.827698 -0.302383
1.585293 -0.500029 0.825697 -0.301006
1.585525 -0.498906 0.823680 -0.299626
1.585732 -0.497795 0.821647 -0.298243
1.585914 -0.496697 0.819598 -0.296856
1.586070 -0.495611 0.817534 -0.295465
1.586201 -0.494538 0.815454 -0.294071
1.586307 -0.493477 0.813357 -0.292674
1.586387 -0.492430 0.811245 -0.291274
1.586442 -0.491395 0.809116 -0.289870
1.586472 -0.490373 0.806972 -0.288464
1.586476 -0.489365 0.804811 -0.287055
1.586455 -0.488369 0.802635 -0.285642
1.586409 -0.487386 0.800442 -0.284227
1.586337 -0.486416 0.798233 -0.282809
1.586240 -0.485459 0.796008 -0.281389
1.586118 -0.484516 0.793766 -0.279966
1.585970 -0.483586 0.791509 -0.278541
1.585797 -0.482669 0.789235 -0.277113
1.585599 -0.481765 0.786944 -0.275683
1.585375 -0.480875 0.784638 -0.274251
1.585126 -0.479998 0.782315 -0.272816
1.584852 -0.479135 0.779975 -0.271380
1.584552 -0.478285 0.777620 -0.269942
1.584227 -0.477448 0.775248 -0.268501
1.583877 -0.476626 0.772859 -0.267059
1.583502 -0.475816 0.770454 -0.265616
1.583101 -0.475021 0.768032 -0.264170
1.582675 -0.474239 0.765594 -0.262723
1.582224 -0.473471 0.763139 -0.261275
1.581748 -0.472716 0.760668 -0.259825
1.581246 -0.471976 0.758180 -0.258374
1.580719 -0.471249 0.755676 -0.256922
1.580167 -0.470536 0.753155 -0.255468
1.579589 -0.469837 0.750617 -0.254014
1.578987 -0.469152 0.748063 -0.252558
1.578359 -0.468481 0.745492 -0.251102
1.577706 -0.467824 0.742904 -0.249645
1.577028 -0.467181 0.740300 -0.248187
1.576325 -0.466552 0.737679 -0.246728
1.575597 -0.465937 0.735041 -0.245269
1.574844 -0.465336 0.732387 -0.243809
1.574065 -0.464749 0.729715 -0.242349
1.573262 -0.464177 0.727027 -0.240889
1.572433 -0.463618 0.724322 -0.239428
1.571579 -0.463074 0.721601 -0.237967
1.570701 -0.462545 0.718862 -0.236506
1.569797 -0.462029 0.716107 -0.235044
1.568868 -0.461528 0.713335 -0.233583
1.567915 -0.461041 0.710546 -0.232122
1.566936 -0.460568 0.707740 -0.230662
1.565932 -0.460110 0.704917 -0.229201
1.564904 -0.459666 0.702078 -0.227741
1.563851 -0.459237 0.699221 -0.226281
1.562772 -0.458822 0.696348 -0.224822
1.561669 -0.458422 0.693458 -0.223363
1.560541 -0.458036 0.690551 -0.221905
1.559389 -0.457664 0.687627 -0.220448
1.558211 -0.457307 0.684686 -0.218991
1.557009 -0.456965 0.681728 -0.217536
1.555782 -0.456637 0.678753 -0.216081
1.554530 -0.456323 0.675762 -0.214627
1.553254 -0.456024 0.672753 -0.213175
1.551953 -0.455740 0.669728 -0.211723
1.550627 -0.455470 0.666685 -0.210273
1.549277 -0.455215 0.663626 -0.208824
1.547902 -0.454975 0.660550 -0.207377
1.546502 -0.454749 0.657457 -0.205931
1.545079 -0.454538 0.654347 -0.204487
1.543630 -0.454341 0.651220 -0.203044
1.542157 -0.454159 0.648076 -0.201603
1.540660 -0.453992 0.644915 -0.200163
1.539138 -0.453839 0.641738 -0.198726
1.537592 -0.453701 0.638543 -0.197290
1.536021 -0.453578 0.635331 -0.195857
1.534426 -0.453469 0.632103 -0.194425
1.532807 -0.453375 0.628858 -0.192996
1.531164 -0.453296 0.625596 -0.191568
1.529496 -0.453232 0.622317 -0.190143
1.527804 -0.453182 0.619021 -0.188721
1.526088 -0.453147 0.615708 -0.187300
1.524348 -0.453126 0.612379 -0.185883
1.522584 -0.453120 0.609032 -0.184467
1.520796 -0.453129 0.605669 -0.183055
1.518984 -0.453153 0.602289 -0.181645
1.517147 -0.453191 0.598892 -0.180237
1.515287 -0.453244 0.595478 -0.178833
1.513403 -0.453312 0.592048 -0.177431
1.511495 -0.453394 0.588601 -0.176033
1.509563 -0.453491 0.585137 -0.174637
1.507608 -0.453602 0.581656 -0.173245
1.505628 -0.453729 0.578159 -0.171855
1.503625 -0.453870 0.574644 -0.170469
1.501598 -0.454025 0.571114 -0.169086
1.499548 -0.454195 0.567566 -0.167707
1.497474 -0.454380 0.564002 -0.166330
1.495376 -0.454579 0.560421 -0.164958
1.493255 -0.454793 0.556824 -0.163589
1.491110 -0.455022 0.553210 -0.162223
1.488942 -0.455265 0.549579 -0.160861
1.486751 -0.455523 0.545932 -0.159503
1.484536 -0.455795 0.542268 -0.158149
1.482298 -0.456082 0.538588 -0.156798
1.480036 -0.456383 0.534891 -0.155451
1.477751 -0.456698 0.531178 -0.154109
1.475444 -0.457029 0.527448 -0.152770
1.473113 -0.457373 0.523702 -0.151436
1.470759 -0.457732 0.519939 -0.150105
1.468381 -0.458106 0.516160 -0.148779
1.465981 -0.458494 0.512365 -0.147457
1.463558 -0.458896 0.508553 -0.146140
1.461112 -0.459313 0.504725 -0.144827
1.458643 -0.459743 0.500881 -0.143518
1.456152 -0.460189 0.497021 -0.142214
1.453637 -0.460648 0.493144 -0.140914
1.451100 -0.461122 0.489251 -0.139620
1.448541 -0.461610 0.485342 -0.138329
1.445958 -0.462112 0.481417 -0.137044
1.443353 -0.462629 0.477476 -0.135763
1.440726 -0.463159 0.473518 -0.134487
1.438076 -0.463704 0.469545 -0.133216
1.435404 -0.464263 0.465556 -0.131951
1.432709 -0.464836 0.461550 -0.130690
1.429992 -0.465422 0.457529 -0.129434
1.427253 -0.466023 0.453492 -0.128183
1.424491 -0.466638 0.449439 -0.126938
1.421708 -0.467267 0.445370 -0.125697
1.418902 -0.467910 0.441285 -0.124462
1.416074 -0.468566 0.437185 -0.123233
1.413224 -0.469237 0.433069 -0.122009
1.410353 -0.469921 0.428937 -0.120790
1.407459 -0.470619 0.424789 -0.119577
1.404544 -0.471331 0.420626 -0.118369
1.401607 -0.472056 0.416448 -0.117167
1.398648 -0.472796 0.412253 -0.115970
1.395668 -0.473548 0.408044 -0.114780
1.392666 -0.474315 0.403819 -0.113595
1.389642 -0.475095 0.399578 -0.112416
1.386597 -0.475888 0.395322 -0.111242
1.383531 -0.476695 0.391051 -0.110075
1.380443 -0.477515 0.386765 -0.108914
1.377334 -0.478349 0.382463 -0.107758
1.374203 -0.479196 0.378147 -0.106609
1.371052 -0.480056 0.373815 -0.105466
1.367879 -0.480930 0.369468 -0.104328
1.364686 -0.481816 0.365106 -0.103197
1.361471 -0.482716 0.360729 -0.102073
1.358235 -0.483629 0.356337 -0.100954
1.354979 -0.484555 0.351930 -0.099842
1.351702 -0.485494 0.347508 -0.098736
1.348404 -0.486446 0.343071 -0.097637
1.345085 -0.487411 0.338620 -0.096544
1.341746 -0.488389 0.334154 -0.095458
1.338386 -0.489380 0.329674 -0.094378
1.335005 -0.490383 0.325179 -0.093305
1.331605 -0.491399 0.320669 -0.092238
1.328184 -0.492428 0.316145 -0.091178
1.324742 -0.493470 0.311606 -0.090125
1.321281 -0.494524 0.307053 -0.089078
1.317799 -0.495590 0.302486 -0.088038
1.314297 -0.496669 0.297904 -0.087005
1.310775 -0.497760 0.293309 -0.085979
1.307233 -0.498864 0.288699 -0.084960
1.303672 -0.499980 0.284075 -0.083948
1.300090 -0.501108 0.279437 -0.082942
1.296489 -0.502249 0.274785 -0.081944
1.292868 -0.503401 0.270119 -0.080953
1.289227 -0.504566 0.265439 -0.079969
1.285567 -0.505742 0.260746 -0.078992
1.281888 -0.506931 0.256038 -0.078022
1.278189 -0.508131 0.251317 -0.077059
1.274470 -0.509343 0.246583 -0.076103
1.270733 -0.510567 0.241835 -0.075155
1.266976 -0.511802 0.237073 -0.074214
1.263200 -0.513050 0.232298 -0.073280
1.259405 -0.514308 0.227510 -0.072354
1.255592 -0.515579 0.222708 -0.071435
1.251759 -0.516860 0.217893 -0.070524
1.247907 -0.518153 0.213065 -0.069620
1.244037 -0.519457 0.208224 -0.068723
1.240148 -0.520773 0.203370 -0.067834
1.236240 -0.522100 0.198503 -0.066952
1.232314 -0.523438 0.193623 -0.066078
1.228370 -0.524786 0.188730 -0.065212
1.224407 -0.526146 0.183825 -0.064353
1.220426 -0.527517 0.178906 -0.063502
1.216426 -0.528898 0.173975 -0.062659
1.212409 -0.530290 0.169032 -0.061823
1.208373 -0.531693 0.164076 -0.060995
1.204319 -0.533107 0.159108 -0.060174
1.200248 -0.534531 0.154127 -0.059362
1.196158 -0.535965 0.149134 -0.058557
1.192051 -0.537410 0.144129 -0.057760
1.187926 -0.538866 0.139112 -0.056971
1.183784 -0.540331 0.134083 -0.056190
1.179624 -0.541807 0.129042 -0.055417
1.175446 -0.543292 0.123989 -0.054651
1.171252 -0.544788 0.118924 -0.053894
1.167040 -0.546294 0.113847 -0.053144
1.162810 -0.547809 0.108759 -0.052403
1.158564 -0.549334 0.103659 -0.051669
1.154301 -0.550869 0.098548 -0.050944
1.150020 -0.552414 0.093425 -0.050226
1.145723 -0.553968 0.088291 -0.049517
1.141409 -0.555532 0.083146 -0.048815
1.137078 -0.557105 0.077990 -0.048122
1.132731 -0.558687 0.072822 -0.047437
1.128367 -0.560279 0.067643 -0.046760
1.123986 -0.561879 0.062454 -0.046091
1.119590 -0.563489 0.057253 -0.045430
1.115176 -0.565108 0.052042 -0.044778
1.110747 -0.566735 0.046820 -0.044133
1.106302 -0.568372 0.041588 -0.043497
1.101840 -0.570017 0.036345 -0.042869
1.097363 -0.571670 0.031092 -0.042249
1.092869 -0.573333 0.025828 -0.041638
1.088360 -0.575004 0.020554 -0.041034
1.083835 -0.576683 0.015269 -0.040439
1.079295 -0.578370 0.009975 -0.039853
1.074739 -0.580066 0.004671 -0.039274
1.070168 -0.581770 -0.000644 -0.038704
1.065581 -0.583482 -0.005968 -0.038142
1.060979 -0.585201 -0.011301 -0.037588
1.056361 -0.586929 -0.016645 -0.037043
1.051729 -0.588665 -0.021998 -0.036506
1.047082 -0.590408 -0.027361 -0.035978
1.042419 -0.592158 -0.032733 -0.035457
1.037742 -0.593917 -0.038114 -0.034945
1.033050 -0.595682 -0.043504 -0.034442
1.028344 -0.597455 -0.048904 -0.033946
1.023623 -0.599235 -0.054313 -0.033460
1.018887 -0.601023 -0.059730 -0.032981
1.014137 -0.602817 -0.065156 -0.032511
1.009373 -0.604619 -0.070592 -0.032049
1.004594 -0.606427 -0.076035 -0.031596
0.999802 -0.608242 -0.081488 -0.031151
0.994995 -0.610063 -0.086949 -0.030714
0.990174 -0.611892 -0.092418 -0.030286
0.985340 -0.613726 -0.097895 -0.029866
0.980492 -0.615567 -0.103381 -0.029454
0.975630 -0.617415 -0.108875 -0.029051
0.970754 -0.619268 -0.114376 -0.028657
0.965865 -0.621128 -0.119886 -0.028270
0.960963 -0.622994 -0.125403 -0.027892
0.956047 -0.624865 -0.130928 -0.027523
0.951119 -0.626743 -0.136461 -0.027161
0.946177 -0.628626 -0.142001 -0.026808
0.941222 -0.630515 -0.147549 -0.026464
0.936254 -0.632409 -0.153104 -0.026128
0.931273 -0.634309 -0.158666 -0.025800
0.926279 -0.636214 -0.164235 -0.025480
0.921273 -0.638124 -0.169811 -0.025169
0.916255 -0.640039 -0.175395 -0.024867
0.911223 -0.641960 -0.180984 -0.024572
0.906180 -0.643885 -0.186581 -0.024286
0.901124 -0.645815 -0.192184 -0.024008
0.896056 -0.647750 -0.197794 -0.023739
0.890976 -0.649690 -0.203410 -0.023477
0.885884 -0.651634 -0.209033 -0.023225
0.880780 -0.653582 -0.214661 -0.022980
0.875665 -0.655535 -0.220296 -0.022744
0.870537 -0.657492 -0.225937 -0.022515
0.865398 -0.659453 -0.231583 -0.022296
0.860248 -0.661418 -0.237235 -0.022084
0.855086 -0.663387 -0.242893 -0.021881
0.849912 -0.665360 -0.248557 -0.021685
0.844728 -0.667336 -0.254226 -0.021498
0.839532 -0.669316 -0.259900 -0.021319
0.834326 -0.671300 -0.265580 -0.021149
0.829108 -0.673287 -0.271265 -0.020986
0.823880 -0.675277 -0.276954 -0.020832
0.818641 -0.677271 -0.282649 -0.020686
0.813391 -0.679267 -0.288348 -0.020548
0.808131 -0.681267 -0.294053 -0.020417
0.802860 -0.683269 -0.299761 -0.020296
0.797579 -0.685274 -0.305475 -0.020182
0.792288 -0.687282 -0.311192 -0.020076
0.786987 -0.689292 -0.316914 -0.019978
0.781675 -0.691305 -0.322640 -0.019888
0.776354 -0.693320 -0.328371 -0.019806
0.771022 -0.695337 -0.334105 -0.019732
0.765681 -0.697357 -0.339843 -0.019666
0.760331 -0.699378 -0.345584 -0.019608
0.754971 -0.701402 -0.351329 -0.019558
0.749601 -0.703427 -0.357078 -0.019515
0.744222 -0.705454 -0.362830 -0.019481
0.738834 -0.707482 -0.368586 -0.019454
0.733436 -0.709512 -0.374344 -0.019435
0.728030 -0.711543 -0.380106 -0.019424
0.722615 -0.713576 -0.385870 -0.019421
0.717191 -0.715610 -0.391638 -0.019425
0.711758 -0.717644 -0.397408 -0.019437
0.706316 -0.719680 -0.403181 -0.019457
0.700866 -0.721716 -0.408956 -0.019484
0.695407 -0.723754 -0.414733 -0.019519
0.689940 -0.725791 -0.420513 -0.019562
0.684465 -0.727830 -0.426295 -0.019612
0.678982 -0.729868 -0.432079 -0.019670
0.673491 -0.731907 -0.437865 -0.019735
0.667991 -0.733946 -0.443653 -0.019808
0.662484 -0.735986 -0.449442 -0.019888
0.656969 -0.738025 -0.455233 -0.019975
0.651447 -0.740064 -0.461025 -0.020070
0.645917 -0.742102 -0.466819 -0.020172
0.640379 -0.744141 -0.472614 -0.020282
0.634835 -0.746178 -0.478410 -0.020399
0.629283 -0.748216 -0.484207 -0.020523
0.623723 -0.750252 -0.490005 -0.020654
0.618157 -0.752288 -0.495804 -0.020793
0.612584 -0.754322 -0.501603 -0.020939
0.607004 -0.756356 -0.507403 -0.021092
0.601418 -0.758388 -0.513203 -0.021252
0.595825 -0.760420 -0.519004 -0.021419
0.590225 -0.762450 -0.524804 -0.021593
0.584619 -0.764478 -0.530605 -0.021774
0.579006 -0.766505 -0.536406 -0.021961
0.573388 -0.768530 -0.542206 -0.022156
0.567763 -0.770553 -0.548006 -0.022358
0.562132 -0.772574 -0.553806 -0.022567
0.556496 -0.774593 -0.559605 -0.022782
0.550854 -0.776610 -0.565404 -0.023004
0.545205 -0.778625 -0.571201 -0.023233
0.539552 -0.780638 -0.576998 -0.023468
0.533893 -0.782648 -0.582794 -0.023710
0.528228 -0.784655 -0.588589 -0.023959
0.522559 -0.786660 -0.594382 -0.024214
0.516884 -0.788661 -0.600174 -0.024476
0.511204 -0.790660 -0.605964 -0.024744
0.505519 -0.792656 -0.611753 -0.025019
0.499829 -0.794649 -0.617540 -0.025300
0.494135 -0.796638 -0.623326 -0.025587
0.488435 -0.798624 -0.629109 -0.025881
0.482732 -0.800606 -0.634890 -0.026181
0.477023 -0.802585 -0.640669 -0.026487
0.471311 -0.804560 -0.646446 -0.026799
0.465594 -0.806532 -0.652220 -0.027118
0.459873 -0.808499 -0.657992 -0.027442
0.454149 -0.810462 -0.663760 -0.027773
0.448420 -0.812421 -0.669527 -0.028109
0.442687 -0.814376 -0.675290 -0.028451
0.436951 -0.816327 -0.681050 -0.028800
0.431211 -0.818273 -0.686806 -0.029154
0.425468 -0.820214 -0.692560 -0.029514
0.419721 -0.822151 -0.698310 -0.029879
0.413971 -0.824083 -0.704057 -0.030251
0.408217 -0.826010 -0.709799 -0.030628
0.402461 -0.827932 -0.715538 -0.031010
0.396702 -0.829848 -0.721273 -0.031398
0.390939 -0.831760 -0.727005 -0.031792
0.385174 -0.833666 -0.732731 -0.032191
0.379407 -0.835567 -0.738454 -0.032595
0.373636 -0.837462 -0.744172 -0.033005
0.367864 -0.839351 -0.749886 -0.033420
0.362089 -0.841234 -0.755595 -0.033840
0.356311 -0.843112 -0.761299 -0.034266
0.350532 -0.844983 -0.766998 -0.034696
0.344750 -0.846849 -0.772693 -0.035132
0.338967 -0.848708 -0.778382 -0.035572
0.333181 -0.850561 -0.784066 -0.036018
0.327394 -0.852407 -0.789744 -0.036469
0.321606 -0.854247 -0.795417 -0.036924
0.315815 -0.856080 -0.801085 -0.037384
0.310024 -0.857906 -0.806746 -0.037849
0.304231 -0.859725 -0.812402 -0.038319
0.298437 -0.861538 -0.818052 -0.038793
0.292641 -0.863343 -0.823695 -0.039271
0.286845 -0.865141 -0.829333 -0.039755
0.281048 -0.866931 -0.834964 -0.040242
0.275250 -0.868714 -0.840588 -0.040735
0.269451 -0.870490 -0.846206 -0.041231
0.263652 -0.872258 -0.851817 -0.041732
0.257852 -0.874018 -0.857422 -0.042237
0.252052 -0.875771 -0.863019 -0.042746
0.246252 -0.877515 -0.868609 -0.043259
0.240451 -0.879251 -0.874192 -0.043776
0.234650 -0.880979 -0.879768 -0.044298
0.228850 -0.882699 -0.885336 -0.044823
0.223049 -0.884411 -0.890897 -0.045352
0.217249 -0.886113 -0.896450 -0.045885
0.211449 -0.887808 -0.901995 -0.046421
0.205649 -0.889493 -0.907532 -0.046962
0.199850 -0.891170 -0.913061 -0.047505
0.194052 -0.892838 -0.918582 -0.048053
0.188254 -0.894497 -0.924095 -0.048604
0.182458 -0.896146 -0.929599 -0.049158
0.176662 -0.897787 -0.935094 -0.049716
0.170867 -0.899418 -0.940581 -0.050277
0.165073 -0.901040 -0.946059 -0.050841
0.159281 -0.902652 -0.951529 -0.051408
0.153490 -0.904254 -0.956989 -0.051979
0.147700 -0.905847 -0.962440 -0.052552
0.141913 -0.907430 -0.967881 -0.053129
0.136126 -0.909003 -0.973314 -0.053708
0.130342 -0.910566 -0.978737 -0.054290
0.124559 -0.912119 -0.984150 -0.054875
0.118778 -0.913661 -0.989553 -0.055463
0.113000 -0.915193 -0.994947 -0.056053
0.107223 -0.916715 -1.000330 -0.056646
0.101449 -0.918226 -1.005704 -0.057242
0.095677 -0.919727 -1.011067 -0.057840
0.089908 -0.921216 -1.016420 -0.058440
0.084141 -0.922695 -1.021762 -0.059042
0.078377 -0.924163 -1.027094 -0.059647
0.072616 -0.925620 -1.032415 -0.060254
0.066857 -0.927066 -1.037725 -0.060863
0.061102 -0.928501 -1.043024 -0.061474
0.055350 -0.929924 -1.048312 -0.062087
0.049600 -0.931336 -1.053589 -0.062702
0.043854 -0.932736 -1.058855 -0.063319
0.038112 -0.934124 -1.064109 -0.063937
0.032373 -0.935501 -1.069352 -0.064557
0.026637 -0.936866 -1.074583 -0.065179
0.020906 -0.938220 -1.079802 -0.065803
0.015178 -0.939561 -1.085010 -0.066427
0.009453 -0.940890 -1.090205 -0.067054
0.003733 -0.942207 -1.095388 -0.067681
-0.001983 -0.943511 -1.100560 -0.068310
-0.007695 -0.944804 -1.105718 -0.068940
-0.013402 -0.946083 -1.110864 -0.069571
-0.019106 -0.947351 -1.115998 -0.070203
-0.024805 -0.948605 -1.121119 -0.070836
-0.030499 -0.949847 -1.126227 -0.071470
-0.036188 -0.951076 -1.131322 -0.072104
-0.041873 -0.952292 -1.136404 -0.072740
-0.047553 -0.953495 -1.141473 -0.073376
-0.053228 -0.954685 -1.146529 -0.074013
-0.058898 -0.955862 -1.151571 -0.074650
-0.064563 -0.957025 -1.156600 -0.075288
-0.070223 -0.958175 -1.161615 -0.075926
-0.075877 -0.959312 -1.166616 -0.076564
-0.081526 -0.960435 -1.171604 -0.077203
-0.087169 -0.961544 -1.176577 -0.077842
-0.092807 -0.962640 -1.181537 -0.078481
-0.098439 -0.963722 -1.186482 -0.079119
-0.104065 -0.964790 -1.191413 -0.079758
-0.109685 -0.965844 -1.196330 -0.080397
-0.115299 -0.966884 -1.201232 -0.081035
-0.120907 -0.967909 -1.206119 -0.081673
-0.126509 -0.968921 -1.210992 -0.082311
-0.132105 -0.969918 -1.215850 -0.082948
-0.137694 -0.970901 -1.220693 -0.083585
-0.143276 -0.971869 -1.225521 -0.084221
-0.148852 -0.972823 -1.230333 -0.084856
-0.154422 -0.973762 -1.235131 -0.085491
-0.159985 -0.974687 -1.239912 -0.086125
-0.165540 -0.975596 -1.244679 -0.086758
-0.171089 -0.976491 -1.249430 -0.087390
-0.176631 -0.977371 -1.254165 -0.088021
-0.182166 -0.978236 -1.258884 -0.088650
-0.187693 -0.979085 -1.263587 -0.089279
-0.193213 -0.979920 -1.268275 -0.089906
-0.198726 -0.980739 -1.272946 -0.090532
-0.204231 -0.981543 -1.277601 -0.091156
-0.209729 -0.982331 -1.282239 -0.091779
-0.215219 -0.983104 -1.286861 -0.092400
-0.220701 -0.983861 -1.291466 -0.093020
-0.226175 -0.984603 -1.296055 -0.093638
-0.231641 -0.985328 -1.300627 -0.094253
-0.237099 -0.986038 -1.305182 -0.094867
-0.242549 -0.986733 -1.309720 -0.095479
-0.247991 -0.987411 -1.314241 -0.096089
-0.253425 -0.988073 -1.318745 -0.096697
-0.258850 -0.988719 -1.323231 -0.097303
-0.264266 -0.989349 -1.327700 -0.097906
-0.269674 -0.989963 -1.332152 -0.098506
-0.275074 -0.990560 -1.336586 -0.099105
-0.280464 -0.991141 -1.341002 -0.099700
-0.285846 -0.991705 -1.345400 -0.100294
-0.291219 -0.992254 -1.349780 -0.100884
-0.296582 -0.992785 -1.354143 -0.101471
-0.301937 -0.993300 -1.358487 -0.102056
-0.307282 -0.993798 -1.362813 -0.102638
-0.312618 -0.994279 -1.367121 -0.103217
-0.317945 -0.994743 -1.371410 -0.103792
-0.323262 -0.995191 -1.375681 -0.104365
-0.328570 -0.995621 -1.379933 -0.104934
-0.333868 -0.996035 -1.384167 -0.105500
-0.339156 -0.996431 -1.388381 -0.106062
-0.344435 -0.996810 -1.392577 -0.106621
-0.349703 -0.997172 -1.396754 -0.107176
-0.354962 -0.997517 -1.400911 -0.107728
-0.360210 -0.997844 -1.405050 -0.108275
-0.365449 -0.998154 -1.409169 -0.108819
-0.370677 -0.998447 -1.413269 -0.109359
-0.375895 -0.998721 -1.417349 -0.109896
-0.381102 -0.998979 -1.421410 -0.110428
-0.386299 -0.999218 -1.425451 -0.110955
-0.391485 -0.999440 -1.429472 -0.111479
-0.396661 -0.999644 -1.433473 -0.111998
-0.401826 -0.999831 -1.437455 -0.112513
-0.406980 -0.999999 -1.441416 -0.113024
-0.412124 -1.000150 -1.445358 -0.113530
-0.417256 -1.000282 -1.449279 -0.114031
-0.422377 -1.000397 -1.453180 -0.114527
-0.427487 -1.000493 -1.457060 -0.115019
-0.432586 -1.000571 -1.460920 -0.115506
-0.437674 -1.000631 -1.464759 -0.115988
-0.442750 -1.000673 -1.468578 -0.116465
-0.447814 -1.000696 -1.472376 -0.116937
-0.452868 -1.000701 -1.476153 -0.117403
-0.457909 -1.000688 -1.479909 -0.117864
-0.462939 -1.000656 -1.483645 -0.118320
-0.467957 -1.000606 -1.487359 -0.118771
-0.472963 -1.000537 -1.491051 -0.119216
-0.477958 -1.000450 -1.494723 -0.119655
-0.482940 -1.000344 -1.498373 -0.120089
-0.487910 -1.000219 -1.502002 -0.120517
-0.492868 -1.000076 -1.505610 -0.120939
-0.497814 -0.999914 -1.509195 -0.121356
-0.502747 -0.999733 -1.512759 -0.121766
-0.507669 -0.999533 -1.516302 -0.122170
-0.512577 -0.999314 -1.519822 -0.122568
-0.517473 -0.999076 -1.523320 -0.122960
-0.522357 -0.998819 -1.526797 -0.123345
-0.527228 -0.998544 -1.530251 -0.123725
-0.532086 -0.998249 -1.533684 -0.124097
-0.536931 -0.997935 -1.537094 -0.124463
-0.541763 -0.997602 -1.540481 -0.124823
-0.546582 -0.997250 -1.543846 -0.125176
-0.551389 -0.996878 -1.547189 -0.125522
-0.556182 -0.996487 -1.550509 -0.125861
-0.560962 -0.996077 -1.553807 -0.126193
-0.565728 -0.995648 -1.557082 -0.126518
-0.570482 -0.995199 -1.560334 -0.126836
-0.575221 -0.994731 -1.563563 -0.127147
-0.579948 -0.994244 -1.566769 -0.127451
-0.584661 -0.993737 -1.569953 -0.127747
-0.589360 -0.993210 -1.573113 -0.128036
-0.594045 -0.992664 -1.576250 -0.128318
-0.598717 -0.992099 -1.579364 -0.128592
-0.603375 -0.991514 -1.582454 -0.128858
-0.608019 -0.990909 -1.585521 -0.129116
-0.612649 -0.990285 -1.588565 -0.129367
-0.617265 -0.989641 -1.591585 -0.129610
-0.621867 -0.988977 -1.594582 -0.129845
-0.626455 -0.988294 -1.597555 -0.130072
-0.631028 -0.987590 -1.600504 -0.130291
-0.635587 -0.986867 -1.603430 -0.130501
-0.640132 -0.986125 -1.606331 -0.130704
-0.644663 -0.985362 -1.609209 -0.130898
-0.649179 -0.984580 -1.612063 -0.131083
-0.653680 -0.983777 -1.614893 -0.131261
-0.658167 -0.982955 -1.617698 -0.131429
-0.662639 -0.982113 -1.620480 -0.131589
-0.667096 -0.981251 -1.623237 -0.131740
-0.671538 -0.980369 -1.625970 -0.131883
-0.675966 -0.979468 -1.628678 -0.132017
-0.680378 -0.978546 -1.631362 -0.132141
-0.684776 -0.977604 -1.634022 -0.132257
-0.689158 -0.976642 -1.636657 -0.132364
-0.693526 -0.975660 -1.639268 -0.132461
-0.697878 -0.974658 -1.641854 -0.132549
-0.702215 -0.973636 -1.644415 -0.132628
-0.706536 -0.972594 -1.646951 -0.132698
-0.710843 -0.971532 -1.649462 -0.132758
-0.715134 -0.970450 -1.651949 -0.132808
-0.719409 -0.969347 -1.654411 -0.132849
-0.723669 -0.968225 -1.656847 -0.132880
-0.727913 -0.967082 -1.659259 -0.132902
-0.732141 -0.965920 -1.661645 -0.132914
-0.736354 -0.964737 -1.664007 -0.132915
-0.740551 -0.963534 -1.666343 -0.132907
-0.744732 -0.962311 -1.668654 -0.132889
-0.748897 -0.961067 -1.670939 -0.132861
-0.753047 -0.959804 -1.673199 -0.132822
-0.757180 -0.958520 -1.675434 -0.132774
-0.761297 -0.957216 -1.677643 -0.132715
-0.765398 -0.955892 -1.679827 -0.132645
-0.769483 -0.954548 -1.681985 -0.132565
-0.773552 -0.953183 -1.684117 -0.132475
-0.777605 -0.951799 -1.686224 -0.132374
-0.781641 -0.950394 -1.688305 -0.132262
-0.785660 -0.948969 -1.690360 -0.132140
-0.789664 -0.947524 -1.692390 -0.132007
-0.793651 -0.946058 -1.694393 -0.131862
-0.797621 -0.944573 -1.696371 -0.131707
-0.801575 -0.943067 -1.698323 -0.131541
-0.805512 -0.941541 -1.700249 -0.131364
-0.809432 -0.939995 -1.702148 -0.131176
-0.813336 -0.938428 -1.704022 -0.130976
-0.817222 -0.936842 -1.705870 -0.130765
-0.821092 -0.935235 -1.707691 -0.130543
-0.824946 -0.933609 -1.709486 -0.130310
-0.828782 -0.931962 -1.711255 -0.130065
-0.832601 -0.930294 -1.712998 -0.129808
-0.836403 -0.928607 -1.714714 -0.129540
-0.840188 -0.926900 -1.716404 -0.129260
-0.843956 -0.925172 -1.718068 -0.128968
-0.847707 -0.923425 -1.719705 -0.128665
-0.851441 -0.921657 -1.721316 -0.128349
-0.855157 -0.919869 -1.722900 -0.128022
-0.858856 -0.918062 -1.724458 -0.127682
-0.862538 -0.916234 -1.725989 -0.127331
-0.866202 -0.914386 -1.727493 -0.126968
-0.869849 -0.912518 -1.728971 -0.126592
-0.873478 -0.910630 -1.730422 -0.126204
-0.877090 -0.908722 -1.731847 -0.125803
-0.880685 -0.906794 -1.733245 -0.125391
-0.884261 -0.904847 -1.734616 -0.124965
-0.887820 -0.902879 -1.735960 -0.124528
-0.891362 -0.900891 -1.737278 -0.124077
-0.894885 -0.898884 -1.738568 -0.123615
-0.898391 -0.896856 -1.739832 -0.123139
-0.901879 -0.894809 -1.741069 -0.122651
-0.905350 -0.892742 -1.742279 -0.122149
-0.908802 -0.890655 -1.743462 -0.121635
-0.912236 -0.888549 -1.744618 -0.121108
-0.915653 -0.886422 -1.745747 -0.120568
-0.919051 -0.884276 -1.746849 -0.120015
-0.922432 -0.882110 -1.747924 -0.119449
-0.925794 -0.879925 -1.748972 -0.118870
-0.929138 -0.877720 -1.749993 -0.118277
-0.932465 -0.875495 -1.750987 -0.117671
-0.935772 -0.873251 -1.751953 -0.117052
-0.939062 -0.870987 -1.752893 -0.116420
-0.942334 -0.868704 -1.753805 -0.115773
-0.945587 -0.866401 -1.754690 -0.115114
-0.948822 -0.864078 -1.755548 -0.114441
-0.952038 -0.861736 -1.756379 -0.113754
-0.955237 -0.859375 -1.757183 -0.113054
-0.958416 -0.856995 -1.757959 -0.112339
-0.961578 -0.854595 -1.758708 -0.111611
-0.964721 -0.852176 -1.759430 -0.110870
-0.967845 -0.849737 -1.760124 -0.110114
-0.970951 -0.847279 -1.760792 -0.109344
-0.974038 -0.844803 -1.761431 -0.108561
-0.977107 -0.842307 -1.762044 -0.107763
-0.980157 -0.839791 -1.762629 -0.106951
-0.983188 -0.837257 -1.763187 -0.106125
-0.986201 -0.834704 -1.763718 -0.105285
-0.989195 -0.832132 -1.764221 -0.104431
-0.992170 -0.829541 -1.764697 -0.103562
-0.995127 -0.826930 -1.765145 -0.102679
-0.998065 -0.824301 -1.765566 -0.101781
-1.000984 -0.821654 -1.765960 -0.100869
-1.003884 -0.818987 -1.766326 -0.099943
-1.006765 -0.816302 -1.766665 -0.099002
-1.009627 -0.813598 -1.766976 -0.098046
-1.012471 -0.810875 -1.767260 -0.097076
-1.015295 -0.808134 -1.767517 -0.096091
-1.018101 -0.805374 -1.767746 -0.095091
-1.020887 -0.802596 -1.767948 -0.094077
-1.023655 -0.799799 -1.768123 -0.093048
-1.026404 -0.796984 -1.768270 -0.092004
-1.029133 -0.794150 -1.768389 -0.090944
-1.031844 -0.791299 -1.768481 -0.089870
-1.034535 -0.788429 -1.768546 -0.088781
-1.037207 -0.785540 -1.768583 -0.087677
-1.039861 -0.782634 -1.768593 -0.086558
-1.042495 -0.779709 -1.768576 -0.085423
-1.045109 -0.776767 -1.768531 -0.084274
-1.047705 -0.773806 -1.768459 -0.083109
-1.050282 -0.770828 -1.768359 -0.081929
-1.052839 -0.767831 -1.768232 -0.080733
-1.055377 -0.764817 -1.768078 -0.079523
-1.057896 -0.761785 -1.767896 -0.078297
-1.060395 -0.758735 -1.767687 -0.077055
-1.062876 -0.755668 -1.767451 -0.075798
-1.065337 -0.752583 -1.767187 -0.074525
-1.067778 -0.749481 -1.766896 -0.073237
-1.070201 -0.746361 -1.766578 -0.071934
-1.072604 -0.743224 -1.766232 -0.070614
-1.074987 -0.740069 -1.765859 -0.069279
-1.077352 -0.736897 -1.765459 -0.067929
-1.079697 -0.733708 -1.765031 -0.066562
-1.082022 -0.730501 -1.764577 -0.065180
-1.084328 -0.727278 -1.764095 -0.063782
-1.086615 -0.724037 -1.763586 -0.062368
-1.088883 -0.720780 -1.763049 -0.060938
-1.091131 -0.717505 -1.762486 -0.059493
-1.093359 -0.714214 -1.761895 -0.058031
-1.095568 -0.710906 -1.761277 -0.056554
-1.097758 -0.707581 -1.760632 -0.055060
-1.099928 -0.704240 -1.759960 -0.053551
-1.102079 -0.700882 -1.759261 -0.052025
-1.104210 -0.697508 -1.758534 -0.050483
-1.106322 -0.694117 -1.757781 -0.048925
-1.108414 -0.690710 -1.757001 -0.047351
-1.110487 -0.687286 -1.756193 -0.045761
-1.112540 -0.683846 -1.755359 -0.044154
-1.114574 -0.680391 -1.754498 -0.042532
-1.116588 -0.676919 -1.753610 -0.040893
-1.118583 -0.673431 -1.752695 -0.039237
-1.120558 -0.669927 -1.751753 -0.037566
-1.122514 -0.666407 -1.750784 -0.035878
-1.124450 -0.662871 -1.749788 -0.034173
-1.126367 -0.659320 -1.748766 -0.032453
-1.128264 -0.655753 -1.747717 -0.030715
-1.130142 -0.652171 -1.746641 -0.028962
-1.132000 -0.648573 -1.745538 -0.027191
-1.133839 -0.644960 -1.744409 -0.025405
-1.135658 -0.641331 -1.743253 -0.023601
-1.137458 -0.637687 -1.742070 -0.021781
-1.139238 -0.634028 -1.740861 -0.019945
-1.140998 -0.630354 -1.739625 -0.018092
-1.142739 -0.626665 -1.738363 -0.016222
-1.144461 -0.622961 -1.737074 -0.014336
-1.146163 -0.619242 -1.735759 -0.012433
-1.147845 -0.615508 -1.734418 -0.010514
-1.149508 -0.611760 -1.733050 -0.008577
-1.151152 -0.607997 -1.731655 -0.006624
-1.152776 -0.604220 -1.730235 -0.004654
-1.154381 -0.600428 -1.728788 -0.002668
-1.155966 -0.596621 -1.727315 -0.000664
-1.157531 -0.592801 -1.725816 0.001356
-1.159077 -0.588966 -1.724290 0.003393
-1.160604 -0.585118 -1.722739 0.005447
-1.162111 -0.581255 -1.721161 0.007517
-1.163599 -0.577378 -1.719558 0.009605
-1.165067 -0.573488 -1.717928 0.011709
-1.166516 -0.569583 -1.716273 0.013830
-1.167946 -0.565665 -1.714591 0.015969
-1.169356 -0.561734 -1.712884 0.018124
-1.170746 -0.557789 -1.711151 0.020296
-1.172118 -0.553831 -1.709392 0.022485
-1.173470 -0.549859 -1.707608 0.024690
-1.174802 -0.545874 -1.705797 0.026913
-1.176115 -0.541876 -1.703962 0.029153
-1.177409 -0.537865 -1.702100 0.031410
-1.178684 -0.533841 -1.700213 0.033684
-1.179939 -0.529805 -1.698301 0.035975
-1.181175 -0.525755 -1.696363 0.038282
-1.182391 -0.521693 -1.694400 0.040607
-1.183589 -0.517618 -1.692411 0.042949
-1.184767 -0.513531 -1.690398 0.045308
-1.185926 -0.509431 -1.688359 0.047684
-1.187065 -0.505320 -1.686294 0.050077
-1.188186 -0.501196 -1.684205 0.052487
-1.189287 -0.497059 -1.682091 0.054914
-1.190369 -0.492911 -1.679951 0.057358
-1.191432 -0.488751 -1.677787 0.059819
-1.192475 -0.484580 -1.675597 0.062298
-1.193500 -0.480396 -1.673383 0.064793
-1.194505 -0.476201 -1.671144 0.067305
-1.195492 -0.471994 -1.668881 0.069835
-1.196459 -0.467776 -1.666592 0.072381
-1.197407 -0.463547 -1.664279 0.074945
-1.198337 -0.459307 -1.661942 0.077526
-1.199247 -0.455055 -1.659580 0.080123
-1.200138 -0.450792 -1.657193 0.082738
-1.201011 -0.446519 -1.654782 0.085370
-1.201864 -0.442235 -1.652347 0.088019
-1.202698 -0.437940 -1.649888 0.090685
-1.203514 -0.433634 -1.647404 0.093368
-1.204311 -0.429318 -1.644896 0.096068
-1.205089 -0.424991 -1.642364 0.098785
-1.205848 -0.420654 -1.639808 0.101519
-1.206588 -0.416307 -1.637228 0.104271
-1.207309 -0.411950 -1.634624 0.107039
-1.208012 -0.407583 -1.631997 0.109824
-1.208696 -0.403206 -1.629345 0.112627
-1.209362 -0.398820 -1.626670 0.115446
-1.210008 -0.394423 -1.623972 0.118283
-1.210636 -0.390017 -1.621249 0.121136
-1.211246 -0.385602 -1.618504 0.124006
-1.211837 -0.381177 -1.615734 0.126894
-1.212409 -0.376743 -1.612942 0.129798
-1.212963 -0.372300 -1.610126 0.132719
-1.213498 -0.367848 -1.607287 0.135658
-1.214015 -0.363387 -1.604425 0.138613
-1.214513 -0.358917 -1.601539 0.141585
-1.214993 -0.354438 -1.598631 0.144574
-1.215455 -0.349951 -1.595700 0.147580
-1.215898 -0.345455 -1.592746 0.150603
-1.216323 -0.340951 -1.589769 0.153642
-1.216730 -0.336439 -1.586769 0.156699
-1.217119 -0.331918 -1.583747 0.159772
-1.217489 -0.327389 -1.580702 0.162862
-1.217841 -0.322853 -1.577635 0.165970
-1.218175 -0.318308 -1.574545 0.169093
-1.218491 -0.313756 -1.571432 0.172234
-1.218789 -0.309196 -1.568298 0.175391
-1.219068 -0.304629 -1.565141 0.178565
-1.219330 -0.300055 -1.561963 0.181756
-1.219574 -0.295473 -1.558762 0.184964
-1.219800 -0.290884 -1.555539 0.188188
-1.220008 -0.286287 -1.552294 0.191429
-1.220198 -0.281684 -1.549028 0.194687
-1.220370 -0.277074 -1.545739 0.197961
-1.220525 -0.272458 -1.542429 0.201251
-1.220661 -0.267834 -1.539098 0.204559
-1.220781 -0.263205 -1.535745 0.207883
-1.220882 -0.258568 -1.532370 0.211223
-1.220966 -0.253926 -1.528975 0.214580
-1.221032 -0.249277 -1.525557 0.217953
-1.221081 -0.244623 -1.522119 0.221343
-1.221112 -0.239962 -1.518660 0.224750
-1.221126 -0.235296 -1.515180 0.228172
-1.221122 -0.230624 -1.511678 0.231611
-1.221101 -0.225946 -1.508156 0.235067
-1.221062 -0.221263 -1.504613 0.238539
-1.221007 -0.216574 -1.501050 0.242027
-1.220934 -0.211881 -1.497465 0.245531
-1.220843 -0.207182 -1.493861 0.249052
-1.220736 -0.202478 -1.490236 0.252588
-1.220612 -0.197769 -1.486590 0.256141
-1.220470 -0.193056 -1.482924 0.259710
-1.220311 -0.188338 -1.479239 0.263296
-1.220136 -0.183615 -1.475533 0.266897
-1.219943 -0.178888 -1.471807 0.270514
-1.219734 -0.174156 -1.468061 0.274148
-1.219508 -0.169420 -1.464295 0.277797
-1.219265 -0.164681 -1.460510 0.281462
-1.219005 -0.159937 -1.456705 0.285144
-1.218728 -0.155189 -1.452880 0.288841
-1.218435 -0.150438 -1.449036 0.292554
-1.218125 -0.145683 -1.445172 0.296283
-1.217799 -0.140925 -1.441290 0.300027
-1.217456 -0.136163 -1.437388 0.303788
-1.217097 -0.131398 -1.433467 0.307564
-1.216721 -0.126630 -1.429527 0.311355
-1.216329 -0.121858 -1.425568 0.315163
-1.215920 -0.117084 -1.421590 0.318986
-1.215496 -0.112307 -1.417593 0.322824
-1.215055 -0.107528 -1.413578 0.326678
-1.214598 -0.102746 -1.409544 0.330548
-1.214124 -0.097961 -1.405492 0.334432
-1.213635 -0.093174 -1.401422 0.338333
-1.213130 -0.088385 -1.397333 0.342248
-1.212609 -0.083594 -1.393226 0.346179
-1.212071 -0.078801 -1.389101 0.350126
-1.211518 -0.074006 -1.384957 0.354087
-1.210949 -0.069209 -1.380797 0.358064
-1.210365 -0.064411 -1.376618 0.362055
-1.209765 -0.059611 -1.372421 0.366062
-1.209149 -0.054810 -1.368207 0.370084
-1.208517 -0.050008 -1.363976 0.374121
-1.207870 -0.045204 -1.359727 0.378173
-1.207208 -0.040400 -1.355460 0.382240
-1.206530 -0.035594 -1.351177 0.386321
-1.205837 -0.030788 -1.346876 0.390418
-1.205128 -0.025981 -1.342558 0.394529
-1.204404 -0.021174 -1.338224 0.398655
-1.203665 -0.016366 -1.333872 0.402795
-1.202911 -0.011558 -1.329504 0.406951
-1.202142 -0.006749 -1.325119 0.411120
-1.201357 -0.001941 -1.320718 0.415305
-1.200558 0.002867 -1.316300 0.419503
-1.199744 0.007675 -1.311866 0.423717
-1.198915 0.012483 -1.307416 0.427944
-1.198071 0.017291 -1.302950 0.432186
-1.197213 0.022098 -1.298467 0.436442
-1.196340 0.026904 -1.293969 0.440713
-1.195452 0.031709 -1.289455 0.444997
-1.194549 0.036514 -1.284925 0.449296
-1.193633 0.041317 -1.280379 0.453608
-1.192701 0.046120 -1.275818 0.457935
-1.191756 0.050921 -1.271241 0.462276
-1.190796 0.055721 -1.266650 0.466630
-1.189822 0.060519 -1.262043 0.470999
-1.188833 0.065316 -1.257420 0.475381
-1.187831 0.070111 -1.252783 0.479776
-1.186814 0.074904 -1.248131 0.484186
-1.185784 0.079696 -1.243464 0.488609
-1.184739 0.084485 -1.238783 0.493046
-1.183681 0.089272 -1.234086 0.497496
-1.182609 0.094057 -1.229376 0.501959
-1.181523 0.098839 -1.224651 0.506436
-1.180423 0.103619 -1.219911 0.510927
-1.179310 0.108396 -1.215158 0.515430
-1.178183 0.113170 -1.210390 0.519947
-1.177043 0.117941 -1.205608 0.524477
-1.175890 0.122710 -1.200813 0.529019
-1.174723 0.127475 -1.196004 0.533575
-1.173542 0.132237 -1.191181 0.538144
-1.172349 0.136996 -1.186344 0.542726
-1.171142 0.141751 -1.181494 0.547320
-1.169922 0.146502 -1.176631 0.551928
-1.168690 0.151250 -1.171754 0.556548
-1.167444 0.155994 -1.166865 0.561180
-1.166185 0.160735 -1.161962 0.565825
-1.164914 0.165471 -1.157047 0.570483
-1.163630 0.170202 -1.152118 0.575153
-1.162333 0.174930 -1.147177 0.579836
-1.161023 0.179653 -1.142223 0.584530
-1.159701 0.184372 -1.137257 0.589237
-1.158366 0.189086 -1.132279 0.593957
-1.157020 0.193795 -1.127288 0.598688
-1.155660 0.198500 -1.122285 0.603431
-1.154289 0.203199 -1.117270 0.608186
-1.152905 0.207893 -1.112243 0.612953
-1.151509 0.212583 -1.107204 0.617732
-1.150101 0.217266 -1.102153 0.622523
-1.148681 0.221945 -1.097091 0.627326
-1.147249 0.226618 -1.092017 0.632140
-1.145805 0.231285 -1.086932 0.636965
-1.144349 0.235946 -1.081835 0.641802
-1.142882 0.240602 -1.076728 0.646651
-1.141403 0.245251 -1.071609 0.651511
-1.139913 0.249894 -1.066479 0.656382
-1.138411 0.254532 -1.061338 0.661264
-1.136897 0.259162 -1.056187 0.666157
-1.135372 0.263787 -1.051025 0.671062
-1.133836 0.268405 -1.045852 0.675977
-1.132289 0.273016 -1.040669 0.680903
-1.130731 0.277620 -1.035476 0.685840
-1.129161 0.282218 -1.030272 0.690788
-1.127581 0.286808 -1.025058 0.695747
-1.125989 0.291391 -1.019835 0.700716
-1.124387 0.295968 -1.014601 0.705696
-1.122774 0.300536 -1.009357 0.710686
-1.121150 0.305098 -1.004104 0.715686
-1.119515 0.309652 -0.998842 0.720697
-1.117871 0.314198 -0.993569 0.725718
-1.116215 0.318736 -0.988288 0.730749
-1.114549 0.323267 -0.982997 0.735790
-1.112873 0.327789 -0.977697 0.740842
-1.111187 0.332303 -0.972388 0.745903
-1.109490 0.336810 -0.967071 0.750974
-1.107783 0.341308 -0.961744 0.756055
-1.106066 0.345797 -0.956409 0.761145
-1.104340 0.350278 -0.951065 0.766245
-1.102603 0.354750 -0.945712 0.771354
-1.100857 0.359214 -0.940351 0.776473
-1.099101 0.363669 -0.934982 0.781602
-1.097335 0.368114 -0.929605 0.786739
-1.095559 0.372551 -0.924220 0.791886
-1.093774 0.376979 -0.918827 0.797042
-1.091980 0.381397 -0.913426 0.802207
-1.090176 0.385806 -0.908017 0.807381
-1.088364 0.390206 -0.902601 0.812564
-1.086541 0.394596 -0.897177 0.817755
-1.084710 0.398976 -0.891746 0.822955
-1.082870 0.403347 -0.886308 0.828164
-1.081021 0.407707 -0.880862 0.833382
-1.079162 0.412058 -0.875409 0.838608
-1.077295 0.416398 -0.869950 0.843842
-1.075420 0.420729 -0.864483 0.849085
-1.073535 0.425049 -0.859010 0.854335
-1.071642 0.429359 -0.853530 0.859594
-1.069741 0.433658 -0.848044 0.864861
-1.067831 0.437947 -0.842551 0.870136
-1.065913 0.442225 -0.837052 0.875419
-1.063987 0.446492 -0.831547 0.880710
-1.062052 0.450748 -0.826036 0.886008
-1.060109 0.454994 -0.820518 0.891314
-1.058158 0.459228 -0.814995 0.896627
-1.056200 0.463451 -0.809466 0.901948
-1.054233 0.467663 -0.803932 0.907276
-1.052259 0.471863 -0.798392 0.912612
-1.050277 0.476052 -0.792846 0.917955
-1.048287 0.480230 -0.787295 0.923304
-1.046289 0.484396 -0.781739 0.928661
-1.044285 0.488550 -0.776178 0.934025
-1.042273 0.492692 -0.770612 0.939395
-1.040253 0.496822 -0.765041 0.944773
-1.038226 0.500941 -0.759465 0.950157
-1.036192 0.505047 -0.753885 0.955547
-1.034151 0.509141 -0.748300 0.960944
-1.032104 0.513223 -0.742710 0.966348
-1.030049 0.517292 -0.737116 0.971757
-1.027987 0.521349 -0.731518 0.977173
-1.025918 0.525393 -0.725916 0.982595
-1.023843 0.529424 -0.720310 0.988024
-1.021762 0.533443 -0.714699 0.993458
-1.019673 0.537449 -0.709085 0.998897
-1.017579 0.541442 -0.703468 1.004343
-1.015478 0.545422 -0.697846 1.009795
-1.013370 0.549389 -0.692221 1.015251
-1.011257 0.553342 -0.686593 1.020714
-1.009137 0.557283 -0.680961 1.026182
-1.007011 0.561210 -0.675327 1.031655
-1.004880 0.565123 -0.669689 1.037133
-1.002742 0.569023 -0.664048 1.042617
-1.000599 0.572910 -0.658404 1.048105
-0.998450 0.576782 -0.652758 1.053599
-0.996295 0.580641 -0.647109 1.059097
-0.994135 0.584486 -0.641457 1.064600
-0.991969 0.588317 -0.635803 1.070108
-0.989798 0.592134 -0.630146 1.075621
-0.987622 0.595937 -0.624488 1.081137
-0.985441 0.599725 -0.618827 1.086659
-0.983254 0.603500 -0.613164 1.092184
-0.981062 0.607259 -0.607499 1.097714
-0.978865 0.611005 -0.601832 1.103248
-0.976664 0.614736 -0.596164 1.108786
-0.974457 0.618452 -0.590494 1.114328
-0.972246 0.622154 -0.584822 1.119873
-0.970030 0.625840 -0.579149 1.125423
-0.967810 0.629512 -0.573475 1.130976
-0.965585 0.633169 -0.567800 1.136533
-0.963355 0.636811 -0.562123 1.142093
-0.961122 0.640438 -0.556445 1.147656
-0.958884 0.644050 -0.550767 1.153223
-0.956642 0.647647 -0.545087 1.158793
-0.954395 0.651228 -0.539407 1.164366
-0.952145 0.654794 -0.533727 1.169942
-0.949891 0.658344 -0.528045 1.175521
-0.947633 0.661879 -0.522364 1.181103
-0.945372 0.665398 -0.516682 1.186687
-0.943106 0.668902 -0.511000 1.192274
-0.940837 0.672390 -0.505317 1.197864
-0.938565 0.675862 -0.499635 1.203456
-0.936289 0.679318 -0.493953 1.209050
-0.934009 0.682758 -0.488271 1.214647
-0.931727 0.686182 -0.482589 1.220245
-0.929441 0.689591 -0.476908 1.225846
-0.927152 0.692983 -0.471227 1.231449
-0.924860 0.696358 -0.465547 1.237054
-0.922565 0.699718 -0.459867 1.242660
-0.920268 0.703061 -0.454188 1.248268
-0.917967 0.706387 -0.448510 1.253877
-0.915664 0.709697 -0.442833 1.259489
-0.913358 0.712991 -0.437157 1.265101
-0.911049 0.716268 -0.431482 1.270715
-0.908739 0.719528 -0.425809 1.276330
-0.906425 0.722772 -0.420136 1.281946
-0.904110 0.725998 -0.414466 1.287563
-0.901792 0.729208 -0.408796 1.293180
-0.899472 0.732401 -0.403129 1.298799
-0.897150 0.735577 -0.397463 1.304419
-0.894826 0.738736 -0.391799 1.310039
-0.892500 0.741878 -0.386137 1.315659
-0.890173 0.745002 -0.380477 1.321280
-0.887843 0.748110 -0.374819 1.326901
-0.885512 0.751200 -0.369163 1.332523
-0.883179 0.754273 -0.363509 1.338145
-0.880845 0.757328 -0.357858 1.343766
-0.878510 0.760366 -0.352209 1.349388
-0.876173 0.763386 -0.346563 1.355010
-0.873835 0.766389 -0.340920 1.360631
-0.871495 0.769374 -0.335279 1.366252
-0.869155 0.772342 -0.329641 1.371872
-0.866813 0.775291 -0.324006 1.377492
-0.864471 0.778223 -0.318374 1.383111
-0.862128 0.781138 -0.312745 1.388730
-0.859784 0.784034 -0.307119 1.394348
-0.857439 0.786912 -0.301497 1.399965
-0.855094 0.789773 -0.295878 1.405581
-0.852748 0.792615 -0.290262 1.411195
-0.850401 0.795439 -0.284650 1.416809
-0.848055 0.798245 -0.279042 1.422421
-0.845708 0.801033 -0.273437 1.428032
-0.843360 0.803803 -0.267836 1.433641
-0.841013 0.806555 -0.262239 1.439249
-0.838665 0.809288 -0.256646 1.444855
-0.836318 0.812003 -0.251057 1.450459
-0.833971 0.814699 -0.245472 1.456062
-0.831623 0.817377 -0.239891 1.461662
-0.829276 0.820037 -0.234315 1.467261
-0.826930 0.822678 -0.228743 1.472857
-0.824583 0.825300 -0.223176 1.478451
-0.822238 0.827904 -0.217613 1.484043
-0.819893 0.830489 -0.212055 1.489632
-0.817548 0.833055 -0.206501 1.495218
-0.815204 0.835603 -0.200953 1.500802
-0.812861 0.838132 -0.195409 1.506384
-0.810519 0.840642 -0.189870 1.511962
-0.808178 0.843134 -0.184337 1.517538
-0.805837 0.845606 -0.178808 1.523110
-0.803498 0.848059 -0.173285 1.528680
-0.801160 0.850494 -0.167767 1.534246
-0.798824 0.852910 -0.162254 1.539809
-0.796488 0.855306 -0.156747 1.545369
-0.794154 0.857684 -0.151245 1.550925
-0.791822 0.860042 -0.145749 1.556477
-0.789491 0.862381 -0.140259 1.562026
-0.787161 0.864701 -0.134774 1.567571
-0.784834 0.867002 -0.129296 1.573113
-0.782508 0.869284 -0.123823 1.578650
-0.780184 0.871547 -0.118356 1.584183
-0.777862 0.873790 -0.112896 1.589712
-0.775542 0.876014 -0.107441 1.595237
-0.773224 0.878218 -0.101993 1.600758
-0.770908 0.880404 -0.096551 1.606274
-0.768595 0.882569 -0.091116 1.611786
-0.766284 0.884716 -0.085687 1.617293
-0.763975 0.886843 -0.080264 1.622795
-0.761668 0.888951 -0.074848 1.628293
-0.759364 0.891039 -0.069439 1.633786
-0.757063 0.893107 -0.064036 1.639273
-0.754765 0.895156 -0.058641 1.644756
-0.752469 0.897186 -0.053252 1.650234
-0.750176 0.899196 -0.047870 1.655706
-0.747886 0.901186 -0.042495 1.661173
-0.745598 0.903157 -0.037128 1.666635
-0.743314 0.905108 -0.031767 1.672091
-0.741033 0.907040 -0.026414 1.677541
-0.738755 0.908952 -0.021068 1.682986
-0.736481 0.910844 -0.015730 1.688425
-0.734210 0.912716 -0.010399 1.693858
-0.731942 0.914569 -0.005075 1.699285
-0.729678 0.916402 0.000241 1.704706
-0.727417 0.918215 0.005549 1.710121
-0.725160 0.920009 0.010850 1.715530
-0.722906 0.921783 0.016142 1.720933
-0.720656 0.923537 0.021427 1.726329
-0.718410 0.925271 0.026704 1.731718
-0.716168 0.926985 0.031973 1.737101
-0.713930 0.928680 0.037234 1.742477
-0.711696 0.930355 0.042487 1.747847
-0.709466 0.932009 0.047732 1.753209
-0.707241 0.933645 0.052968 1.758565
-0.705019 0.935260 0.058196 1.763914
-0.702802 0.936855 0.063416 1.769255
-0.700589 0.938431 0.068627 1.774590
-0.698381 0.939986 0.073830 1.779917
-0.696177 0.941522 0.079024 1.785236
-0.693978 0.943038 0.084210 1.790549
-0.691783 0.944534 0.089387 1.795853
-0.689594 0.946010 0.094555 1.801150
-0.687408 0.947466 0.099714 1.806440
-0.685228 0.948902 0.104865 1.811721
-0.683053 0.950319 0.110006 1.816995
-0.680883 0.951715 0.115139 1.822260
-0.678718 0.953092 0.120263 1.827518
-0.676557 0.954448 0.125377 1.832767
-0.674403 0.955785 0.130483 1.838009
-0.672253 0.957102 0.135579 1.843241
-0.670109 0.958399 0.140666 1.848466
-0.667970 0.959676 0.145744 1.853682
-0.665836 0.960933 0.150812 1.858889
-0.663708 0.962171 0.155871 1.864088
-0.661586 0.963388 0.160920 1.869278
-0.659469 0.964586 0.165960 1.874460
-0.657358 0.965764 0.170991 1.879632
-0.655253 0.966921 0.176011 1.884795
-0.653153 0.968059 0.181022 1.889950
-0.651060 0.969178 0.186024 1.895095
-0.648972 0.970276 0.191015 1.900231
-0.646891 0.971354 0.195997 1.905358
-0.644815 0.972413 0.200969 1.910475
-0.642746 0.973452 0.205931 1.915583
-0.640683 0.974471 0.210883 1.920681
-0.638626 0.975470 0.215825 1.925770
-0.636576 0.976450 0.220756 1.930849
-0.634532 0.977410 0.225678 1.935918
-0.632494 0.978350 0.230590 1.940977
-0.630463 0.979270 0.235491 1.946026
-0.628439 0.980170 0.240382 1.951066
-0.626421 0.981051 0.245263 1.956095
-0.624410 0.981912 0.250133 1.961114
-0.622405 0.982754 0.254993 1.966123
-0.620408 0.983576 0.259843 1.971121
-0.618417 0.984378 0.264682 1.976110
-0.616433 0.985160 0.269510 1.981087
-0.614456 0.985923 0.274328 1.986054
-0.612487 0.986667 0.279136 1.991011
-0.610524 0.987391 0.283932 1.995956
-0.608568 0.988095 0.288718 2.000891
-0.606620 0.988780 0.293494 2.005815
-0.604679 0.989445 0.298258 2.010729
-0.602746 0.990091 0.303012 2.015631
-0.600819 0.990717 0.307754 2.020522
-0.598901 0.991324 0.312486 2.025402
-0.596989 0.991912 0.317207 2.030270
-0.595086 0.992480 0.321917 2.035128
-0.593190 0.993029 0.326616 2.039974
-0.591301 0.993559 0.331304 2.044808
-0.589420 0.994069 0.335981 2.049631
-0.587547 0.994560 0.340647 2.054443
-0.585682 0.995032 0.345301 2.059243
-0.583825 0.995484 0.349944 2.064031
-0.581976 0.995917 0.354577 2.068807
-0.580135 0.996332 0.359197 2.073571
-0.578301 0.996727 0.363807 2.078324
-0.576476 0.997103 0.368405 2.083064
-0.574659 0.997460 0.372992 2.087793
-0.572850 0.997798 0.377567 2.092509
-0.571050 0.998117 0.382131 2.097213
-0.569258 0.998417 0.386684 2.101905
-0.567474 0.998698 0.391225 2.106584
-0.565698 0.998960 0.395755 2.111251
-0.563931 0.999203 0.400272 2.115906
-0.562173 0.999428 0.404779 2.120548
-0.560423 0.999634 0.409274 2.125177
-0.558682 0.999821 0.413757 2.129793
-0.556949 0.999989 0.418228 2.134397
-0.555225 1.000138 0.422688 2.138988
-0.553510 1.000269 0.427136 2.143567
-0.551803 1.000382 0.431572 2.148132
-0.550106 1.000476 0.435997 2.152684
-0.548417 1.000551 0.440409 2.157223
-0.546737 1.000608 0.444810 2.161749
-0.545066 1.000646 0.449199 2.166262
-0.543405 1.000666 0.453576 2.170762
-0.541752 1.000668 0.457941 2.175248
-0.540108 1.000651 0.462295 2.179721
-0.538474 1.000617 0.466636 2.184180
-0.536849 1.000564 0.470965 2.188626
-0.535233 1.000492 0.475283 2.193059
-0.533626 1.000403 0.479588 2.197477
-0.532029 1.000296 0.483881 2.201883
-0.530441 1.000170 0.488163 2.206274
-0.528863 1.000027 0.492432 2.210651
-0.527294 0.999865 0.496689 2.215015
-0.525734 0.999686 0.500934 2.219365
-0.524185 0.999489 0.505166 2.223701
-0.522644 0.999274 0.509387 2.228022
-0.521114 0.999041 0.513595 2.232330
-0.519593 0.998791 0.517792 2.236624
-0.518081 0.998523 0.521976 2.240903
-0.516580 0.998237 0.526147 2.245168
-0.515088 0.997934 0.530307 2.249419
-0.513607 0.997614 0.534454 2.253655
-0.512135 0.997276 0.538589 2.257877
-0.510673 0.996920 0.542712 2.262085
-0.509221 0.996547 0.546822 2.266278
-0.507779 0.996157 0.550920 2.270456
-0.506347 0.995750 0.555006 2.274620
-0.504925 0.995326 0.559079 2.278769
-0.503513 0.994884 0.563140 2.282903
-0.502111 0.994426 0.567189 2.287023
-0.500720 0.993950 0.571225 2.291127
-0.499339 0.993457 0.575249 2.295217
-0.497968 0.992948 0.579261 2.299292
-0.496607 0.992422 0.583260 2.303352
-0.495257 0.991879 0.587246 2.307397
-0.493917 0.991319 0.591220 2.311427
-0.492587 0.990743 0.595182 2.315441
-0.491268 0.990150 0.599131 2.319441
-0.489959 0.989540 0.603068 2.323425
-0.488661 0.988914 0.606992 2.327394
-0.487373 0.988272 0.610904 2.331348
-0.486096 0.987613 0.614803 2.335286
-0.484830 0.986938 0.618690 2.339209
-0.483574 0.986247 0.622565 2.343116
-0.482329 0.985539 0.626426 2.347008
-0.481094 0.984816 0.630276 2.350885
-0.479870 0.984076 0.634112 2.354745
-0.478657 0.983321 0.637937 2.358591
-0.477455 0.982549 0.641748 2.362420
-0.476264 0.981762 0.645548 2.366234
-0.475083 0.980959 0.649334 2.370032
-0.473913 0.980140 0.653108 2.373814
-0.472755 0.979306 0.656870 2.377580
-0.471607 0.978456 0.660619 2.381331
-0.470470 0.977590 0.664355 2.385065
-0.469344 0.976709 0.668079 2.388784
-0.468229 0.975813 0.671791 2.392486
-0.467125 0.974901 0.675490 2.396173
-0.466032 0.973974 0.679176 2.399843
-0.464950 0.973032 0.682850 2.403498
-0.463880 0.972075 0.686511 2.407136
-0.462820 0.971103 0.690159 2.410758
-0.461772 0.970116 0.693796 2.414363
-0.460735 0.969114 0.697419 2.417953
-0.459709 0.968097 0.701030 2.421526
-0.458694 0.967065 0.704629 2.425083
-0.457691 0.966019 0.708214 2.428623
-0.456699 0.964958 0.711788 2.432147
-0.455718 0.963882 0.715349 2.435655
-0.454748 0.962793 0.718897 2.439146
-0.453790 0.961688 0.722433 2.442621
-0.452843 0.960570 0.725956 2.446079
-0.451908 0.959437 0.729467 2.449521
-0.450984 0.958290 0.732965 2.452945
-0.450071 0.957129 0.736451 2.456354
-0.449170 0.955954 0.739925 2.459745
-0.448281 0.954765 0.743385 2.463120
-0.447403 0.953562 0.746834 2.466479
-0.446536 0.952345 0.750270 2.469820
-0.445681 0.951115 0.753693 2.473145
-0.444837 0.949871 0.757104 2.476453
-0.444005 0.948613 0.760503 2.479744
-0.443185 0.947342 0.763889 2.483018
-0.442376 0.946058 0.767262 2.486275
-0.441579 0.944760 0.770624 2.489515
-0.440793 0.943449 0.773972 2.492739
-0.440019 0.942124 0.777309 2.495945
-0.439257 0.940787 0.780633 2.499135
-0.438507 0.939437 0.783945 2.502307
-0.437768 0.938074 0.787244 2.505463
-0.437040 0.936697 0.790531 2.508601
-0.436325 0.935309 0.793806 2.511722
-0.435621 0.933907 0.797068 2.514826
-0.434929 0.932493 0.800318 2.517913
-0.434249 0.931066 0.803556 2.520983
-0.433580 0.929627 0.806781 2.524036
-0.432924 0.928175 0.809994 2.527071
-0.432279 0.926712 0.813195 2.530090
-0.431646 0.925236 0.816384 2.533091
-0.431024 0.923748 0.819561 2.536074
-0.430415 0.922247 0.822725 2.539041
-0.429817 0.920735 0.825877 2.541990
-0.429232 0.919211 0.829017 2.544922
-0.428658 0.917675 0.832144 2.547836
-0.428096 0.916128 0.835260 2.550734
-0.427545 0.914569 0.838363 2.553614
-0.427007 0.912998 0.841455 2.556476
-0.426481 0.911416 0.844534 2.559321
-0.425966 0.909823 0.847601 2.562149
-0.425463 0.908218 0.850656 2.564959
-0.424973 0.906602 0.853699 2.567752
-0.424494 0.904975 0.856730 2.570527
-0.424027 0.903337 0.859750 2.573285
-0.423572 0.901688 0.862757 2.576025
-0.423129 0.900028 0.865752 2.578748
-0.422698 0.898357 0.868735 2.581454
-0.422279 0.896676 0.871706 2.584142
-0.421871 0.894984 0.874666 2.586812
-0.421476 0.893281 0.877613 2.589465
-0.421093 0.891568 0.880549 2.592100
-0.420721 0.889845 0.883472 2.594718
-0.420362 0.888112 0.886384 2.597318
-0.420014 0.886368 0.889285 2.599901
-0.419679 0.884614 0.892173 2.602466
-0.419355 0.882851 0.895050 2.605013
-0.419043 0.881077 0.897915 2.607543
-0.418744 0.879294 0.900768 2.610056
-0.418456 0.877501 0.903609 2.612550
-0.418180 0.875698 0.906439 2.615027
-0.417917 0.873885 0.909258 2.617487
-0.417665 0.872064 0.912064 2.619928
-0.417425 0.870232 0.914859 2.622353
-0.417197 0.868392 0.917643 2.624759
-0.416981 0.866542 0.920415 2.627148
-0.416777 0.864684 0.923175 2.629519
-0.416585 0.862816 0.925924 2.631873
-0.416405 0.860939 0.928662 2.634209
-0.416236 0.859054 0.931388 2.636527
-0.416080 0.857160 0.934103 2.638828
-0.415936 0.855257 0.936806 2.641111
-0.415803 0.853345 0.939498 2.643377
-0.415683 0.851425 0.942179 2.645624
-0.415574 0.849497 0.944848 2.647855
-0.415477 0.847561 0.947506 2.650067
-0.415393 0.845616 0.950153 2.652262
-0.415320 0.843663 0.952789 2.654439
-0.415259 0.841702 0.955413 2.656599
-0.415209 0.839733 0.958027 2.658741
-0.415172 0.837757 0.960629 2.660865
-0.415147 0.835772 0.963220 2.662972
-0.415133 0.833780 0.965800 2.665061
-0.415132 0.831780 0.968369 2.667132
-0.415142 0.829773 0.970927 2.669186
-0.415164 0.827759 0.973474 2.671222
-0.415197 0.825737 0.976010 2.673241
-0.415243 0.823708 0.978536 2.675242
-0.415300 0.821672 0.981050 2.677226
-0.415369 0.819629 0.983553 2.679192
-0.415450 0.817579 0.986046 2.681140
-0.415543 0.815522 0.988528 2.683071
-0.415647 0.813459 0.990999 2.684984
-0.415764 0.811388 0.993459 2.686880
-0.415891 0.809312 0.995908 2.688758
-0.416031 0.807228 0.998347 2.690618
-0.416182 0.805139 1.000776 2.692461
-0.416345 0.803043 1.003193 2.694287
-0.416520 0.800941 1.005600 2.696095
-0.416706 0.798833 1.007997 2.697886
-0.416904 0.796718 1.010383 2.699659
-0.417114 0.794598 1.012759 2.701415
-0.417335 0.792472 1.015124 2.703153
-0.417568 0.790341 1.017478 2.704874
-0.417812 0.788203 1.019823 2.706577
-0.418068 0.786061 1.022157 2.708263
-0.418335 0.783912 1.024480 2.709932
-0.418614 0.781759 1.026794 2.711583
-0.418905 0.779600 1.029097 2.713217
-0.419206 0.777436 1.031390 2.714834
-0.419520 0.775267 1.033672 2.716433
-0.419845 0.773092 1.035945 2.718015
-0.420181 0.770913 1.038208 2.719580
-0.420529 0.768729 1.040460 2.721127
-0.420888 0.766541 1.042702 2.722657
-0.421258 0.764348 1.044935 2.724170
-0.421640 0.762150 1.047157 2.725666
-0.422033 0.759948 1.049370 2.727144
-0.422437 0.757741 1.051572 2.728606
-0.422853 0.755530 1.053765 2.730050
-0.423280 0.753315 1.055948 2.731477
-0.423718 0.751096 1.058121 2.732887
-0.424168 0.748873 1.060284 2.734280
-0.424628 0.746646 1.062438 2.735656
-0.425100 0.744416 1.064582 2.737015
-0.425583 0.742181 1.066716 2.738356
-0.426077 0.739943 1.068841 2.739681
-0.426582 0.737702 1.070956 2.740989
-0.427098 0.735457 1.073061 2.742280
-0.427625 0.733208 1.075157 2.743554
-0.428164 0.730957 1.077244 2.744811
-0.428713 0.728702 1.079321 2.746051
-0.429273 0.726444 1.081389 2.747274
-0.429844 0.724183 1.083447 2.748481
-0.430427 0.721920 1.085496 2.749670
-0.431020 0.719653 1.087536 2.750843
-0.431623 0.717384 1.089566 2.751999
-0.432238 0.715112 1.091588 2.753139
-0.432864 0.712838 1.093600 2.754262
-0.433500 0.710561 1.095603 2.755368
-0.434147 0.708282 1.097596 2.756457
-0.434805 0.706000 1.099581 2.757530
-0.435473 0.703717 1.101557 2.758586
-0.436152 0.701431 1.103524 2.759626
-0.436842 0.699143 1.105482 2.760649
-0.437542 0.696854 1.107431 2.761656
-0.438253 0.694562 1.109371 2.762646
-0.438975 0.692269 1.111302 2.763620
-0.439707 0.689975 1.113224 2.764578
-0.440449 0.687678 1.115138 2.765519
-0.441202 0.685380 1.117043 2.766444
-0.441965 0.683081 1.118939 2.767352
-0.442739 0.680781 1.120826 2.768244
-0.443523 0.678479 1.122705 2.769121
-0.444317 0.676176 1.124576 2.769980
-0.445122 0.673873 1.126437 2.770824
-0.445937 0.671568 1.128291 2.771652
-0.446762 0.669262 1.130136 2.772463
-0.447597 0.666956 1.131972 2.773259
-0.448443 0.664649 1.133800 2.774038
-0.449298 0.662341 1.135620 2.774801
-0.450164 0.660033 1.137431 2.775549
-0.451040 0.657725 1.139234 2.776281
-0.451925 0.655416 1.141029 2.776996
-0.452821 0.653107 1.142816 2.777696
-0.453727 0.650798 1.144594 2.778380
-0.454642 0.648488 1.146365 2.779049
-0.455567 0.646179 1.148127 2.779701
-0.456503 0.643870 1.149881 2.780338
-0.457448 0.641561 1.151627 2.780960
-0.458402 0.639252 1.153366 2.781565
-0.459367 0.636944 1.155096 2.782155
-0.460341 0.634636 1.156818 2.782730
-0.461325 0.632328 1.158533 2.783289
-0.462318 0.630022 1.160240 2.783833
-0.463321 0.627715 1.161938 2.784361
-0.464333 0.625410 1.163630 2.784874
-0.465355 0.623105 1.165313 2.785372
-0.466387 0.620802 1.166989 2.785854
-0.467427 0.618499 1.168657 2.786321
-0.468477 0.616198 1.170318 2.786773
-0.469537 0.613897 1.171971 2.787210
-0.470606 0.611598 1.173616 2.787631
-0.471683 0.609301 1.175254 2.788038
-0.472771 0.607004 1.176885 2.788430
-0.473867 0.604709 1.178508 2.788806
-0.474972 0.602416 1.180124 2.789168
-0.476087 0.600125 1.181732 2.789515
-0.477210 0.597835 1.183334 2.789847
-0.478343 0.595547 1.184927 2.790164
-0.479484 0.593261 1.186514 2.790466
-0.480635 0.590977 1.188094 2.790754
-0.481794 0.588695 1.189666 2.791027
-0.482962 0.586415 1.191231 2.791285
-0.484139 0.584137 1.192789 2.791529
-0.485324 0.581862 1.194340 2.791759
-0.486518 0.579589 1.195885 2.791973
-0.487721 0.577318 1.197422 2.792174
-0.488933 0.575050 1.198952 2.792360
-0.490153 0.572785 1.200475 2.792532
-0.491381 0.570522 1.201992 2.792689
-0.492618 0.568262 1.203501 2.792832
-0.493863 0.566005 1.205004 2.792961
-0.495117 0.563751 1.206500 2.793076
-0.496379 0.561499 1.207990 2.793177
-0.497649 0.559251 1.209472 2.793264
-0.498928 0.557006 1.210948 2.793337
-0.500215 0.554764 1.212418 2.793396
-0.501510 0.552526 1.213881 2.793441
-0.502812 0.550290 1.215337 2.793472
-0.504123 0.548059 1.216787 2.793489
-0.505442 0.545830 1.218230 2.793493
-0.506769 0.543606 1.219667 2.793483
-0.508104 0.541384 1.221098 2.793459
-0.509447 0.539167 1.222522 2.793422
-0.510797 0.536953 1.223940 2.793371
-0.512155 0.534744 1.225351 2.793307
-0.513521 0.532538 1.226756 2.793229
-0.514895 0.530336 1.228156 2.793138
-0.516276 0.528138 1.229548 2.793034
-0.517665 0.525945 1.230935 2.792916
-0.519061 0.523756 1.232316 2.792785
-0.520464 0.521570 1.233690 2.792641
-0.521875 0.519390 1.235059 2.792484
-0.523294 0.517213 1.236421 2.792314
-0.524720 0.515041 1.237777 2.792131
-0.526152 0.512874 1.239128 2.791935
-0.527593 0.510711 1.240472 2.791726
-0.529040 0.508553 1.241811 2.791504
-0.530494 0.506400 1.243144 2.791269
-0.531956 0.504252 1.244471 2.791022
-0.533424 0.502108 1.245792 2.790762
-0.534900 0.499970 1.247107 2.790489
-0.536382 0.497836 1.248417 2.790204
-0.537871 0.495708 1.249721 2.789907
-0.539367 0.493584 1.251019 2.789596
-0.540869 0.491466 1.252312 2.789274
-0.542379 0.489353 1.253599 2.788939
-0.543895 0.487246 1.254881 2.788592
-0.545417 0.485143 1.256156 2.788233
-0.546946 0.483047 1.257427 2.787861
-0.548482 0.480955 1.258692 2.787478
-0.550024 0.478870 1.259951 2.787082
-0.551572 0.476790 1.261205 2.786675
-0.553127 0.474716 1.262454 2.786255
-0.554687 0.472647 1.263697 2.785824
-0.556254 0.470584 1.264935 2.785380
-0.557828 0.468527 1.266168 2.784925
-0.559407 0.466477 1.267396 2.784459
-0.560992 0.464432 1.268618 2.783980
-0.562583 0.462393 1.269835 2.783491
-0.564181 0.460360 1.271046 2.782989
-0.565784 0.458334 1.272253 2.782476
-0.567393 0.456313 1.273454 2.781952
-0.569007 0.454299 1.274651 2.781416
-0.570628 0.452291 1.275842 2.780869
-0.572254 0.450290 1.277028 2.780311
-0.573885 0.448295 1.278210 2.779742
-0.575523 0.446307 1.279386 2.779161
-0.577165 0.444325 1.280557 2.778570
-0.578813 0.442350 1.281723 2.777968
-0.580467 0.440381 1.282885 2.777354
-0.582125 0.438419 1.284041 2.776730
-0.583789 0.436464 1.285193 2.776095
-0.585459 0.434516 1.286340 2.775449
-0.587133 0.432575 1.287482 2.774792
-0.588813 0.430640 1.288619 2.774125
-0.590497 0.428713 1.289752 2.773448
-0.592186 0.426792 1.290879 2.772759
-0.593881 0.424879 1.292002 2.772061
-0.595580 0.422972 1.293121 2.771352
-0.597284 0.421073 1.294234 2.770632
-0.598993 0.419181 1.295344 2.769903
-0.600706 0.417297 1.296448 2.769163
-0.602424 0.415419 1.297548 2.768413
-0.604147 0.413549 1.298643 2.767653
-0.605874 0.411687 1.299734 2.766883
-0.607606 0.409832 1.300820 2.766103
-0.609342 0.407984 1.301902 2.765313
-0.611082 0.406144 1.302979 2.764514
-0.612827 0.404312 1.304052 2.763704
-0.614576 0.402487 1.305120 2.762885
-0.616329 0.400670 1.306184 2.762056
-0.618086 0.398860 1.307244 2.761218
-0.619848 0.397058 1.308299 2.760370
-0.621613 0.395265 1.309350 2.759512
-0.623382 0.393479 1.310396 2.758646
-0.625155 0.391700 1.311439 2.757770
-0.626932 0.389930 1.312477 2.756884
-0.628712 0.388168 1.313510 2.755990
-0.630497 0.386414 1.314540 2.755086
-0.632285 0.384667 1.315565 2.754173
-0.634076 0.382929 1.316586 2.753251
-0.635871 0.381199 1.317603 2.752320
-0.637670 0.379477 1.318615 2.751381
-0.639472 0.377764 1.319624 2.750432
-0.641277 0.376058 1.320628 2.749475
-0.643085 0.374361 1.321628 2.748509
-0.644897 0.372672 1.322624 2.747534
-0.646712 0.370992 1.323617 2.746551
-0.648530 0.369320 1.324605 2.745560
-0.650351 0.367656 1.325588 2.744559
-0.652175 0.366001 1.326568 2.743551
-0.654002 0.364354 1.327544 2.742534
-0.655832 0.362716 1.328516 2.741509
-0.657665 0.361086 1.329484 2.740476
-0.659500 0.359465 1.330448 2.739434
-0.661338 0.357853 1.331408 2.738385
-0.663179 0.356249 1.332364 2.737327
-0.665022 0.354654 1.333316 2.736261
-0.666868 0.353067 1.334264 2.735188
-0.668716 0.351489 1.335208 2.734107
-0.670567 0.349920 1.336149 2.733018
-0.672420 0.348360 1.337085 2.731921
-0.674275 0.346809 1.338018 2.730817
-0.676132 0.345266 1.338947 2.729705
-0.677992 0.343733 1.339872 2.728586
-0.679853 0.342208 1.340793 2.727459
-0.681717 0.340692 1.341710 2.726325
-0.683583 0.339185 1.342624 2.725183
-0.685450 0.337688 1.343533 2.724034
-0.687320 0.336199 1.344439 2.722878
-0.689191 0.334719 1.345342 2.721715
-0.691064 0.333248 1.346240 2.720545
-0.692938 0.331786 1.347135 2.719368
-0.694815 0.330334 1.348026 2.718184
-0.696692 0.328890 1.348913 2.716993
-0.698571 0.327456 1.349796 2.715795
-0.700452 0.326031 1.350676 2.714591
-0.702334 0.324615 1.351552 2.713379
-0.704217 0.323208 1.352425 2.712162
-0.706102 0.321810 1.353293 2.710937
-0.707988 0.320422 1.354158 2.709706
-0.709875 0.319043 1.355020 2.708469
-0.711763 0.317673 1.355877 2.707225
-0.713652 0.316313 1.356731 2.705975
-0.715542 0.314962 1.357582 2.704719
-0.717432 0.313620 1.358428 2.703456
-0.719324 0.312287 1.359271 2.702188
-0.721216 0.310964 1.360111 2.700913
-0.723109 0.309651 1.360947 2.699633
-0.725003 0.308346 1.361779 2.698346
-0.726898 0.307051 1.362607 2.697053
-0.728792 0.305766 1.363432 2.695755
-0.730688 0.304490 1.364254 2.694451
-0.732584 0.303223 1.365071 2.693141
-0.734480 0.301966 1.365885 2.691826
-0.736376 0.300718 1.366696 2.690505
-0.738273 0.299480 1.367503 2.689179
-0.740169 0.298252 1.368306 2.687847
-0.742066 0.297032 1.369106 2.686509
-0.743963 0.295823 1.369902 2.685167
-0.745860 0.294623 1.370694 2.683819
-0.747757 0.293432 1.371483 2.682466
-0.749654 0.292251 1.372268 2.681108
-0.751550 0.291080 1.373050 2.679745
-0.753447 0.289918 1.373828 2.678376
-0.755343 0.288766 1.374603 2.677003
-0.757238 0.287623 1.375374 2.675625
-0.759134 0.286490 1.376141 2.674242
-0.761028 0.285366 1.376905 2.672854
-0.762923 0.284252 1.377665 2.671462
-0.764816 0.283148 1.378421 2.670065
-0.766709 0.282053 1.379174 2.668663
-0.768602 0.280968 1.379923 2.667257
-0.770493 0.279892 1.380669 2.665846
-0.772384 0.278826 1.381411 2.664431
-0.774273 0.277770 1.382150 2.663011
-0.776162 0.276723 1.382885 2.661587
-0.778050 0.275686 1.383616 2.660159
-0.779937 0.274659 1.384343 2.658727
-0.781822 0.273641 1.385067 2.657291
-0.783707 0.272633 1.385788 2.655850
-0.785590 0.271634 1.386504 2.654406
-0.787472 0.270645 1.387217 2.652958
-0.789353 0.269666 1.387927 2.651506
-0.791232 0.268696 1.388632 2.650050
-0.793110 0.267736 1.389335 2.648590
-0.794986 0.266785 1.390033 2.647126
-0.796860 0.265844 1.390728 2.645659
-0.798733 0.264913 1.391419 2.644188
-0.800605 0.263991 1.392106 2.642714
-0.802474 0.263079 1.392790 2.641236
-0.804342 0.262177 1.393469 2.639755
-0.806208 0.261284 1.394146 2.638270
-0.808072 0.260400 1.394818 2.636783
-0.809934 0.259526 1.395487 2.635291
-0.811793 0.258662 1.396152 2.633797
-0.813651 0.257807 1.396813 2.632300
-0.815507 0.256962 1.397470 2.630799
-0.817360 0.256127 1.398124 2.629296
-0.819212 0.255301 1.398774 2.627789
-0.821061 0.254484 1.399420 2.626280
-0.822907 0.253677 1.400062 2.624767
-0.824751 0.252879 1.400700 2.623252
-0.826593 0.252091 1.401335 2.621735
-0.828432 0.251313 1.401965 2.620214
-0.830269 0.250544 1.402592 2.618691
-0.832102 0.249784 1.403215 2.617165
-0.833934 0.249034 1.403834 2.615637
-0.835762 0.248293 1.404449 2.614106
-0.837588 0.247561 1.405061 2.612573
-0.839410 0.246840 1.405668 2.611037
-0.841230 0.246127 1.406271 2.609500
-0.843047 0.245424 1.406870 2.607960
-0.844861 0.244730 1.407466 2.606417
-0.846672 0.244045 1.408057 2.604873
-0.848479 0.243370 1.408645 2.603326
-0.850284 0.242704 1.409228 2.601778
-0.852085 0.242047 1.409807 2.600227
-0.853883 0.241400 1.410382 2.598675
-0.855678 0.240762 1.410954 2.597120
-0.857469 0.240133 1.411521 2.595564
-0.859257 0.239514 1.412084 2.594006
-0.861041 0.238903 1.412642 2.592446
-0.862822 0.238302 1.413197 2.590885
-0.864599 0.237710 1.413748 2.589322
-0.866372 0.237127 1.414294 2.587757
-0.868142 0.236553 1.414836 2.586191
-0.869908 0.235988 1.415374 2.584623
-0.871670 0.235433 1.415907 2.583054
-0.873429 0.234886 1.416437 2.581484
-0.875183 0.234349 1.416962 2.579912
-0.876933 0.233820 1.417483 2.578339
-0.878680 0.233300 1.417999 2.576765
-0.880422 0.232790 1.418511 2.575190
-0.882161 0.232288 1.419019 2.573613
-0.883895 0.231795 1.419522 2.572035
-0.885625 0.231312 1.420021 2.570457
-0.887350 0.230837 1.420515 2.568877
-0.889071 0.230370 1.421005 2.567296
-0.890788 0.229913 1.421491 2.565715
-0.892501 0.229464 1.421972 2.564133
-0.894209 0.229025 1.422448 2.562550
-0.895913 0.228594 1.422920 2.560966
-0.897612 0.228171 1.423388 2.559381
-0.899306 0.227758 1.423850 2.557796
-0.900996 0.227353 1.424308 2.556210
-0.902681 0.226956 1.424762 2.554624
-0.904361 0.226568 1.425211 2.553037
-0.906037 0.226189 1.425655 2.551450
-0.907707 0.225818 1.426094 2.549862
-0.909373 0.225456 1.426529 2.548274
-0.911034 0.225102 1.426958 2.546685
-0.912690 0.224757 1.427383 2.545097
-0.914341 0.224420 1.427804 2.543508
-0.915987 0.224092 1.428219 2.541918
-0.917627 0.223771 1.428629 2.540329
-0.919263 0.223460 1.429035 2.538740
-0.920893 0.223156 1.429435 2.537150
-0.922518 0.222861 1.429831 2.535561
-0.924138 0.222574 1.430221 2.533971
-0.925752 0.222295 1.430607 2.532382
-0.927361 0.222024 1.430987 2.530792
-0.928964 0.221761 1.431363 2.529203
-0.930562 0.221506 1.431733 2.527614
-0.932155 0.221260 1.432098 2.526025
-0.933742 0.221021 1.432458 2.524437
-0.935323 0.220791 1.432813 2.522849
-0.936899 0.220568 1.433162 2.521261
-0.938469 0.220353 1.433507 2.519673
-0.940033 0.220146 1.433846 2.518086
-0.941592 0.219947 1.434179 2.516500
-0.943144 0.219756 1.434507 2.514914
-0.944691 0.219573 1.434830 2.513328
-0.946232 0.219397 1.435148 2.511743
-0.947767 0.219229 1.435460 2.510159
-0.949296 0.219068 1.435766 2.508576
-0.950819 0.218915 1.436067 2.506993
-0.952335 0.218770 1.436362 2.505411
-0.953846 0.218632 1.436652 2.503829
-0.955351 0.218502 1.436936 2.502249
-0.956849 0.218379 1.437215 2.500669
-0.958341 0.218263 1.437488 2.499090
-0.959827 0.218155 1.437755 2.497512
-0.961307 0.218054 1.438016 2.495936
-0.962780 0.217961 1.438272 2.494360
-0.964247 0.217874 1.438521 2.492785
-0.965707 0.217795 1.438765 2.491211
-0.967161 0.217723 1.439003 2.489639
-0.968608 0.217658 1.439235 2.488067
-0.970049 0.217600 1.439461 2.486497
-0.971483 0.217550 1.439681 2.484928
-0.972911 0.217506 1.439895 2.483360
-0.974332 0.217469 1.440103 2.481793
-0.975746 0.217439 1.440305 2.480228
-0.977154 0.217416 1.440501 2.478664
-0.978554 0.217399 1.440691 2.477102
-0.979948 0.217390 1.440874 2.475541
-0.981336 0.217387 1.441051 2.473981
-0.982716 0.217390 1.441222 2.472423
-0.984089 0.217401 1.441386 2.470866
-0.985456 0.217418 1.441544 2.469311
-0.986815 0.217441 1.441696 2.467758
-0.988168 0.217471 1.441841 2.466206
-0.989513 0.217508 1.441980 2.464656
-0.990851 0.217550 1.442112 2.463107
-0.992183 0.217600 1.442237 2.461560
-0.993507 0.217655 1.442357 2.460015
-0.994824 0.217717 1.442469 2.458471
-0.996133 0.217785 1.442575 2.456930
-0.997436 0.217859 1.442674 2.455390
-0.998731 0.217939 1.442766 2.453852
-1.000019 0.218025 1.442851 2.452316
-1.001299 0.218117 1.442930 2.450782
-1.002572 0.218215 1.443002 2.449249
-1.003838 0.218319 1.443066 2.447719
-1.005096 0.218429 1.443124 2.446191
-1.006347 0.218545 1.443175 2.444664
-1.007591 0.218667 1.443219 2.443140
-1.008827 0.218794 1.443256 2.441618
-1.010055 0.218927 1.443285 2.440098
-1.011276 0.219065 1.443308 2.438580
-1.012489 0.219209 1.443323 2.437064
-1.013694 0.219359 1.443331 2.435550
-1.014892 0.219514 1.443332 2.434038
-1.016082 0.219675 1.443325 2.432529
-1.017265 0.219840 1.443312 2.431022
-1.018439 0.220012 1.443290 2.429517
-1.019606 0.220188 1.443261 2.428014
-1.020765 0.220370 1.443225 2.426514
-1.021917 0.220556 1.443181 2.425016
-1.023060 0.220748 1.443130 2.423521
-1.024196 0.220945 1.443071 2.422027
-1.025323 0.221147 1.443004 2.420536
-1.026443 0.221354 1.442930 2.419048
-1.027555 0.221566 1.442848 2.417562
-1.028658 0.221783 1.442758 2.416079
-1.029754 0.222004 1.442660 2.414598
-1.030842 0.222230 1.442554 2.413119
-1.031922 0.222461 1.442441 2.411643
-1.032993 0.222697 1.442319 2.410169
-1.034057 0.222937 1.442190 2.408699
-1.035112 0.223182 1.442052 2.407230
-1.036160 0.223431 1.441907 2.405764
-1.037199 0.223684 1.441753 2.404301
-1.038230 0.223942 1.441591 2.402841
-1.039252 0.224204 1.441421 2.401383
-1.040267 0.224471 1.441242 2.399928
-1.041273 0.224742 1.441055 2.398475
-1.042271 0.225016 1.440860 2.397025
-1.043261 0.225295 1.440657 2.395578
-1.044242 0.225578 1.440445 2.394134
-1.045215 0.225865 1.440224 2.392692
-1.046180 0.226156 1.439995 2.391254
-1.047136 0.226451 1.439758 2.389818
-1.048084 0.226750 1.439512 2.388384
-1.049023 0.227052 1.439257 2.386954
-1.049954 0.227358 1.438993 2.385526
-1.050877 0.227668 1.438721 2.384102
-1.051791 0.227982 1.438440 2.382680
-1.052697 0.228299 1.438150 2.381261
-1.053594 0.228619 1.437851 2.379844
-1.054483 0.228943 1.437543 2.378431
-1.055363 0.229270 1.437226 2.377021
-1.056235 0.229601 1.436900 2.375613
-1.057098 0.229935 1.436565 2.374209
-1.057952 0.230272 1.436221 2.372807
-1.058798 0.230612 1.435868 2.371409
-1.059636 0.230956 1.435505 2.370013
-1.060464 0.231302 1.435134 2.368621
-1.061284 0.231652 1.434753 2.367231
-1.062096 0.232004 1.434362 2.365844
-1.062899 0.232360 1.433963 2.364461
-1.063693 0.232718 1.433554 2.363080
-1.064478 0.233079 1.433135 2.361703
-1.065255 0.233442 1.432707 2.360328
-1.066023 0.233809 1.432269 2.358957
-1.066782 0.234178 1.431822 2.357588
-1.067533 0.234549 1.431365 2.356223
-1.068274 0.234923 1.430898 2.354861
-1.069008 0.235300 1.430421 2.353501
-1.069732 0.235679 1.429935 2.352145
-1.070447 0.236060 1.429439 2.350792
-1.071154 0.236443 1.428933 2.349442
-1.071852 0.236829 1.428417 2.348095
-1.072541 0.237217 1.427891 2.346752
-1.073222 0.237607 1.427355 2.345411
-1.073893 0.237999 1.426809 2.344074
-1.074556 0.238393 1.426253 2.342739
-1.075210 0.238789 1.425686 2.341408
-1.075855 0.239187 1.425110 2.340080
-1.076491 0.239586 1.424523 2.338755
-1.077119 0.239988 1.423926 2.337434
-1.077737 0.240391 1.423318 2.336115
-1.078347 0.240796 1.422700 2.334800
-1.078947 0.241203 1.422072 2.333487
-1.079539 0.241611 1.421433 2.332178
-1.080122 0.242020 1.420784 2.330872
-1.080696 0.242431 1.420124 2.329570
-1.081262 0.242844 1.419453 2.328270
-1.081818 0.243257 1.418772 2.326974
-1.082365 0.243672 1.418080 2.325680
-1.082904 0.244089 1.417378 2.324390
-1.083433 0.244506 1.416664 2.323104
-1.083954 0.244925 1.415940 2.321820
-1.084466 0.245344 1.415205 2.320539
-1.084969 0.245765 1.414458 2.319262
-1.085463 0.246186 1.413701 2.317988
-1.085948 0.246609 1.412933 2.316717
-1.086424 0.247032 1.412154 2.315449
-1.086891 0.247456 1.411364 2.314185
-1.087349 0.247881 1.410562 2.312923
-1.087799 0.248306 1.409749 2.311665
-1.088239 0.248733 1.408925 2.310410
-1.088671 0.249159 1.408090 2.309158
-1.089093 0.249586 1.407244 2.307909
-1.089507 0.250014 1.406386 2.306664
-1.089912 0.250442 1.405516 2.305421
-1.090308 0.250871 1.404635 2.304182
-1.090695 0.251299 1.403743 2.302946
-1.091073 0.251728 1.402839 2.301713
-1.091442 0.252158 1.401924 2.300483
-1.091802 0.252587 1.400996 2.299257
-1.092153 0.253016 1.400058 2.298033
-1.092496 0.253446 1.399107 2.296813
-1.092829 0.253875 1.398145 2.295596
-1.093154 0.254304 1.397170 2.294382
-1.093470 0.254734 1.396184 2.293171
-1.093777 0.255163 1.395187 2.291963
-1.094075 0.255592 1.394177 2.290759
-1.094364 0.256020 1.393155 2.289557
-1.094644 0.256448 1.392121 2.288359
-1.094916 0.256876 1.391075 2.287163
-1.095178 0.257304 1.390017 2.285971
-1.095432 0.257731 1.388947 2.284782
-1.095677 0.258157 1.387864 2.283596
-1.095913 0.258583 1.386770 2.282413
-1.096140 0.259008 1.385663 2.281233
-1.096359 0.259432 1.384543 2.280056
-1.096568 0.259856 1.383412 2.278882
-1.096769 0.260279 1.382268 2.277711
-1.096961 0.260701 1.381111 2.276543
-1.097145 0.261122 1.379942 2.275378
-1.097319 0.261542 1.378761 2.274216
-1.097485 0.261962 1.377567 2.273058
-1.097642 0.262380 1.376360 2.271902
-1.097790 0.262797 1.375141 2.270749
-1.097930 0.263213 1.373909 2.269599
-1.098061 0.263628 1.372664 2.268452
-1.098183 0.264041 1.371406 2.267308
-1.098296 0.264453 1.370136 2.266167
-1.098401 0.264864 1.368853 2.265029
-1.098497 0.265274 1.367557 2.263894
-1.098585 0.265682 1.366248 2.262762
-1.098664 0.266088 1.364926 2.261632
-1.098734 0.266493 1.363591 2.260506
-1.098796 0.266897 1.362243 2.259382
-1.098849 0.267299 1.360882 2.258262
-1.098893 0.267699 1.359508 2.257144
-1.098929 0.268097 1.358120 2.256029
-1.098956 0.268494 1.356720 2.254916
-1.098975 0.268889 1.355306 2.253807
-1.098986 0.269282 1.353879 2.252700
-1.098987 0.269673 1.352439 2.251596
-1.098981 0.270062 1.350985 2.250495
-1.098966 0.270449 1.349518 2.249397
-1.098942 0.270834 1.348037 2.248301
-1.098910 0.271217 1.346543 2.247208
-1.098869 0.271598 1.345036 2.246118
-1.098821 0.271977 1.343515 2.245031
-1.098763 0.272353 1.341981 2.243946
-1.098698 0.272727 1.340433 2.242864
-1.098624 0.273099 1.338871 2.241784
-1.098542 0.273469 1.337296 2.240707
-1.098451 0.273836 1.335706 2.239633
-1.098352 0.274200 1.334104 2.238561
-1.098245 0.274563 1.332487 2.237492
-1.098130 0.274922 1.330857 2.236426
-1.098006 0.275279 1.329213 2.235362
-1.097874 0.275634 1.327555 2.234300
-1.097734 0.275986 1.325883 2.233241
-1.097586 0.276335 1.324197 2.232185
-1.097430 0.276681 1.322497 2.231131
-1.097266 0.277025 1.320783 2.230080
-1.097093 0.277366 1.319055 2.229030
-1.096913 0.277704 1.317313 2.227984
-1.096724 0.278039 1.315557 2.226940
-1.096527 0.278371 1.313787 2.225898
-1.096323 0.278700 1.312003 2.224859
-1.096110 0.279026 1.310205 2.223822
-1.095890 0.279349 1.308392 2.222787
-1.095661 0.279669 1.306565 2.221754
-1.095425 0.279986 1.304724 2.220724
-1.095181 0.280299 1.302868 2.219697
-1.094928 0.280610 1.300998 2.218671
-1.094669 0.280917 1.299114 2.217648
-1.094401 0.281221 1.297216 2.216627
-1.094125 0.281522 1.295303 2.215608
-1.093842 0.281819 1.293375 2.214591
-1.093551 0.282113 1.291433 2.213577
-1.093252 0.282403 1.289477 2.212564
-1.092946 0.282690 1.287506 2.211554
-1.092632 0.282974 1.285521 2.210546
-1.092310 0.283253 1.283521 2.209540
-1.091981 0.283530 1.281506 2.208536
-1.091644 0.283802 1.279477 2.207534
-1.091300 0.284072 1.277433 2.206534
-1.090948 0.284337 1.275374 2.205536
-1.090589 0.284599 1.273301 2.204540
-1.090222 0.284857 1.271213 2.203546
-1.089848 0.285111 1.269110 2.202554
-1.089467 0.285361 1.266992 2.201564
-1.089078 0.285608 1.264860 2.200575
-1.088682 0.285851 1.262712 2.199589
-1.088278 0.286089 1.260550 2.198605
-1.087868 0.286324 1.258373 2.197622
-1.087450 0.286555 1.256181 2.196641
-1.087025 0.286782 1.253975 2.195662
-1.086592 0.287005 1.251753 2.194684
-1.086153 0.287224 1.249516 2.193709
-1.085706 0.287438 1.247264 2.192735
-1.085253 0.287649 1.244998 2.191763
-1.084792 0.287856 1.242716 2.190792
-1.084324 0.288058 1.240419 2.189823
-1.083850 0.288256 1.238108 2.188856
-1.083368 0.288450 1.235781 2.187890
-1.082880 0.288640 1.233439 2.186926
-1.082384 0.288825 1.231081 2.185963
-1.081882 0.289006 1.228709 2.185002
-1.081373 0.289183 1.226322 2.184043
-1.080858 0.289355 1.223919 2.183085
-1.080335 0.289523 1.221501 2.182128
-1.079806 0.289687 1.219068 2.181173
-1.079270 0.289846 1.216620 2.180219
-1.078728 0.290001 1.214157 2.179267
-1.078179 0.290151 1.211678 2.178315
-1.077623 0.290297 1.209184 2.177366
-1.077061 0.290438 1.206675 2.176417
-1.076492 0.290575 1.204150 2.175470
-1.075917 0.290707 1.201610 2.174524
-1.075336 0.290834 1.199055 2.173580
-1.074748 0.290957 1.196485 2.172636
-1.074154 0.291075 1.193899 2.171694
-1.073554 0.291189 1.191298 2.170753
-1.072947 0.291298 1.188681 2.169813
-1.072334 0.291402 1.186049 2.168874
-1.071715 0.291502 1.183401 2.167937
-1.071090 0.291597 1.180739 2.167000
-1.070459 0.291687 1.178060 2.166064
-1.069821 0.291772 1.175367 2.165130
-1.069178 0.291852 1.172657 2.164196
-1.068528 0.291928 1.169933 2.163263
-1.067873 0.291999 1.167193 2.162332
-1.067212 0.292065 1.164437 2.161401
-1.066545 0.292126 1.161666 2.160471
-1.065872 0.292182 1.158880 2.159542
-1.065193 0.292233 1.156078 2.158613
-1.064509 0.292280 1.153260 2.157686
-1.063819 0.292321 1.150427 2.156759
-1.063123 0.292358 1.147579 2.155833
-1.062421 0.292389 1.144715 2.154908
-1.061714 0.292416 1.141835 2.153984
-1.061002 0.292438 1.138940 2.153060
-1.060284 0.292454 1.136029 2.152137
-1.059560 0.292466 1.133103 2.151214
-1.058832 0.292473 1.130161 2.150292
-1.058097 0.292474 1.127204 2.149371
-1.057358 0.292471 1.124231 2.148450
-1.056613 0.292462 1.121243 2.147530
-1.055863 0.292449 1.118239 2.146610
-1.055107 0.292430 1.115219 2.145691
-1.054347 0.292406 1.112184 2.144772
-1.053581 0.292377 1.109134 2.143853
-1.052811 0.292343 1.106068 2.142935
-1.052035 0.292304 1.102986 2.142018
-1.051255 0.292260 1.099889 2.141100
-1.050469 0.292211 1.096776 2.140183
-1.049679 0.292157 1.093647 2.139266
-1.048883 0.292097 1.090503 2.138350
-1.048083 0.292032 1.087344 2.137434
-1.047278 0.291962 1.084169 2.136518
-1.046469 0.291887 1.080978 2.135602
-1.045655 0.291807 1.077772 2.134686
-1.044836 0.291722 1.074550 2.133770
-1.044012 0.291631 1.071313 2.132855
-1.043185 0.291536 1.068060 2.131940
-1.042352 0.291435 1.064792 2.131024
-1.041515 0.291329 1.061508 2.130109
-1.040674 0.291217 1.058209 2.129194
-1.039828 0.291101 1.054894 2.128278
-1.038979 0.290979 1.051564 2.127363
-1.038125 0.290852 1.048218 2.126447
-1.037266 0.290720 1.044857 2.125532
-1.036404 0.290583 1.041480 2.124616
-1.035537 0.290440 1.038088 2.123700
-1.034667 0.290293 1.034680 2.122784
-1.033792 0.290140 1.031257 2.121868
-1.032913 0.289982 1.027819 2.120951
-1.032031 0.289818 1.024365 2.120035
-1.031144 0.289650 1.020895 2.119118
-1.030254 0.289476 1.017410 2.118200
-1.029360 0.289298 1.013910 2.117282
-1.028462 0.289113 1.010395 2.116364
-1.027561 0.288924 1.006864 2.115446
-1.026656 0.288730 1.003317 2.114527
-1.025747 0.288530 0.999756 2.113608
-1.024835 0.288326 0.996179 2.112688
-1.023920 0.288116 0.992587 2.111768
-1.023001 0.287901 0.988979 2.110847
-1.022078 0.287680 0.985356 2.109926
-1.021152 0.287455 0.981718 2.109004
-1.020223 0.287224 0.978065 2.108081
-1.019291 0.286989 0.974396 2.107158
-1.018355 0.286748 0.970712 2.106235
-1.017417 0.286502 0.967013 2.105310
-1.016475 0.286251 0.963299 2.104385
-1.015530 0.285995 0.959570 2.103459
-1.014583 0.285734 0.955826 2.102533
-1.013632 0.285467 0.952066 2.101606
-1.012678 0.285196 0.948291 2.100678
-1.011722 0.284920 0.944502 2.099749
-1.010763 0.284638 0.940697 2.098819
-1.009801 0.284352 0.936877 2.097888
-1.008836 0.284060 0.933042 2.096957
-1.007869 0.283763 0.929192 2.096024
-1.006899 0.283462 0.925328 2.095091
-1.005927 0.283155 0.921448 2.094157
-1.004952 0.282844 0.917553 2.093221
-1.003975 0.282527 0.913644 2.092285
-1.002995 0.282206 0.909720 2.091348
-1.002013 0.281879 0.905780 2.090410
-1.001029 0.281548 0.901826 2.089470
-1.000042 0.281212 0.897858 2.088529
-0.999054 0.280870 0.893874 2.087588
-0.998063 0.280524 0.889876 2.086645
-0.997070 0.280173 0.885863 2.085701
-0.996075 0.279818 0.881835 2.084756
-0.995078 0.279457 0.877793 2.083809
-0.994079 0.279092 0.873736 2.082862
-0.993079 0.278722 0.869664 2.081913
-0.992076 0.278347 0.865578 2.080962
-0.991072 0.277967 0.861477 2.080011
-0.990066 0.277583 0.857362 2.079058
-0.989059 0.277193 0.853233 2.078104
-0.988049 0.276800 0.849089 2.077148
-0.987039 0.276401 0.844930 2.076191
-0.986026 0.275998 0.840758 2.075233
-0.985013 0.275590 0.836570 2.074273
-0.983998 0.275178 0.832369 2.073312
-0.982981 0.274761 0.828153 2.072349
-0.981964 0.274339 0.823923 2.071384
-0.980945 0.273913 0.819679 2.070419
-0.979924 0.273483 0.815421 2.069451
-0.978903 0.273048 0.811149 2.068482
-0.977881 0.272608 0.806862 2.067512
-0.976857 0.272164 0.802562 2.066539
-0.975833 0.271716 0.798247 2.065566
-0.974808 0.271263 0.793919 2.064590
-0.973781 0.270806 0.789576 2.063613
-0.972754 0.270344 0.785220 2.062634
-0.971727 0.269878 0.780850 2.061654
-0.970698 0.269408 0.776466 2.060671
-0.969669 0.268934 0.772068 2.059687
-0.968639 0.268455 0.767657 2.058701
-0.967609 0.267972 0.763231 2.057714
-0.966578 0.267485 0.758793 2.056724
-0.965547 0.266994 0.754340 2.055733
-0.964515 0.266499 0.749874 2.054740
-0.963483 0.265999 0.745395 2.053745
-0.962451 0.265496 0.740902 2.052748
-0.961418 0.264988 0.736395 2.051749
-0.960385 0.264477 0.731875 2.050748
-0.959353 0.263961 0.727342 2.049746
-0.958320 0.263442 0.722796 2.048741
-0.957287 0.262918 0.718236 2.047734
-0.956254 0.262391 0.713663 2.046726
-0.955221 0.261860 0.709077 2.045715
-0.954188 0.261325 0.704478 2.044702
-0.953155 0.260787 0.699866 2.043688
-0.952123 0.260244 0.695241 2.042671
-0.951091 0.259698 0.690602 2.041652
-0.950059 0.259148 0.685951 2.040631
-0.949028 0.258595 0.681287 2.039608
-0.947997 0.258038 0.676611 2.038583
-0.946967 0.257477 0.671921 2.037555
-0.945937 0.256913 0.667219 2.036526
-0.944908 0.256345 0.662504 2.035494
-0.943879 0.255774 0.657776 2.034460
-0.942851 0.255199 0.653036 2.033424
-0.941824 0.254621 0.648284 2.032385
-0.940798 0.254040 0.643519 2.031345
-0.939772 0.253455 0.638741 2.030302
-0.938748 0.252867 0.633952 2.029256
-0.937724 0.252276 0.629150 2.028209
-0.936702 0.251682 0.624335 2.027159
-0.935680 0.251084 0.619509 2.026107
-0.934660 0.250484 0.614670 2.025052
-0.933641 0.249880 0.609820 2.023996
-0.932623 0.249273 0.604957 2.022936
-0.931606 0.248663 0.600083 2.021875
-0.930591 0.248050 0.595196 2.020811
-0.929577 0.247434 0.590298 2.019744
-0.928565 0.246816 0.585388 2.018676
-0.927554 0.246194 0.580466 2.017604
-0.926544 0.245570 0.575533 2.016531
-0.925536 0.244943 0.570588 2.015455
-0.924530 0.244313 0.565631 2.014376
-0.923526 0.243681 0.560663 2.013295
-0.922523 0.243046 0.555684 2.012212
-0.921522 0.242408 0.550693 2.011125
-0.920523 0.241768 0.545691 2.010037
-0.919526 0.241125 0.540678 2.008946
-0.918531 0.240480 0.535654 2.007852
-0.917537 0.239832 0.530618 2.006756
-0.916546 0.239182 0.525572 2.005657
-0.915557 0.238530 0.520514 2.004556
-0.914570 0.237875 0.515446 2.003452
-0.913585 0.237218 0.510367 2.002346
-0.912603 0.236559 0.505277 2.001237
-0.911623 0.235898 0.500176 2.000125
-0.910645 0.235235 0.495065 1.999011
-0.909670 0.234570 0.489943 1.997894
-0.908697 0.233902 0.484810 1.996775
-0.907726 0.233233 0.479668 1.995652
-0.906759 0.232562 0.474514 1.994528
-0.905793 0.231889 0.469351 1.993400
-0.904831 0.231214 0.464177 1.992270
-0.903871 0.230537 0.458993 1.991137
-0.902914 0.229859 0.453799 1.990002
-0.901960 0.229179 0.448595 1.988864
-0.901008 0.228497 0.443381 1.987723
-0.900060 0.227814 0.438158 1.986579
-0.899114 0.227129 0.432924 1.985433
-0.898172 0.226443 0.427681 1.984284
-0.897232 0.225755 0.422428 1.983132
-0.896296 0.225066 0.417165 1.981978
-0.895362 0.224376 0.411893 1.980821
-0.894432 0.223684 0.406611 1.979661
-0.893506 0.222991 0.401320 1.978498
-0.892582 0.222297 0.396020 1.977333
-0.891662 0.221602 0.390711 1.976165
-0.890745 0.220906 0.385392 1.974994
-0.889832 0.220208 0.380064 1.973821
-0.888922 0.219510 0.374728 1.972644
-0.888016 0.218811 0.369382 1.971465
-0.887113 0.218111 0.364028 1.970283
-0.886214 0.217410 0.358664 1.969099
-0.885319 0.216709 0.353292 1.967911
-0.884427 0.216006 0.347912 1.966721
-0.883539 0.215303 0.342523 1.965528
-0.882655 0.214600 0.337125 1.964332
-0.881775 0.213896 0.331720 1.963134
-0.880899 0.213191 0.326305 1.961932
-0.880027 0.212486 0.320883 1.960728
-0.879158 0.211781 0.315452 1.959521
-0.878294 0.211075 0.310014 1.958312
-0.877434 0.210369 0.304567 1.957099
-0.876578 0.209663 0.299113 1.955884
-0.875726 0.208957 0.293650 1.954666
-0.874879 0.208250 0.288180 1.953445
-0.874035 0.207544 0.282703 1.952221
-0.873196 0.206837 0.277217 1.950995
-0.872362 0.206131 0.271725 1.949766
-0.871532 0.205424 0.266224 1.948534
-0.870706 0.204718 0.260717 1.947299
-0.869885 0.204012 0.255202 1.946061
-0.869068 0.203307 0.249680 1.944821
-0.868256 0.202601 0.244151 1.943578
-0.867449 0.201896 0.238615 1.942332
-0.866646 0.201192 0.233072 1.941083
-0.865848 0.200488 0.227523 1.939832
-0.865055 0.199785 0.221966 1.938577
-0.864266 0.199082 0.216403 1.937320
-0.863483 0.198380 0.210834 1.936061
-0.862704 0.197678 0.205257 1.934798
-0.861930 0.196978 0.199675 1.933533
-0.861162 0.196278 0.194086 1.932265
-0.860398 0.195579 0.188491 1.930994
-0.859639 0.194881 0.182890 1.929720
-0.858886 0.194185 0.177283 1.928444
-0.858137 0.193489 0.171669 1.927165
-0.857394 0.192794 0.166050 1.925884
-0.856656 0.192101 0.160426 1.924599
-0.855923 0.191409 0.154795 1.923312
-0.855196 0.190718 0.149159 1.922022
-0.854474 0.190029 0.143517 1.920730
-0.853757 0.189341 0.137870 1.919434
-0.853046 0.188654 0.132218 1.918136
-0.852340 0.187969 0.126560 1.916836
-0.851640 0.187286 0.120898 1.915533
-0.850946 0.186604 0.115230 1.914227
-0.850257 0.185924 0.109557 1.912918
-0.849573 0.185246 0.103879 1.911607
-0.848895 0.184570 0.098197 1.910293
-0.848223 0.183895 0.092510 1.908977
-0.847557 0.183223 0.086818 1.907657
-0.846897 0.182552 0.081122 1.906336
-0.846242 0.181884 0.075421 1.905011
-0.845593 0.181218 0.069716 1.903684
-0.844950 0.180554 0.064007 1.902355
-0.844313 0.179892 0.058293 1.901023
-0.843682 0.179233 0.052576 1.899688
-0.843057 0.178576 0.046855 1.898351
-0.842438 0.177921 0.041129 1.897011
-0.841825 0.177269 0.035400 1.895669
-0.841219 0.176620 0.029668 1.894325
-0.840618 0.175973 0.023932 1.892977
-0.840024 0.175329 0.018192 1.891628
-0.839436 0.174687 0.012449 1.890275
-0.838854 0.174048 0.006702 1.888921
-0.838278 0.173413 0.000953 1.887564
-0.837709 0.172780 -0.004800 1.886204
-0.837146 0.172150 -0.010555 1.884842
-0.836590 0.171523 -0.016314 1.883478
-0.836039 0.170899 -0.022075 1.882111
-0.835496 0.170279 -0.027839 1.880742
-0.834959 0.169662 -0.033606 1.879370
-0.834428 0.169047 -0.039375 1.877996
-0.833904 0.168437 -0.045147 1.876620
-0.833387 0.167829 -0.050921 1.875242
-0.832876 0.167226 -0.056697 1.873861
-0.832372 0.166625 -0.062475 1.872478
-0.831875 0.166029 -0.068256 1.871092
-0.831384 0.165436 -0.074038 1.869705
-0.830900 0.164846 -0.079822 1.868315
-0.830423 0.164261 -0.085608 1.866923
-0.829953 0.163679 -0.091395 1.865529
-0.829489 0.163101 -0.097184 1.864132
-0.829033 0.162527 -0.102975 1.862733
-0.828583 0.161957 -0.108766 1.861333
-0.828140 0.161391 -0.114559 1.859930
-0.827705 0.160829 -0.120354 1.858525
-0.827276 0.160272 -0.126149 1.857118
-0.826854 0.159718 -0.131945 1.855708
-0.826440 0.159169 -0.137742 1.854297
-0.826032 0.158625 -0.143540 1.852884
-0.825632 0.158085 -0.149338 1.851468
-0.825238 0.157549 -0.155137 1.850051
-0.824852 0.157018 -0.160936 1.848632
-0.824473 0.156491 -0.166736 1.847211
-0.824102 0.155969 -0.172536 1.845787
-0.823737 0.155452 -0.178336 1.844362
-0.823380 0.154939 -0.184136 1.842935
-0.823030 0.154432 -0.189936 1.841506
-0.822688 0.153929 -0.195736 1.840076
-0.822353 0.153431 -0.201535 1.838643
-0.822025 0.152939 -0.207335 1.837209
-0.821704 0.152451 -0.213133 1.835772
-0.821392 0.151968 -0.218931 1.834335
-0.821086 0.151491 -0.224729 1.832895
-0.820788 0.151019 -0.230526 1.831454
-0.820497 0.150552 -0.236322 1.830010
-0.820214 0.150091 -0.242116 1.828566
-0.819939 0.149635 -0.247910 1.827119
-0.819671 0.149184 -0.253703 1.825671
-0.819411 0.148739 -0.259494 1.824222
-0.819158 0.148300 -0.265284 1.822771
-0.818913 0.147866 -0.271073 1.821318
-0.818676 0.147438 -0.276859 1.819864
-0.818446 0.147016 -0.282645 1.818408
-0.818224 0.146600 -0.288428 1.816951
-0.818010 0.146189 -0.294209 1.815492
-0.817803 0.145784 -0.299989 1.814032
-0.817605 0.145386 -0.305766 1.812571
-0.817414 0.144993 -0.311541 1.811108
-0.817231 0.144607 -0.317314 1.809644
-0.817055 0.144227 -0.323085 1.808178
-0.816888 0.143853 -0.328853 1.806711
-0.816728 0.143485 -0.334618 1.805243
-0.816576 0.143123 -0.340381 1.803774
-0.816432 0.142768 -0.346140 1.802304
-0.816296 0.142420 -0.351897 1.800832
-0.816168 0.142078 -0.357651 1.799359
-0.816048 0.141742 -0.363402 1.797885
-0.815936 0.141413 -0.369149 1.796410
-0.815832 0.141091 -0.374893 1.794934
-0.815736 0.140775 -0.380634 1.793457
-0.815648 0.140467 -0.386371 1.791979
-0.815568 0.140165 -0.392105 1.790500
-0.815496 0.139870 -0.397834 1.789020
-0.815432 0.139581 -0.403560 1.787539
-0.815376 0.139300 -0.409282 1.786057
-0.815328 0.139026 -0.415000 1.784575
-0.815288 0.138759 -0.420714 1.783091
-0.815257 0.138499 -0.426423 1.781607
-0.815233 0.138247 -0.432128 1.780122
-0.815218 0.138001 -0.437829 1.778637
-0.815211 0.137763 -0.443525 1.777150
-0.815211 0.137532 -0.449216 1.775663
-0.815221 0.137309 -0.454903 1.774175
-0.815238 0.137093 -0.460584 1.772687
-0.815263 0.136885 -0.466261 1.771198
-0.815297 0.136684 -0.471933 1.769709
-0.815339 0.136491 -0.477599 1.768219
-0.815389 0.136305 -0.483260 1.766729
-0.815448 0.136127 -0.488916 1.765238
-0.815514 0.135957 -0.494566 1.763747
-0.815589 0.135795 -0.500211 1.762255
-0.815672 0.135641 -0.505850 1.760763
-0.815764 0.135494 -0.511483 1.759271
-0.815864 0.135356 -0.517110 1.757778
-0.815972 0.135225 -0.522731 1.756286
-0.816088 0.135103 -0.528346 1.754793
-0.816213 0.134988 -0.533955 1.753300
-0.816346 0.134882 -0.539558 1.751807
-0.816487 0.134784 -0.545154 1.750313
-0.816636 0.134695 -0.550743 1.748820
-0.816794 0.134613 -0.556326 1.747327
-0.816961 0.134540 -0.561903 1.745833
-0.817135 0.134475 -0.567472 1.744340
-0.817318 0.134419 -0.573035 1.742847
-0.817509 0.134371 -0.578590 1.741354
-0.817709 0.134332 -0.584139 1.739861
-0.817917 0.134301 -0.589680 1.738368
-0.818133 0.134279 -0.595214 1.736876
-0.818358 0.134266 -0.600740 1.735384
-0.818591 0.134261 -0.606259 1.733892
-0.818833 0.134265 -0.611770 1.732400
-0.819082 0.134278 -0.617274 1.730909
-0.819341 0.134300 -0.622769 1.729418
-0.819607 0.134330 -0.628257 1.727928
-0.819882 0.134370 -0.633737 1.726438
-0.820165 0.134418 -0.639208 1.724949
-0.820457 0.134476 -0.644672 1.723460
-0.820757 0.134542 -0.650127 1.721972
-0.821065 0.134618 -0.655573 1.720485
-0.821382 0.134703 -0.661011 1.718998
-0.821707 0.134796 -0.666441 1.717512
-0.822041 0.134900 -0.671862 1.716027
-0.822383 0.135012 -0.677274 1.714543
-0.822733 0.135134 -0.682677 1.713059
-0.823092 0.135265 -0.688070 1.711576
-0.823459 0.135405 -0.693455 1.710095
-0.823834 0.135555 -0.698831 1.708614
-0.824218 0.135714 -0.704197 1.707134
-0.824610 0.135883 -0.709554 1.705655
-0.825010 0.136061 -0.714902 1.704178
-0.825419 0.136249 -0.720239 1.702701
-0.825836 0.136446 -0.725567 1.701226
-0.826262 0.136653 -0.730886 1.699752
-0.826695 0.136870 -0.736194 1.698279
-0.827137 0.137097 -0.741493 1.696807
-0.827588 0.137333 -0.746781 1.695337
-0.828046 0.137579 -0.752059 1.693868
-0.828513 0.137834 -0.757327 1.692400
-0.828989 0.138100 -0.762584 1.690934
-0.829472 0.138376 -0.767831 1.689470
-0.829964 0.138661 -0.773068 1.688007
-0.830464 0.138956 -0.778294 1.686545
-0.830972 0.139262 -0.783509 1.685086
-0.831489 0.139577 -0.788713 1.683627
-0.832014 0.139902 -0.793906 1.682171
-0.832547 0.140238 -0.799088 1.680716
-0.833088 0.140583 -0.804259 1.679264
-0.833638 0.140939 -0.809419 1.677812
-0.834195 0.141305 -0.814568 1.676363
-0.834761 0.141681 -0.819705 1.674916
-0.835335 0.142067 -0.824830 1.673471
-0.835917 0.142464 -0.829944 1.672028
-0.836508 0.142871 -0.835047 1.670586
-0.837106 0.143288 -0.840137 1.669147
-0.837713 0.143716 -0.845216 1.667710
-0.838327 0.144154 -0.850283 1.666275
-0.838950 0.144602 -0.855337 1.664843
-0.839581 0.145060 -0.860380 1.663413
-0.840220 0.145530 -0.865410 1.661985
-0.840867 0.146009 -0.870428 1.660559
-0.841522 0.146499 -0.875434 1.659136
-0.842185 0.147000 -0.880427 1.657715
-0.842856 0.147511 -0.885407 1.656297
-0.843535 0.148033 -0.890375 1.654881
-0.844222 0.148565 -0.895330 1.653468
-0.844917 0.149108 -0.900272 1.652057
-0.845620 0.149662 -0.905202 1.650649
-0.846331 0.150226 -0.910118 1.649244
-0.847049 0.150801 -0.915021 1.647842
-0.847776 0.151387 -0.919911 1.646442
-0.848511 0.151983 -0.924787 1.645045
-0.849253 0.152590 -0.929651 1.643651
-0.850003 0.153208 -0.934500 1.642260
-0.850761 0.153837 -0.939337 1.640873
-0.851527 0.154477 -0.944159 1.639488
-0.852300 0.155127 -0.948968 1.638106
-0.853081 0.155788 -0.953763 1.636727
-0.853870 0.156460 -0.958544 1.635351
-0.854667 0.157143 -0.963312 1.633979
-0.855471 0.157837 -0.968065 1.632610
-0.856283 0.158542 -0.972804 1.631244
-0.857103 0.159257 -0.977528 1.629882
-0.857930 0.159984 -0.982239 1.628522
-0.858765 0.160721 -0.986935 1.627167
-0.859607 0.161470 -0.991617 1.625815
-0.860457 0.162229 -0.996284 1.624466
-0.861314 0.163000 -1.000936 1.623121
-0.862179 0.163781 -1.005574 1.621779
-0.863051 0.164574 -1.010197 1.620442
-0.863931 0.165377 -1.014805 1.619108
-0.864818 0.166192 -1.019398 1.617777
-0.865713 0.167018 -1.023976 1.616451
-0.866615 0.167854 -1.028539 1.615128
-0.867524 0.168702 -1.033087 1.613809
-0.868441 0.169561 -1.037619 1.612495
-0.869365 0.170431 -1.042137 1.611184
-0.870296 0.171312 -1.046638 1.609877
-0.871234 0.172204 -1.051125 1.608574
-0.872180 0.173107 -1.055595 1.607276
-0.873132 0.174022 -1.060050 1.605981
-0.874092 0.174947 -1.064490 1.604691
-0.875059 0.175884 -1.068913 1.603405
-0.876033 0.176832 -1.073321 1.602123
-0.877014 0.177791 -1.077713 1.600846
-0.878002 0.178761 -1.082088 1.599573
-0.878997 0.179742 -1.086448 1.598305
-0.880000 0.180734 -1.090791 1.597041
-0.881008 0.181738 -1.095118 1.595782
-0.882024 0.182753 -1.099429 1.594527
-0.883047 0.183779 -1.103724 1.593277
-0.884077 0.184816 -1.108002 1.592031
-0.885113 0.185864 -1.112263 1.590790
-0.886156 0.186923 -1.116508 1.589554
-0.887206 0.187994 -1.120737 1.588323
-0.888262 0.189076 -1.124948 1.587097
-0.889325 0.190168 -1.129143 1.585876
-0.890395 0.191272 -1.133321 1.584659
-0.891472 0.192388 -1.137481 1.583448
-0.892555 0.193514 -1.141625 1.582242
-0.893644 0.194651 -1.145752 1.581040
-0.894740 0.195800 -1.149862 1.579844
-0.895842 0.196960 -1.153954 1.578653
-0.896951 0.198131 -1.158029 1.577468
-0.898066 0.199313 -1.162087 1.576287
-0.899188 0.200506 -1.166128 1.575112
-0.900316 0.201710 -1.170151 1.573943
-0.901450 0.202926 -1.174156 1.572778
-0.902590 0.204152 -1.178144 1.571620
-0.903736 0.205390 -1.182114 1.570466
-0.904889 0.206639 -1.186067 1.569319
-0.906048 0.207898 -1.190001 1.568176
-0.907213 0.209169 -1.193918 1.567040
-0.908383 0.210451 -1.197817 1.565909
-0.909560 0.211744 -1.201698 1.564784
-0.910743 0.213048 -1.205561 1.563665
-0.911932 0.214363 -1.209406 1.562552
-0.913126 0.215689 -1.213232 1.561444
-0.914327 0.217026 -1.217041 1.560343
-0.915533 0.218374 -1.220831 1.559247
-0.916745 0.219733 -1.224603 1.558157
-0.917962 0.221103 -1.228356 1.557074
-0.919186 0.222484 -1.232091 1.555996
-0.920415 0.223876 -1.235808 1.554925
-0.921649 0.225278 -1.239506 1.553860
-0.922889 0.226692 -1.243185 1.552801
-0.924135 0.228116 -1.246846 1.551749
-0.925385 0.229552 -1.250488 1.550703
-0.926642 0.230998 -1.254112 1.549663
-0.927903 0.232455 -1.257716 1.548629
-0.929170 0.233923 -1.261302 1.547602
-0.930443 0.235401 -1.264869 1.546582
-0.931720 0.236891 -1.268416 1.545568
-0.933003 0.238391 -1.271945 1.544561
-0.934291 0.239901 -1.275455 1.543560
-0.935583 0.241423 -1.278945 1.542566
-0.936881 0.242955 -1.282416 1.541579
-0.938184 0.244498 -1.285869 1.540599
-0.939492 0.246051 -1.289301 1.539625
-0.940805 0.247615 -1.292715 1.538658
-0.942122 0.249190 -1.296109 1.537699
-0.943445 0.250775 -1.299484 1.536746
-0.944772 0.252371 -1.302839 1.535800
-0.946104 0.253977 -1.306175 1.534861
-0.947440 0.255593 -1.309491 1.533929
-0.948781 0.257220 -1.312788 1.533005
-0.950127 0.258858 -1.316065 1.532087
-0.951477 0.260506 -1.319323 1.531177
-0.952832 0.262164 -1.322560 1.530274
-0.954191 0.263832 -1.325778 1.529378
-0.955554 0.265511 -1.328976 1.528490
-0.956922 0.267200 -1.332154 1.527609
-0.958294 0.268900 -1.335313 1.526736
-0.959670 0.270609 -1.338451 1.525870
-0.961050 0.272329 -1.341570 1.525011
-0.962434 0.274058 -1.344668 1.524160
-0.963823 0.275798 -1.347747 1.523317
-0.965215 0.277548 -1.350805 1.522481
-0.966612 0.279308 -1.353843 1.521653
-0.968012 0.281078 -1.356861 1.520833
-0.969416 0.282858 -1.359859 1.520020
-0.970824 0.284648 -1.362837 1.519215
-0.972235 0.286448 -1.365794 1.518418
-0.973651 0.288258 -1.368731 1.517629
-0.975070 0.290077 -1.371648 1.516848
-0.976492 0.291906 -1.374545 1.516075
-0.977918 0.293745 -1.377421 1.515310
-0.979348 0.295594 -1.380276 1.514553
-0.980780 0.297452 -1.383112 1.513804
-0.982217 0.299320 -1.385926 1.513063
-0.983656 0.301197 -1.388721 1.512330
-0.985099 0.303084 -1.391494 1.511606
-0.986545 0.304981 -1.394247 1.510890
-0.987994 0.306887 -1.396980 1.510182
-0.989446 0.308802 -1.399692 1.509482
-0.990901 0.310727 -1.402383 1.508791
-0.992359 0.312661 -1.405053 1.508108
-0.993820 0.314604 -1.407703 1.507433
-0.995284 0.316557 -1.410332 1.506768
-0.996750 0.318518 -1.412940 1.506110
-0.998220 0.320489 -1.415528 1.505461
-0.999692 0.322469 -1.418095 1.504821
-1.001166 0.324458 -1.420641 1.504190
-1.002644 0.326456 -1.423166 1.503567
-1.004123 0.328463 -1.425670 1.502952
-1.005605 0.330478 -1.428153 1.502347
-1.007090 0.332503 -1.430615 1.501750
-1.008576 0.334536 -1.433057 1.501162
-1.010065 0.336578 -1.435477 1.500583
-1.011557 0.338629 -1.437877 1.500013
-1.013050 0.340689 -1.440255 1.499452
-1.014545 0.342757 -1.442613 1.498900
-1.016043 0.344833 -1.444949 1.498357
-1.017542 0.346918 -1.447265 1.497823
-1.019044 0.349012 -1.449559 1.497298
-1.020547 0.351114 -1.451832 1.496782
-1.022052 0.353224 -1.454085 1.496275
-1.023558 0.355342 -1.456316 1.495777
-1.025066 0.357469 -1.458526 1.495289
-1.026576 0.359604 -1.460715 1.494810
-1.028088 0.361746 -1.462882 1.494340
-1.029600 0.363897 -1.465029 1.493879
-1.031115 0.366056 -1.467154 1.493428
-1.032630 0.368223 -1.469259 1.492986
-1.034147 0.370398 -1.471342 1.492554
-1.035665 0.372580 -1.473404 1.492131
-1.037184 0.374770 -1.475444 1.491717
-1.038704 0.376968 -1.477464 1.491314
-1.040226 0.379174 -1.479462 1.490919
-1.041748 0.381387 -1.481439 1.490534
-1.043271 0.383607 -1.483395 1.490159
-1.044795 0.385835 -1.485330 1.489794
-1.046320 0.388071 -1.487243 1.489438
-1.047845 0.390313 -1.489135 1.489092
-1.049371 0.392563 -1.491006 1.488755
-1.050898 0.394821 -1.492856 1.488429
-1.052425 0.397085 -1.494684 1.488112
-1.053952 0.399356 -1.496491 1.487805
-1.055480 0.401634 -1.498277 1.487508
-1.057009 0.403920 -1.500042 1.487221
-1.058537 0.406212 -1.501785 1.486944
-1.060066 0.408511 -1.503508 1.486676
-1.061595 0.410816 -1.505209 1.486419
-1.063123 0.413128 -1.506888 1.486172
-1.064652 0.415447 -1.508547 1.485935
-1.066181 0.417772 -1.510184 1.485707
-1.067710 0.420104 -1.511800 1.485490
-1.069238 0.422442 -1.513395 1.485283
-1.070766 0.424787 -1.514968 1.485087
-1.072294 0.427138 -1.516520 1.484900
-1.073821 0.429494 -1.518051 1.484724
-1.075348 0.431857 -1.519561 1.484557
-1.076874 0.434226 -1.521050 1.484402
-1.078400 0.436601 -1.522517 1.484256
-1.079925 0.438982 -1.523964 1.484121
-1.081449 0.441369 -1.525389 1.483996
-1.082972 0.443761 -1.526793 1.483881
-1.084495 0.446159 -1.528176 1.483777
-1.086016 0.448563 -1.529537 1.483683
-1.087537 0.450972 -1.530878 1.483600
-1.089056 0.453387 -1.532197 1.483527
-1.090574 0.455806 -1.533496 1.483465
-1.092091 0.458232 -1.534773 1.483413
-1.093607 0.460662 -1.536029 1.483372
-1.095121 0.463098 -1.537264 1.483341
-1.096634 0.465538 -1.538478 1.483321
-1.098145 0.467984 -1.539672 1.483312
-1.099655 0.470434 -1.540844 1.483313
-1.101163 0.472889 -1.541995 1.483325
-1.102669 0.475349 -1.543125 1.483347
-1.104174 0.477814 -1.544234 1.483381
-1.105677 0.480283 -1.545322 1.483425
-1.107178 0.482757 -1.546389 1.483479
-1.108676 0.485235 -1.547436 1.483545
-1.110173 0.487718 -1.548461 1.483621
-1.111668 0.490204 -1.549466 1.483708
-1.113160 0.492695 -1.550450 1.483806
-1.114650 0.495190 -1.551413 1.483915
-1.116138 0.497689 -1.552355 1.484034
-1.117624 0.500192 -1.553277 1.484165
-1.119106 0.502699 -1.554178 1.484306
-1.120587 0.505210 -1.555058 1.484459
-1.122064 0.507724 -1.555917 1.484622
-1.123539 0.510242 -1.556756 1.484796
-1.125012 0.512763 -1.557574 1.484981
-1.126481 0.515288 -1.558371 1.485178
-1.127947 0.517816 -1.559148 1.485385
-1.129411 0.520347 -1.559905 1.485603
-1.130871 0.522882 -1.560641 1.485833
-1.132329 0.525419 -1.561356 1.486073
-1.133783 0.527960 -1.562051 1.486324
-1.135234 0.530503 -1.562726 1.486587
-1.136681 0.533049 -1.563380 1.486861
-1.138125 0.535598 -1.564014 1.487145
-1.139566 0.538150 -1.564627 1.487441
-1.141003 0.540704 -1.565220 1.487749
-1.142436 0.543261 -1.565793 1.488067
-1.143866 0.545820 -1.566346 1.488396
-1.145292 0.548381 -1.566878 1.488737
-1.146714 0.550944 -1.567391 1.489089
-1.148133 0.553510 -1.567883 1.489452
-1.149547 0.556078 -1.568355 1.489826
-1.150957 0.558647 -1.568808 1.490212
-1.152363 0.561218 -1.569240 1.490609
-1.153765 0.563792 -1.569652 1.491017
-1.155163 0.566366 -1.570044 1.491436
-1.156556 0.568943 -1.570417 1.491867
-1.157945 0.571520 -1.570769 1.492309
-1.159329 0.574099 -1.571102 1.492762
-1.160709 0.576680 -1.571415 1.493227
-1.162084 0.579261 -1.571708 1.493703
-1.163455 0.581844 -1.571982 1.494190
-1.164820 0.584428 -1.572236 1.494689
-1.166181 0.587012 -1.572471 1.495199
-1.167537 0.589597 -1.572686 1.495720
-1.168888 0.592184 -1.572881 1.496253
-1.170234 0.594770 -1.573057 1.496797
-1.171575 0.597357 -1.573214 1.497353
-1.172911 0.599945 -1.573351 1.497920
-1.174241 0.602533 -1.573469 1.498498
-1.175566 0.605121 -1.573567 1.499088
-1.176886 0.607710 -1.573647 1.499689
-1.178200 0.610298 -1.573707 1.500302
-1.179508 0.612886 -1.573749 1.500926
-1.180811 0.615474 -1.573771 1.501562
-1.182108 0.618062 -1.573774 1.502209
-1.183400 0.620650 -1.573758 1.502867
-1.184685 0.623237 -1.573723 1.503537
-1.185965 0.625824 -1.573670 1.504218
-1.187239 0.628410 -1.573597 1.504911
-1.188506 0.630995 -1.573506 1.505615
-1.189768 0.633579 -1.573397 1.506331
-1.191023 0.636163 -1.573268 1.507058
-1.192272 0.638745 -1.573121 1.507797
-1.193514 0.641326 -1.572956 1.508547
-1.194751 0.643907 -1.572772 1.509309
-1.195980 0.646485 -1.572569 1.510082
-1.197204 0.649063 -1.572349 1.510866
-1.198420 0.651638 -1.572109 1.511662
-1.199630 0.654212 -1.571852 1.512470
-1.200833 0.656785 -1.571577 1.513289
-1.202029 0.659355 -1.571283 1.514119
-1.203218 0.661924 -1.570972 1.514961
-1.204401 0.664491 -1.570642 1.515814
-1.205576 0.667055 -1.570294 1.516679
-1.206744 0.669618 -1.569929 1.517555
-1.207905 0.672177 -1.569546 1.518443
-1.209058 0.674735 -1.569145 1.519342
-1.210204 0.677290 -1.568726 1.520253
-1.211343 0.679842 -1.568289 1.521175
-1.212475 0.682392 -1.567836 1.522109
-1.213598 0.684938 -1.567364 1.523054
-1.214714 0.687482 -1.566875 1.524010
-1.215823 0.690023 -1.566369 1.524978
-1.216924 0.692561 -1.565846 1.525957
-1.218016 0.695095 -1.565305 1.526948
-1.219101 0.697626 -1.564747 1.527950
-1.220178 0.700153 -1.564172 1.528964
-1.221247 0.702677 -1.563580 1.529989
-1.222308 0.705198 -1.562971 1.531025
-1.223360 0.707714 -1.562345 1.532073
-1.224405 0.710227 -1.561702 1.533132
-1.225441 0.712736 -1.561043 1.534203
-1.226468 0.715240 -1.560367 1.535285
-1.227487 0.717741 -1.559674 1.536378
-1.228498 0.720237 -1.558964 1.537482
-1.229500 0.722728 -1.558239 1.538598
-1.230493 0.725216 -1.557496 1.539726
-1.231478 0.727698 -1.556738 1.540864
-1.232453 0.730176 -1.555963 1.542014
-1.233420 0.732650 -1.555172 1.543176
-1.234378 0.735118 -1.554365 1.544348
-1.235327 0.737581 -1.553542 1.545532
-1.236266 0.740039 -1.552703 1.546727
-1.237197 0.742492 -1.551848 1.547933
-1.238118 0.744940 -1.550977 1.549151
-1.239030 0.747382 -1.550090 1.550380
-1.239933 0.749819 -1.549188 1.551620
-1.240826 0.752250 -1.548270 1.552871
-1.241710 0.754675 -1.547337 1.554133
-1.242584 0.757094 -1.546388 1.555407
-1.243449 0.759508 -1.545424 1.556692
-1.244304 0.761915 -1.544445 1.557988
-1.245149 0.764317 -1.543451 1.559295
-1.245984 0.766712 -1.542441 1.560613
-1.246809 0.769100 -1.541416 1.561942
-1.247624 0.771482 -1.540377 1.563282
-1.248430 0.773858 -1.539322 1.564634
-1.249225 0.776227 -1.538253 1.565996
-1.250010 0.778589 -1.537169 1.567370
-1.250785 0.780944 -1.536070 1.568754
-1.251549 0.783293 -1.534957 1.570150
-1.252303 0.785634 -1.533829 1.571556
-1.253047 0.787968 -1.532687 1.572974
-1.253780 0.790294 -1.531531 1.574402
-1.254502 0.792614 -1.530361 1.575841
-1.255214 0.794925 -1.529176 1.577291
-1.255916 0.797230 -1.527977 1.578753
-1.256606 0.799526 -1.526765 1.580224
-1.257286 0.801814 -1.525538 1.581707
-1.257955 0.804095 -1.524298 1.583201
-1.258612 0.806368 -1.523044 1.584705
-1.259259 0.808632 -1.521776 1.586220
-1.259895 0.810888 -1.520495 1.587746
-1.260519 0.813136 -1.519200 1.589283
-1.261133 0.815376 -1.517892 1.590830
-1.261735 0.817607 -1.516571 1.592388
-1.262325 0.819829 -1.515237 1.593957
-1.262905 0.822042 -1.513889 1.595536
-1.263472 0.824247 -1.512529 1.597126
-1.264029 0.826443 -1.511155 1.598727
-1.264573 0.828629 -1.509769 1.600338
-1.265107 0.830806 -1.508370 1.601960
-1.265628 0.832975 -1.506958 1.603592
-1.266137 0.835133 -1.505534 1.605234
-1.266635 0.837283 -1.504098 1.606888
-1.267121 0.839422 -1.502649 1.608551
-1.267595 0.841552 -1.501187 1.610225
-1.268057 0.843672 -1.499714 1.611910
-1.268506 0.845783 -1.498228 1.613604
-1.268944 0.847883 -1.496730 1.615309
-1.269369 0.849973 -1.495221 1.617025
-1.269782 0.852053 -1.493700 1.618750
-1.270183 0.854123 -1.492166 1.620486
-1.270571 0.856182 -1.490622 1.622232
-1.270947 0.858231 -1.489065 1.623988
-1.271311 0.860269 -1.487498 1.625755
-1.271662 0.862297 -1.485919 1.627531
-1.272000 0.864314 -1.484328 1.629318
-1.272326 0.866319 -1.482727 1.631115
-1.272638 0.868314 -1.481114 1.632921
-1.272938 0.870298 -1.479491 1.634738
-1.273225 0.872270 -1.477856 1.636565
-1.273500 0.874232 -1.476211 1.638401
-1.273761 0.876181 -1.474555 1.640248
-1.274009 0.878120 -1.472889 1.642104
-1.274244 0.880046 -1.471212 1.643970
-1.274466 0.881961 -1.469524 1.645846
-1.274675 0.883864 -1.467826 1.647732
-1.274871 0.885756 -1.466118 1.649628
-1.275053 0.887635 -1.464400 1.651533
-1.275222 0.889502 -1.462672 1.653448
-1.275377 0.891357 -1.460934 1.655372
-1.275519 0.893200 -1.459187 1.657307
-1.275648 0.895030 -1.457429 1.659250
-1.275762 0.896848 -1.455662 1.661204
-1.275864 0.898653 -1.453885 1.663166
-1.275951 0.900446 -1.452099 1.665139
-1.276025 0.902225 -1.450304 1.667120
-1.276085 0.903992 -1.448499 1.669111
-1.276131 0.905746 -1.446686 1.671111
-1.276163 0.907487 -1.444863 1.673121
-1.276181 0.909215 -1.443031 1.675140
-1.276185 0.910929 -1.441191 1.677168
-1.276175 0.912630 -1.439342 1.679206
-1.276151 0.914318 -1.437484 1.681252
-1.276113 0.915992 -1.435617 1.683308
-1.276061 0.917652 -1.433743 1.685372
-1.275994 0.919299 -1.431860 1.687446
-1.275913 0.920932 -1.429968 1.689529
-1.275817 0.922551 -1.428069 1.691621
-1.275707 0.924156 -1.426161 1.693721
-1.275583 0.925747 -1.424246 1.695831
-1.275444 0.927323 -1.422323 1.697949
-1.275291 0.928886 -1.420392 1.700076
-1.275123 0.930434 -1.418454 1.702212
-1.274940 0.931967 -1.416508 1.704356
-1.274743 0.933486 -1.414554 1.706510
-1.274530 0.934990 -1.412593 1.708672
-1.274303 0.936480 -1.410625 1.710842
-1.274061 0.937955 -1.408650 1.713021
-1.273804 0.939415 -1.406668 1.715208
-1.273533 0.940859 -1.404680 1.717404
-1.273246 0.942289 -1.402684 1.719609
-1.272944 0.943704 -1.400682 1.721821
-1.272627 0.945103 -1.398673 1.724042
-1.272295 0.946487 -1.396657 1.726272
-1.271947 0.947855 -1.394635 1.728509
-1.271585 0.949208 -1.392607 1.730755
-1.271207 0.950545 -1.390573 1.733009
-1.270814 0.951867 -1.388533 1.735271
-1.270405 0.953173 -1.386486 1.737541
-1.269981 0.954463 -1.384434 1.739819
-1.269542 0.955737 -1.382376 1.742105
-1.269087 0.956995 -1.380313 1.744398
-1.268616 0.958236 -1.378244 1.746700
-1.268130 0.959462 -1.376169 1.749010
-1.267629 0.960671 -1.374089 1.751327
-1.267111 0.961864 -1.372004 1.753652
-1.266578 0.963040 -1.369914 1.755985
-1.266029 0.964200 -1.367819 1.758325
-1.265465 0.965343 -1.365719 1.760673
-1.264884 0.966470 -1.363614 1.763028
-1.264288 0.967579 -1.361504 1.765391
-1.263676 0.968672 -1.359390 1.767761
-1.263047 0.969748 -1.357271 1.770139
-1.262403 0.970807 -1.355148 1.772524
-1.261743 0.971848 -1.353020 1.774916
-1.261067 0.972873 -1.350889 1.777316
-1.260374 0.973880 -1.348753 1.779723
-1.259666 0.974870 -1.346613 1.782136
-1.258941 0.975842 -1.344470 1.784557
-1.258200 0.976797 -1.342322 1.786985
-1.257443 0.977735 -1.340171 1.789420
-1.256669 0.978654 -1.338017 1.791862
-1.255879 0.979556 -1.335858 1.794311
-1.255073 0.980440 -1.333697 1.796766
-1.254250 0.981307 -1.331532 1.799228
-1.253411 0.982155 -1.329365 1.801697
-1.252556 0.982985 -1.327194 1.804173
-1.251684 0.983797 -1.325020 1.806655
-1.250795 0.984591 -1.322843 1.809144
-1.249890 0.985367 -1.320664 1.811639
-1.248968 0.986125 -1.318482 1.814141
-1.248030 0.986864 -1.316298 1.816649
-1.247075 0.987584 -1.314111 1.819164
-1.246103 0.988286 -1.311922 1.821684
-1.245115 0.988970 -1.309730 1.824211
-1.244109 0.989634 -1.307537 1.826745
-1.243087 0.990280 -1.305341 1.829284
-1.242048 0.990908 -1.303144 1.831829
-1.240993 0.991516 -1.300945 1.834380
-1.239920 0.992105 -1.298744 1.836938
-1.238830 0.992676 -1.296542 1.839501
-1.237724 0.993227 -1.294338 1.842070
-1.236600 0.993759 -1.292133 1.844645
-1.235460 0.994272 -1.289926 1.847225
-1.234302 0.994766 -1.287718 1.849812
-1.233128 0.995240 -1.285510 1.852404
-1.231936 0.995695 -1.283300 1.855001
-1.230728 0.996131 -1.281089 1.857604
-1.229502 0.996547 -1.278878 1.860212
-1.228259 0.996943 -1.276666 1.862826
-1.226998 0.997320 -1.274454 1.865445
-1.225721 0.997677 -1.272241 1.868070
-1.224426 0.998014 -1.270027 1.870699
-1.223114 0.998331 -1.267814 1.873334
-1.221785 0.998629 -1.265600 1.875974
-1.220439 0.998907 -1.263387 1.878619
-1.219075 0.999164 -1.261173 1.881269
-1.217694 0.999402 -1.258959 1.883923
-1.216295 0.999619 -1.256746 1.886583
-1.214879 0.999817 -1.254533 1.889248
-1.213446 0.999994 -1.252321 1.891917
-1.211995 1.000150 -1.250109 1.894591
-1.210527 1.000287 -1.247898 1.897269
-1.209041 1.000403 -1.245688 1.899953
-1.207538 1.000499 -1.243479 1.902640
-1.206017 1.000574 -1.241270 1.905332
-1.204478 1.000628 -1.239063 1.908029
-1.202923 1.000662 -1.236857 1.910730
-1.201349 1.000676 -1.234652 1.913435
-1.199758 1.000668 -1.232448 1.916144
-1.198149 1.000640 -1.230246 1.918858
-1.196523 1.000592 -1.228046 1.921575
-1.194879 1.000522 -1.225847 1.924297
-1.193218 1.000431 -1.223650 1.927022
-1.191538 1.000320 -1.221455 1.929752
-1.189842 1.000187 -1.219262 1.932485
-1.188127 1.000034 -1.217071 1.935222
-1.186395 0.999859 -1.214882 1.937963
-1.184644 0.999664 -1.212695 1.940708
-1.182877 0.999447 -1.210511 1.943456
-1.181091 0.999209 -1.208329 1.946208
-1.179288 0.998949 -1.206150 1.948963
-1.177467 0.998669 -1.203974 1.951721
-1.175628 0.998367 -1.201800 1.954483
-1.173771 0.998044 -1.199629 1.957248
-1.171896 0.997699 -1.197461 1.960017
-1.170004 0.997333 -1.195296 1.962788
-1.168094 0.996946 -1.193134 1.965563
-1.166166 0.996537 -1.190976 1.968341
-1.164220 0.996106 -1.188820 1.971122
-1.162256 0.995654 -1.186669 1.973905
-1.160274 0.995180 -1.184520 1.976692
-1.158275 0.994685 -1.182376 1.979481
-1.156257 0.994167 -1.180235 1.982273
-1.154222 0.993629 -1.178098 1.985068
-1.152169 0.993068 -1.175965 1.987865
-1.150097 0.992486 -1.173835 1.990665
-1.148008 0.991881 -1.171710 1.993467
-1.145901 0.991255 -1.169589 1.996272
-1.143777 0.990607 -1.167473 1.999079
-1.141634 0.989937 -1.165360 2.001889
-1.139473 0.989246 -1.163253 2.004700
-1.137294 0.988532 -1.161149 2.007514
-1.135098 0.987796 -1.159051 2.010330
-1.132883 0.987038 -1.156957 2.013148
-1.130650 0.986258 -1.154868 2.015968
-1.128400 0.985457 -1.152783 2.018790
-1.126131 0.984633 -1.150704 2.021613
-1.123845 0.983786 -1.148630 2.024439
-1.121541 0.982918 -1.146561 2.027266
-1.119218 0.982028 -1.144498 2.030095
-1.116878 0.981115 -1.142440 2.032925
-1.114520 0.980180 -1.140387 2.035757
-1.112144 0.979223 -1.138340 2.038590
-1.109750 0.978244 -1.136298 2.041425
-1.107338 0.977243 -1.134262 2.044261
-1.104908 0.976219 -1.132232 2.047098
-1.102460 0.975173 -1.130208 2.049937
-1.099994 0.974104 -1.128189 2.052777
-1.097510 0.973014 -1.126177 2.055617
-1.095009 0.971901 -1.124171 2.058459
-1.092489 0.970765 -1.122172 2.061302
-1.089951 0.969607 -1.120178 2.064145
-1.087396 0.968427 -1.118191 2.066990
-1.084823 0.967225 -1.116210 2.069835
-1.082231 0.966000 -1.114236 2.072681
-1.079622 0.964752 -1.112269 2.075527
-1.076995 0.963482 -1.110309 2.078374
-1.074350 0.962190 -1.108355 2.081222
-1.071687 0.960875 -1.106408 2.084070
-1.069007 0.959538 -1.104468 2.086918
-1.066308 0.958179 -1.102535 2.089767
-1.063592 0.956797 -1.100610 2.092615
-1.060858 0.955392 -1.098691 2.095464
-1.058106 0.953965 -1.096780 2.098314
-1.055336 0.952516 -1.094876 2.101163
-1.052548 0.951044 -1.092980 2.104012
-1.049743 0.949549 -1.091091 2.106861
-1.046920 0.948032 -1.089210 2.109710
-1.044079 0.946493 -1.087337 2.112558
-1.041220 0.944931 -1.085471 2.115407
-1.038344 0.943347 -1.083613 2.118255
-1.035450 0.941740 -1.081764 2.121103
-1.032538 0.940110 -1.079922 2.123950
-1.029609 0.938459 -1.078088 2.126796
-1.026661 0.936784 -1.076263 2.129642
-1.023697 0.935088 -1.074445 2.132488
-1.020714 0.933368 -1.072637 2.135333
-1.017714 0.931627 -1.070836 2.138176
-1.014696 0.929863 -1.069044 2.141019
-1.011661 0.928076 -1.067260 2.143861
-1.008608 0.926267 -1.065485 2.146703
-1.005538 0.924436 -1.063719 2.149543
-1.002450 0.922582 -1.061962 2.152382
-0.999344 0.920706 -1.060213 2.155219
-0.996221 0.918807 -1.058473 2.158056
-0.993081 0.916886 -1.056742 2.160891
-0.989923 0.914943 -1.055021 2.163725
-0.986748 0.912977 -1.053308 2.166557
-0.983555 0.910989 -1.051605 2.169388
-0.980345 0.908979 -1.049910 2.172218
-0.977118 0.906946 -1.048226 2.175045
-0.973873 0.904891 -1.046550 2.177872
-0.970611 0.902814 -1.044884 2.180696
-0.967331 0.900714 -1.043228 2.183518
-0.964035 0.898593 -1.041581 2.186339
-0.960721 0.896449 -1.039943 2.189158
-0.957389 0.894283 -1.038316 2.191974
-0.954041 0.892094 -1.036698 2.194789
-0.950676 0.889884 -1.035090 2.197602
-0.947293 0.887651 -1.033492 2.200412
-0.943893 0.885397 -1.031904 2.203220
-0.940476 0.883120 -1.030326 2.206026
-0.937043 0.880821 -1.028758 2.208829
-0.933592 0.878500 -1.027201 2.211630
-0.930124 0.876157 -1.025653 2.214429
-0.926639 0.873793 -1.024116 2.217224
-0.923137 0.871406 -1.022589 2.220018
-0.919618 0.868997 -1.021073 2.222808
-0.916083 0.866567 -1.019567 2.225596
-0.912530 0.864114 -1.018072 2.228381
-0.908961 0.861640 -1.016587 2.231163
-0.905375 0.859144 -1.015113 2.233943
-0.901772 0.856627 -1.013649 2.236719
-0.898153 0.854087 -1.012196 2.239492
-0.894516 0.851526 -1.010754 2.242262
-0.890864 0.848943 -1.009323 2.245029
-0.887194 0.846339 -1.007903 2.247793
-0.883508 0.843713 -1.006494 2.250553
-0.879805 0.841065 -1.005096 2.253310
-0.876086 0.838396 -1.003709 2.256064
-0.872351 0.835706 -1.002333 2.258814
-0.868599 0.832994 -1.000969 2.261560
-0.864830 0.830261 -0.999615 2.264303
-0.861045 0.827506 -0.998273 2.267043
-0.857244 0.824730 -0.996942 2.269778
-0.853427 0.821933 -0.995623 2.272510
-0.849593 0.819115 -0.994315 2.275238
-0.845743 0.816275 -0.993019 2.277962
-0.841877 0.813415 -0.991734 2.280682
-0.837995 0.810533 -0.990460 2.283398
-0.834097 0.807630 -0.989199 2.286110
-0.830183 0.804706 -0.987949 2.288818
-0.826252 0.801762 -0.986711 2.291522
-0.822306 0.798796 -0.985484 2.294222
-0.818344 0.795810 -0.984270 2.296917
-0.814366 0.792803 -0.983067 2.299608
-0.810372 0.789775 -0.981876 2.302294
-0.806362 0.786727 -0.980697 2.304976
-0.802337 0.783657 -0.979530 2.307653
-0.798296 0.780568 -0.978376 2.310326
-0.794239 0.777458 -0.977233 2.312994
-0.790166 0.774327 -0.976102 2.315658
-0.786078 0.771176 -0.974984 2.318316
-0.781975 0.768004 -0.973878 2.320970
-0.777856 0.764813 -0.972784 2.323619
-0.773721 0.761601 -0.971702 2.326263
-0.769571 0.758369 -0.970633 2.328902
-0.765406 0.755117 -0.969576 2.331536
-0.761226 0.751844 -0.968531 2.334165
-0.757030 0.748552 -0.967499 2.336789
-0.752819 0.745240 -0.966479 2.339408
-0.748593 0.741908 -0.965472 2.342021
-0.744352 0.738556 -0.964477 2.344629
-0.740096 0.735185 -0.963495 2.347231
-0.735825 0.731794 -0.962526 2.349829
-0.731539 0.728383 -0.961569 2.352420
-0.727238 0.724952 -0.960625 2.355006
-0.722922 0.721503 -0.959694 2.357587
-0.718591 0.718033 -0.958775 2.360162
-0.714246 0.714545 -0.957869 2.362731
-0.709886 0.711037 -0.956976 2.365295
-0.705511 0.707510 -0.956096 2.367852
-0.701122 0.703964 -0.955228 2.370404
-0.696718 0.700399 -0.954374 2.372950
-0.692300 0.696815 -0.953532 2.375490
-0.687867 0.693212 -0.952703 2.378024
-0.683420 0.689590 -0.951888 2.380552
-0.678959 0.685950 -0.951085 2.383073
-0.674484 0.682290 -0.950295 2.385589
-0.669994 0.678613 -0.949519 2.388098
-0.665490 0.674916 -0.948755 2.390601
-0.660972 0.671201 -0.948005 2.393098
-0.656440 0.667468 -0.947267 2.395588
-0.651895 0.663717 -0.946543 2.398072
-0.647335 0.659947 -0.945832 2.400550
-0.642761 0.656159 -0.945134 2.403021
-0.638174 0.652353 -0.944449 2.405485
-0.633573 0.648530 -0.943778 2.407943
-0.628958 0.644688 -0.943119 2.410394
-0.624330 0.640828 -0.942474 2.412839
-0.619688 0.636951 -0.941843 2.415276
-0.615033 0.633056 -0.941224 2.417707
-0.610364 0.629144 -0.940619 2.420131
-0.605682 0.625214 -0.940027 2.422548
-0.600986 0.621267 -0.939449 2.424958
-0.596278 0.617302 -0.938883 2.427361
-0.591556 0.613321 -0.938332 2.429757
-0.586821 0.609322 -0.937793 2.432146
-0.582073 0.605306 -0.937268 2.434528
-0.577313 0.601273 -0.936757 2.436903
-0.572539 0.597224 -0.936258 2.439270
-0.567752 0.593157 -0.935774 2.441630
-0.562953 0.589074 -0.935302 2.443983
-0.558141 0.584975 -0.934844 2.446329
-0.553316 0.580859 -0.934400 2.448667
-0.548479 0.576726 -0.933969 2.450997
-0.543629 0.572578 -0.933551 2.453320
-0.538767 0.568413 -0.933147 2.455636
-0.533892 0.564232 -0.932757 2.457944
-0.529005 0.560035 -0.932380 2.460244
-0.524106 0.555822 -0.932016 2.462537
-0.519195 0.551593 -0.931666 2.464822
-0.514272 0.547349 -0.931329 2.467099
-0.509336 0.543089 -0.931006 2.469368
-0.504389 0.538814 -0.930696 2.471630
-0.499430 0.534523 -0.930400 2.473883
-0.494459 0.530217 -0.930118 2.476129
-0.489476 0.525895 -0.929849 2.478367
-0.484481 0.521559 -0.929593 2.480596
-0.479475 0.517208 -0.929351 2.482818
-0.474458 0.512841 -0.929123 2.485031
-0.469429 0.508460 -0.928908 2.487237
-0.464388 0.504065 -0.928706 2.489434
-0.459337 0.499654 -0.928518 2.491623
-0.454274 0.495229 -0.928343 2.493804
-0.449199 0.490790 -0.928182 2.495977
-0.444114 0.486337 -0.928035 2.498141
-0.439018 0.481869 -0.927901 2.500297
-0.433911 0.477388 -0.927780 2.502444
-0.428793 0.472892 -0.927673 2.504583
-0.423664 0.468383 -0.927579 2.506714
-0.418524 0.463860 -0.927499 2.508836
-0.413374 0.459323 -0.927432 2.510949
-0.408213 0.454773 -0.927379 2.513054
-0.403042 0.450210 -0.927339 2.515150
-0.397861 0.445633 -0.927312 2.517238
-0.392669 0.441043 -0.927299 2.519317
-0.387466 0.436440 -0.927300 2.521387
-0.382254 0.431824 -0.927313 2.523449
-0.377031 0.427196 -0.927340 2.525501
-0.371799 0.422554 -0.927381 2.527545
-0.366557 0.417900 -0.927434 2.529580
-0.361304 0.413234 -0.927501 2.531606
-0.356042 0.408555 -0.927582 2.533623
-0.350770 0.403864 -0.927675 2.535632
-0.345489 0.399161 -0.927782 2.537631
-0.340198 0.394446 -0.927902 2.539621
-0.334898 0.389719 -0.928036 2.541602
-0.329588 0.384981 -0.928182 2.543574
-0.324269 0.380231 -0.928342 2.545537
-0.318941 0.375469 -0.928515 2.547491
-0.313603 0.370696 -0.928701 2.549436
-0.308257 0.365911 -0.928900 2.551371
-0.302902 0.361116 -0.929113 2.553297
-0.297537 0.356309 -0.929338 2.555214
-0.292164 0.351492 -0.929577 2.557122
-0.286782 0.346664 -0.929828 2.559020
-0.281392 0.341825 -0.930093 2.560909
-0.275993 0.336975 -0.930371 2.562789
-0.270586 0.332116 -0.930661 2.564659
-0.265170 0.327246 -0.930965 2.566520
-0.259746 0.322365 -0.931281 2.568371
-0.254313 0.317475 -0.931610 2.570213
-0.248873 0.312575 -0.931952 2.572045
-0.243425 0.307665 -0.932307 2.573868
-0.237968 0.302746 -0.932675 2.575681
-0.232504 0.297817 -0.933056 2.577485
-0.227032 0.292878 -0.933449 2.579279
-0.221552 0.287931 -0.933855 2.581063
-0.216065 0.282974 -0.934274 2.582838
-0.210570 0.278008 -0.934705 2.584603
-0.205068 0.273034 -0.935149 2.586358
-0.199558 0.268051 -0.935606 2.588104
-0.194041 0.263059 -0.936075 2.589840
-0.188517 0.258058 -0.936557 2.591566
-0.182986 0.253050 -0.937051 2.593282
-0.177448 0.248033 -0.937557 2.594989
-0.171903 0.243008 -0.938076 2.596685
-0.166351 0.237975 -0.938607 2.598372
-0.160793 0.232934 -0.939151 2.600049
-0.155228 0.227886 -0.939707 2.601716
-0.149656 0.222830 -0.940275 2.603373
-0.144078 0.217767 -0.940856 2.605020
-0.138493 0.212697 -0.941448 2.606658
-0.132903 0.207619 -0.942053 2.608285
-0.127306 0.202534 -0.942670 2.609902
-0.121703 0.197443 -0.943299 2.611509
-0.116094 0.192345 -0.943939 2.613106
-0.110479 0.187240 -0.944592 2.614694
-0.104858 0.182129 -0.945257 2.616271
-0.099232 0.177012 -0.945934 2.617838
-0.093600 0.171888 -0.946622 2.619395
-0.087962 0.166759 -0.947322 2.620941
-0.082319 0.161623 -0.948034 2.622478
-0.076671 0.156482 -0.948758 2.624005
-0.071018 0.151335 -0.949493 2.625521
-0.065359 0.146183 -0.950240 2.627027
-0.059695 0.141025 -0.950999 2.628523
-0.054026 0.135863 -0.951769 2.630009
-0.048353 0.130695 -0.952550 2.631485
-0.042674 0.125522 -0.953343 2.632950
-0.036991 0.120345 -0.954147 2.634405
-0.031304 0.115163 -0.954963 2.635850
-0.025611 0.109977 -0.955790 2.637285
-0.019915 0.104786 -0.956628 2.638709
-0.014214 0.099591 -0.957477 2.640123
-0.008509 0.094392 -0.958337 2.641527
-0.002800 0.089189 -0.959208 2.642921
0.002913 0.083983 -0.960091 2.644304
0.008631 0.078772 -0.960984 2.645677
0.014351 0.073559 -0.961888 2.647039
0.020076 0.068342 -0.962803 2.648392
0.025804 0.063122 -0.963729 2.649734
0.031536 0.057899 -0.964665 2.651065
0.037272 0.052673 -0.965612 2.652386
0.043010 0.047444 -0.966570 2.653697
0.048752 0.042213 -0.967538 2.654997
0.054497 0.036979 -0.968517 2.656288
0.060245 0.031743 -0.969506 2.657567
0.065996 0.026505 -0.970505 2.658836
0.071750 0.021265 -0.971515 2.660095
0.077506 0.016022 -0.972535 2.661344
0.083266 0.010779 -0.973565 2.662582
0.089027 0.005534 -0.974606 2.663809
0.094792 0.000287 -0.975656 2.665027
0.100558 -0.004961 -0.976717 2.666233
0.106327 -0.010210 -0.977787 2.667430
0.112098 -0.015460 -0.978867 2.668616
0.117871 -0.020711 -0.979957 2.669791
0.123646 -0.025962 -0.981057 2.670956
0.129423 -0.031214 -0.982166 2.672111
0.135202 -0.036467 -0.983285 2.673255
0.140982 -0.041719 -0.984414 2.674389
0.146764 -0.046972 -0.985552 2.675513
0.152547 -0.052224 -0.986699 2.676625
0.158332 -0.057477 -0.987856 2.677728
0.164118 -0.062728 -0.989022 2.678820
0.169905 -0.067980 -0.990197 2.679902
0.175693 -0.073230 -0.991382 2.680973
0.181483 -0.078480 -0.992575 2.682034
0.187273 -0.083729 -0.993778 2.683084
0.193063 -0.088977 -0.994989 2.684124
0.198855 -0.094223 -0.996209 2.685153
0.204647 -0.099468 -0.997438 2.686172
0.210439 -0.104712 -0.998676 2.687181
0.216232 -0.109953 -0.999922 2.688179
0.222025 -0.115193 -1.001177 2.689167
0.227818 -0.120431 -1.002441 2.690145
0.233611 -0.125666 -1.003713 2.691112
0.239404 -0.130899 -1.004993 2.692068
0.245197 -0.136130 -1.006281 2.693015
0.250990 -0.141358 -1.007578 2.693950
0.256783 -0.146583 -1.008883 2.694876
0.262575 -0.151806 -1.010196 2.695791
0.268366 -0.157025 -1.011516 2.696696
0.274157 -0.162241 -1.012845 2.697590
0.279947 -0.167453 -1.014182 2.698474
0.285736 -0.172662 -1.015526 2.699348
0.291524 -0.177867 -1.016878 2.700212
0.297311 -0.183069 -1.018237 2.701065
0.303097 -0.188266 -1.019604 2.701908
0.308881 -0.193459 -1.020979 2.702740
0.314664 -0.198648 -1.022360 2.703562
0.320446 -0.203832 -1.023749 2.704374
0.326226 -0.209012 -1.025146 2.705176
0.332004 -0.214187 -1.026549 2.705967
0.337781 -0.219357 -1.027959 2.706749
0.343556 -0.224522 -1.029377 2.707519
0.349328 -0.229682 -1.030801 2.708280
0.355099 -0.234836 -1.032232 2.709031
0.360867 -0.239985 -1.033669 2.709771
0.366633 -0.245128 -1.035114 2.710501
0.372397 -0.250265 -1.036564 2.711221
0.378158 -0.255397 -1.038022 2.711931
0.383917 -0.260522 -1.039485 2.712631
0.389672 -0.265641 -1.040955 2.713320
0.395425 -0.270753 -1.042431 2.714000
0.401175 -0.275859 -1.043913 2.714669
0.406922 -0.280958 -1.045402 2.715328
0.412666 -0.286050 -1.046896 2.715977
0.418407 -0.291135 -1.048396 2.716616
0.424144 -0.296213 -1.049901 2.717246
0.429878 -0.301284 -1.051413 2.717865
0.435608 -0.306347 -1.052930 2.718474
0.441334 -0.311402 -1.054452 2.719073
0.447057 -0.316450 -1.055980 2.719662
0.452776 -0.321489 -1.057514 2.720241
0.458491 -0.326521 -1.059052 2.720811
0.464202 -0.331544 -1.060596 2.721370
0.469909 -0.336559 -1.062145 2.721920
0.475611 -0.341565 -1.063698 2.722459
0.481309 -0.346563 -1.065257 2.722989
0.487003 -0.351552 -1.066820 2.723509
0.492692 -0.356531 -1.068388 2.724019
0.498376 -0.361502 -1.069961 2.724520
0.504056 -0.366463 -1.071538 2.725010
0.509730 -0.371415 -1.073120 2.725491
0.515400 -0.376357 -1.074706 2.725963
0.521064 -0.381290 -1.076296 2.726424
0.526723 -0.386212 -1.077890 2.726876
0.532377 -0.391125 -1.079489 2.727318
0.538026 -0.396027 -1.081091 2.727751
0.543669 -0.400919 -1.082698 2.728174
0.549306 -0.405800 -1.084308 2.728587
0.554938 -0.410671 -1.085921 2.728991
0.560563 -0.415531 -1.087539 2.729385
0.566183 -0.420380 -1.089160 2.729770
0.571797 -0.425218 -1.090784 2.730145
0.577405 -0.430045 -1.092412 2.730511
0.583006 -0.434860 -1.094042 2.730868
0.588601 -0.439664 -1.095676 2.731215
0.594190 -0.444456 -1.097313 2.731552
0.599772 -0.449237 -1.098953 2.731881
0.605347 -0.454005 -1.100596 2.732200
0.610916 -0.458761 -1.102242 2.732510
0.616478 -0.463505 -1.103890 2.732810
0.622032 -0.468237 -1.105540 2.733101
0.627580 -0.472956 -1.107194 2.733383
0.633121 -0.477662 -1.108849 2.733656
0.638654 -0.482356 -1.110507 2.733920
0.644180 -0.487036 -1.112167 2.734174
0.649698 -0.491704 -1.113829 2.734420
0.655209 -0.496358 -1.115493 2.734656
0.660712 -0.500999 -1.117159 2.734884
0.666207 -0.505626 -1.118826 2.735102
0.671695 -0.510239 -1.120496 2.735312
0.677174 -0.514839 -1.122166 2.735512
0.682646 -0.519425 -1.123839 2.735704
0.688109 -0.523996 -1.125513 2.735887
0.693564 -0.528554 -1.127188 2.736060
0.699010 -0.533097 -1.128864 2.736226
0.704448 -0.537625 -1.130541 2.736382
0.709877 -0.542139 -1.132220 2.736529
0.715298 -0.546638 -1.133899 2.736668
0.720710 -0.551121 -1.135579 2.736798
0.726113 -0.555590 -1.137259 2.736920
0.731507 -0.560044 -1.138941 2.737033
0.736891 -0.564482 -1.140622 2.737137
0.742267 -0.568905 -1.142304 2.737233
0.747633 -0.573312 -1.143987 2.737320
0.752990 -0.577703 -1.145669 2.737399
0.758337 -0.582079 -1.147352 2.737469
0.763675 -0.586438 -1.149035 2.737531
0.769003 -0.590781 -1.150717 2.737585
0.774321 -0.595108 -1.152400 2.737630
0.779630 -0.599418 -1.154082 2.737667
0.784928 -0.603712 -1.155763 2.737696
0.790216 -0.607989 -1.157444 2.737717
0.795494 -0.612249 -1.159125 2.737729
0.800762 -0.616492 -1.160805 2.737733
0.806019 -0.620718 -1.162484 2.737729
0.811266 -0.624927 -1.164162 2.737717
0.816502 -0.629118 -1.165839 2.737697
0.821727 -0.633292 -1.167514 2.737669
0.826942 -0.637448 -1.169189 2.737633
0.832145 -0.641586 -1.170862 2.737589
0.837338 -0.645706 -1.172534 2.737538
0.842520 -0.649809 -1.174205 2.737478
0.847690 -0.653893 -1.175873 2.737411
0.852849 -0.657959 -1.177540 2.737336
0.857997 -0.662006 -1.179205 2.737253
0.863133 -0.666035 -1.180869 2.737162
0.868257 -0.670045 -1.182530 2.737064
0.873370 -0.674036 -1.184189 2.736958
0.878471 -0.678009 -1.185845 2.736845
0.883561 -0.681962 -1.187500 2.736724
0.888638 -0.685896 -1.189152 2.736596
0.893703 -0.689811 -1.190801 2.736460
0.898756 -0.693706 -1.192448 2.736317
0.903797 -0.697582 -1.194092 2.736166
0.908825 -0.701438 -1.195733 2.736008
0.913841 -0.705275 -1.197371 2.735843
0.918844 -0.709091 -1.199006 2.735671
0.923835 -0.712887 -1.200638 2.735492
0.928813 -0.716663 -1.202266 2.735305
0.933778 -0.720419 -1.203892 2.735111
0.938730 -0.724154 -1.205513 2.734911
0.943669 -0.727869 -1.207131 2.734703
0.948595 -0.731563 -1.208746 2.734488
0.953508 -0.735237 -1.210357 2.734267
0.958407 -0.738889 -1.211963 2.734038
0.963293 -0.742521 -1.213566 2.733803
0.968166 -0.746131 -1.215165 2.733561
0.973025 -0.749720 -1.216759 2.733312
0.977870 -0.753288 -1.218350 2.733056
0.982701 -0.756834 -1.219935 2.732794
0.987519 -0.760359 -1.221517 2.732525
0.992323 -0.763862 -1.223093 2.732250
0.997112 -0.767343 -1.224665 2.731968
1.001888 -0.770802 -1.226233 2.731680
1.006649 -0.774239 -1.227795 2.731385
1.011396 -0.777654 -1.229352 2.731084
1.016128 -0.781047 -1.230904 2.730776
1.020846 -0.784417 -1.232451 2.730463
1.025549 -0.787765 -1.233993 2.730143
1.030238 -0.791091 -1.235529 2.729817
1.034911 -0.794393 -1.237060 2.729484
1.039570 -0.797673 -1.238585 2.729146
1.044214 -0.800930 -1.240104 2.728801
1.048843 -0.804164 -1.241618 2.728451
1.053457 -0.807375 -1.243125 2.728095
1.058055 -0.810562 -1.244627 2.727732
1.062639 -0.813726 -1.246122 2.727364
1.067206 -0.816867 -1.247611 2.726990
1.071759 -0.819984 -1.249094 2.726611
1.076295 -0.823078 -1.250571 2.726225
1.080816 -0.826148 -1.252041 2.725834
1.085321 -0.829194 -1.253504 2.725437
1.089811 -0.832216 -1.254960 2.725035
1.094284 -0.835214 -1.256410 2.724627
1.098742 -0.838188 -1.257853 2.724214
1.103183 -0.841137 -1.259289 2.723795
1.107608 -0.844063 -1.260717 2.723371
1.112017 -0.846963 -1.262139 2.722942
1.116409 -0.849840 -1.263553 2.722508
1.120785 -0.852692 -1.264959 2.722068
1.125145 -0.855519 -1.266358 2.721623
1.129487 -0.858321 -1.267750 2.721173
1.133813 -0.861098 -1.269134 2.720717
1.138123 -0.863850 -1.270509 2.720257
1.142415 -0.866578 -1.271877 2.719792
1.146691 -0.869280 -1.273237 2.719322
1.150949 -0.871956 -1.274589 2.718847
1.155190 -0.874608 -1.275933 2.718367
1.159414 -0.877234 -1.277268 2.717883
1.163621 -0.879834 -1.278595 2.717393
1.167810 -0.882409 -1.279914 2.716899
1.171982 -0.884958 -1.281223 2.716401
1.176137 -0.887481 -1.282525 2.715898
1.180273 -0.889979 -1.283817 2.715390
1.184393 -0.892450 -1.285100 2.714878
1.188494 -0.894896 -1.286375 2.714362
1.192577 -0.897315 -1.287640 2.713841
1.196643 -0.899708 -1.288896 2.713316
1.200690 -0.902075 -1.290143 2.712786
1.204720 -0.904415 -1.291381 2.712253
1.208731 -0.906729 -1.292609 2.711715
1.212724 -0.909016 -1.293827 2.711173
1.216698 -0.911277 -1.295036 2.710627
1.220654 -0.913511 -1.296235 2.710077
1.224592 -0.915719 -1.297424 2.709523
1.228511 -0.917899 -1.298604 2.708965
1.232412 -0.920053 -1.299773 2.708404
1.236293 -0.922180 -1.300932 2.707838
1.240156 -0.924279 -1.302081 2.707269
1.244000 -0.926352 -1.303220 2.706696
1.247826 -0.928397 -1.304348 2.706120
1.251632 -0.930415 -1.305466 2.705540
1.255419 -0.932406 -1.306573 2.704956
1.259186 -0.934369 -1.307669 2.704369
1.262935 -0.936305 -1.308755 2.703779
1.266664 -0.938213 -1.309830 2.703185
1.270374 -0.940093 -1.310894 2.702588
1.274064 -0.941946 -1.311946 2.701987
1.277735 -0.943772 -1.312988 2.701384
1.281386 -0.945569 -1.314019 2.700777
1.285018 -0.947339 -1.315038 2.700167
1.288630 -0.949080 -1.316045 2.699554
1.292222 -0.950794 -1.317042 2.698938
1.295794 -0.952479 -1.318026 2.698319
1.299346 -0.954137 -1.318999 2.697697
1.302878 -0.955766 -1.319961 2.697073
1.306390 -0.957367 -1.320910 2.696445
1.309881 -0.958940 -1.321848 2.695815
1.313353 -0.960484 -1.322773 2.695182
1.316804 -0.962000 -1.323687 2.694547
1.320235 -0.963488 -1.324588 2.693908
1.323645 -0.964947 -1.325477 2.693268
1.327035 -0.966377 -1.326353 2.692625
1.330404 -0.967779 -1.327217 2.691979
1.333753 -0.969152 -1.328069 2.691331
1.337081 -0.970497 -1.328908 2.690681
1.340388 -0.971813 -1.329734 2.690028
1.343674 -0.973100 -1.330548 2.689373
1.346939 -0.974358 -1.331348 2.688717
1.350183 -0.975587 -1.332136 2.688057
1.353407 -0.976787 -1.332911 2.687396
1.356609 -0.977958 -1.333672 2.686733
1.359790 -0.979100 -1.334420 2.686068
1.362949 -0.980213 -1.335156 2.685401
1.366088 -0.981297 -1.335877 2.684732
1.369205 -0.982352 -1.336585 2.684062
1.372300 -0.983378 -1.337280 2.683389
1.375374 -0.984374 -1.337961 2.682715
1.378427 -0.985341 -1.338629 2.682040
1.381458 -0.986279 -1.339283 2.681362
1.384467 -0.987187 -1.339922 2.680683
1.387455 -0.988066 -1.340548 2.680003
1.390421 -0.988916 -1.341160 2.679321
1.393364 -0.989736 -1.341758 2.678638
1.396286 -0.990527 -1.342342 2.677954
1.399186 -0.991288 -1.342911 2.677268
1.402064 -0.992019 -1.343467 2.676581
1.404920 -0.992721 -1.344007 2.675893
1.407754 -0.993393 -1.344534 2.675203
1.410566 -0.994036 -1.345046 2.674513
1.413355 -0.994649 -1.345543 2.673822
1.416122 -0.995232 -1.346026 2.673129
1.418867 -0.995786 -1.346493 2.672436
1.421589 -0.996309 -1.346946 2.671742
1.424289 -0.996803 -1.347384 2.671047
1.426966 -0.997267 -1.347808 2.670351
1.429620 -0.997702 -1.348216 2.669655
1.432252 -0.998106 -1.348609 2.668958
1.434862 -0.998481 -1.348986 2.668260
1.437448 -0.998826 -1.349349 2.667562
1.440012 -0.999140 -1.349696 2.666863
1.442553 -0.999425 -1.350028 2.666163
1.445071 -0.999680 -1.350344 2.665464
1.447566 -0.999905 -1.350645 2.664764
1.450038 -1.000100 -1.350931 2.664063
1.452487 -1.000265 -1.351200 2.663363
1.454913 -1.000400 -1.351454 2.662662
1.457316 -1.000506 -1.351692 2.661961
1.459695 -1.000581 -1.351914 2.661260
1.462052 -1.000626 -1.352120 2.660558
1.464385 -1.000641 -1.352311 2.659857
1.466694 -1.000625 -1.352485 2.659156
1.468981 -1.000580 -1.352643 2.658455
1.471244 -1.000505 -1.352785 2.657754
1.473483 -1.000400 -1.352910 2.657053
1.475699 -1.000264 -1.353019 2.656352
1.477891 -1.000099 -1.353112 2.655652
1.480060 -0.999904 -1.353189 2.654952
1.482205 -0.999678 -1.353249 2.654252
1.484326 -0.999422 -1.353292 2.653553
1.486424 -0.999137 -1.353319 2.652855
1.488498 -0.998821 -1.353329 2.652156
1.490548 -0.998475 -1.353322 2.651459
1.492574 -0.998099 -1.353299 2.650762
1.494576 -0.997693 -1.353258 2.650065
1.496554 -0.997257 -1.353201 2.649370
1.498509 -0.996791 -1.353127 2.648675
1.500439 -0.996294 -1.353036 2.647981
1.502345 -0.995768 -1.352927 2.647287
1.504227 -0.995212 -1.352802 2.646595
1.506085 -0.994626 -1.352659 2.645903
1.507919 -0.994009 -1.352499 2.645213
1.509728 -0.993363 -1.352322 2.644523
1.511514 -0.992687 -1.352127 2.643835
1.513275 -0.991980 -1.351915 2.643148
1.515011 -0.991244 -1.351686 2.642462
1.516724 -0.990478 -1.351439 2.641777
1.518411 -0.989682 -1.351174 2.641093
1.520075 -0.988856 -1.350892 2.640411
1.521714 -0.988000 -1.350592 2.639730
1.523328 -0.987114 -1.350274 2.639051
1.524918 -0.986198 -1.349939 2.638372
1.526483 -0.985253 -1.349585 2.637696
1.528024 -0.984277 -1.349214 2.637021
1.529540 -0.983272 -1.348825 2.636347
1.531032 -0.982237 -1.348418 2.635675
1.532498 -0.981173 -1.347993 2.635005
1.533940 -0.980079 -1.347550 2.634336
1.535358 -0.978955 -1.347089 2.633669
1.536750 -0.977801 -1.346610 2.633004
1.538118 -0.976618 -1.346112 2.632341
1.539461 -0.975405 -1.345597 2.631680
1.540778 -0.974162 -1.345063 2.631020
1.542071 -0.972890 -1.344510 2.630363
1.543340 -0.971589 -1.343940 2.629707
1.544583 -0.970258 -1.343351 2.629054
1.545801 -0.968897 -1.342743 2.628402
1.546994 -0.967508 -1.342117 2.627753
1.548162 -0.966088 -1.341473 2.627106
1.549305 -0.964640 -1.340810 2.626461
1.550423 -0.963162 -1.340128 2.625818
1.551516 -0.961655 -1.339428 2.625178
1.552584 -0.960119 -1.338709 2.624540
1.553626 -0.958553 -1.337971 2.623904
1.554644 -0.956959 -1.337214 2.623270
1.555636 -0.955335 -1.336439 2.622639
1.556603 -0.953682 -1.335645 2.622011
1.557545 -0.952001 -1.334832 2.621385
1.558462 -0.950290 -1.334001 2.620762
1.559353 -0.948550 -1.333150 2.620141
1.560219 -0.946782 -1.332280 2.619523
1.561059 -0.944985 -1.331392 2.618907
1.561875 -0.943159 -1.330484 2.618294
1.562665 -0.941304 -1.329557 2.617684
1.563429 -0.939421 -1.328612 2.617077
1.564169 -0.937509 -1.327647 2.616472
1.564883 -0.935568 -1.326663 2.615871
1.565571 -0.933599 -1.325660 2.615272
1.566234 -0.931602 -1.324637 2.614676
1.566872 -0.929576 -1.323596 2.614083
1.567484 -0.927522 -1.322535 2.613493
1.568070 -0.925439 -1.321455 2.612906
1.568632 -0.923328 -1.320356 2.612323
1.569167 -0.921190 -1.319237 2.611742
1.569678 -0.919023 -1.318099 2.611164
1.570162 -0.916828 -1.316942 2.610590
1.570621 -0.914605 -1.315765 2.610019
1.571055 -0.912354 -1.314569 2.609451
1.571463 -0.910075 -1.313353 2.608886
1.571846 -0.907769 -1.312118 2.608324
1.572202 -0.905434 -1.310864 2.607766
1.572534 -0.903073 -1.309590 2.607212
1.572840 -0.900683 -1.308296 2.606660
1.573120 -0.898266 -1.306983 2.606112
1.573374 -0.895822 -1.305651 2.605568
1.573603 -0.893350 -1.304299 2.605027
1.573807 -0.890851 -1.302927 2.604489
1.573984 -0.888324 -1.301536 2.603955
1.574137 -0.885771 -1.300125 2.603425
1.574263 -0.883190 -1.298695 2.602898
1.574364 -0.880583 -1.297245 2.602375
1.574439 -0.877948 -1.295775 2.601855
1.574489 -0.875287 -1.294285 2.601340
1.574513 -0.872599 -1.292776 2.600827
1.574511 -0.869884 -1.291248 2.600319
1.574484 -0.867142 -1.289699 2.599815
1.574431 -0.864374 -1.288131 2.599314
1.574352 -0.861580 -1.286543 2.598817
1.574248 -0.858759 -1.284935 2.598324
1.574118 -0.855911 -1.283308 2.597835
1.573963 -0.853038 -1.281661 2.597349
1.573781 -0.850138 -1.279994 2.596868
1.573575 -0.847213 -1.278308 2.596391
1.573342 -0.844261 -1.276601 2.595917
1.573084 -0.841284 -1.274875 2.595448
1.572800 -0.838280 -1.273129 2.594982
1.572491 -0.835251 -1.271364 2.594521
1.572156 -0.832197 -1.269578 2.594064
1.571796 -0.829117 -1.267773 2.593611
1.571410 -0.826011 -1.265948 2.593162
1.570998 -0.822880 -1.264104 2.592717
1.570560 -0.819724 -1.262239 2.592276
1.570098 -0.816543 -1.260355 2.591840
1.569609 -0.813337 -1.258451 2.591408
1.569095 -0.810105 -1.256527 2.590980
1.568555 -0.806849 -1.254584 2.590556
1.567990 -0.803568 -1.252620 2.590137
1.567399 -0.800262 -1.250637 2.589722
1.566783 -0.796932 -1.248634 2.589311
1.566141 -0.793578 -1.246612 2.588904
1.565474 -0.790198 -1.244569 2.588502
1.564781 -0.786795 -1.242507 2.588105
1.564063 -0.783368 -1.240425 2.587711
1.563319 -0.779916 -1.238323 2.587323
1.562550 -0.776440 -1.236202 2.586938
1.561756 -0.772941 -1.234061 2.586558
1.560935 -0.769418 -1.231900 2.586183
1.560090 -0.765871 -1.229720 2.585812
1.559219 -0.762300 -1.227520 2.585445
1.558323 -0.758706 -1.225300 2.585083
1.557401 -0.755089 -1.223060 2.584726
1.556454 -0.751448 -1.220801 2.584373
1.555482 -0.747785 -1.218522 2.584025
1.554484 -0.744098 -1.216224 2.583681
1.553461 -0.740389 -1.213906 2.583342
1.552413 -0.736656 -1.211568 2.583007
1.551340 -0.732901 -1.209211 2.582678
1.550241 -0.729124 -1.206834 2.582352
1.549117 -0.725324 -1.204438 2.582032
1.547968 -0.721501 -1.202022 2.581716
1.546794 -0.717657 -1.199587 2.581405
1.545594 -0.713790 -1.197132 2.581098
1.544369 -0.709901 -1.194658 2.580797
1.543120 -0.705991 -1.192164 2.580500
1.541845 -0.702058 -1.189651 2.580207
1.540545 -0.698104 -1.187118 2.579920
1.539220 -0.694129 -1.184566 2.579637
1.537870 -0.690132 -1.181995 2.579359
1.536496 -0.686114 -1.179404 2.579085
1.535096 -0.682074 -1.176794 2.578817
1.533671 -0.678014 -1.174164 2.578553
1.532221 -0.673933 -1.171516 2.578294
1.530747 -0.669831 -1.168848 2.578040
1.529247 -0.665708 -1.166161 2.577791
1.527723 -0.661564 -1.163454 2.577546
1.526174 -0.657401 -1.160729 2.577307
1.524601 -0.653217 -1.157984 2.577072
1.523002 -0.649012 -1.155221 2.576842
1.521379 -0.644788 -1.152438 2.576617
1.519731 -0.640544 -1.149636 2.576396
1.518058 -0.636280 -1.146815 2.576181
1.516361 -0.631997 -1.143975 2.575970
1.514640 -0.627694 -1.141116 2.575764
1.512893 -0.623371 -1.138238 2.575564
1.511123 -0.619029 -1.135342 2.575367
1.509328 -0.614668 -1.132426 2.575176
1.507508 -0.610289 -1.129492 2.574990
1.505664 -0.605890 -1.126539 2.574809
1.503795 -0.601472 -1.123567 2.574632
1.501903 -0.597036 -1.120576 2.574461
1.499986 -0.592582 -1.117567 2.574294
1.498044 -0.588109 -1.114539 2.574132
1.496079 -0.583618 -1.111492 2.573975
1.494089 -0.579109 -1.108427 2.573823
1.492075 -0.574582 -1.105343 2.573676
1.490037 -0.570037 -1.102241 2.573534
1.487975 -0.565475 -1.099121 2.573396
1.485889 -0.560895 -1.095981 2.573264
1.483779 -0.556298 -1.092824 2.573136
1.481645 -0.551683 -1.089648 2.573013
1.479487 -0.547052 -1.086454 2.572895
1.477305 -0.542403 -1.083242 2.572782
1.475100 -0.537738 -1.080011 2.572674
1.472871 -0.533056 -1.076763 2.572571
1.470617 -0.528358 -1.073496 2.572472
1.468341 -0.523643 -1.070211 2.572379
1.466040 -0.518912 -1.066908 2.572290
1.463716 -0.514165 -1.063588 2.572206
1.461369 -0.509402 -1.060249 2.572127
1.458997 -0.504623 -1.056892 2.572053
1.456603 -0.499829 -1.053518 2.571983
1.454185 -0.495019 -1.050126 2.571919
1.451743 -0.490194 -1.046716 2.571859
1.449279 -0.485353 -1.043288 2.571804
1.446791 -0.480498 -1.039843 2.571754
1.444280 -0.475628 -1.036380 2.571708
1.441745 -0.470742 -1.032900 2.571668
1.439188 -0.465843 -1.029402 2.571632
1.436607 -0.460929 -1.025886 2.571601
1.434003 -0.456000 -1.022354 2.571574
1.431377 -0.451058 -1.018804 2.571553
1.428727 -0.446101 -1.015237 2.571536
1.426055 -0.441131 -1.011652 2.571524
1.423360 -0.436147 -1.008051 2.571516
1.420642 -0.431149 -1.004432 2.571513
1.417901 -0.426138 -1.000796 2.571515
1.415137 -0.421114 -0.997143 2.571522
1.412351 -0.416076 -0.993474 2.571533
1.409543 -0.411026 -0.989787 2.571549
1.406712 -0.405963 -0.986084 2.571569
1.403858 -0.400888 -0.982364 2.571594
1.400982 -0.395800 -0.978627 2.571624
1.398084 -0.390699 -0.974874 2.571658
1.395163 -0.385587 -0.971104 2.571697
1.392221 -0.380462 -0.967318 2.571741
1.389256 -0.375326 -0.963515 2.571788
1.386269 -0.370178 -0.959696 2.571841
1.383260 -0.365019 -0.955860 2.571898
1.380229 -0.359848 -0.952008 2.571959
1.377176 -0.354666 -0.948140 2.572025
1.374101 -0.349473 -0.944256 2.572095
1.371004 -0.344269 -0.940356 2.572170
1.367886 -0.339055 -0.936440 2.572249
1.364746 -0.333830 -0.932508 2.572333
1.361584 -0.328594 -0.928560 2.572421
1.358400 -0.323349 -0.924596 2.572513
1.355196 -0.318093 -0.920617 2.572610
1.351969 -0.312827 -0.916621 2.572710
1.348722 -0.307552 -0.912611 2.572816
1.345453 -0.302267 -0.908584 2.572925
1.342163 -0.296973 -0.904543 2.573039
1.338851 -0.291669 -0.900486 2.573157
1.335519 -0.286357 -0.896413 2.573279
1.332165 -0.281035 -0.892326 2.573405
1.328791 -0.275705 -0.888223 2.573535
1.325395 -0.270366 -0.884105 2.573670
1.321979 -0.265018 -0.879972 2.573808
1.318542 -0.259663 -0.875825 2.573951
1.315084 -0.254299 -0.871662 2.574098
1.311605 -0.248928 -0.867484 2.574249
1.308106 -0.243548 -0.863292 2.574403
1.304587 -0.238161 -0.859085 2.574562
1.301047 -0.232767 -0.854864 2.574725
1.297486 -0.227365 -0.850628 2.574892
1.293906 -0.221957 -0.846378 2.575062
1.290305 -0.216541 -0.842113 2.575236
1.286683 -0.211119 -0.837834 2.575415
1.283042 -0.205690 -0.833541 2.575597
1.279381 -0.200254 -0.829233 2.575782
1.275700 -0.194813 -0.824912 2.575972
1.271999 -0.189365 -0.820577 2.576165
1.268278 -0.183911 -0.816228 2.576362
1.264537 -0.178452 -0.811865 2.576563
1.260777 -0.172987 -0.807488 2.576767
1.256997 -0.167516 -0.803098 2.576975
1.253198 -0.162041 -0.798694 2.577186
1.249379 -0.156560 -0.794277 2.577401
1.245541 -0.151074 -0.789846 2.577619
1.241683 -0.145584 -0.785402 2.577841
1.237807 -0.140089 -0.780945 2.578067
1.233911 -0.134590 -0.776474 2.578295
1.229996 -0.129087 -0.771991 2.578528
1.226062 -0.123579 -0.767495 2.578763
1.222109 -0.118068 -0.762985 2.579002
1.218138 -0.112553 -0.758463 2.579244
1.214147 -0.107034 -0.753928 2.579489
1.210138 -0.101512 -0.749381 2.579737
1.206111 -0.095987 -0.744821 2.579989
1.202065 -0.090459 -0.740248 2.580244
1.198000 -0.084928 -0.735664 2.580501
1.193917 -0.079394 -0.731066 2.580762
1.189816 -0.073858 -0.726457 2.581026
1.185697 -0.068319 -0.721836 2.581293
1.181559 -0.062778 -0.717202 2.581563
1.177404 -0.057236 -0.712557 2.581836
1.173230 -0.051691 -0.707900 2.582111
1.169039 -0.046145 -0.703231 2.582389
1.164830 -0.040597 -0.698550 2.582671
1.160603 -0.035048 -0.693858 2.582954
1.156359 -0.029498 -0.689154 2.583241
1.152097 -0.023947 -0.684439 2.583530
1.147818 -0.018395 -0.679712 2.583822
1.143521 -0.012843 -0.674975 2.584117
1.139207 -0.007290 -0.670226 2.584414
1.134876 -0.001737 -0.665466 2.584713
1.130527 0.003816 -0.660695 2.585015
1.126162 0.009369 -0.655914 2.585320
1.121780 0.014922 -0.651122 2.585626
1.117381 0.020475 -0.646319 2.585935
1.112965 0.026027 -0.641505 2.586247
1.108532 0.031578 -0.636681 2.586560
1.104083 0.037128 -0.631847 2.586876
1.099618 0.042677 -0.627002 2.587194
1.095136 0.048225 -0.622147 2.587514
1.090637 0.053771 -0.617282 2.587837
1.086123 0.059316 -0.612407 2.588161
1.081592 0.064859 -0.607522 2.588487
1.077045 0.070400 -0.602628 2.588815
1.072482 0.075939 -0.597723 2.589145
1.067904 0.081475 -0.592810 2.589477
1.063309 0.087009 -0.587886 2.589810
1.058699 0.092540 -0.582953 2.590146
1.054073 0.098069 -0.578011 2.590483
1.049432 0.103594 -0.573060 2.590822
1.044776 0.109117 -0.568099 2.591162
1.040104 0.114635 -0.563130 2.591504
1.035416 0.120151 -0.558151 2.591847
1.030714 0.125663 -0.553164 2.592192
1.025997 0.131170 -0.548168 2.592538
1.021264 0.136674 -0.543163 2.592886
1.016517 0.142174 -0.538150 2.593235
1.011755 0.147669 -0.533128 2.593585
1.006978 0.153160 -0.528099 2.593937
1.002187 0.158646 -0.523060 2.594289
0.997381 0.164127 -0.518014 2.594643
0.992561 0.169603 -0.512960 2.594998
0.987727 0.175074 -0.507898 2.595353
0.982878 0.180539 -0.502828 2.595710
0.978015 0.185999 -0.497750 2.596068
0.973138 0.191453 -0.492665 2.596426
0.968248 0.196902 -0.487572 2.596786
0.963343 0.202344 -0.482471 2.597146
0.958425 0.207780 -0.477364 2.597506
0.953493 0.213209 -0.472249 2.597868
0.948548 0.218632 -0.467127 2.598230
0.943589 0.224048 -0.461998 2.598592
0.938617 0.229458 -0.456862 2.598955
0.933632 0.234860 -0.451720 2.599319
0.928633 0.240255 -0.446571 2.599683
0.923622 0.245642 -0.441415 2.600047
0.918597 0.251022 -0.436252 2.600411
0.913560 0.256394 -0.431084 2.600776
0.908510 0.261759 -0.425909 2.601140
0.903447 0.267115 -0.420727 2.601505
0.898372 0.272463 -0.415540 2.601870
0.893284 0.277802 -0.410347 2.602235
0.888184 0.283133 -0.405148 2.602600
0.883072 0.288455 -0.399943 2.602965
0.877948 0.293768 -0.394733 2.603329
0.872811 0.299072 -0.389517 2.603693
0.867663 0.304367 -0.384295 2.604057
0.862503 0.309653 -0.379068 2.604421
0.857331 0.314929 -0.373836 2.604784
0.852147 0.320195 -0.368599 2.605147
0.846952 0.325451 -0.363357 2.605509
0.841746 0.330697 -0.358110 2.605871
0.836528 0.335933 -0.352858 2.606232
0.831299 0.341159 -0.347602 2.606592
0.826059 0.346374 -0.342341 2.606952
0.820808 0.351578 -0.337075 2.607311
0.815546 0.356772 -0.331805 2.607669
0.810273 0.361954 -0.326531 2.608025
0.804989 0.367126 -0.321253 2.608381
0.799695 0.372285 -0.315970 2.608736
0.794391 0.377434 -0.310684 2.609090
0.789076 0.382570 -0.305394 2.609443
0.783750 0.387695 -0.300100 2.609794
0.778415 0.392808 -0.294802 2.610144
0.773069 0.397909 -0.289501 2.610493
0.767714 0.402997 -0.284197 2.610840
0.762349 0.408073 -0.278889 2.611186
0.756974 0.413137 -0.273578 2.611530
0.751589 0.418187 -0.268264 2.611872
0.746195 0.423225 -0.262947 2.612213
0.740791 0.428249 -0.257627 2.612553
0.735378 0.433261 -0.252305 2.612890
0.729956 0.438258 -0.246979 2.613226
0.724524 0.443243 -0.241651 2.613559
0.719084 0.448213 -0.236321 2.613891
0.713635 0.453170 -0.230988 2.614221
0.708177 0.458113 -0.225654 2.614548
0.702710 0.463041 -0.220317 2.614873
0.697235 0.467956 -0.214978 2.615197
0.691751 0.472855 -0.209637 2.615517
0.686259 0.477740 -0.204294 2.615836
0.680759 0.482611 -0.198950 2.616152
0.675250 0.487466 -0.193604 2.616466
0.669734 0.492306 -0.188257 2.616777
0.664210 0.497132 -0.182908 2.617085
0.658677 0.501941 -0.177558 2.617391
0.653137 0.506735 -0.172207 2.617694
0.647590 0.511514 -0.166855 2.617994
0.642035 0.516277 -0.161502 2.618291
0.636473 0.521023 -0.156148 2.618586
0.630903 0.525754 -0.150793 2.618877
0.625326 0.530468 -0.145438 2.619165
0.619742 0.535166 -0.140083 2.619450
0.614152 0.539848 -0.134727 2.619732
0.608554 0.544512 -0.129370 2.620011
0.602950 0.549160 -0.124014 2.620286
0.597339 0.553791 -0.118657 2.620558
0.591722 0.558405 -0.113301 2.620827
0.586098 0.563002 -0.107945 2.621092
0.580468 0.567581 -0.102588 2.621353
0.574832 0.572142 -0.097233 2.621611
0.569190 0.576686 -0.091878 2.621865
0.563542 0.581212 -0.086523 2.622115
0.557888 0.585720 -0.081169 2.622362
0.552228 0.590210 -0.075816 2.622604
0.546563 0.594682 -0.070464 2.622843
0.540892 0.599135 -0.065112 2.623077
0.535216 0.603570 -0.059762 2.623307
0.529535 0.607986 -0.054413 2.623533
0.523848 0.612383 -0.049066 2.623755
0.518157 0.616762 -0.043720 2.623973
0.512460 0.621121 -0.038375 2.624186
0.506759 0.625461 -0.033033 2.624395
0.501053 0.629782 -0.027691 2.624599
0.495342 0.634084 -0.022352 2.624798
0.489627 0.638365 -0.017015 2.624993
0.483908 0.642627 -0.011680 2.625183
0.478184 0.646870 -0.006347 2.625369
0.472456 0.651092 -0.001016 2.625549
0.466725 0.655294 0.004312 2.625725
0.460989 0.659476 0.009638 2.625895
0.455250 0.663637 0.014961 2.626061
0.449506 0.667778 0.020282 2.626221
0.443760 0.671899 0.025599 2.626376
0.438009 0.675998 0.030914 2.626526
0.432256 0.680077 0.036226 2.626671
0.426499 0.684135 0.041534 2.626810
0.420739 0.688172 0.046839 2.626944
0.414977 0.692187 0.052141 2.627072
0.409211 0.696181 0.057440 2.627195
0.403442 0.700153 0.062735 2.627311
0.397671 0.704104 0.068026 2.627423
0.391897 0.708034 0.073314 2.627528
0.386121 0.711941 0.078597 2.627627
0.380343 0.715826 0.083877 2.627721
0.374562 0.719689 0.089153 2.627808
0.368779 0.723531 0.094424 2.627890
0.362995 0.727349 0.099691 2.627965
0.357208 0.731146 0.104954 2.628034
0.351420 0.734919 0.110212 2.628097
0.345630 0.738670 0.115466 2.628153
0.339839 0.742399 0.120715 2.628203
0.334046 0.746104 0.125959 2.628247
0.328252 0.749786 0.131199 2.628284
0.322456 0.753445 0.136433 2.628314
0.316660 0.757081 0.141662 2.628338
0.310863 0.760694 0.146886 2.628355
0.305064 0.764283 0.152105 2.628365
0.299266 0.767849 0.157319 2.628368
0.293466 0.771391 0.162526 2.628364
0.287666 0.774909 0.167729 2.628353
0.281866 0.778403 0.172925 2.628335
0.276065 0.781874 0.178116 2.628310
0.270265 0.785320 0.183301 2.628278
0.264464 0.788742 0.188480 2.628238
0.258663 0.792139 0.193653 2.628191
0.252863 0.795513 0.198819 2.628137
0.247063 0.798861 0.203980 2.628075
0.241263 0.802186 0.209134 2.628005
0.235464 0.805485 0.214281 2.627928
0.229666 0.808760 0.219422 2.627843
0.223868 0.812009 0.224556 2.627750
0.218071 0.815234 0.229684 2.627650
0.212275 0.818434 0.234804 2.627542
0.206481 0.821608 0.239918 2.627425
0.200687 0.824757 0.245024 2.627301
0.194895 0.827881 0.250124 2.627168
0.189104 0.830979 0.255216 2.627028
0.183315 0.834052 0.260301 2.626879
0.177528 0.837099 0.265378 2.626721
0.171743 0.840120 0.270448 2.626556
0.165959 0.843116 0.275510 2.626382
0.160177 0.846085 0.280564 2.626199
0.154398 0.849029 0.285611 2.626008
0.148621 0.851946 0.290649 2.625808
0.142846 0.854837 0.295680 2.625600
0.137073 0.857702 0.300703 2.625383
0.131304 0.860541 0.305717 2.625157
0.125537 0.863353 0.310723 2.624922
0.119772 0.866138 0.315721 2.624678
0.114011 0.868897 0.320710 2.624425
0.108253 0.871629 0.325691 2.624163
0.102498 0.874335 0.330663 2.623891
0.096746 0.877013 0.335626 2.623611
0.090998 0.879665 0.340580 2.623321
0.085253 0.882289 0.345526 2.623022
0.079512 0.884887 0.350462 2.622714
0.073774 0.887457 0.355390 2.622396
0.068041 0.890000 0.360308 2.622068
0.062311 0.892516 0.365217 2.621731
0.056586 0.895004 0.370117 2.621384
0.050864 0.897465 0.375007 2.621028
0.045147 0.899898 0.379887 2.620661
0.039434 0.902304 0.384758 2.620285
0.033726 0.904682 0.389619 2.619899
0.028023 0.907032 0.394471 2.619502
0.022324 0.909355 0.399312 2.619096
0.016630 0.911649 0.404144 2.618680
0.010941 0.913916 0.408966 2.618253
0.005257 0.916154 0.413777 2.617817
-0.000421 0.918364 0.418578 2.617369
-0.006094 0.920547 0.423369 2.616912
-0.011762 0.922701 0.428150 2.616444
-0.017425 0.924827 0.432920 2.615966
-0.023081 0.926924 0.437679 2.615477
-0.028732 0.928993 0.442428 2.614977
-0.034377 0.931034 0.447166 2.614467
-0.040016 0.933046 0.451893 2.613946
-0.045649 0.935029 0.456610 2.613414
-0.051276 0.936984 0.461315 2.612871
-0.056897 0.938910 0.466010 2.612318
-0.062511 0.940807 0.470693 2.611753
-0.068118 0.942676 0.475365 2.611178
-0.073719 0.944516 0.480026 2.610591
-0.079313 0.946327 0.484675 2.609993
-0.084900 0.948109 0.489313 2.609384
-0.090480 0.949861 0.493940 2.608763
-0.096054 0.951585 0.498555 2.608132
-0.101620 0.953280 0.503158 2.607489
-0.107178 0.954946 0.507750 2.606834
-0.112729 0.956582 0.512329 2.606168
-0.118273 0.958189 0.516897 2.605490
-0.123809 0.959767 0.521453 2.604801
-0.129338 0.961315 0.525997 2.604100
-0.134858 0.962835 0.530528 2.603387
-0.140370 0.964324 0.535048 2.602663
-0.145875 0.965784 0.539555 2.601926
-0.151371 0.967215 0.544050 2.601178
-0.156859 0.968616 0.548532 2.600418
-0.162339 0.969988 0.553002 2.599645
-0.167810 0.971330 0.557460 2.598861
-0.173272 0.972643 0.561904 2.598064
-0.178726 0.973925 0.566337 2.597255
-0.184171 0.975178 0.570756 2.596434
-0.189607 0.976402 0.575162 2.595601
-0.195034 0.977595 0.579556 2.594755
-0.200452 0.978759 0.583937 2.593897
-0.205860 0.979893 0.588304 2.593027
-0.211259 0.980996 0.592659 2.592144
-0.216649 0.982071 0.597000 2.591248
-0.222029 0.983115 0.601328 2.590340
-0.227400 0.984129 0.605643 2.589419
-0.232761 0.985113 0.609944 2.588485
-0.238111 0.986067 0.614232 2.587538
-0.243452 0.986991 0.618507 2.586579
-0.248783 0.987885 0.622768 2.585607
-0.254103 0.988749 0.627015 2.584621
-0.259414 0.989583 0.631248 2.583623
-0.264713 0.990387 0.635468 2.582612
-0.270003 0.991161 0.639674 2.581587
-0.275281 0.991904 0.643866 2.580550
-0.280549 0.992618 0.648045 2.579499
-0.285806 0.993301 0.652209 2.578435
-0.291053 0.993954 0.656359 2.577358
-0.296288 0.994577 0.660495 2.576267
-0.301512 0.995169 0.664617 2.575163
-0.306724 0.995732 0.668724 2.574046
-0.311926 0.996264 0.672818 2.572915
-0.317116 0.996765 0.676897 2.571770
-0.322294 0.997237 0.680961 2.570612
-0.327461 0.997678 0.685011 2.569440
-0.332616 0.998089 0.689047 2.568255
-0.337759 0.998470 0.693068 2.567056
-0.342891 0.998820 0.697074 2.565843
-0.348010 0.999140 0.701066 2.564616
-0.353117 0.999430 0.705043 2.563375
-0.358211 0.999690 0.709005 2.562121
-0.363294 0.999919 0.712952 2.560852
-0.368364 1.000118 0.716884 2.559570
-0.373421 1.000286 0.720802 2.558273
-0.378466 1.000424 0.724704 2.556963
-0.383498 1.000532 0.728591 2.555638
-0.388517 1.000610 0.732464 2.554299
-0.393523 1.000657 0.736321 2.552946
-0.398517 1.000674 0.740163 2.551578
-0.403497 1.000661 0.743989 2.550196
-0.408463 1.000618 0.747801 2.548800
-0.413417 1.000544 0.751597 2.547390
-0.418357 1.000440 0.755377 2.545965
-0.423283 1.000306 0.759142 2.544525
-0.428196 1.000141 0.762892 2.543071
-0.433095 0.999946 0.766626 2.541603
-0.437980 0.999721 0.770345 2.540120
-0.442852 0.999466 0.774048 2.538622
-0.447709 0.999181 0.777735 2.537109
-0.452552 0.998865 0.781407 2.535582
-0.457381 0.998520 0.785062 2.534040
-0.462196 0.998144 0.788702 2.532484
-0.466996 0.997738 0.792327 2.530912
-0.471782 0.997302 0.795935 2.529326
-0.476553 0.996836 0.799527 2.527725
-0.481310 0.996340 0.803104 2.526109
-0.486052 0.995813 0.806664 2.524477
-0.490779 0.995257 0.810209 2.522831
-0.495491 0.994671 0.813737 2.521170
-0.500188 0.994055 0.817249 2.519494
-0.504869 0.993409 0.820745 2.517802
-0.509536 0.992733 0.824225 2.516096
-0.514187 0.992027 0.827689 2.514374
-0.518823 0.991291 0.831136 2.512637
-0.523443 0.990526 0.834568 2.510885
-0.528048 0.989730 0.837982 2.509118
-0.532637 0.988905 0.841381 2.507335
-0.537210 0.988051 0.844763 2.505537
-0.541768 0.987166 0.848129 2.503723
-0.546309 0.986252 0.851478 2.501895
-0.550835 0.985308 0.854811 2.500050
-0.555344 0.984335 0.858127 2.498191
-0.559837 0.983332 0.861427 2.496315
-0.564314 0.982300 0.864710 2.494425
-0.568774 0.981238 0.867976 2.492518
-0.573218 0.980146 0.871226 2.490596
-0.577645 0.979026 0.874459 2.488659
-0.582056 0.977876 0.877676 2.486706
-0.586450 0.976696 0.880875 2.484737
-0.590827 0.975488 0.884058 2.482753
-0.595187 0.974250 0.887225 2.480752
-0.599530 0.972983 0.890374 2.478736
-0.603856 0.971687 0.893507 2.476705
-0.608165 0.970362 0.896623 2.474657
-0.612457 0.969007 0.899722 2.472594
-0.616731 0.967624 0.902804 2.470515
-0.620988 0.966212 0.905869 2.468420
-0.625227 0.964771 0.908917 2.466309
-0.629449 0.963301 0.911949 2.464182
-0.633653 0.961803 0.914963 2.462040
-0.637839 0.960275 0.917960 2.459881
-0.642008 0.958719 0.920940 2.457707
-0.646158 0.957135 0.923904 2.455516
-0.650291 0.955522 0.926850 2.453309
-0.654405 0.953880 0.929779 2.451087
-0.658502 0.952210 0.932691 2.448848
-0.662580 0.950512 0.935586 2.446593
-0.666640 0.948785 0.938464 2.444323
-0.670681 0.947030 0.941325 2.442036
-0.674704 0.945247 0.944168 2.439733
-0.678708 0.943435 0.946995 2.437413
-0.682694 0.941596 0.949804 2.435078
-0.686661 0.939728 0.952596 2.432727
-0.690609 0.937833 0.955371 2.430359
-0.694539 0.935910 0.958129 2.427975
-0.698449 0.933959 0.960869 2.425575
-0.702340 0.931980 0.963592 2.423158
-0.706213 0.929974 0.966298 2.420726
-0.710066 0.927940 0.968987 2.418277
-0.713900 0.925878 0.971658 2.415812
-0.717714 0.923789 0.974312 2.413330
-0.721509 0.921673 0.976949 2.410833
-0.725285 0.919529 0.979569 2.408319
-0.729041 0.917358 0.982171 2.405788
-0.732778 0.915160 0.984756 2.403241
-0.736495 0.912934 0.987324 2.400678
-0.740192 0.910682 0.989874 2.398099
-0.743869 0.908403 0.992407 2.395503
-0.747526 0.906097 0.994923 2.392891
-0.751164 0.903764 0.997421 2.390263
-0.754781 0.901405 0.999903 2.387618
-0.758378 0.899018 1.002366 2.384957
-0.761955 0.896606 1.004813 2.382279
-0.765512 0.894166 1.007242 2.379585
-0.769048 0.891701 1.009654 2.376874
-0.772564 0.889209 1.012048 2.374147
-0.776060 0.886691 1.014425 2.371404
-0.779535 0.884147 1.016785 2.368644
-0.782989 0.881577 1.019127 2.365868
-0.786423 0.878980 1.021452 2.363075
-0.789836 0.876358 1.023760 2.360266
-0.793228 0.873710 1.026051 2.357441
-0.796599 0.871037 1.028324 2.354599
-0.799950 0.868338 1.030580 2.351741
-0.803279 0.865613 1.032818 2.348866
-0.806587 0.862863 1.035040 2.345974
-0.809874 0.860088 1.037244 2.343067
-0.813140 0.857287 1.039430 2.340143
-0.816385 0.854461 1.041600 2.337202
-0.819608 0.851610 1.043752 2.334245
-0.822810 0.848735 1.045887 2.331271
-0.825991 0.845834 1.048004 2.328282
-0.829150 0.842909 1.050104 2.325275
-0.832288 0.839959 1.052188 2.322252
-0.835403 0.836984 1.054253 2.319213
-0.838498 0.833985 1.056302 2.316157
-0.841570 0.830961 1.058334 2.313085
-0.844621 0.827914 1.060348 2.309997
-0.847649 0.824842 1.062345 2.306892
-0.850656 0.821746 1.064325 2.303771
-0.853641 0.818626 1.066288 2.300633
-0.856604 0.815482 1.068233 2.297479
-0.859544 0.812315 1.070162 2.294309
-0.862463 0.809123 1.072073 2.291122
-0.865359 0.805909 1.073968 2.287919
-0.868233 0.802670 1.075845 2.284699
-0.871085 0.799409 1.077705 2.281463
-0.873914 0.796124 1.079548 2.278211
-0.876721 0.792816 1.081374 2.274943
-0.879505 0.789485 1.083183 2.271658
-0.882267 0.786131 1.084976 2.268357
-0.885006 0.782755 1.086751 2.265039
-0.887723 0.779356 1.088509 2.261706
-0.890417 0.775934 1.090250 2.258356
-0.893088 0.772489 1.091975 2.254989
-0.895736 0.769023 1.093682 2.251607
-0.898361 0.765534 1.095373 2.248208
-0.900964 0.762023 1.097047 2.244794
-0.903543 0.758490 1.098704 2.241363
-0.906100 0.754935 1.100344 2.237915
-0.908633 0.751358 1.101968 2.234452
-0.911144 0.747760 1.103574 2.230973
-0.913631 0.744140 1.105164 2.227477
-0.916095 0.740498 1.106738 2.223965
-0.918535 0.736836 1.108294 2.220438
-0.920953 0.733152 1.109834 2.216894
-0.923347 0.729447 1.111358 2.213334
-0.925717 0.725721 1.112865 2.209758
-0.928065 0.721974 1.114355 2.206166
-0.930388 0.718207 1.115829 2.202558
-0.932689 0.714419 1.117286 2.198935
-0.934965 0.710610 1.118727 2.195295
-0.937218 0.706781 1.120151 2.191639
-0.939447 0.702932 1.121559 2.187968
-0.941653 0.699063 1.122951 2.184280
-0.943835 0.695174 1.124326 2.180577
-0.945993 0.691265 1.125685 2.176858
-0.948127 0.687336 1.127028 2.173123
-0.950237 0.683387 1.128355 2.169373
-0.952324 0.679420 1.129665 2.165606
-0.954386 0.675432 1.130959 2.161824
-0.956424 0.671426 1.132237 2.158027
-0.958439 0.667401 1.133499 2.154213
-0.960429 0.663356 1.134745 2.150384
-0.962395 0.659293 1.135974 2.146540
-0.964337 0.655211 1.137188 2.142679
-0.966255 0.651110 1.138386 2.138804
-0.968149 0.646991 1.139568 2.134913
-0.970018 0.642854 1.140734 2.131006
-0.971863 0.638698 1.141884 2.127084
-0.973684 0.634525 1.143018 2.123146
-0.975480 0.630333 1.144137 2.119193
-0.977252 0.626124 1.145240 2.115225
-0.979000 0.621897 1.146327 2.111242
-0.980723 0.617653 1.147399 2.107243
-0.982421 0.613391 1.148455 2.103229
-0.984095 0.609112 1.149495 2.099199
-0.985745 0.604816 1.150520 2.095155
-0.987369 0.600503 1.151529 2.091095
-0.988970 0.596173 1.152523 2.087020
-0.990545 0.591826 1.153502 2.082931
-0.992096 0.587463 1.154465 2.078826
-0.993622 0.583083 1.155413 2.074706
-0.995123 0.578687 1.156345 2.070571
-0.996600 0.574275 1.157263 2.066422
-0.998051 0.569847 1.158165 2.062257
-0.999478 0.565403 1.159052 2.058078
-1.000880 0.560944 1.159924 2.053883
-1.002257 0.556468 1.160781 2.049675
-1.003610 0.551978 1.161623 2.045451
-1.004937 0.547472 1.162451 2.041213
-1.006239 0.542950 1.163263 2.036960
-1.007516 0.538414 1.164060 2.032692
-1.008769 0.533863 1.164843 2.028410
-1.009996 0.529297 1.165611 2.024113
-1.011198 0.524717 1.166364 2.019802
-1.012375 0.520122 1.167102 2.015477
-1.013527 0.515513 1.167826 2.011137
-1.014654 0.510889 1.168536 2.006783
-1.015755 0.506252 1.169231 2.002414
-1.016832 0.501601 1.169911 1.998032
-1.017883 0.496936 1.170577 1.993635
-1.018909 0.492257 1.171229 1.989224
-1.019910 0.487565 1.171866 1.984799
-1.020885 0.482860 1.172490 1.980360
-1.021835 0.478141 1.173099 1.975907
-1.022760 0.473410 1.173694 1.971440
-1.023660 0.468665 1.174275 1.966959
-1.024534 0.463908 1.174841 1.962464
-1.025383 0.459139 1.175394 1.957955
-1.026207 0.454356 1.175933 1.953433
-1.027005 0.449562 1.176459 1.948897
-1.027778 0.444756 1.176970 1.944347
-1.028525 0.439937 1.177468 1.939784
-1.029247 0.435107 1.177952 1.935207
-1.029944 0.430265 1.178422 1.930617
-1.030615 0.425412 1.178879 1.926013
-1.031261 0.420547 1.179322 1.921396
-1.031881 0.415671 1.179752 1.916766
-1.032476 0.410784 1.180168 1.912122
-1.033045 0.405886 1.180571 1.907465
-1.033588 0.400977 1.180961 1.902795
-1.034107 0.396058 1.181338 1.898112
-1.034599 0.391128 1.181701 1.893416
-1.035066 0.386188 1.182051 1.888707
-1.035508 0.381237 1.182389 1.883985
-1.035924 0.376277 1.182713 1.879250
-1.036315 0.371307 1.183024 1.874502
-1.036679 0.366327 1.183323 1.869742
-1.037019 0.361337 1.183609 1.864969
-1.037333 0.356338 1.183882 1.860183
-1.037621 0.351330 1.184142 1.855385
-1.037883 0.346313 1.184390 1.850574
-1.038120 0.341286 1.184625 1.845751
-1.038332 0.336251 1.184848 1.840915
-1.038518 0.331208 1.185058 1.836067
-1.038678 0.326155 1.185256 1.831207
-1.038812 0.321095 1.185442 1.826334
-1.038921 0.316026 1.185615 1.821449
-1.039005 0.310950 1.185777 1.816553
-1.039062 0.305865 1.185926 1.811644
-1.039095 0.300773 1.186063 1.806723
-1.039101 0.295673 1.186188 1.801791
-1.039082 0.290565 1.186302 1.796847
-1.039037 0.285451 1.186403 1.791890
-1.038967 0.280329 1.186493 1.786923
-1.038871 0.275201 1.186571 1.781943
-1.038750 0.270065 1.186637 1.776952
-1.038603 0.264923 1.186692 1.771950
-1.038430 0.259775 1.186735 1.766936
-1.038232 0.254620 1.186767 1.761911
-1.038008 0.249459 1.186787 1.756875
-1.037758 0.244292 1.186797 1.751827
-1.037483 0.239119 1.186794 1.746768
-1.037183 0.233940 1.186781 1.741698
-1.036856 0.228756 1.186757 1.736617
-1.036505 0.223566 1.186721 1.731526
-1.036127 0.218371 1.186675 1.726423
-1.035725 0.213171 1.186618 1.721309
-1.035296 0.207966 1.186550 1.716185
-1.034842 0.202757 1.186471 1.711050
-1.034363 0.197542 1.186381 1.705905
-1.033858 0.192324 1.186281 1.700749
-1.033327 0.187101 1.186171 1.695583
-1.032772 0.181873 1.186050 1.690406
-1.032190 0.176642 1.185918 1.685219
-1.031583 0.171407 1.185776 1.680022
-1.030951 0.166168 1.185624 1.674815
-1.030293 0.160926 1.185462 1.669598
-1.029610 0.155680 1.185289 1.664370
-1.028902 0.150431 1.185107 1.659133
-1.028168 0.145179 1.184914 1.653886
-1.027408 0.139924 1.184712 1.648629
-1.026624 0.134667 1.184499 1.643363
-1.025814 0.129406 1.184277 1.638087
-1.024978 0.124144 1.184045 1.632801
-1.024117 0.118878 1.183804 1.627506
-1.023231 0.113611 1.183553 1.622202
-1.022320 0.108342 1.183293 1.616888
-1.021384 0.103071 1.183023 1.611565
-1.020422 0.097798 1.182744 1.606233
-1.019435 0.092524 1.182455 1.600892
-1.018423 0.087249 1.182158 1.595542
-1.017385 0.081972 1.181851 1.590183
-1.016323 0.076694 1.181535 1.584815
-1.015235 0.071415 1.181211 1.579439
-1.014122 0.066135 1.180877 1.574053
-1.012984 0.060855 1.180535 1.568660
-1.011821 0.055575 1.180183 1.563258
-1.010633 0.050294 1.179824 1.557847
-1.009420 0.045013 1.179455 1.552428
-1.008182 0.039732 1.179078 1.547001
-1.006919 0.034451 1.178693 1.541565
-1.005631 0.029170 1.178299 1.536122
-1.004318 0.023890 1.177897 1.530671
-1.002980 0.018611 1.177486 1.525211
-1.001617 0.013332 1.177068 1.519744
-1.000230 0.008054 1.176641 1.514269
-0.998817 0.002778 1.176207 1.508787
-0.997380 -0.002498 1.175764 1.503297
-0.995918 -0.007772 1.175314 1.497799
-0.994432 -0.013044 1.174856 1.492294
-0.992920 -0.018315 1.174390 1.486782
-0.991384 -0.023584 1.173916 1.481262
-0.989823 -0.028851 1.173435 1.475735
-0.988238 -0.034116 1.172946 1.470202
-0.986628 -0.039379 1.172450 1.464661
-0.984994 -0.044639 1.171947 1.459113
-0.983335 -0.049897 1.171437 1.453559
-0.981651 -0.055151 1.170919 1.447998
-0.979943 -0.060403 1.170394 1.442430
-0.978211 -0.065652 1.169862 1.436856
-0.976454 -0.070898 1.169323 1.431275
-0.974673 -0.076140 1.168777 1.425688
-0.972868 -0.081379 1.168225 1.420095
-0.971038 -0.086615 1.167666 1.414495
-0.969184 -0.091846 1.167100 1.408890
-0.967306 -0.097074 1.166527 1.403278
-0.965404 -0.102297 1.165948 1.397661
-0.963478 -0.107517 1.165363 1.392037
-0.961527 -0.112732 1.164771 1.386408
-0.959553 -0.117942 1.164173 1.380773
-0.957554 -0.123148 1.163568 1.375133
-0.955532 -0.128349 1.162958 1.369487
-0.953485 -0.133545 1.162341 1.363836
-0.951415 -0.138736 1.161719 1.358180
-0.949321 -0.143922 1.161091 1.352518
-0.947203 -0.149102 1.160456 1.346852
-0.945061 -0.154277 1.159816 1.341180
-0.942895 -0.159446 1.159171 1.335504
-0.940706 -0.164609 1.158519 1.329822
-0.938493 -0.169767 1.157863 1.324136
-0.936257 -0.174918 1.157200 1.318445
-0.933997 -0.180063 1.156533 1.312750
-0.931713 -0.185202 1.155860 1.307051
-0.929406 -0.190334 1.155182 1.301346
-0.927076 -0.195460 1.154498 1.295638
-0.924722 -0.200578 1.153810 1.289926
-0.922345 -0.205690 1.153117 1.284209
-0.919945 -0.210795 1.152418 1.278489
-0.917521 -0.215892 1.151715 1.272764
-0.915074 -0.220982 1.151007 1.267036
-0.912605 -0.226065 1.150295 1.261304
-0.910112 -0.231140 1.149577 1.255569
-0.907596 -0.236207 1.148856 1.249830
-0.905057 -0.241266 1.148129 1.244087
-0.902495 -0.246318 1.147399 1.238341
-0.899910 -0.251361 1.146664 1.232592
-0.897302 -0.256395 1.145924 1.226840
-0.894671 -0.261421 1.145181 1.221085
-0.892018 -0.266439 1.144433 1.215327
-0.889342 -0.271448 1.143681 1.209566
-0.886644 -0.276448 1.142926 1.203803
-0.883923 -0.281439 1.142166 1.198037
-0.881179 -0.286421 1.141403 1.192268
-0.878413 -0.291394 1.140636 1.186497
-0.875624 -0.296357 1.139865 1.180723
-0.872814 -0.301311 1.139091 1.174947
-0.869980 -0.306255 1.138313 1.169169
-0.867125 -0.311189 1.137532 1.163389
-0.864247 -0.316114 1.136747 1.157607
-0.861348 -0.321028 1.135959 1.151823
-0.858426 -0.325932 1.135168 1.146037
-0.855482 -0.330826 1.134373 1.140250
-0.852516 -0.335709 1.133576 1.134461
-0.849528 -0.340582 1.132775 1.128670
-0.846519 -0.345444 1.131972 1.122879
-0.843487 -0.350295 1.131166 1.117085
-0.840434 -0.355136 1.130356 1.111291
-0.837359 -0.359965 1.129545 1.105496
-0.834263 -0.364783 1.128730 1.099699
-0.831145 -0.369590 1.127913 1.093902
-0.828006 -0.374385 1.127093 1.088104
-0.824845 -0.379169 1.126271 1.082305
-0.821663 -0.383941 1.125447 1.076506
-0.818459 -0.388701 1.124620 1.070706
-0.815234 -0.393449 1.123791 1.064906
-0.811988 -0.398186 1.122960 1.059105
-0.808721 -0.402910 1.122126 1.053304
-0.805433 -0.407621 1.121291 1.047503
-0.802124 -0.412321 1.120454 1.041702
-0.798794 -0.417007 1.119615 1.035902
-0.795444 -0.421681 1.118774 1.030101
-0.792072 -0.426343 1.117931 1.024301
-0.788680 -0.430991 1.117087 1.018501
-0.785267 -0.435626 1.116241 1.012701
-0.781833 -0.440249 1.115393 1.006902
-0.778379 -0.444858 1.114544 1.001104
-0.774904 -0.449453 1.113694 0.995307
-0.771409 -0.454035 1.112842 0.989510
-0.767894 -0.458604 1.111989 0.983715
-0.764359 -0.463159 1.111134 0.977920
-0.760803 -0.467700 1.110279 0.972127
-0.757227 -0.472227 1.109422 0.966335
-0.753631 -0.476740 1.108565 0.960544
-0.750016 -0.481239 1.107706 0.954755
-0.746380 -0.485723 1.106847 0.948967
-0.742724 -0.490194 1.105987 0.943181
-0.739049 -0.494649 1.105126 0.937397
-0.735354 -0.499091 1.104264 0.931615
-0.731640 -0.503517 1.103402 0.925835
-0.727905 -0.507929 1.102539 0.920056
-0.724152 -0.512325 1.101676 0.914280
-0.720379 -0.516707 1.100812 0.908506
-0.716587 -0.521074 1.099948 0.902735
-0.712775 -0.525425 1.099084 0.896966
-0.708944 -0.529761 1.098219 0.891199
-0.705095 -0.534082 1.097355 0.885436
-0.701226 -0.538387 1.096490 0.879675
-0.697338 -0.542676 1.095625 0.873916
-0.693432 -0.546950 1.094760 0.868161
-0.689506 -0.551208 1.093895 0.862409
-0.685562 -0.555449 1.093030 0.856660
-0.681599 -0.559675 1.092166 0.850914
-0.677618 -0.563885 1.091302 0.845172
-0.673618 -0.568078 1.090438 0.839433
-0.669600 -0.572255 1.089574 0.833698
-0.665564 -0.576416 1.088711 0.827966
-0.661509 -0.580560 1.087849 0.822238
-0.657436 -0.584688 1.086987 0.816514
-0.653345 -0.588798 1.086125 0.810794
-0.649236 -0.592892 1.085264 0.805077
-0.645109 -0.596970 1.084404 0.799365
-0.640964 -0.601030 1.083545 0.793658
-0.636802 -0.605073 1.082687 0.787954
-0.632622 -0.609098 1.081830 0.782255
-0.628424 -0.613107 1.080973 0.776561
-0.624208 -0.617098 1.080118 0.770871
-0.619976 -0.621072 1.079263 0.765186
-0.615725 -0.625028 1.078410 0.759505
-0.611458 -0.628966 1.077558 0.753830
-0.607173 -0.632887 1.076707 0.748159
-0.602872 -0.636790 1.075858 0.742494
-0.598553 -0.640675 1.075010 0.736834
-0.594217 -0.644543 1.074163 0.731179
-0.589865 -0.648392 1.073318 0.725530
-0.585496 -0.652223 1.072474 0.719886
-0.581110 -0.656036 1.071632 0.714248
-0.576707 -0.659830 1.070791 0.708615
-0.572288 -0.663606 1.069953 0.702988
-0.567853 -0.667364 1.069116 0.697367
-0.563401 -0.671103 1.068280 0.691753
-0.558933 -0.674824 1.067447 0.686144
-0.554449 -0.678525 1.066615 0.680541
-0.549948 -0.682208 1.065786 0.674945
-0.545432 -0.685873 1.064958 0.669354
-0.540900 -0.689518 1.064132 0.663771
-0.536352 -0.693144 1.063309 0.658194
-0.531788 -0.696751 1.062487 0.652623
-0.527209 -0.700340 1.061668 0.647060
-0.522614 -0.703908 1.060851 0.641503
-0.518004 -0.707458 1.060037 0.635953
-0.513378 -0.710988 1.059224 0.630410
-0.508737 -0.714499 1.058414 0.624874
-0.504081 -0.717990 1.057607 0.619346
-0.499410 -0.721462 1.056802 0.613824
-0.494723 -0.724914 1.055999 0.608311
-0.490022 -0.728347 1.055199 0.602804
-0.485306 -0.731759 1.054402 0.597305
-0.480576 -0.735152 1.053607 0.591814
-0.475830 -0.738525 1.052815 0.586331
-0.471071 -0.741878 1.052026 0.580856
-0.466296 -0.745211 1.051239 0.575388
-0.461508 -0.748524 1.050456 0.569928
-0.456705 -0.751817 1.049675 0.564477
-0.451888 -0.755090 1.048897 0.559034
-0.447056 -0.758342 1.048122 0.553599
-0.442211 -0.761574 1.047350 0.548173
-0.437352 -0.764786 1.046582 0.542755
-0.432479 -0.767977 1.045816 0.537346
-0.427593 -0.771148 1.045053 0.531945
-0.422693 -0.774298 1.044294 0.526553
-0.417779 -0.777427 1.043538 0.521170
-0.412852 -0.780536 1.042785 0.515796
-0.407912 -0.783624 1.042035 0.510431
-0.402958 -0.786692 1.041288 0.505075
-0.397992 -0.789739 1.040545 0.499729
-0.393012 -0.792764 1.039806 0.494391
-0.388019 -0.795769 1.039070 0.489064
-0.383014 -0.798753 1.038337 0.483745
-0.377996 -0.801716 1.037608 0.478436
-0.372965 -0.804658 1.036882 0.473137
-0.367922 -0.807579 1.036160 0.467848
-0.362866 -0.810478 1.035441 0.462568
-0.357798 -0.813357 1.034727 0.457298
-0.352717 -0.816214 1.034016 0.452039
-0.347625 -0.819050 1.033308 0.446789
-0.342520 -0.821865 1.032604 0.441550
-0.337404 -0.824658 1.031905 0.436320
-0.332276 -0.827430 1.031209 0.431102
-0.327135 -0.830180 1.030516 0.425893
-0.321984 -0.832909 1.029828 0.420696
-0.316821 -0.835617 1.029144 0.415508
-0.311646 -0.838303 1.028463 0.410332
-0.306460 -0.840967 1.027787 0.405166
-0.301263 -0.843609 1.027114 0.400011
-0.296054 -0.846230 1.026446 0.394867
-0.290835 -0.848830 1.025781 0.389734
-0.285604 -0.851407 1.025121 0.384613
-0.280363 -0.853963 1.024465 0.379502
-0.275111 -0.856497 1.023812 0.374403
-0.269849 -0.859009 1.023165 0.369315
-0.264576 -0.861500 1.022521 0.364238
-0.259292 -0.863968 1.021881 0.359173
-0.253998 -0.866415 1.021246 0.354120
-0.248694 -0.868839 1.020615 0.349078
-0.243380 -0.871242 1.019988 0.344048
-0.238056 -0.873623 1.019366 0.339030
-0.232722 -0.875982 1.018748 0.334024
-0.227378 -0.878318 1.018134 0.329030
-0.222024 -0.880633 1.017525 0.324048
-0.216661 -0.882925 1.016920 0.319078
-0.211288 -0.885196 1.016320 0.314120
-0.205906 -0.887444 1.015724 0.309175
-0.200515 -0.889670 1.015132 0.304242
-0.195114 -0.891874 1.014545 0.299321
-0.189705 -0.894056 1.013963 0.294413
-0.184286 -0.896215 1.013385 0.289518
-0.178859 -0.898353 1.012811 0.284635
-0.173423 -0.900468 1.012243 0.279765
-0.167978 -0.902561 1.011678 0.274908
-0.162524 -0.904632 1.011119 0.270064
-0.157063 -0.906680 1.010564 0.265233
-0.151592 -0.908706 1.010013 0.260415
-0.146114 -0.910710 1.009468 0.255610
-0.140628 -0.912691 1.008926 0.250818
-0.135133 -0.914651 1.008390 0.246040
-0.129631 -0.916588 1.007858 0.241275
-0.124120 -0.918502 1.007331 0.236524
-0.118603 -0.920394 1.006809 0.231786
-0.113077 -0.922264 1.006292 0.227061
-0.107544 -0.924112 1.005779 0.222350
-0.102004 -0.925937 1.005271 0.217653
-0.096456 -0.927740 1.004768 0.212970
-0.090901 -0.929520 1.004269 0.208301
-0.085340 -0.931278 1.003775 0.203645
-0.079771 -0.933014 1.003287 0.199004
-0.074195 -0.934728 1.002803 0.194377
-0.068613 -0.936419 1.002323 0.189764
-0.063024 -0.938087 1.001849 0.185165
-0.057429 -0.939734 1.001379 0.180580
-0.051827 -0.941358 1.000915 0.176010
-0.046219 -0.942959 1.000455 0.171454
-0.040605 -0.944538 1.000000 0.166912
-0.034985 -0.946095 0.999550 0.162385
-0.029358 -0.947630 0.999104 0.157873
-0.023726 -0.949142 0.998664 0.153376
-0.018088 -0.950632 0.998229 0.148893
-0.012445 -0.952100 0.997798 0.144425
-0.006796 -0.953545 0.997372 0.139972
-0.001142 -0.954968 0.996951 0.135533
0.004518 -0.956369 0.996535 0.131110
0.010183 -0.957748 0.996124 0.126702
0.015853 -0.959104 0.995718 0.122309
0.021528 -0.960438 0.995317 0.117931
0.027208 -0.961750 0.994921 0.113569
0.032892 -0.963039 0.994529 0.109221
0.038582 -0.964307 0.994142 0.104890
0.044275 -0.965552 0.993761 0.100573
0.049973 -0.966775 0.993384 0.096272
0.055676 -0.967976 0.993012 0.091987
0.061382 -0.969155 0.992645 0.087717
0.067093 -0.970311 0.992283 0.083463
0.072808 -0.971446 0.991926 0.079225
0.078526 -0.972558 0.991573 0.075002
0.084249 -0.973649 0.991226 0.070795
0.089975 -0.974717 0.990883 0.066604
0.095704 -0.975764 0.990545 0.062429
0.101437 -0.976788 0.990213 0.058270
0.107173 -0.977791 0.989884 0.054128
0.112913 -0.978772 0.989561 0.050001
0.118655 -0.979731 0.989243 0.045890
0.124401 -0.980668 0.988929 0.041796
0.130149 -0.981583 0.988621 0.037718
0.135900 -0.982476 0.988317 0.033656
0.141654 -0.983348 0.988018 0.029611
0.147410 -0.984197 0.987723 0.025582
0.153169 -0.985026 0.987434 0.021570
0.158929 -0.985832 0.987149 0.017574
0.164693 -0.986617 0.986869 0.013595
0.170458 -0.987380 0.986594 0.009632
0.176225 -0.988122 0.986323 0.005686
0.181994 -0.988842 0.986057 0.001757
0.187765 -0.989541 0.985796 -0.002155
0.193537 -0.990218 0.985540 -0.006051
0.199311 -0.990874 0.985288 -0.009930
0.205086 -0.991508 0.985041 -0.013791
0.210863 -0.992121 0.984798 -0.017636
0.216641 -0.992713 0.984560 -0.021464
0.222420 -0.993283 0.984327 -0.025275
0.228200 -0.993832 0.984099 -0.029068
0.233980 -0.994361 0.983875 -0.032845
0.239762 -0.994868 0.983655 -0.036604
0.245544 -0.995353 0.983440 -0.040346
0.251326 -0.995818 0.983230 -0.044070
0.257109 -0.996262 0.983024 -0.047778
0.262892 -0.996685 0.982822 -0.051468
0.268676 -0.997087 0.982625 -0.055140
0.274459 -0.997468 0.982433 -0.058795
0.280243 -0.997828 0.982245 -0.062433
0.286026 -0.998168 0.982061 -0.066053
0.291809 -0.998487 0.981882 -0.069656
0.297591 -0.998785 0.981707 -0.073240
0.303373 -0.999063 0.981536 -0.076808
0.309155 -0.999320 0.981370 -0.080357
0.314936 -0.999556 0.981208 -0.083889
0.320716 -0.999772 0.981050 -0.087403
0.326494 -0.999968 0.980897 -0.090899
0.332272 -1.000144 0.980747 -0.094378
0.338049 -1.000299 0.980602 -0.097838
0.343824 -1.000434 0.980461 -0.101281
0.349599 -1.000548 0.980324 -0.104705
0.355371 -1.000643 0.980192 -0.108112
0.361142 -1.000718 0.980063 -0.111501
0.366911 -1.000772 0.979938 -0.114872
0.372678 -1.000807 0.979818 -0.118224
0.378444 -1.000822 0.979701 -0.121559
0.384207 -1.000817 0.979588 -0.124875
0.389968 -1.000792 0.979480 -0.128173
0.395727 -1.000747 0.979375 -0.131453
0.401483 -1.000683 0.979274 -0.134715
0.407237 -1.000600 0.979177 -0.137958
0.412988 -1.000497 0.979083 -0.141183
0.418737 -1.000374 0.978994 -0.144390
0.424483 -1.000232 0.978908 -0.147579
0.430225 -1.000071 0.978826 -0.150749
0.435965 -0.999891 0.978748 -0.153901
0.441701 -0.999691 0.978673 -0.157034
0.447434 -0.999473 0.978602 -0.160149
0.453164 -0.999235 0.978534 -0.163245
0.458890 -0.998978 0.978470 -0.166323
0.464613 -0.998703 0.978409 -0.169383
0.470332 -0.998408 0.978352 -0.172424
0.476047 -0.998095 0.978298 -0.175446
0.481758 -0.997764 0.978248 -0.178450
0.487465 -0.997413 0.978201 -0.181435
0.493168 -0.997045 0.978157 -0.184401
0.498866 -0.996657 0.978117 -0.187349
0.504560 -0.996252 0.978080 -0.190278
0.510250 -0.995828 0.978046 -0.193189
0.515935 -0.995386 0.978015 -0.196080
0.521615 -0.994926 0.977987 -0.198953
0.527290 -0.994447 0.977962 -0.201808
0.532961 -0.993951 0.977941 -0.204643
0.538626 -0.993437 0.977922 -0.207460
0.544286 -0.992905 0.977906 -0.210258
0.549941 -0.992355 0.977893 -0.213037
0.555590 -0.991787 0.977883 -0.215797
0.561234 -0.991202 0.977876 -0.218539
0.566873 -0.990600 0.977872 -0.221261
0.572505 -0.989980 0.977870 -0.223965
0.578132 -0.989343 0.977871 -0.226650
0.583753 -0.988688 0.977875 -0.229316
0.589368 -0.988016 0.977881 -0.231963
0.594976 -0.987328 0.977890 -0.234591
0.600579 -0.986622 0.977901 -0.237200
0.606175 -0.985899 0.977915 -0.239791
0.611764 -0.985159 0.977931 -0.242362
0.617347 -0.984403 0.977950 -0.244914
0.622923 -0.983630 0.977971 -0.247448
0.628493 -0.982841 0.977994 -0.249962
0.634055 -0.982035 0.978019 -0.252457
0.639611 -0.981212 0.978047 -0.254934
0.645159 -0.980374 0.978077 -0.257391
0.650700 -0.979519 0.978108 -0.259830
0.656234 -0.978648 0.978142 -0.262249
0.661760 -0.977760 0.978178 -0.264650
0.667279 -0.976857 0.978215 -0.267031
0.672790 -0.975939 0.978255 -0.269394
0.678293 -0.975004 0.978296 -0.271737
0.683789 -0.974054 0.978339 -0.274061
0.689276 -0.973088 0.978384 -0.276367
0.694756 -0.972106 0.978431 -0.278653
0.700227 -0.971110 0.978479 -0.280920
0.705690 -0.970097 0.978528 -0.283168
0.711144 -0.969070 0.978579 -0.285398
0.716590 -0.968028 0.978632 -0.287608
0.722027 -0.966971 0.978686 -0.289799
0.727456 -0.965898 0.978741 -0.291971
0.732875 -0.964811 0.978798 -0.294124
0.738286 -0.963709 0.978856 -0.296258
0.743688 -0.962593 0.978915 -0.298373
0.749080 -0.961462 0.978975 -0.300469
0.754464 -0.960317 0.979036 -0.302546
0.759838 -0.959157 0.979098 -0.304604
0.765202 -0.957983 0.979161 -0.306643
0.770557 -0.956795 0.979225 -0.308663
0.775902 -0.955593 0.979290 -0.310665
0.781238 -0.954377 0.979356 -0.312647
0.786564 -0.953147 0.979422 -0.314610
0.791879 -0.951904 0.979489 -0.316554
0.797185 -0.950646 0.979556 -0.318479
0.802480 -0.949376 0.979625 -0.320385
0.807765 -0.948092 0.979693 -0.322273
0.813040 -0.946794 0.979762 -0.324141
0.818304 -0.945484 0.979832 -0.325990
0.823558 -0.944160 0.979901 -0.327821
0.828801 -0.942823 0.979971 -0.329633
0.834033 -0.941474 0.980041 -0.331425
0.839254 -0.940111 0.980112 -0.333199
0.844465 -0.938736 0.980182 -0.334954
0.849664 -0.937349 0.980252 -0.336691
0.854852 -0.935949 0.980322 -0.338408
0.860028 -0.934536 0.980392 -0.340107
0.865194 -0.933111 0.980462 -0.341787
0.870347 -0.931675 0.980532 -0.343448
0.875490 -0.930226 0.980601 -0.345090
0.880620 -0.928765 0.980670 -0.346713
0.885739 -0.927292 0.980739 -0.348318
0.890845 -0.925808 0.980807 -0.349904
0.895940 -0.924312 0.980874 -0.351472
0.901023 -0.922804 0.980941 -0.353020
0.906093 -0.921285 0.981007 -0.354551
0.911152 -0.919755 0.981072 -0.356062
0.916197 -0.918214 0.981137 -0.357555
0.921231 -0.916661 0.981200 -0.359029
0.926251 -0.915098 0.981263 -0.360485
0.931260 -0.913523 0.981324 -0.361922
0.936255 -0.911938 0.981385 -0.363341
0.941237 -0.910343 0.981444 -0.364741
0.946207 -0.908737 0.981502 -0.366123
0.951163 -0.907120 0.981559 -0.367486
0.956106 -0.905493 0.981614 -0.368831
0.961036 -0.903857 0.981668 -0.370157
0.965953 -0.902210 0.981721 -0.371465
0.970856 -0.900553 0.981772 -0.372755
0.975746 -0.898886 0.981821 -0.374026
0.980622 -0.897209 0.981869 -0.375280
0.985484 -0.895523 0.981915 -0.376514
0.990332 -0.893827 0.981959 -0.377731
0.995167 -0.892122 0.982001 -0.378929
0.999987 -0.890408 0.982041 -0.380110
1.004794 -0.888685 0.982079 -0.381272
1.009586 -0.886952 0.982115 -0.382416
1.014364 -0.885211 0.982148 -0.383542
1.019127 -0.883461 0.982180 -0.384650
1.023877 -0.881702 0.982209 -0.385740
1.028611 -0.879934 0.982236 -0.386811
1.033331 -0.878159 0.982260 -0.387865
1.038036 -0.876374 0.982282 -0.388901
1.042726 -0.874582 0.982301 -0.389919
1.047401 -0.872781 0.982317 -0.390920
1.052062 -0.870973 0.982331 -0.391902
1.056707 -0.869156 0.982342 -0.392867
1.061337 -0.867332 0.982350 -0.393814
1.065952 -0.865500 0.982355 -0.394743
1.070551 -0.863661 0.982357 -0.395655
1.075135 -0.861814 0.982356 -0.396549
1.079703 -0.859960 0.982352 -0.397425
1.084256 -0.858099 0.982344 -0.398284
1.088793 -0.856230 0.982333 -0.399125
1.093314 -0.854355 0.982319 -0.399949
1.097819 -0.852473 0.982301 -0.400755
1.102308 -0.850584 0.982280 -0.401544
1.106781 -0.848689 0.982255 -0.402316
1.111238 -0.846787 0.982227 -0.403070
1.115679 -0.844878 0.982194 -0.403807
1.120103 -0.842964 0.982158 -0.404527
1.124511 -0.841043 0.982118 -0.405229
1.128903 -0.839117 0.982074 -0.405915
1.133277 -0.837184 0.982026 -0.406583
1.137636 -0.835246 0.981974 -0.407234
1.141977 -0.833302 0.981918 -0.407868
1.146301 -0.831353 0.981857 -0.408486
1.150609 -0.829398 0.981792 -0.409086
1.154900 -0.827438 0.981723 -0.409670
1.159173 -0.825473 0.981649 -0.410236
1.163429 -0.823502 0.981570 -0.410786
1.167669 -0.821527 0.981487 -0.411319
1.171890 -0.819547 0.981399 -0.411836
1.176095 -0.817562 0.981307 -0.412335
1.180281 -0.815573 0.981209 -0.412819
1.184451 -0.813579 0.981107 -0.413285
1.188602 -0.811581 0.980999 -0.413735
1.192736 -0.809579 0.980887 -0.414169
1.196852 -0.807572 0.980769 -0.414586
1.200950 -0.805562 0.980646 -0.414987
1.205030 -0.803548 0.980518 -0.415372
1.209092 -0.801530 0.980384 -0.415740
1.213136 -0.799508 0.980245 -0.416093
1.217162 -0.797483 0.980101 -0.416429
1.221169 -0.795455 0.979950 -0.416749
1.225158 -0.793423 0.979795 -0.417053
1.229128 -0.791388 0.979633 -0.417341
1.233081 -0.789350 0.979465 -0.417613
1.237014 -0.787309 0.979292 -0.417869
1.240929 -0.785265 0.979113 -0.418109
1.244825 -0.783219 0.978927 -0.418334
1.248702 -0.781170 0.978736 -0.418543
1.252560 -0.779119 0.978538 -0.418736
1.256399 -0.777065 0.978334 -0.418914
1.260220 -0.775009 0.978123 -0.419076
1.264021 -0.772951 0.977907 -0.419222
1.267803 -0.770891 0.977683 -0.419353
1.271565 -0.768830 0.977453 -0.419469
1.275308 -0.766766 0.977217 -0.419570
1.279032 -0.764701 0.976973 -0.419655
1.282737 -0.762635 0.976723 -0.419725
1.286422 -0.760567 0.976466 -0.419780
1.290087 -0.758498 0.976202 -0.419820
1.293732 -0.756427 0.975931 -0.419845
1.297358 -0.754356 0.975653 -0.419854
1.300964 -0.752284 0.975368 -0.419849
1.304550 -0.750211 0.975075 -0.419830
1.308116 -0.748137 0.974776 -0.419795
1.311662 -0.746063 0.974468 -0.419746
1.315188 -0.743988 0.974154 -0.419682
1.318693 -0.741913 0.973831 -0.419603
1.322179 -0.739838 0.973501 -0.419510
1.325644 -0.737763 0.973164 -0.419403
1.329088 -0.735687 0.972818 -0.419281
1.332513 -0.733612 0.972465 -0.419144
1.335916 -0.731537 0.972104 -0.418994
1.339299 -0.729463 0.971735 -0.418829
1.342662 -0.727389 0.971358 -0.418650
1.346004 -0.725315 0.970972 -0.418457
1.349325 -0.723243 0.970579 -0.418250
1.352625 -0.721171 0.970177 -0.418030
1.355904 -0.719100 0.969767 -0.417795
1.359163 -0.717030 0.969348 -0.417546
1.362400 -0.714962 0.968921 -0.417284
1.365616 -0.712894 0.968485 -0.417008
1.368811 -0.710828 0.968040 -0.416718
1.371985 -0.708764 0.967587 -0.416415
1.375137 -0.706701 0.967125 -0.416099
1.378269 -0.704640 0.966655 -0.415769
1.381378 -0.702581 0.966175 -0.415426
1.384467 -0.700524 0.965686 -0.415069
1.387534 -0.698468 0.965188 -0.414699
1.390579 -0.696416 0.964681 -0.414316
1.393603 -0.694365 0.964165 -0.413920
1.396604 -0.692317 0.963639 -0.413512
1.399585 -0.690271 0.963104 -0.413090
1.402543 -0.688228 0.962560 -0.412655
1.405480 -0.686188 0.962006 -0.412208
1.408394 -0.684150 0.961442 -0.411748
1.411287 -0.682116 0.960869 -0.411275
1.414158 -0.680084 0.960286 -0.410790
1.417006 -0.678056 0.959693 -0.410292
1.419832 -0.676031 0.959090 -0.409782
1.422637 -0.674010 0.958478 -0.409259
1.425419 -0.671992 0.957855 -0.408724
1.428178 -0.669978 0.957223 -0.408177
1.430916 -0.667967 0.956580 -0.407618
1.433630 -0.665960 0.955927 -0.407047
1.436323 -0.663957 0.955263 -0.406464
1.438993 -0.661959 0.954589 -0.405869
1.441640 -0.659964 0.953905 -0.405262
1.444265 -0.657974 0.953210 -0.404644
1.446867 -0.655988 0.952505 -0.404013
1.449447 -0.654006 0.951789 -0.403372
1.452003 -0.652029 0.951063 -0.402718
1.454537 -0.650057 0.950325 -0.402053
1.457048 -0.648090 0.949577 -0.401377
1.459536 -0.646127 0.948818 -0.400690
1.462001 -0.644170 0.948048 -0.399991
1.464443 -0.642217 0.947266 -0.399281
1.466862 -0.640270 0.946474 -0.398561
1.469258 -0.638328 0.945670 -0.397829
1.471631 -0.636392 0.944856 -0.397086
1.473981 -0.634461 0.944030 -0.396332
1.476307 -0.632536 0.943192 -0.395568
1.478610 -0.630616 0.942343 -0.394793
1.480890 -0.628702 0.941483 -0.394008
1.483147 -0.626795 0.940611 -0.393211
1.485380 -0.624893 0.939727 -0.392405
1.487589 -0.622997 0.938832 -0.391588
1.489776 -0.621108 0.937925 -0.390761
1.491938 -0.619224 0.937006 -0.389923
1.494077 -0.617348 0.936075 -0.389076
1.496193 -0.615477 0.935132 -0.388218
1.498284 -0.613614 0.934177 -0.387351
1.500352 -0.611757 0.933210 -0.386474
1.502397 -0.609907 0.932231 -0.385586
1.504417 -0.608064 0.931239 -0.384690
1.506414 -0.606227 0.930236 -0.383783
1.508387 -0.604398 0.929220 -0.382867
1.510336 -0.602576 0.928191 -0.381941
1.512261 -0.600762 0.927150 -0.381006
1.514162 -0.598954 0.926097 -0.380062
1.516040 -0.597155 0.925031 -0.379108
1.517893 -0.595362 0.923952 -0.378146
1.519722 -0.593578 0.922861 -0.377174
1.521527 -0.591801 0.921757 -0.376193
1.523308 -0.590032 0.920640 -0.375204
1.525064 -0.588271 0.919510 -0.374205
1.526797 -0.586518 0.918367 -0.373198
1.528505 -0.584773 0.917212 -0.372182
1.530189 -0.583036 0.916043 -0.371157
1.531849 -0.581308 0.914861 -0.370124
1.533484 -0.579588 0.913666 -0.369083
1.535095 -0.577876 0.912457 -0.368033
1.536682 -0.576173 0.911236 -0.366975
1.538244 -0.574479 0.910001 -0.365909
1.539781 -0.572793 0.908752 -0.364835
1.541295 -0.571117 0.907490 -0.363753
1.542783 -0.569449 0.906215 -0.362662
1.544248 -0.567790 0.904926 -0.361564
1.545687 -0.566140 0.903623 -0.360458
1.547102 -0.564499 0.902307 -0.359345
1.548493 -0.562868 0.900977 -0.358224
1.549858 -0.561246 0.899633 -0.357095
1.551200 -0.559633 0.898275 -0.355959
1.552516 -0.558029 0.896904 -0.354816
1.553808 -0.556436 0.895518 -0.353666
1.555075 -0.554852 0.894119 -0.352508
1.556317 -0.553277 0.892705 -0.351343
1.557534 -0.551713 0.891277 -0.350171
1.558727 -0.550158 0.889836 -0.348992
1.559894 -0.548614 0.888379 -0.347807
1.561037 -0.547079 0.886909 -0.346615
1.562155 -0.545555 0.885425 -0.345416
1.563248 -0.544040 0.883926 -0.344210
1.564317 -0.542536 0.882412 -0.342998
1.565360 -0.541043 0.880884 -0.341779
1.566378 -0.539559 0.879342 -0.340555
1.567371 -0.538087 0.877785 -0.339323
1.568340 -0.536624 0.876213 -0.338086
1.569283 -0.535173 0.874627 -0.336843
1.570201 -0.533732 0.873026 -0.335594
1.571094 -0.532302 0.871411 -0.334338
1.571962 -0.530883 0.869780 -0.333077
1.572805 -0.529475 0.868135 -0.331811
1.573623 -0.528078 0.866475 -0.330538
1.574416 -0.526691 0.864800 -0.329260
1.575184 -0.525316 0.863110 -0.327977
1.575927 -0.523953 0.861405 -0.326688
1.576644 -0.522600 0.859685 -0.325394
1.577336 -0.521259 0.857950 -0.324094
1.578003 -0.519929 0.856200 -0.322790
1.578645 -0.518611 0.854434 -0.321480
1.579262 -0.517304 0.852653 -0.320165
1.579853 -0.516009 0.850858 -0.318846
1.580419 -0.514726 0.849046 -0.317522
1.580960 -0.513454 0.847220 -0.316193
1.581476 -0.512194 0.845378 -0.314859
1.581966 -0.510946 0.843520 -0.313521
1.582432 -0.509710 0.841647 -0.312178
1.582872 -0.508486 0.839759 -0.310831
1.583286 -0.507274 0.837855 -0.309479
1.583675 -0.506074 0.835936 -0.308124
1.584040 -0.504887 0.834001 -0.306764
1.584378 -0.503711 0.832050 -0.305400
1.584692 -0.502548 0.830083 -0.304032
1.584980 -0.501397 0.828101 -0.302661
1.585243 -0.500259 0.826103 -0.301285
1.585480 -0.499133 0.824090 -0.299906
1.585692 -0.498019 0.822060 -0.298523
1.585879 -0.496918 0.820015 -0.297137
1.586041 -0.495830 0.817953 -0.295747
1.586177 -0.494754 0.815876 -0.294354
1.586288 -0.493691 0.813783 -0.292958
1.586373 -0.492641 0.811674 -0.291558
1.586433 -0.491604 0.809549 -0.290155
1.586468 -0.490579 0.807408 -0.288749
1.586477 -0.489568 0.805250 -0.287340
1.586461 -0.488569 0.803077 -0.285929
1.586420 -0.487584 0.800887 -0.284514
1.586354 -0.486611 0.798682 -0.283097
1.586262 -0.485652 0.796460 -0.281677
1.586145 -0.484706 0.794222 -0.280255
1.586002 -0.483773 0.791967 -0.278830
1.585834 -0.482854 0.789697 -0.277402
1.585641 -0.481947 0.787410 -0.275973
1.585422 -0.481054 0.785106 -0.274541
1.585179 -0.480175 0.782787 -0.273107
1.584909 -0.479309 0.780451 -0.271671
1.584615 -0.478456 0.778098 -0.270233
1.584295 -0.477617 0.775729 -0.268793
1.583950 -0.476791 0.773344 -0.267352
1.583580 -0.475979 0.770942 -0.265908
1.583184 -0.475181 0.768524 -0.264463
1.582764 -0.474396 0.766089 -0.263017
1.582317 -0.473625 0.763638 -0.261569
1.581846 -0.472868 0.761170 -0.260119
1.581349 -0.472125 0.758686 -0.258668
1.580828 -0.471395 0.756185 -0.257216
1.580281 -0.470679 0.753667 -0.255763
1.579708 -0.469977 0.751133 -0.254309
1.579111 -0.469290 0.748582 -0.252853
1.578488 -0.468616 0.746014 -0.251397
1.577841 -0.467956 0.743430 -0.249940
1.577168 -0.467310 0.740829 -0.248482
1.576470 -0.466678 0.738211 -0.247024
1.575746 -0.466060 0.735577 -0.245565
1.574998 -0.465456 0.732926 -0.244105
1.574225 -0.464867 0.730258 -0.242645
1.573426 -0.464292 0.727573 -0.241184
1.572603 -0.463730 0.724872 -0.239724
1.571754 -0.463183 0.722153 -0.238263
1.570881 -0.462651 0.719418 -0.236802
1.569982 -0.462132 0.716666 -0.235340
1.569058 -0.461628 0.713898 -0.233879
1.568110 -0.461138 0.711112 -0.232418
1.567136 -0.460663 0.708310 -0.230957
1.566138 -0.460202 0.705490 -0.229497
1.565114 -0.459755 0.702654 -0.228037
1.564066 -0.459323 0.699801 -0.226577
1.562993 -0.458905 0.696931 -0.225117
1.561895 -0.458502 0.694045 -0.223658
1.560772 -0.458113 0.691141 -0.222200
1.559624 -0.457738 0.688220 -0.220743
1.558452 -0.457378 0.685283 -0.219286
1.557254 -0.457033 0.682329 -0.217830
1.556032 -0.456702 0.679357 -0.216375
1.554786 -0.456385 0.676369 -0.214922
1.553514 -0.456084 0.673364 -0.213469
1.552218 -0.455796 0.670342 -0.212017
1.550898 -0.455524 0.667303 -0.210567
1.549552 -0.455266 0.664247 -0.209118
1.548182 -0.455022 0.661174 -0.207670
1.546788 -0.454793 0.658085 -0.206224
1.545369 -0.454579 0.654978 -0.204779
1.543925 -0.454380 0.651855 -0.203336
1.542457 -0.454195 0.648714 -0.201894
1.540965 -0.454025 0.645557 -0.200455
1.539448 -0.453869 0.642383 -0.199017
1.537907 -0.453728 0.639191 -0.197581
1.536341 -0.453602 0.635983 -0.196147
1.534751 -0.453490 0.632758 -0.194715
1.533137 -0.453393 0.629517 -0.193285
1.531499 -0.453311 0.626258 -0.191857
1.529836 -0.453244 0.622982 -0.190432
1.528149 -0.453191 0.619690 -0.189009
1.526438 -0.453153 0.616381 -0.187588
1.524703 -0.453129 0.613054 -0.186170
1.522943 -0.453120 0.609711 -0.184754
1.521160 -0.453126 0.606352 -0.183341
1.519353 -0.453147 0.602975 -0.181930
1.517521 -0.453182 0.599581 -0.180522
1.515666 -0.453232 0.596171 -0.179117
1.513787 -0.453297 0.592744 -0.177715
1.511883 -0.453376 0.589300 -0.176316
1.509956 -0.453470 0.585840 -0.174920
1.508006 -0.453579 0.582362 -0.173526
1.506031 -0.453702 0.578868 -0.172136
1.504033 -0.453840 0.575358 -0.170750
1.502011 -0.453992 0.571830 -0.169366
1.499965 -0.454160 0.568286 -0.167986
1.497896 -0.454341 0.564725 -0.166609
1.495803 -0.454538 0.561148 -0.165236
1.493686 -0.454749 0.557554 -0.163866
1.491546 -0.454974 0.553943 -0.162499
1.489383 -0.455215 0.550316 -0.161137
1.487196 -0.455469 0.546672 -0.159778
1.484986 -0.455739 0.543011 -0.158423
1.482753 -0.456022 0.539334 -0.157071
1.480496 -0.456321 0.535641 -0.155724
1.478216 -0.456633 0.531931 -0.154380
1.475913 -0.456961 0.528205 -0.153041
1.473587 -0.457302 0.524462 -0.151706
1.471237 -0.457658 0.520703 -0.150375
1.468865 -0.458029 0.516927 -0.149048
1.466469 -0.458414 0.513135 -0.147725
1.464051 -0.458813 0.509327 -0.146406
1.461610 -0.459227 0.505502 -0.145092
1.459145 -0.459655 0.501661 -0.143783
1.456658 -0.460097 0.497804 -0.142478
1.454149 -0.460554 0.493931 -0.141177
1.451616 -0.461025 0.490041 -0.139882
1.449061 -0.461510 0.486135 -0.138590
1.446483 -0.462009 0.482213 -0.137304
1.443883 -0.462523 0.478275 -0.136022
1.441260 -0.463051 0.474321 -0.134745
1.438614 -0.463592 0.470351 -0.133474
1.435947 -0.464148 0.466365 -0.132207
1.433257 -0.464718 0.462363 -0.130945
1.430544 -0.465302 0.458345 -0.129688
1.427809 -0.465901 0.454311 -0.128436
1.425052 -0.466513 0.450261 -0.127190
1.422273 -0.467139 0.446195 -0.125948
1.419472 -0.467778 0.442114 -0.124712
1.416649 -0.468432 0.438017 -0.123481
1.413803 -0.469100 0.433904 -0.122256
1.410936 -0.469781 0.429775 -0.121036
1.408047 -0.470477 0.425631 -0.119822
1.405136 -0.471186 0.421471 -0.118613
1.402204 -0.471908 0.417295 -0.117410
1.399249 -0.472645 0.413104 -0.116212
1.396273 -0.473395 0.408898 -0.115021
1.393275 -0.474158 0.404676 -0.113834
1.390256 -0.474935 0.400439 -0.112654
1.387216 -0.475726 0.396186 -0.111480
1.384153 -0.476530 0.391918 -0.110311
1.381070 -0.477348 0.387634 -0.109148
1.377965 -0.478179 0.383336 -0.107992
1.374839 -0.479023 0.379022 -0.106841
1.371692 -0.479881 0.374693 -0.105697
1.368524 -0.480751 0.370349 -0.104558
1.365334 -0.481636 0.365990 -0.103426
1.362124 -0.482533 0.361616 -0.102300
1.358892 -0.483443 0.357227 -0.101180
1.355640 -0.484367 0.352824 -0.100067
1.352367 -0.485303 0.348405 -0.098960
1.349073 -0.486252 0.343971 -0.097859
1.345759 -0.487215 0.339523 -0.096765
1.342424 -0.488190 0.335060 -0.095677
1.339068 -0.489178 0.330583 -0.094596
1.335692 -0.490179 0.326090 -0.093522
1.332295 -0.491193 0.321584 -0.092453
1.328878 -0.492219 0.317062 -0.091392
1.325441 -0.493258 0.312527 -0.090337
1.321983 -0.494309 0.307977 -0.089290
1.318506 -0.495373 0.303412 -0.088248
1.315008 -0.496450 0.298834 -0.087214
1.311490 -0.497538 0.294241 -0.086186
1.307952 -0.498640 0.289634 -0.085166
1.304395 -0.499753 0.285013 -0.084152
1.300817 -0.500879 0.280377 -0.083145
1.297220 -0.502017 0.275728 -0.082146
1.293603 -0.503167 0.271065 -0.081153
1.289966 -0.504329 0.266388 -0.080167
1.286310 -0.505503 0.261698 -0.079189
1.282635 -0.506689 0.256993 -0.078218
1.278940 -0.507887 0.252275 -0.077253
1.275225 -0.509096 0.247543 -0.076296
1.271492 -0.510318 0.242798 -0.075347
1.267739 -0.511551 0.238039 -0.074404
1.263967 -0.512796 0.233267 -0.073469
1.260176 -0.514052 0.228481 -0.072541
1.256366 -0.515320 0.223682 -0.071621
1.252537 -0.516600 0.218870 -0.070708
1.248689 -0.517890 0.214044 -0.069802
1.244823 -0.519192 0.209206 -0.068904
1.240937 -0.520506 0.204354 -0.068013
1.237033 -0.521830 0.199490 -0.067130
1.233111 -0.523166 0.194613 -0.066255
1.229170 -0.524512 0.189722 -0.065387
1.225211 -0.525870 0.184819 -0.064527
1.221234 -0.527238 0.179904 -0.063674
1.217238 -0.528618 0.174975 -0.062829
1.213224 -0.530008 0.170034 -0.061991
1.209192 -0.531408 0.165081 -0.061162
1.205142 -0.532820 0.160115 -0.060340
1.201074 -0.534242 0.155137 -0.059526
1.196988 -0.535674 0.150147 -0.058720
1.192885 -0.537117 0.145144 -0.057921
1.188763 -0.538570 0.140130 -0.057130
1.184624 -0.540033 0.135103 -0.056348
1.180468 -0.541507 0.130064 -0.055573
1.176294 -0.542991 0.125013 -0.054806
1.172103 -0.544484 0.119951 -0.054047
1.167894 -0.545988 0.114877 -0.053296
1.163669 -0.547501 0.109791 -0.052552
1.159426 -0.549025 0.104693 -0.051817
1.155166 -0.550558 0.099584 -0.051090
1.150889 -0.552100 0.094464 -0.050371
1.146595 -0.553653 0.089332 -0.049660
1.142284 -0.555214 0.084189 -0.048957
1.137957 -0.556785 0.079035 -0.048262
1.133613 -0.558366 0.073870 -0.047575
1.129252 -0.559955 0.068693 -0.046896
1.124875 -0.561554 0.063506 -0.046226
1.120482 -0.563162 0.058308 -0.045563
1.116072 -0.564779 0.053099 -0.044909
1.111646 -0.566405 0.047879 -0.044263
1.107204 -0.568039 0.042649 -0.043625
1.102745 -0.569683 0.037408 -0.042996
1.098271 -0.571335 0.032157 -0.042374
1.093781 -0.572995 0.026895 -0.041761
1.089275 -0.574664 0.021623 -0.041156
1.084753 -0.576342 0.016341 -0.040559
1.080216 -0.578028 0.011048 -0.039971
1.075663 -0.579722 0.005746 -0.039391
1.071095 -0.581424 0.000434 -0.038819
1.066511 -0.583134 -0.004888 -0.038255
1.061912 -0.584852 -0.010220 -0.037700
1.057298 -0.586579 -0.015562 -0.037153
1.052669 -0.588312 -0.020913 -0.036614
1.048024 -0.590054 -0.026274 -0.036084
1.043365 -0.591803 -0.031644 -0.035562
1.038691 -0.593560 -0.037023 -0.035048
1.034002 -0.595324 -0.042412 -0.034543
1.029298 -0.597096 -0.047809 -0.034046
1.024580 -0.598874 -0.053216 -0.033558
1.019848 -0.600660 -0.058632 -0.033077
1.015100 -0.602453 -0.064056 -0.032606
1.010339 -0.604253 -0.069490 -0.032142
1.005563 -0.606060 -0.074932 -0.031687
1.000774 -0.607874 -0.080383 -0.031240
0.995970 -0.609694 -0.085842 -0.030802
0.991152 -0.611521 -0.091309 -0.030372
0.986320 -0.613354 -0.096785 -0.029950
0.981475 -0.615194 -0.102269 -0.029537
0.976616 -0.617040 -0.107761 -0.029132
0.971743 -0.618892 -0.113261 -0.028736
0.966857 -0.620751 -0.118769 -0.028348
0.961957 -0.622615 -0.124285 -0.027968
0.957044 -0.624486 -0.129809 -0.027597
0.952118 -0.626362 -0.135340 -0.027234
0.947179 -0.628244 -0.140878 -0.026879
0.942226 -0.630132 -0.146425 -0.026533
0.937261 -0.632025 -0.151978 -0.026195
0.932283 -0.633923 -0.157539 -0.025866
0.927292 -0.635827 -0.163106 -0.025544
0.922288 -0.637737 -0.168681 -0.025232
0.917272 -0.639651 -0.174263 -0.024927
0.912244 -0.641570 -0.179852 -0.024631
0.907203 -0.643495 -0.185447 -0.024343
0.902149 -0.645424 -0.191049 -0.024064
0.897084 -0.647358 -0.196657 -0.023793
0.892006 -0.649296 -0.202272 -0.023530
0.886917 -0.651239 -0.207893 -0.023275
0.881815 -0.653187 -0.213521 -0.023029
0.876702 -0.655139 -0.219154 -0.022791
0.871577 -0.657095 -0.224793 -0.022561
0.866440 -0.659055 -0.230439 -0.022339
0.861292 -0.661020 -0.236090 -0.022126
0.856132 -0.662988 -0.241747 -0.021921
0.850961 -0.664960 -0.247409 -0.021724
0.845779 -0.666936 -0.253077 -0.021536
0.840586 -0.668915 -0.258750 -0.021355
0.835381 -0.670898 -0.264429 -0.021183
0.830166 -0.672884 -0.270113 -0.021019
0.824940 -0.674874 -0.275801 -0.020863
0.819703 -0.676867 -0.281495 -0.020715
0.814455 -0.678863 -0.287194 -0.020575
0.809197 -0.680861 -0.292897 -0.020443
0.803929 -0.682863 -0.298605 -0.020320
0.798650 -0.684868 -0.304317 -0.020204
0.793361 -0.686875 -0.310034 -0.020096
0.788061 -0.688885 -0.315755 -0.019997
0.782752 -0.690897 -0.321480 -0.019905
0.777432 -0.692912 -0.327209 -0.019822
0.772103 -0.694929 -0.332943 -0.019746
0.766764 -0.696948 -0.338680 -0.019679
0.761415 -0.698969 -0.344421 -0.019619
0.756057 -0.700992 -0.350165 -0.019567
0.750690 -0.703017 -0.355913 -0.019523
0.745312 -0.705043 -0.361665 -0.019487
0.739926 -0.707071 -0.367420 -0.019459
0.734531 -0.709101 -0.373178 -0.019438
0.729126 -0.711132 -0.378939 -0.019426
0.723712 -0.713164 -0.384703 -0.019421
0.718290 -0.715197 -0.390469 -0.019424
0.712859 -0.717232 -0.396239 -0.019434
0.707419 -0.719267 -0.402011 -0.019452
0.701971 -0.721304 -0.407786 -0.019478
0.696514 -0.723341 -0.413563 -0.019512
0.691048 -0.725379 -0.419342 -0.019553
0.685575 -0.727417 -0.425124 -0.019601
0.680093 -0.729455 -0.430907 -0.019657
0.674604 -0.731494 -0.436693 -0.019721
0.669106 -0.733533 -0.442480 -0.019792
0.663600 -0.735572 -0.448269 -0.019871
0.658087 -0.737612 -0.454060 -0.019957
0.652566 -0.739651 -0.459852 -0.020050
0.647038 -0.741689 -0.465645 -0.020151
0.641502 -0.743728 -0.471440 -0.020259
0.635958 -0.745766 -0.477236 -0.020375
0.630408 -0.747803 -0.483033 -0.020497
0.624850 -0.749840 -0.488830 -0.020627
0.619285 -0.751875 -0.494629 -0.020764
0.613714 -0.753910 -0.500428 -0.020909
0.608135 -0.755944 -0.506228 -0.021060
0.602550 -0.757977 -0.512028 -0.021219
0.596958 -0.760008 -0.517828 -0.021384
0.591360 -0.762038 -0.523629 -0.021557
0.585755 -0.764067 -0.529430 -0.021736
0.580144 -0.766094 -0.535231 -0.021923
0.574526 -0.768120 -0.541031 -0.022116
0.568903 -0.770143 -0.546831 -0.022317
0.563274 -0.772165 -0.552631 -0.022524
0.557638 -0.774185 -0.558430 -0.022738
0.551997 -0.776202 -0.564229 -0.022958
0.546350 -0.778217 -0.570027 -0.023186
0.540698 -0.780230 -0.575824 -0.023420
0.535040 -0.782241 -0.581620 -0.023661
0.529376 -0.784249 -0.587415 -0.023908
0.523708 -0.786254 -0.593208 -0.024162
0.518034 -0.788256 -0.599001 -0.024422
0.512355 -0.790255 -0.604792 -0.024689
0.506671 -0.792252 -0.610581 -0.024963
0.500982 -0.794245 -0.616368 -0.025242
0.495288 -0.796235 -0.622154 -0.025529
0.489590 -0.798222 -0.627938 -0.025821
0.483887 -0.800205 -0.633719 -0.026120
0.478180 -0.802185 -0.639499 -0.026424
0.472469 -0.804161 -0.645276 -0.026735
0.466753 -0.806133 -0.651051 -0.027053
0.461033 -0.808101 -0.656823 -0.027376
0.455309 -0.810065 -0.662592 -0.027705
0.449581 -0.812025 -0.668359 -0.028040
0.443849 -0.813981 -0.674122 -0.028382
0.438113 -0.815932 -0.679883 -0.028729
0.432374 -0.817879 -0.685641 -0.029082
0.426631 -0.819821 -0.691395 -0.029440
0.420885 -0.821759 -0.697145 -0.029805
0.415136 -0.823692 -0.702893 -0.030175
0.409383 -0.825620 -0.708636 -0.030551
0.403627 -0.827543 -0.714376 -0.030932
0.397868 -0.829461 -0.720112 -0.031319
0.392107 -0.831373 -0.725844 -0.031712
0.386342 -0.833280 -0.731572 -0.032110
0.380575 -0.835182 -0.737295 -0.032513
0.374805 -0.837078 -0.743014 -0.032922
0.369033 -0.838969 -0.748729 -0.033336
0.363259 -0.840853 -0.754439 -0.033755
0.357482 -0.842732 -0.760144 -0.034179
0.351703 -0.844605 -0.765844 -0.034609
0.345922 -0.846471 -0.771540 -0.035043
0.340138 -0.848332 -0.777230 -0.035483
0.334353 -0.850186 -0.782915 -0.035927
0.328567 -0.852033 -0.788594 -0.036377
0.322778 -0.853875 -0.794269 -0.036831
0.316989 -0.855709 -0.799937 -0.037290
0.311197 -0.857537 -0.805600 -0.037754
0.305404 -0.859357 -0.811257 -0.038223
0.299611 -0.861171 -0.816908 -0.038696
0.293815 -0.862978 -0.822553 -0.039174
0.288019 -0.864777 -0.828191 -0.039656
0.282222 -0.866569 -0.833824 -0.040143
0.276425 -0.868354 -0.839449 -0.040635
0.270626 -0.870131 -0.845069 -0.041130
0.264827 -0.871901 -0.850681 -0.041630
0.259027 -0.873662 -0.856287 -0.042134
0.253227 -0.875416 -0.861886 -0.042642
0.247427 -0.877162 -0.867477 -0.043155
0.241626 -0.878900 -0.873062 -0.043671
0.235825 -0.880630 -0.878639 -0.044192
0.230025 -0.882351 -0.884209 -0.044716
0.224224 -0.884065 -0.889771 -0.045244
0.218424 -0.885769 -0.895326 -0.045776
0.212624 -0.887465 -0.900872 -0.046312
0.206824 -0.889153 -0.906411 -0.046852
0.201025 -0.890831 -0.911942 -0.047395
0.195226 -0.892501 -0.917464 -0.047942
0.189429 -0.894161 -0.922979 -0.048492
0.183632 -0.895813 -0.928484 -0.049045
0.177836 -0.897455 -0.933982 -0.049602
0.172041 -0.899088 -0.939470 -0.050163
0.166247 -0.900712 -0.944950 -0.050726
0.160454 -0.902326 -0.950421 -0.051293
0.154663 -0.903931 -0.955883 -0.051863
0.148873 -0.905525 -0.961336 -0.052436
0.143085 -0.907110 -0.966780 -0.053012
0.137298 -0.908685 -0.972214 -0.053590
0.131513 -0.910250 -0.977639 -0.054172
0.125730 -0.911805 -0.983054 -0.054757
0.119949 -0.913350 -0.988459 -0.055344
0.114170 -0.914884 -0.993855 -0.055934
0.108393 -0.916408 -0.999241 -0.056526
0.102619 -0.917921 -1.004616 -0.057121
0.096846 -0.919424 -1.009981 -0.057718
0.091076 -0.920916 -1.015336 -0.058318
0.085309 -0.922397 -1.020681 -0.058920
0.079544 -0.923867 -1.026015 -0.059524
0.073783 -0.925326 -1.031338 -0.060131
0.068024 -0.926774 -1.036650 -0.060740
0.062268 -0.928211 -1.041952 -0.061350
0.056515 -0.929636 -1.047242 -0.061963
0.050765 -0.931051 -1.052521 -0.062577
0.045018 -0.932453 -1.057789 -0.063194
0.039275 -0.933844 -1.063046 -0.063812
0.033535 -0.935223 -1.068291 -0.064432
0.027799 -0.936591 -1.073524 -0.065053
0.022066 -0.937947 -1.078746 -0.065676
0.016338 -0.939290 -1.083956 -0.066301
0.010613 -0.940622 -1.089154 -0.066927
0.004892 -0.941941 -1.094339 -0.067554
-0.000825 -0.943248 -1.099513 -0.068182
-0.006538 -0.944543 -1.104674 -0.068812
-0.012247 -0.945825 -1.109823 -0.069443
-0.017951 -0.947095 -1.114959 -0.070075
-0.023651 -0.948352 -1.120083 -0.070708
-0.029346 -0.949596 -1.125193 -0.071341
-0.035036 -0.950828 -1.130291 -0.071976
-0.040722 -0.952047 -1.135376 -0.072611
-0.046403 -0.953252 -1.140447 -0.073247
-0.052079 -0.954445 -1.145506 -0.073884
-0.057750 -0.955624 -1.150551 -0.074521
-0.063416 -0.956790 -1.155582 -0.075159
-0.069077 -0.957943 -1.160600 -0.075797
-0.074732 -0.959083 -1.165604 -0.076435
-0.080382 -0.960208 -1.170595 -0.077074
-0.086026 -0.961320 -1.175571 -0.077712
-0.091665 -0.962419 -1.180533 -0.078351
-0.097298 -0.963504 -1.185481 -0.078990
-0.102925 -0.964574 -1.190415 -0.079629
-0.108547 -0.965631 -1.195335 -0.080267
-0.114162 -0.966674 -1.200240 -0.080906
-0.119772 -0.967703 -1.205130 -0.081544
-0.125375 -0.968717 -1.210006 -0.082182
-0.130972 -0.969717 -1.214867 -0.082819
-0.136562 -0.970703 -1.219713 -0.083456
-0.142146 -0.971674 -1.224544 -0.084092
-0.147723 -0.972631 -1.229360 -0.084728
-0.153294 -0.973573 -1.234160 -0.085363
-0.158858 -0.974501 -1.238945 -0.085997
-0.164416 -0.975413 -1.243715 -0.086630
-0.169966 -0.976311 -1.248469 -0.087262
-0.175509 -0.977194 -1.253207 -0.087893
-0.181045 -0.978062 -1.257929 -0.088523
-0.186574 -0.978914 -1.262636 -0.089152
-0.192096 -0.979752 -1.267326 -0.089779
-0.197610 -0.980574 -1.272001 -0.090405
-0.203117 -0.981381 -1.276659 -0.091030
-0.208616 -0.982172 -1.281301 -0.091653
-0.214107 -0.982948 -1.285926 -0.092275
-0.219591 -0.983709 -1.290535 -0.092894
-0.225067 -0.984454 -1.295127 -0.093513
-0.230535 -0.985183 -1.299702 -0.094129
-0.235994 -0.985896 -1.304261 -0.094743
-0.241446 -0.986593 -1.308802 -0.095356
-0.246890 -0.987275 -1.313327 -0.095966
-0.252325 -0.987940 -1.317834 -0.096574
-0.257752 -0.988589 -1.322324 -0.097180
-0.263170 -0.989223 -1.326796 -0.097784
-0.268580 -0.989840 -1.331251 -0.098385
-0.273981 -0.990440 -1.335689 -0.098984
-0.279373 -0.991025 -1.340109 -0.099580
-0.284757 -0.991592 -1.344511 -0.100174
-0.290131 -0.992144 -1.348895 -0.100765
-0.295497 -0.992679 -1.353261 -0.101353
-0.300853 -0.993197 -1.357609 -0.101938
-0.306200 -0.993698 -1.361938 -0.102520
-0.311538 -0.994183 -1.366250 -0.103100
-0.316867 -0.994651 -1.370543 -0.103676
-0.322186 -0.995102 -1.374817 -0.104249
-0.327496 -0.995536 -1.379073 -0.104819
-0.332796 -0.995952 -1.383311 -0.105385
-0.338086 -0.996352 -1.387529 -0.105948
-0.343366 -0.996735 -1.391729 -0.106508
-0.348637 -0.997100 -1.395909 -0.107064
-0.353897 -0.997449 -1.400071 -0.107616
-0.359148 -0.997779 -1.404213 -0.108165
-0.364388 -0.998093 -1.408336 -0.108709
-0.369619 -0.998389 -1.412440 -0.109250
-0.374839 -0.998667 -1.416524 -0.109787
-0.380048 -0.998928 -1.420589 -0.110320
-0.385247 -0.999171 -1.424634 -0.110849
-0.390436 -0.999397 -1.428659 -0.111373
-0.395614 -0.999604 -1.432665 -0.111893
-0.400781 -0.999794 -1.436650 -0.112409
-0.405937 -0.999966 -1.440616 -0.112921
-0.411083 -1.000121 -1.444561 -0.113427
-0.416217 -1.000257 -1.448486 -0.113930
-0.421340 -1.000375 -1.452391 -0.114427
-0.426453 -1.000475 -1.456276 -0.114920
-0.431554 -1.000557 -1.460140 -0.115408
-0.436644 -1.000620 -1.463983 -0.115891
-0.441722 -1.000666 -1.467806 -0.116369
-0.446789 -1.000693 -1.471608 -0.116841
-0.451845 -1.000702 -1.475390 -0.117309
-0.456889 -1.000692 -1.479150 -0.117771
-0.461921 -1.000664 -1.482890 -0.118229
-0.466942 -1.000618 -1.486608 -0.118680
-0.471950 -1.000553 -1.490305 -0.119126
-0.476947 -1.000469 -1.493981 -0.119567
-0.481932 -1.000367 -1.497636 -0.120002
-0.486904 -1.000246 -1.501269 -0.120431
-0.491865 -1.000106 -1.504881 -0.120854
-0.496813 -0.999948 -1.508471 -0.121272
-0.501749 -0.999771 -1.512039 -0.121683
-0.506673 -0.999575 -1.515586 -0.122089
-0.511584 -0.999360 -1.519111 -0.122488
-0.516482 -0.999126 -1.522614 -0.122881
-0.521369 -0.998873 -1.526094 -0.123268
-0.526242 -0.998601 -1.529553 -0.123648
-0.531103 -0.998310 -1.532990 -0.124022
-0.535950 -0.998000 -1.536405 -0.124390
-0.540785 -0.997671 -1.539797 -0.124751
-0.545607 -0.997323 -1.543167 -0.125105
-0.550416 -0.996955 -1.546514 -0.125452
-0.555212 -0.996568 -1.549839 -0.125793
-0.559994 -0.996162 -1.553141 -0.126126
-0.564764 -0.995737 -1.556420 -0.126453
-0.569520 -0.995292 -1.559677 -0.126772
-0.574262 -0.994828 -1.562911 -0.127085
-0.578991 -0.994344 -1.566122 -0.127390
-0.583707 -0.993841 -1.569310 -0.127688
-0.588409 -0.993319 -1.572475 -0.127978
-0.593097 -0.992777 -1.575616 -0.128261
-0.597772 -0.992215 -1.578735 -0.128537
-0.602433 -0.991634 -1.581830 -0.128805
-0.607079 -0.991033 -1.584902 -0.129065
-0.611712 -0.990413 -1.587950 -0.129317
-0.616331 -0.989773 -1.590975 -0.129562
-0.620936 -0.989113 -1.593977 -0.129798
-0.625527 -0.988434 -1.596955 -0.130027
-0.630103 -0.987734 -1.599909 -0.130247
-0.634665 -0.987015 -1.602839 -0.130459
-0.639213 -0.986277 -1.605746 -0.130663
-0.643746 -0.985518 -1.608628 -0.130859
-0.648265 -0.984740 -1.611487 -0.131047
-0.652769 -0.983942 -1.614321 -0.131225
-0.657259 -0.983123 -1.617132 -0.131396
-0.661734 -0.982285 -1.619918 -0.131557
-0.666194 -0.981428 -1.622680 -0.131711
-0.670639 -0.980550 -1.625418 -0.131855
-0.675070 -0.979652 -1.628132 -0.131990
-0.679486 -0.978734 -1.630821 -0.132117
-0.683886 -0.977796 -1.633485 -0.132234
-0.688272 -0.976838 -1.636125 -0.132343
-0.692642 -0.975861 -1.638741 -0.132442
-0.696998 -0.974863 -1.641332 -0.132532
-0.701338 -0.973845 -1.643898 -0.132613
-0.705662 -0.972807 -1.646439 -0.132684
-0.709972 -0.971749 -1.648956 -0.132746
-0.714266 -0.970671 -1.651447 -0.132799
-0.718544 -0.969572 -1.653914 -0.132842
-0.722807 -0.968454 -1.656356 -0.132875
-0.727054 -0.967316 -1.658772 -0.132898
-0.731286 -0.966157 -1.661164 -0.132912
-0.735502 -0.964978 -1.663530 -0.132916
-0.739702 -0.963779 -1.665872 -0.132910
-0.743886 -0.962560 -1.668188 -0.132894
-0.748055 -0.961321 -1.670478 -0.132867
-0.752208 -0.960061 -1.672743 -0.132831
-0.756344 -0.958782 -1.674983 -0.132784
-0.760465 -0.957482 -1.677198 -0.132727
-0.764569 -0.956162 -1.679386 -0.132660
-0.768657 -0.954822 -1.681550 -0.132582
-0.772729 -0.953461 -1.683687 -0.132494
-0.776785 -0.952081 -1.685799 -0.132395
-0.780824 -0.950680 -1.687886 -0.132286
-0.784847 -0.949259 -1.689946 -0.132165
-0.788854 -0.947818 -1.691981 -0.132034
-0.792844 -0.946357 -1.693990 -0.131892
-0.796818 -0.944875 -1.695973 -0.131740
-0.800775 -0.943374 -1.697930 -0.131576
-0.804715 -0.941852 -1.699861 -0.131401
-0.808639 -0.940310 -1.701766 -0.131215
-0.812546 -0.938747 -1.703645 -0.131018
-0.816436 -0.937165 -1.705497 -0.130809
-0.820310 -0.935562 -1.707324 -0.130589
-0.824166 -0.933940 -1.709125 -0.130358
-0.828006 -0.932297 -1.710899 -0.130115
-0.831829 -0.930634 -1.712647 -0.129861
-0.835634 -0.928951 -1.714369 -0.129595
-0.839423 -0.927247 -1.716064 -0.129317
-0.843194 -0.925524 -1.717733 -0.129028
-0.846949 -0.923780 -1.719375 -0.128727
-0.850686 -0.922017 -1.720991 -0.128414
-0.854406 -0.920233 -1.722581 -0.128089
-0.858108 -0.918429 -1.724144 -0.127752
-0.861793 -0.916606 -1.725681 -0.127403
-0.865461 -0.914762 -1.727191 -0.127042
-0.869112 -0.912898 -1.728674 -0.126669
-0.872745 -0.911014 -1.730131 -0.126283
-0.876360 -0.909110 -1.731561 -0.125885
-0.879958 -0.907187 -1.732964 -0.125475
-0.883538 -0.905243 -1.734340 -0.125053
-0.887101 -0.903279 -1.735690 -0.124617
-0.890646 -0.901296 -1.737013 -0.124170
-0.894173 -0.899292 -1.738309 -0.123709
-0.897682 -0.897269 -1.739578 -0.123236
-0.901174 -0.895226 -1.740821 -0.122751
-0.904648 -0.893162 -1.742036 -0.122252
-0.908104 -0.891080 -1.743224 -0.121740
-0.911542 -0.888977 -1.744386 -0.121216
-0.914962 -0.886855 -1.745521 -0.120679
-0.918364 -0.884713 -1.746628 -0.120128
-0.921748 -0.882551 -1.747709 -0.119565
-0.925114 -0.880369 -1.748762 -0.118988
-0.928462 -0.878168 -1.749788 -0.118398
-0.931792 -0.875947 -1.750788 -0.117795
-0.935104 -0.873707 -1.751760 -0.117179
-0.938397 -0.871447 -1.752705 -0.116549
-0.941672 -0.869168 -1.753623 -0.115905
-0.944929 -0.866869 -1.754513 -0.115249
-0.948168 -0.864550 -1.755377 -0.114578
-0.951388 -0.862212 -1.756213 -0.113894
-0.954590 -0.859855 -1.757022 -0.113197
-0.957774 -0.857478 -1.757804 -0.112485
-0.960939 -0.855083 -1.758559 -0.111760
-0.964085 -0.852667 -1.759286 -0.111021
-0.967214 -0.850233 -1.759986 -0.110268
-0.970323 -0.847779 -1.760659 -0.109501
-0.973414 -0.845306 -1.761304 -0.108721
-0.976487 -0.842814 -1.761922 -0.107926
-0.979540 -0.840302 -1.762513 -0.107117
-0.982576 -0.837772 -1.763076 -0.106294
-0.985592 -0.835223 -1.763612 -0.105456
-0.988590 -0.832654 -1.764121 -0.104605
-0.991569 -0.830067 -1.764602 -0.103739
-0.994529 -0.827461 -1.765056 -0.102859
-0.997471 -0.824836 -1.765483 -0.101964
-1.000394 -0.822192 -1.765882 -0.101055
-1.003298 -0.819529 -1.766254 -0.100132
-1.006183 -0.816847 -1.766598 -0.099194
-1.009049 -0.814147 -1.766915 -0.098241
-1.011896 -0.811428 -1.767205 -0.097274
-1.014725 -0.808691 -1.767467 -0.096292
-1.017534 -0.805935 -1.767702 -0.095295
-1.020324 -0.803160 -1.767909 -0.094284
-1.023096 -0.800367 -1.768089 -0.093257
-1.025848 -0.797556 -1.768242 -0.092216
-1.028582 -0.794726 -1.768367 -0.091160
-1.031296 -0.791878 -1.768465 -0.090089
-1.033991 -0.789011 -1.768535 -0.089003
-1.036668 -0.786127 -1.768578 -0.087902
-1.039325 -0.783224 -1.768594 -0.086786
-1.041963 -0.780303 -1.768582 -0.085654
-1.044581 -0.777364 -1.768542 -0.084508
-1.047181 -0.774407 -1.768476 -0.083346
-1.049761 -0.771432 -1.768382 -0.082169
-1.052322 -0.768440 -1.768260 -0.080977
-1.054864 -0.765429 -1.768112 -0.079769
-1.057387 -0.762401 -1.767935 -0.078546
-1.059891 -0.759355 -1.767732 -0.077308
-1.062375 -0.756291 -1.767501 -0.076054
-1.064840 -0.753210 -1.767243 -0.074784
-1.067285 -0.750111 -1.766957 -0.073499
-1.069712 -0.746994 -1.766644 -0.072199
-1.072118 -0.743860 -1.766304 -0.070883
-1.074506 -0.740709 -1.765937 -0.069551
-1.076874 -0.737541 -1.765542 -0.068203
-1.079223 -0.734355 -1.765120 -0.066840
-1.081553 -0.731152 -1.764671 -0.065461
-1.083863 -0.727932 -1.764195 -0.064066
-1.086154 -0.724695 -1.763691 -0.062656
-1.088425 -0.721441 -1.763160 -0.061229
-1.090677 -0.718170 -1.762602 -0.059787
-1.092909 -0.714882 -1.762017 -0.058329
-1.095122 -0.711578 -1.761404 -0.056854
-1.097316 -0.708256 -1.760765 -0.055364
-1.099490 -0.704918 -1.760098 -0.053858
-1.101645 -0.701564 -1.759404 -0.052335
-1.103780 -0.698193 -1.758684 -0.050797
-1.105896 -0.694805 -1.757936 -0.049242
-1.107992 -0.691401 -1.757161 -0.047671
-1.110069 -0.687981 -1.756359 -0.046084
-1.112126 -0.684544 -1.755530 -0.044481
-1.114164 -0.681092 -1.754675 -0.042862
-1.116182 -0.677623 -1.753792 -0.041226
-1.118181 -0.674138 -1.752882 -0.039574
-1.120160 -0.670638 -1.751946 -0.037906
-1.122119 -0.667121 -1.750982 -0.036221
-1.124060 -0.663589 -1.749992 -0.034520
-1.125980 -0.660041 -1.748975 -0.032802
-1.127882 -0.656477 -1.747931 -0.031069
-1.129763 -0.652898 -1.746861 -0.029318
-1.131625 -0.649303 -1.745764 -0.027551
-1.133468 -0.645693 -1.744640 -0.025768
-1.135291 -0.642067 -1.743489 -0.023968
-1.137095 -0.638427 -1.742312 -0.022151
-1.138879 -0.634771 -1.741108 -0.020318
-1.140643 -0.631099 -1.739878 -0.018469
-1.142388 -0.627413 -1.738621 -0.016603
-1.144114 -0.623712 -1.737338 -0.014720
-1.145820 -0.619996 -1.736028 -0.012820
-1.147506 -0.616266 -1.734692 -0.010904
-1.149173 -0.612520 -1.733329 -0.008971
-1.150821 -0.608760 -1.731940 -0.007021
-1.152449 -0.604986 -1.730525 -0.005055
-1.154057 -0.601197 -1.729083 -0.003072
-1.155646 -0.597394 -1.727616 -0.001072
-1.157216 -0.593576 -1.726122 0.000945
-1.158766 -0.589744 -1.724601 0.002979
-1.160296 -0.585898 -1.723055 0.005029
-1.161808 -0.582038 -1.721483 0.007096
-1.163299 -0.578165 -1.719885 0.009180
-1.164772 -0.574277 -1.718260 0.011281
-1.166224 -0.570375 -1.716610 0.013399
-1.167658 -0.566460 -1.714934 0.015534
-1.169072 -0.562531 -1.713232 0.017686
-1.170466 -0.558589 -1.711504 0.019854
-1.171842 -0.554634 -1.709751 0.022040
-1.173197 -0.550665 -1.707971 0.024242
-1.174534 -0.546682 -1.706166 0.026462
-1.175851 -0.542687 -1.704336 0.028698
-1.177149 -0.538679 -1.702479 0.030951
-1.178427 -0.534658 -1.700598 0.033222
-1.179686 -0.530623 -1.698690 0.035509
-1.180926 -0.526576 -1.696758 0.037814
-1.182146 -0.522517 -1.694800 0.040135
-1.183348 -0.518445 -1.692816 0.042473
-1.184530 -0.514360 -1.690808 0.044829
-1.185692 -0.510263 -1.688774 0.047201
-1.186836 -0.506154 -1.686714 0.049591
-1.187960 -0.502032 -1.684630 0.051997
-1.189065 -0.497898 -1.682521 0.054421
-1.190151 -0.493753 -1.680387 0.056862
-1.191218 -0.489595 -1.678227 0.059319
-1.192265 -0.485426 -1.676043 0.061794
-1.193294 -0.481245 -1.673834 0.064286
-1.194303 -0.477052 -1.671600 0.066795
-1.195294 -0.472848 -1.669341 0.069321
-1.196265 -0.468632 -1.667058 0.071864
-1.197217 -0.464405 -1.664750 0.074424
-1.198150 -0.460167 -1.662417 0.077001
-1.199064 -0.455917 -1.660060 0.079596
-1.199959 -0.451657 -1.657679 0.082207
-1.200835 -0.447385 -1.655273 0.084835
-1.201693 -0.443103 -1.652842 0.087481
-1.202531 -0.438810 -1.650388 0.090143
-1.203350 -0.434507 -1.647909 0.092823
-1.204151 -0.430193 -1.645406 0.095520
-1.204933 -0.425869 -1.642879 0.098233
-1.205695 -0.421534 -1.640328 0.100964
-1.206440 -0.417189 -1.637753 0.103712
-1.207165 -0.412834 -1.635154 0.106477
-1.207871 -0.408469 -1.632531 0.109259
-1.208559 -0.404094 -1.629884 0.112058
-1.209228 -0.399709 -1.627214 0.114874
-1.209879 -0.395315 -1.624520 0.117707
-1.210511 -0.390911 -1.621803 0.120557
-1.211124 -0.386497 -1.619062 0.123423
-1.211718 -0.382074 -1.616297 0.126307
-1.212295 -0.377642 -1.613509 0.129208
-1.212852 -0.373201 -1.610698 0.132126
-1.213391 -0.368750 -1.607864 0.135061
-1.213912 -0.364291 -1.605006 0.138013
-1.214414 -0.359823 -1.602126 0.140981
-1.214898 -0.355346 -1.599222 0.143967
-1.215363 -0.350860 -1.596295 0.146970
-1.215810 -0.346366 -1.593346 0.149989
-1.216239 -0.341864 -1.590374 0.153025
-1.216649 -0.337353 -1.587379 0.156078
-1.217041 -0.332834 -1.584361 0.159148
-1.217415 -0.328307 -1.581321 0.162235
-1.217771 -0.323772 -1.578258 0.165339
-1.218109 -0.319230 -1.575172 0.168459
-1.218428 -0.314679 -1.572065 0.171596
-1.218730 -0.310121 -1.568935 0.174750
-1.219013 -0.305555 -1.565783 0.177921
-1.219279 -0.300982 -1.562608 0.181109
-1.219526 -0.296401 -1.559412 0.184313
-1.219755 -0.291814 -1.556193 0.187534
-1.219967 -0.287219 -1.552953 0.190771
-1.220161 -0.282617 -1.549691 0.194025
-1.220337 -0.278009 -1.546407 0.197296
-1.220495 -0.273393 -1.543102 0.200583
-1.220635 -0.268771 -1.539774 0.203887
-1.220758 -0.264143 -1.536426 0.207208
-1.220863 -0.259508 -1.533056 0.210545
-1.220950 -0.254867 -1.529664 0.213899
-1.221020 -0.250220 -1.526251 0.217269
-1.221072 -0.245566 -1.522817 0.220655
-1.221107 -0.240907 -1.519362 0.224058
-1.221124 -0.236242 -1.515886 0.227478
-1.221124 -0.231571 -1.512389 0.230913
-1.221106 -0.226894 -1.508871 0.234366
-1.221071 -0.222212 -1.505333 0.237834
-1.221019 -0.217525 -1.501773 0.241319
-1.220950 -0.212832 -1.498193 0.244820
-1.220863 -0.208134 -1.494593 0.248337
-1.220759 -0.203431 -1.490972 0.251871
-1.220638 -0.198724 -1.487330 0.255420
-1.220500 -0.194011 -1.483669 0.258986
-1.220345 -0.189294 -1.479987 0.262568
-1.220173 -0.184572 -1.476285 0.266166
-1.219984 -0.179846 -1.472563 0.269780
-1.219778 -0.175115 -1.468821 0.273410
-1.219555 -0.170380 -1.465059 0.277057
-1.219315 -0.165641 -1.461278 0.280719
-1.219059 -0.160898 -1.457477 0.284397
-1.218786 -0.156151 -1.453656 0.288091
-1.218496 -0.151401 -1.449816 0.291800
-1.218189 -0.146647 -1.445957 0.295526
-1.217866 -0.141889 -1.442078 0.299267
-1.217527 -0.137128 -1.438180 0.303025
-1.217171 -0.132363 -1.434262 0.306797
-1.216798 -0.127596 -1.430326 0.310586
-1.216410 -0.122825 -1.426371 0.314390
-1.216004 -0.118052 -1.422397 0.318210
-1.215583 -0.113275 -1.418404 0.322045
-1.215145 -0.108496 -1.414393 0.325896
-1.214692 -0.103715 -1.410363 0.329762
-1.214222 -0.098931 -1.406314 0.333644
-1.213736 -0.094144 -1.402248 0.337541
-1.213233 -0.089355 -1.398162 0.341454
-1.212715 -0.084565 -1.394059 0.345382
-1.212181 -0.079772 -1.389938 0.349325
-1.211632 -0.074977 -1.385798 0.353283
-1.211066 -0.070181 -1.381641 0.357257
-1.210485 -0.065383 -1.377466 0.361246
-1.209888 -0.060584 -1.373273 0.365249
-1.209275 -0.055783 -1.369062 0.369268
-1.208646 -0.050981 -1.364834 0.373302
-1.208003 -0.046177 -1.360589 0.377351
-1.207343 -0.041373 -1.356326 0.381415
-1.206668 -0.036568 -1.352046 0.385493
-1.205978 -0.031762 -1.347749 0.389587
-1.205273 -0.026955 -1.343434 0.393695
-1.204552 -0.022147 -1.339103 0.397818
-1.203816 -0.017340 -1.334755 0.401955
-1.203065 -0.012532 -1.330390 0.406108
-1.202299 -0.007723 -1.326009 0.410274
-1.201517 -0.002915 -1.321611 0.414456
-1.200721 0.001893 -1.317197 0.418652
-1.199910 0.006701 -1.312766 0.422862
-1.199084 0.011509 -1.308319 0.427087
-1.198243 0.016317 -1.303856 0.431326
-1.197388 0.021124 -1.299376 0.435579
-1.196518 0.025930 -1.294881 0.439846
-1.195633 0.030736 -1.290370 0.444128
-1.194733 0.035541 -1.285843 0.448424
-1.193819 0.040344 -1.281301 0.452734
-1.192891 0.045147 -1.276743 0.457057
-1.191948 0.049949 -1.272170 0.461395
-1.190991 0.054749 -1.267581 0.465747
-1.190020 0.059547 -1.262977 0.470113
-1.189035 0.064345 -1.258358 0.474492
-1.188035 0.069140 -1.253724 0.478885
-1.187021 0.073934 -1.249075 0.483292
-1.185994 0.078725 -1.244411 0.487712
-1.184952 0.083515 -1.239732 0.492146
-1.183896 0.088302 -1.235039 0.496593
-1.182827 0.093087 -1.230331 0.501054
-1.181744 0.097870 -1.225609 0.505528
-1.180647 0.102651 -1.220872 0.510016
-1.179537 0.107428 -1.216122 0.514517
-1.178413 0.112203 -1.211357 0.519031
-1.177275 0.116975 -1.206578 0.523558
-1.176124 0.121744 -1.201785 0.528098
-1.174960 0.126510 -1.196979 0.532651
-1.173782 0.131273 -1.192159 0.537218
-1.172592 0.136032 -1.187325 0.541797
-1.171388 0.140788 -1.182478 0.546389
-1.170170 0.145540 -1.177617 0.550993
-1.168940 0.150289 -1.172743 0.555611
-1.167697 0.155034 -1.167856 0.560241
-1.166441 0.159775 -1.162956 0.564883
-1.165172 0.164512 -1.158043 0.569539
-1.163891 0.169244 -1.153118 0.574206
-1.162596 0.173973 -1.148179 0.578886
-1.161289 0.178697 -1.143228 0.583578
-1.159970 0.183416 -1.138264 0.588283
-1.158638 0.188131 -1.133288 0.593000
-1.157293 0.192842 -1.128300 0.597728
-1.155937 0.197547 -1.123299 0.602469
-1.154567 0.202247 -1.118287 0.607222
-1.153186 0.206943 -1.113262 0.611987
-1.151793 0.211633 -1.108225 0.616763
-1.150387 0.216318 -1.103177 0.621552
-1.148969 0.220997 -1.098117 0.626352
-1.147540 0.225671 -1.093046 0.631164
-1.146099 0.230340 -1.087963 0.635987
-1.144645 0.235002 -1.082869 0.640822
-1.143180 0.239659 -1.077763 0.645668
-1.141704 0.244310 -1.072647 0.650525
-1.140216 0.248954 -1.067519 0.655394
-1.138716 0.253593 -1.062381 0.660274
-1.137205 0.258225 -1.057231 0.665165
-1.135682 0.262851 -1.052071 0.670067
-1.134148 0.267470 -1.046901 0.674980
-1.132603 0.272082 -1.041720 0.679905
-1.131047 0.276688 -1.036529 0.684839
-1.129480 0.281287 -1.031327 0.689785
-1.127902 0.285879 -1.026115 0.694742
-1.126312 0.290464 -1.020894 0.699709
-1.124712 0.295041 -1.015662 0.704686
-1.123101 0.299611 -1.010420 0.709674
-1.121480 0.304174 -1.005169 0.714673
-1.119847 0.308730 -0.999908 0.719681
-1.118205 0.313277 -0.994638 0.724700
-1.116551 0.317817 -0.989359 0.729729
-1.114888 0.322349 -0.984070 0.734768
-1.113213 0.326874 -0.978772 0.739818
-1.111529 0.331390 -0.973465 0.744877
-1.109834 0.335897 -0.968148 0.749946
-1.108130 0.340397 -0.962824 0.755025
-1.106415 0.344888 -0.957490 0.760113
-1.104690 0.349371 -0.952148 0.765211
-1.102956 0.353845 -0.946797 0.770319
-1.101211 0.358310 -0.941438 0.775436
-1.099457 0.362767 -0.936071 0.780562
-1.097693 0.367215 -0.930695 0.785698
-1.095920 0.371653 -0.925312 0.790843
-1.094137 0.376083 -0.919920 0.795997
-1.092344 0.380503 -0.914521 0.801160
-1.090543 0.384914 -0.909114 0.806332
-1.088731 0.389315 -0.903699 0.811513
-1.086911 0.393707 -0.898276 0.816703
-1.085082 0.398089 -0.892847 0.821901
-1.083243 0.402462 -0.887410 0.827109
-1.081396 0.406825 -0.881966 0.832324
-1.079540 0.411177 -0.876514 0.837548
-1.077674 0.415520 -0.871056 0.842781
-1.075800 0.419852 -0.865591 0.848022
-1.073918 0.424175 -0.860119 0.853271
-1.072027 0.428487 -0.854641 0.858528
-1.070127 0.432788 -0.849156 0.863794
-1.068219 0.437079 -0.843664 0.869067
-1.066302 0.441359 -0.838167 0.874348
-1.064377 0.445628 -0.832663 0.879637
-1.062444 0.449887 -0.827153 0.884934
-1.060503 0.454135 -0.821636 0.890238
-1.058554 0.458371 -0.816115 0.895550
-1.056597 0.462596 -0.810587 0.900870
-1.054632 0.466811 -0.805053 0.906196
-1.052659 0.471013 -0.799514 0.911530
-1.050679 0.475205 -0.793970 0.916872
